200 200
466223 468800 478360 450035 453409 428818 435532 491241 463958 519402 526772 487777 518365 498937 447177 498706 437105 483406 451185 470769 462279 491487 487232 470528 497949 453524 450163 497609 463071 463193 456931 453651 482217 469292 469387 492919 477080 485735 472106 484085 441945 478407 479983 452351 453271 502815 519049 502011 460076 441437 455589 473840 467271 436456 449240 440095 458739 449201 470758 461199 441034 470175 451950 491940 493920 426757 526321 478953 494968 512429 461331 468743 448602 481772 486863 478900 522857 449288 501156 450719 465831 490378 440843 496470 488649 472069 495701 497747 467749 434755 501418 483270 448316 496417 498221 486529 495465 467512 469838 519926 461523 459676 503203 474074 473462 475089 493487 425516 482099 464813 470424 497054 472558 495049 502521 437723 442018 455803 491724 446905 473654 477517 487035 521898 489840 492870 483896 484174 487963 488211 508717 468009 478281 490360 488692 498791 460911 480795 485643 468575 472667 482323 503997 480832 430682 467418 484041 481501 451462 498764 446400 488865 413039 502313 458026 489662 452628 480983 480904 489143 502782 472627 483520 472659 505594 462488 450650 482949 452891 461104 494916 506455 482745 463377 511034 505439 514540 459877 496475 520244 485658 479509 500559 508585 486326 445296 482236 497048 500738 486906 460748 494069 486694 405267 464774 468063 504442 472001 436914 478310 
458173 490158 504702 473749 499888 454852 457787 500925 491210 516277 562525 511635 531849 507274 472767 518692 454645 514411 454500 501963 476091 534918 519978 509093 509123 475640 476175 486546 466543 483208 482535 500336 525369 514732 493263 520669 529305 508053 494510 486018 479040 515279 482989 492738 486482 528880 536901 493469 487342 479686 474393 473468 477081 473710 471195 474073 485116 495596 517477 517915 481391 499660 482831 510548 536959 455186 560467 500931 510323 540577 485913 509727 490357 511410 493221 474061 529314 468588 516374 478787 482213 511419 470995 498326 486800 512438 545138 527839 486271 484057 497554 503945 471783 559551 521336 469805 552815 501489 484453 517367 499273 478704 511552 496945 494742 484500 522676 462064 491399 467348 488034 516479 490107 499728 532983 474450 480997 477594 493292 463882 515784 507439 512689 513156 518985 502134 523910 513552 513268 504656 517376 482018 512236 498298 487279 510023 456972 496477 501065 492029 500182 522500 491577 504601 452090 489119 504166 497834 486522 520247 490627 497926 439151 525863 479522 530347 482158 518585 499499 500577 519745 481700 531098 495867 527356 473634 464064 517196 475153 476027 522693 521817 501859 484945 554812 508498 514546 514371 506468 543472 488235 492489 542409 534398 507776 475900 501023 549043 520518 497358 505693 493339 495324 417722 471445 506433 539723 517173 462127 494017 
479021 505342 492381 478297 484846 456380 489161 528371 479321 552128 568264 532189 528880 519948 476543 541905 486439 509846 471668 494144 493479 534341 550769 515630 536539 495875 472468 527341 475858 496796 501752 513604 508067 521995 490841 530732 506302 524035 530277 490670 489011 502558 508242 513880 517627 515756 535097 516284 499454 468818 505786 500762 504390 471247 497149 487462 491280 476078 506841 551277 468161 500964 471393 510137 532271 471699 542719 496977 530979 526303 503646 501220 486148 505100 549157 492461 543842 502172 499245 468718 507319 540992 474848 497586 482313 537851 547267 535735 495349 468424 513292 505869 505914 549913 558509 490549 554321 481421 503195 546050 486965 482064 525622 497268 486704 502044 525779 483984 475006 484670 494879 502856 507166 500320 524846 464711 474811 484273 507256 464679 494634 550286 532885 518586 532123 519721 512294 521882 533222 518542 504748 497885 502966 527259 525666 513335 488416 510276 506849 514066 499356 514990 510148 499515 451855 480945 531750 516608 522416 518793 509503 513701 460122 542451 479637 507974 469910 519192 506561 500052 524403 502397 530102 506349 532434 501088 468910 510357 464696 496934 499887 524752 491639 478185 566415 529768 531176 504480 513240 540306 510957 492885 525965 525986 503759 499160 516759 522601 537294 514785 516955 519337 504180 422499 464923 508104 530445 522038 499105 495564 
445404 477176 461468 436622 421456 417977 406218 486431 460944 476817 508239 492947 474689 474540 442354 507381 436730 474052 422590 480058 451984 489050 470352 451105 474958 426589 439666 459304 451225 445697 432666 461834 484794 478640 460990 490237 467794 466985 499714 478271 425132 470309 445912 453473 468472 492279 487000 493820 472715 454690 469603 443966 445804 436196 420506 457992 444348 441252 478448 476486 438418 433733 442715 475323 493893 423805 507927 466267 483054 519871 450793 451697 453323 471062 483233 467809 514608 458361 494793 456920 460924 447969 439610 484154 477266 479232 499629 492807 443575 437964 475350 453247 461838 518691 484983 476798 490520 483045 479027 506513 470605 441633 477269 441966 451351 467157 513021 442008 441196 452213 480319 485239 464737 476993 489662 455904 446048 452919 457679 451474 455742 490088 481569 496047 479655 483306 475979 471603 480140 453839 475422 472785 467187 487914 463775 481482 462290 460548 471554 477966 456489 476975 462085 475943 432048 450306 466351 489107 447661 475910 482707 466912 419377 494198 442320 476001 445136 466859 475077 456993 471896 470878 492665 467803 477667 448831 426264 480757 453277 460312 475650 514239 459606 455794 516362 476554 485338 464914 466925 517167 486431 475815 481542 495397 479311 448638 499387 504871 499070 457673 494784 463792 467155 386000 450614 460082 494678 465740 429835 460170 
451225 472272 480389 441761 469995 450300 427582 489300 461064 510089 538224 501302 490081 504020 463925 531469 435207 473260 433534 493705 454397 496431 487268 478294 485129 469964 455414 473748 460241 442541 456656 483800 495353 480690 477562 511024 478724 483527 512592 470044 443380 504161 482112 480174 448987 477701 503569 514157 472619 456470 468261 445148 460107 473712 448898 461251 446061 468950 475115 494520 420870 466295 465443 491358 488727 465059 513488 445657 466462 533314 477539 480541 460911 471597 508564 466994 518033 470362 496686 438023 468799 491295 429989 475044 482286 491320 519604 505846 476350 463901 479860 462773 456746 534174 520638 452121 493447 488037 510604 505705 459577 461553 505108 478338 488021 476222 510656 435137 458229 466179 462796 496481 478349 479427 501767 461815 459567 453036 477651 469761 466002 498814 493426 488964 487568 509282 473901 479348 489190 464488 495210 484515 485050 497221 472628 489946 455200 479382 475452 474079 457275 482506 465433 484990 457348 443351 498130 497206 447205 491581 458617 473182 430079 501586 442933 487090 471969 491596 487985 451825 487210 485599 521088 465084 498638 454929 457378 483183 471206 473221 478455 497918 463306 475086 527479 478383 513112 482640 502694 532755 446517 482563 487959 505192 479675 461032 509221 496891 507505 463237 503088 474897 498060 412471 454940 472329 512436 472510 461426 482583 
499928 507559 523654 467885 492387 463291 483335 502402 495218 543234 558531 526035 554097 533787 462023 559006 485136 514880 457716 531420 504126 532373 512041 523074 515730 497337 482426 499838 507031 500860 484546 487946 511837 506150 514333 539808 536113 511893 532001 507268 487658 519564 507478 500585 502898 544759 533008 515139 503647 473704 477441 489234 488003 469470 488270 492225 494478 495780 526765 515017 475735 505332 496468 520376 531125 487582 554320 499503 518963 563596 506752 517109 491814 516575 519640 500793 552498 493094 536593 499005 506616 530195 493723 526758 524558 529239 550941 542007 484103 466163 521379 505859 492020 559124 547204 498973 543428 528146 534695 549951 506500 494900 528160 497039 496847 514230 540091 466629 509901 486865 496539 519581 494267 531283 534597 471630 495713 466420 532601 490857 511199 539960 519838 536496 539104 525387 517495 522412 507477 527879 529434 523105 507302 509526 503238 514157 485044 498740 531345 507266 491542 523835 526689 522755 479015 488610 524848 533606 495451 538266 508906 496926 458071 562877 483833 528168 501888 527103 515875 518771 528208 516708 561726 510407 543792 484328 484229 524441 482074 507411 536584 537563 520789 483437 558338 521453 524517 499351 552358 560912 528362 509301 543164 532882 500175 465644 534656 554679 528764 490206 519156 502055 507660 405306 503609 500294 546190 521703 493384 516999 
467746 502234 501987 472792 463907 452940 446947 508842 466478 530248 548214 527401 498861 496635 461980 530488 474850 507826 443574 514226 478348 536963 519754 503517 502587 462261 445674 516522 469541 472338 463917 500574 511120 499097 492028 504175 509830 477930 506315 493441 468196 496325 480381 507297 478994 515813 525694 517235 502518 466468 483862 500383 484430 485857 466881 469898 443281 479684 505453 530153 466382 495940 457205 505087 515027 475624 534073 454671 512540 546731 480528 472475 483847 498252 524844 477640 532744 487745 516802 473785 479644 507391 467783 483038 503676 507488 532636 515415 472151 475504 524629 485770 485391 546096 508316 486868 533279 477962 501923 544132 480114 477070 519829 482528 490040 489594 529132 476743 484071 482148 517142 507562 487021 505915 499034 475042 474275 507694 534135 471782 503428 507640 522566 507532 507660 509643 519204 529149 494677 479738 514225 478562 509137 488820 488565 495694 468190 491777 513623 513137 489509 507041 487492 513100 467226 476487 522750 501773 501349 495468 471903 484003 441677 526695 478168 496526 477549 499080 488903 491982 501769 471819 535783 510115 508774 488933 461476 501593 466466 503780 484875 535963 496056 481188 532611 515990 500456 502044 498244 532709 502859 498368 521667 517307 497950 479942 524187 510973 506711 501698 507795 502470 490269 404108 470138 479791 544659 506170 465616 474709 
499969 518384 531717 493453 526912 469719 479191 535807 486806 551680 571738 515138 526990 540617 494408 571763 487032 530534 484320 539299 494486 561639 541944 505235 536110 485667 484842 516176 498267 489829 528520 522447 545400 519754 514058 521963 544134 528719 542394 529788 519969 527860 510578 496670 527946 529506 551228 531379 511945 488765 516537 503451 504957 503715 482847 499220 479247 496053 515957 530386 473052 470015 483658 526950 516521 476137 565455 476200 529492 554338 516892 513746 506630 544796 536000 496386 568615 523409 532757 467889 508017 492357 496131 519697 520618 531278 550034 551640 500990 483607 514714 515454 501457 552913 552725 509259 549623 504916 553593 539428 515260 508132 551829 499175 510152 519396 529421 493526 504625 513130 513588 534816 522618 530060 548773 519309 521508 528085 515690 494521 510417 532655 522054 545735 561875 538791 538342 519448 516215 509335 530575 529701 526666 522074 511797 513313 504197 512701 510428 544887 511042 555434 508207 506272 476794 497099 513826 526973 497637 543499 513371 525679 485888 567915 495653 524557 501407 533869 527877 498490 545583 522541 571387 495084 527246 500402 473328 528490 489845 517286 511317 540856 501827 501368 561653 559530 534756 504860 522131 583341 521894 510562 541616 523163 507602 489549 541200 530808 540275 524086 522177 518987 506114 437543 494339 495875 555361 507093 504835 516379 
478342 487773 486065 459378 484217 464129 449360 482522 479904 516658 538255 488821 509003 502274 469255 537016 442078 509275 453799 497233 455330 516730 513816 513659 513693 462207 462841 492922 488367 485655 470538 496438 502746 481490 520513 532706 515871 491937 495220 483649 480658 498466 490417 476976 463857 498149 527527 495970 487518 451098 461926 479118 472983 483373 477987 459170 472230 465579 517491 496228 439290 475078 466255 495398 511149 453037 550034 470363 505278 528128 482187 483101 471691 506653 502527 490862 551336 490846 514199 468870 496898 489821 459315 495738 481046 521218 548764 518292 471256 477797 483635 500768 472579 529908 516104 493003 503214 486417 503705 522233 486666 465888 503522 496972 483915 493069 508636 451671 472064 469808 483054 504507 477199 505773 519416 470779 460469 481586 490255 463023 493997 514721 503358 504682 527892 510672 500325 501107 489020 495464 509973 504773 501796 507695 470059 513428 471308 475043 489309 492337 480108 509334 497325 495953 456321 482204 493231 507375 468048 500871 486618 479633 441959 533793 473698 506886 447855 518820 495075 483036 530265 480763 521299 498553 515763 473033 457385 519983 464561 481529 492500 535885 472111 486661 516860 499779 509388 480209 525403 519592 475881 489251 530555 506314 503416 476397 517034 529931 512000 502472 501085 494939 492490 417563 484571 486686 528730 498751 478788 493990 
433602 438810 475788 463831 466638 423564 433310 489540 442573 492391 529017 505084 487878 497355 457598 505542 459750 484774 441111 478729 454045 502568 497871 462243 518168 459763 445836 484057 456548 464430 459657 472288 480982 482882 481826 474561 523100 461548 470994 480642 447174 493751 463329 445654 474801 485757 526452 487010 470556 471509 452103 451533 469707 465152 453081 465144 465371 460385 471692 510382 465721 452777 468891 495056 481282 417347 536123 455605 505541 504887 475114 474092 459888 497332 506859 470323 510239 474456 479466 426642 464165 497874 437962 485180 458818 491776 508516 520775 470409 441821 480312 470514 489903 504305 520338 487050 520249 446048 497769 508469 473609 453626 529219 471499 460539 473886 514649 448035 459570 440446 486823 501041 494824 482455 507902 469819 460800 474662 463535 453607 473084 495197 482043 504837 505889 484072 509999 516462 506035 471296 487958 466282 479778 493970 468387 510447 447254 476255 483646 472980 454733 497307 480492 500061 407800 463077 518688 486575 502538 495777 467323 486090 430166 526786 463559 479240 454110 471022 488489 446872 512358 488146 509493 492222 495289 483652 439328 502228 467344 480684 484192 510414 493790 463406 508806 512860 483499 484043 492875 512703 460164 497342 500659 502021 465021 488054 504418 506728 492808 476193 461565 507765 476975 401605 459111 473326 528880 481743 469348 441843 
477282 507273 527489 483302 478758 465233 471432 514530 487979 546379 560358 529364 535182 518034 475159 545889 484146 526981 463712 522610 480974 538725 501320 497972 530600 506935 487150 502768 503127 496693 493011 500396 526864 498692 509543 543782 530934 499150 518589 518746 490348 516342 506022 490676 505499 537643 558088 506584 504572 495114 457286 516078 471020 496667 479656 503577 492617 485010 510104 550144 491242 499080 500684 525768 515322 471074 556470 487055 528233 559277 522246 499753 486091 510361 528285 501974 539535 506141 507274 462388 527876 532191 452888 544900 484607 549885 567767 538188 497758 464741 528260 517621 513892 561500 549350 477779 537307 498877 504449 548389 503755 485124 519429 519271 502502 493959 562065 477505 510356 515279 516839 512661 513917 505367 517415 486776 481136 475613 509780 475776 497656 548361 522388 535803 543807 539060 525833 525711 517772 509512 511507 535830 526286 504090 506519 522204 472951 527263 496386 499503 493951 549310 527250 505727 501254 496599 518194 533189 511273 516108 503032 533212 459425 528698 466179 532458 499339 518161 522935 479846 538418 508146 564933 510619 526667 512610 486949 516654 497899 510982 529332 539527 517175 505818 543117 516616 527749 500650 526899 570373 509244 530241 540355 523846 496807 490608 525368 547037 545396 483055 537807 523871 510652 406040 480935 490741 529420 504106 481169 513976 
443315 460488 481761 444326 451522 417718 411657 473416 450993 506956 519971 474695 458712 503887 448520 501033 436638 477498 416476 469422 446717 474744 476241 439554 489925 450367 419180 455746 451143 457857 452381 462729 474159 466197 467784 495226 473859 483675 477174 477741 464676 471713 442057 456289 464903 470042 500995 496769 451113 472447 451540 442875 446998 446799 443516 434236 449057 453487 475596 469910 434585 471133 457364 465628 469416 449269 527825 449551 486296 486070 452186 468891 436016 466293 476242 450511 503303 468103 476594 418514 469653 457675 438842 467540 446571 490156 525741 494890 453337 428850 485107 473087 446977 488775 476548 461334 493972 458471 478445 490880 454734 445353 479827 464085 456926 440589 475520 434333 456714 443250 451129 493884 482544 470992 473605 443492 443277 450741 480094 419233 456054 492530 500588 489581 477556 462661 488717 486519 475090 479783 483776 448084 473547 467957 450276 485973 463660 470000 490511 473634 455309 492404 487714 482610 427057 455212 470722 490655 462307 484564 472789 458738 444681 483434 440018 460735 465360 465925 482218 463326 486705 460590 500816 471222 477125 441808 458754 496286 449225 447949 473239 500033 478916 447134 506056 474874 472271 466501 493805 514234 460604 455725 508963 482648 454417 445894 486360 491227 487338 470139 471571 467480 461670 388117 430118 441056 506809 468175 442847 427585 
463536 500200 480597 479373 484305 449724 451370 508848 487083 517890 535121 499062 517908 500415 469977 526937 447617 495134 456094 475181 485461 505792 512943 485578 499932 462972 467294 481486 471749 481773 460149 470684 484085 504195 475792 478113 514420 498393 503722 521101 438890 498535 461406 473521 485912 495379 534619 495280 474855 460625 489571 479840 479881 449393 447563 464090 477686 481576 484659 498506 458307 478335 460350 503444 491899 441204 498958 473742 522139 519598 503863 484743 459504 505202 508087 463890 517068 484118 502690 441871 491057 479204 451763 500831 480179 479464 513964 534193 476535 457920 506434 506513 470136 517547 513087 476490 513990 462220 501443 534954 474882 480411 493458 498671 487238 490690 511503 453972 478275 482996 498477 492639 469441 481844 493268 458054 446950 481337 499502 467077 487259 488180 509740 498698 522711 505798 494961 499449 484623 470508 528394 492214 513997 488391 491976 503762 462411 478722 492002 497183 450325 516045 508243 494442 446926 461581 497119 519514 463112 512252 491727 486243 435851 528282 472301 489481 469928 525197 500106 489705 498029 494193 516565 471414 501466 457909 433139 521161 468328 496166 500878 518529 475811 504305 517207 507451 510196 480376 515468 550877 514773 485145 516860 530002 489130 493564 508436 521231 504345 487840 513302 505527 493439 428584 474550 468228 511079 501568 437845 467888 
460024 490304 468460 445606 472058 458396 468266 480492 479937 524821 531974 505571 498829 510808 489915 536237 464672 517425 462195 495057 491930 510316 489249 498532 516216 449402 472964 499329 462054 457322 463321 484658 497789 506319 488684 507942 497944 509565 500949 476060 479710 500571 492378 483972 457266 503377 523557 509378 466343 457000 487125 484625 476360 474541 463707 469181 432742 467163 490366 513641 458366 486972 457351 497994 504262 456177 532788 467067 504404 537465 487273 476762 479205 488131 512632 462039 535184 485425 525721 458640 486508 487159 455837 486799 487054 514672 550226 524257 463128 433863 516797 479302 470730 533840 536581 453892 501249 480440 493947 509109 477934 455195 522886 493325 483318 496513 491783 439749 482505 478702 482254 493521 488496 473357 508490 474572 451193 461821 497036 482679 480804 508689 484474 516834 512646 509864 516964 487035 511290 509509 483872 499461 502582 481113 487546 483033 466355 490720 475483 485715 475295 523625 488602 466931 458665 451000 522416 502880 458723 499310 478934 479943 439196 511772 452723 505938 476635 497709 491273 464397 522741 473928 534147 486748 512351 476156 490565 503258 470340 480669 521801 526303 488679 470603 532644 500617 512316 474739 521267 535247 496131 481292 509295 509239 497833 456992 505944 513809 522207 492427 497557 498758 506103 401517 470984 480661 516883 493151 468972 468843 
462413 488712 482964 466481 471181 446831 459077 516164 484000 547504 563572 514990 501584 516138 495986 538870 470247 527903 465672 510266 469474 518152 516347 503071 513751 469509 449951 516646 470857 476769 478474 496901 515003 501723 473509 515133 513162 502788 521468 499861 480946 504319 487529 484768 483645 528495 530031 513122 492932 456765 470354 505204 480495 478698 481942 501626 492120 507824 495860 506767 473652 488209 483648 521043 515219 463591 536976 470479 534942 545893 488068 488774 487959 518464 508081 479698 540389 499225 506431 450888 513084 537781 481539 495384 502112 514058 555820 541722 468470 451262 507353 490214 516753 531152 522741 482674 528808 475344 506817 529926 498066 475990 513643 494009 486613 489945 545779 487151 477727 496206 498746 529138 471957 491823 504089 466455 484357 495478 532781 462988 496935 523740 506609 512229 532811 507387 508191 515246 521658 502595 519591 469716 514195 488808 492754 505605 473920 529082 499589 494090 475197 506571 489676 490129 463915 483197 508063 507569 486294 499741 492330 498216 420284 543363 459847 495992 461666 505186 506750 488626 507950 522695 539010 498996 516524 491972 469930 521607 477453 500755 517603 546044 479115 458323 552615 519779 555894 499221 504883 546506 517807 499868 545821 518571 494580 480198 530695 514018 514187 497452 533768 486788 512253 423302 469517 497654 532794 507381 484919 492825 
466958 456086 473994 453440 456568 463523 444581 481449 467081 493331 522131 494425 506530 493502 452777 513079 479097 496681 429525 497033 472366 487675 491283 508028 501308 455675 475099 519035 463071 467070 467048 508513 482724 507037 482587 498637 480485 477927 500589 473291 497340 504914 476492 479714 468431 514988 522220 502418 471436 469460 480658 478789 482597 484943 447671 487085 456990 454947 496475 506095 462468 454388 474709 499498 496943 455656 518740 439883 499170 512886 499058 480692 454656 522535 515034 463425 548315 495181 500209 457668 472298 484815 460799 493591 486403 500612 513310 514486 460593 464248 505967 482375 471805 506834 516421 485655 499965 482457 506128 510752 477285 455523 526927 480593 469283 475257 499079 420787 475063 484513 489757 484043 482943 494183 509353 478122 454806 478041 484341 467240 462792 527117 464743 513117 499739 499992 501663 498669 511998 489325 501188 482328 489700 501903 472470 506311 479318 481140 480705 494685 470296 509041 491859 483941 451866 460322 503687 498656 485336 514693 466216 502434 447593 522031 461067 463674 449299 499752 481814 473541 530109 478807 527223 488320 498697 468189 478805 486730 472779 479150 516178 519493 472784 441945 512152 508291 526324 464715 503442 522053 494960 487467 517464 485369 476838 470910 511353 509137 492257 481615 530254 511103 485472 427883 468775 463555 534852 478964 472881 460165 
493572 464881 502011 463725 479499 447584 459864 490852 479567 500970 562943 521478 528027 492197 473047 521706 461267 503269 455431 478127 468933 502295 511135 489013 521029 480904 459996 503865 476787 476953 471151 470334 487602 516058 506936 508255 504976 513628 512293 495721 453150 496277 478601 475297 491344 497226 533748 502503 490097 481945 463403 473242 493278 473390 457209 473438 486537 457969 530205 523141 457250 463366 462855 499324 524232 453920 545783 466666 504372 525416 476999 483156 462665 504384 496832 465268 534595 495754 508358 466783 494727 480858 488266 526902 474436 485263 520650 518700 476342 470978 499675 495190 477024 515278 538071 495492 528928 464153 487244 533015 487881 453928 512946 494208 496949 494484 507996 473304 467477 470688 485626 500107 494828 511961 508504 459154 472361 469097 485463 441300 478119 523311 503610 495072 516646 510409 494537 513234 523132 512313 513794 491104 501178 516294 498850 505096 468137 493644 511960 514629 487609 505929 483715 498045 439142 477045 492270 491925 489836 512070 490920 498400 433037 538355 483149 490953 460054 497011 471150 485405 541429 469586 517984 509629 509046 453507 473963 508698 487107 466734 514194 521016 472353 481400 519083 499350 520195 487679 509083 531471 491037 516088 525564 522628 484748 478862 483589 535967 524719 506555 493468 521696 506093 421212 467351 491256 521495 509747 469321 444030 
426701 455401 483426 445079 447328 429222 426335 478160 445724 493982 510691 497332 498012 501769 439114 510139 446382 457840 446425 490096 436582 494854 488564 464733 477725 463243 454640 486673 457583 453615 447961 447692 466447 480566 478123 493182 476244 477552 484728 470519 440273 465501 461130 461821 463152 468566 490460 469997 467703 451144 442475 431404 454210 466197 430916 462488 466017 457591 476064 495238 448170 459362 461724 486641 467662 449126 518784 436022 495237 499260 472928 468722 451925 483823 499819 460338 509033 469756 488972 437691 481110 453629 438956 502700 448434 460867 508248 481121 464127 429482 482445 472990 464520 489108 508126 489488 508407 465808 489353 513234 455023 458766 501132 464024 458642 483106 478824 425723 454119 440065 470737 490141 481082 481114 480086 474185 462452 464060 470954 441700 491731 504504 463243 485623 492282 474975 504920 491674 471115 457642 473124 464647 481377 488602 458444 465890 432175 470178 494982 462681 453971 498273 470762 468947 432501 444002 490437 480483 470799 474773 456387 489186 416295 513707 441548 477179 455982 476187 469240 457321 488264 466507 503635 464097 494634 469215 459791 481064 458168 477630 478498 495018 489081 438536 493386 458834 474702 425627 488385 521531 470492 476267 496218 475935 486624 467517 504735 502359 476255 457852 473774 464971 494640 411496 451222 449398 524473 475879 459941 462478 
462243 496305 498160 458324 471796 454078 456753 498480 484022 514326 533591 533253 502384 498003 461025 529420 455523 502423 466633 476297 489787 502734 510447 472237 514000 474953 449680 503795 483233 475430 461900 475654 509457 512170 487176 513115 509330 508288 501167 496744 477505 488459 478852 457910 488842 522026 535748 497626 485352 471040 474519 484227 481902 484590 463661 494525 479675 490807 498683 512704 487261 512594 488325 520039 519459 483464 567168 479203 514207 523903 472735 513340 485156 495005 509896 463833 536599 489445 519978 470546 476480 503506 424862 522912 487667 515108 525289 535094 480887 460565 499187 503959 498698 552007 517551 493037 518998 482193 503367 539425 490763 475223 517098 496519 506342 486254 537928 455621 486075 484487 496568 507085 490750 499306 526844 472303 481565 481705 497731 458922 487334 515662 524920 487829 530844 522141 504550 511857 519162 498378 497053 489536 505013 490873 492957 481237 471963 490401 509964 506690 478632 505860 502506 509772 467822 477356 512294 516219 481978 496296 494069 506528 440415 537239 472026 496115 488549 521026 508482 518632 533625 504322 527438 504335 539568 476958 478919 514645 469071 484339 504978 548681 486371 464756 530179 511698 516237 498790 535700 552156 499326 493698 514359 524518 491396 462497 487914 524803 538741 499287 499512 504418 494071 420116 483354 484415 530643 490967 441880 482844 
493864 482797 500133 479980 480629 466965 440265 512011 495132 522842 562972 518219 525934 546007 469985 551368 474636 513794 458948 529739 482996 530304 528444 492943 530159 483458 469950 506325 495554 490389 491882 514944 511118 520144 492318 519982 526415 509899 500929 510036 461980 513704 513367 488618 486468 529972 552934 525730 477490 469656 508998 496927 470333 498712 454134 488142 489298 490869 505982 511865 485848 474338 498900 504801 524554 467723 531022 484299 513448 538009 499817 497626 466452 505068 525003 493391 551804 511099 507517 498943 507454 484701 484391 521000 503373 514497 534248 562207 475872 454442 510711 496591 489998 546324 546599 517628 556639 496641 520863 519773 495237 480505 519509 507431 479355 507837 526170 475572 505808 484453 505425 508409 498858 510511 533627 514022 473579 484292 502489 453385 492430 518962 511494 515781 546896 507968 520623 517982 526992 513792 547343 499347 513812 508520 499452 544362 483370 509124 511681 513545 495483 543221 505798 509648 465701 476475 531113 498338 492185 530390 502662 510318 462694 561902 473114 507090 474233 503355 521829 488762 526103 498454 533879 486506 520092 475433 491634 514769 492555 508051 509666 530714 495824 490345 531950 511711 540668 471994 505626 548526 505612 492448 546197 522634 531062 476442 534772 549278 532532 506116 531864 486150 525720 440132 482568 497026 546626 500515 469158 496650 
454110 459684 486077 453819 438962 419591 401207 470391 462176 501998 514703 485569 471238 496041 435830 489219 435008 489681 409842 468585 443169 476631 474344 465689 488005 416101 455224 458385 468765 459001 442777 463454 471722 463795 475519 479665 473902 480369 487845 455847 460418 466890 448928 443078 458420 471902 519307 473822 464346 444555 430779 444430 462986 453034 452519 443076 422905 429115 467116 472745 446009 445337 476775 481845 489893 426690 505954 432279 480218 503081 478095 464051 434809 477068 485520 448986 508810 469372 489991 432198 442724 458642 428048 480578 459119 480102 520482 484434 460642 427979 475308 459883 455993 480913 504939 461331 474330 451050 471095 489168 456422 438511 507751 496246 455131 464369 474458 424174 480495 447215 461497 455843 484911 484489 478311 454927 452833 452921 473385 443719 438412 476820 458980 486900 497039 484969 470380 483560 467803 447334 469765 441948 458189 499261 466780 491258 446054 474523 470211 469657 423339 516196 483444 464481 427919 454873 475629 499391 450292 493087 446641 480502 417293 509323 444807 477984 465748 487613 484099 461607 532452 465345 493739 453403 473675 450507 469501 513288 446996 473945 474058 499460 478868 441331 511485 501233 495535 437009 484308 528242 466657 475240 515961 468131 473042 459144 485117 515895 496015 461507 465822 466100 480932 402305 450118 463602 492218 470381 434535 447377 
469999 499665 502693 481245 490763 470464 436645 511162 462987 524664 563863 508839 497750 525585 480524 530073 472714 527999 486527 493682 473027 528095 521292 493931 532292 484381 476077 514872 491226 480308 487420 510166 521223 507818 511197 501198 506449 496196 523339 517470 468598 525894 461606 466050 497266 499307 555442 527876 496293 491007 511794 486948 493291 500510 473445 488402 479184 488124 505935 525445 463722 481332 479422 507783 524841 450002 567702 490063 508756 529891 494274 497060 489485 511847 517743 490534 549544 523861 520487 470779 501519 497861 455299 511475 499060 519530 524697 549633 495107 490403 484480 515183 505411 544487 521806 501794 530578 504560 519336 551016 504012 479786 533337 518043 487016 476670 529477 465336 465894 489834 493615 510160 525119 515445 517113 484451 474831 502155 489866 472900 504522 515289 512649 500066 507998 515550 512072 510232 537482 504992 520685 511158 523632 527142 517653 542012 484082 506185 518478 517733 497996 524413 479789 504327 454080 477851 508353 525213 489698 533427 492858 528368 461676 548097 498844 504576 495216 525225 505252 485310 540646 508782 529549 501424 513308 467287 461620 518069 486452 510598 489300 540231 496887 502111 529017 523286 517416 501188 527078 556335 503133 509243 514264 549033 520551 490412 531231 530421 550020 514128 522787 507644 522414 425654 466226 486811 504974 504469 453709 486134 
487527 494608 525789 501743 508003 458575 466374 505900 521006 562863 589798 552724 533448 546907 476083 564884 479484 518634 466829 496920 505289 547387 540603 512274 537704 480000 494053 529141 481185 496999 492545 489357 527909 551306 515855 535425 542370 554154 524449 524891 484761 524758 517621 518428 537650 548380 557277 549098 490197 502608 506047 478214 505073 514605 466975 519880 522120 512401 519728 525287 491499 495487 494275 552545 560449 479874 585814 477931 545276 553104 504456 522614 499249 540966 569691 505732 544192 523116 552433 480948 484358 535716 487810 540454 503936 541484 556145 556029 491114 497933 510944 515815 508450 574013 555839 526010 547153 520764 552938 546494 519284 496568 572698 532239 504700 526543 549766 476493 491805 501005 526581 535179 524436 551520 518931 493203 513923 485841 519754 489013 500592 561677 516757 539568 541257 555185 514721 553314 559633 518319 527214 533985 520627 530819 539450 534957 527657 502059 542468 519227 505616 516270 500335 523053 481798 493986 552723 510022 518599 548700 506173 532165 469895 553024 507129 531003 499534 525605 496556 514242 559087 526041 558220 528172 537137 498324 496825 542561 490235 513582 528253 558816 514988 476838 576907 532338 555377 529251 537250 561154 509488 530220 555506 539783 516016 487899 540732 582705 535006 517641 537824 525792 539720 459744 496982 514705 546048 527058 501292 491606 
441709 437376 475845 441343 444552 417386 422881 457425 453126 493143 511201 469258 496008 483965 410638 499267 441684 465535 420127 464603 469192 479161 497894 454467 504541 453339 444432 458701 450924 444076 432783 459200 462278 464157 472318 493585 486907 460674 468002 463392 454810 470488 451240 451520 457568 475404 502512 464119 468454 435603 445310 415758 438988 455228 448806 447515 448526 461146 484438 471144 427044 439042 469513 476831 470502 446025 532442 432647 466068 493925 464460 468092 437420 473650 479236 454213 517647 460878 482693 434557 449034 480047 411035 487462 441357 475694 499282 502470 445131 432562 465264 483100 459017 508851 491557 467223 497265 450735 478137 507393 444936 438363 503822 469939 460758 473059 472912 431786 422747 438731 464555 477062 462041 477723 488564 441933 473761 443314 434065 428761 450411 495292 494893 464404 488514 487025 482755 484296 449740 476210 479371 449889 466957 481632 430233 492802 431554 460136 483003 476922 442775 498494 435354 456451 421146 448752 479862 499308 458622 498199 450674 466470 439990 489421 461349 463919 442136 480170 466920 442867 483568 446271 495151 493893 474070 459869 428849 484443 440557 454945 476747 471468 441039 449414 529140 463621 479800 447260 451696 507217 460846 480974 481025 471583 451325 451817 467728 470419 479918 451490 474242 473971 463503 382888 449672 459188 490946 452054 445979 476659 
447750 476201 444679 468425 448020 430004 421535 505353 458683 523160 490542 474693 471952 493817 429473 502213 451021 468832 440400 492978 455313 480744 481762 482075 469410 434138 462283 463173 445107 476988 449634 474347 469000 476867 471832 490323 476071 469763 520188 474350 463893 463314 471420 458279 464842 470215 500217 498911 462209 448562 474188 446243 459203 461504 449132 478247 459806 459932 468428 479956 447586 429675 464925 491314 488495 417633 511757 456814 488161 536384 461550 476695 437037 499901 509853 457525 528468 453589 499600 464812 480948 473488 446731 469827 468173 470839 497998 494757 455087 440711 461533 485668 455204 498109 495492 465911 488445 475850 481048 495225 450915 441259 473875 474692 458399 472115 491362 423987 459822 455568 475461 504972 438054 468729 469127 458009 446861 464573 490529 436367 461080 481422 482284 496257 488703 509032 469930 471196 473460 462596 484543 468761 468094 466707 467694 499714 458038 470573 467013 463581 448219 484330 498491 468220 429235 446043 492962 484964 436275 473896 461773 481746 411802 514582 450298 492632 428158 491363 482270 443796 503847 472865 498963 465102 491542 450567 441130 484879 447924 471010 464143 506311 464190 449277 497985 497619 500411 474420 491553 510180 485444 477850 478183 481442 479259 440803 500212 506739 491802 458698 481033 488780 477225 418179 448769 449231 503117 492530 463916 465282 
479744 490818 484355 481610 478544 434011 434645 506440 452017 518264 532055 491336 517709 517899 475638 517346 465580 508926 459161 507635 488547 506296 510958 481615 507689 482206 453143 478440 478390 481886 507652 477813 507382 499279 495603 519493 506399 500651 506315 518221 480919 489604 477912 490822 477009 509092 530854 505140 478556 476156 488986 491587 492479 483170 464173 483891 467788 466921 484338 511414 470906 466625 483147 495560 491026 450079 532039 474871 517401 527404 494163 482330 440128 505372 523195 476121 544138 475762 494463 459202 477094 505202 456986 510971 488165 504537 512308 520119 478496 455703 489892 490263 477296 523939 527538 490751 510771 477361 492101 525841 483403 476731 528189 495128 483617 483847 510525 446723 499098 476571 493722 506581 472730 522282 502067 465497 469986 465685 494795 459747 479783 511082 486572 502541 511297 502933 472959 495921 512377 495796 519151 493784 508640 494316 501266 488954 460504 520658 495145 491609 469257 501195 494584 506639 452499 495489 506855 481597 460195 516318 470850 512480 442273 552981 468745 521463 453385 525228 488923 476528 549042 502074 496955 470261 506706 464197 451700 510773 466118 487794 511628 509994 479561 483202 518160 509837 525369 464442 497884 541150 504187 501632 505428 502735 498562 490512 501398 503995 509739 496899 512960 500965 499148 441583 472333 476710 530110 495166 484750 491404 
398763 420334 435098 395251 412285 379540 390150 404242 384114 434312 439456 450022 426582 443669 405702 453274 407159 446517 396717 428644 408917 453963 435395 429114 440133 402774 408857 426285 397261 407974 400542 422374 432283 423100 421641 440274 422949 419927 412839 427928 405788 434562 423060 418202 409838 440539 450300 444771 440899 409616 396508 397816 409817 417937 408355 428527 410406 405572 421963 425319 398283 415033 406583 432182 417182 412545 467547 399120 430911 472038 418484 424374 393544 431564 448795 395207 468219 409885 428787 388528 419389 425679 380837 428377 428607 426826 454633 427764 394239 421452 436072 411838 426945 453377 438862 411947 404132 413706 437489 455112 431212 396001 451645 414350 416625 436038 468992 370179 424928 400293 415731 454059 422585 443891 419942 423134 409456 423085 437887 396045 421734 441223 426389 446915 440581 431999 414708 428091 434504 449678 428721 426411 420926 455944 415595 423505 391612 426959 431519 434403 428956 437614 419137 415463 383736 404768 421417 426327 429617 439008 407516 426707 377978 444507 409816 420928 404178 448586 424151 412133 460364 416780 452627 434231 448890 393188 421064 422238 409626 415048 439672 462320 416595 403594 465678 446503 448356 409527 430812 475216 429522 410081 422622 446716 427921 413178 438209 448084 448550 434039 440151 414676 447099 363818 408924 412439 445315 427672 415439 411773 
445173 463049 446663 475269 448004 436123 416569 460583 462691 491627 518879 486539 473929 470978 443344 493975 450082 485027 444703 455039 446107 487828 482559 455145 483985 451871 431117 485739 440719 448274 444600 471804 468423 477389 470123 484211 468235 455704 492541 465372 468257 460032 481520 437636 461240 480656 511963 485895 451895 442907 455621 432328 454456 446868 431090 446816 448773 463804 472499 489673 456661 458107 445559 480739 481497 440609 560711 467623 490707 501418 484778 468253 454626 485257 474764 443253 531713 458023 482290 443183 478910 460762 415177 470237 457265 467817 500051 500512 441345 430738 464381 484732 473846 509315 490004 456656 495688 461682 497755 497538 469806 457884 475414 463090 456873 466979 506743 432351 448983 477656 466802 474023 463558 453454 489212 430673 441116 452857 453645 429757 459230 505929 494101 497811 495195 493440 490688 465167 468072 474060 486313 470161 467241 477913 456635 479361 431404 458173 476127 468750 456293 480318 463966 460351 415381 447343 471737 490186 454916 479646 470236 491928 407025 512373 447535 463518 464053 473631 458912 469880 479301 450246 492974 503424 499089 457612 450114 484923 435891 463466 483022 503311 469252 455953 502941 472382 486985 476149 481394 517673 477517 472401 487685 512111 476489 442711 486958 510291 490101 463943 484968 478772 470193 407098 459711 470240 493045 471632 439772 468842 
465353 485946 503345 460407 490946 448651 439139 505658 489157 533375 543833 510059 511953 512264 466087 525633 451259 516915 459663 514946 456826 512430 496864 507767 501390 446475 466414 508660 476291 482536 499863 517256 478147 486939 502557 506454 514794 476705 504179 492279 472950 486462 512886 487780 480028 505510 539939 510127 504495 485171 490722 496039 449050 499916 480317 498441 482089 473731 512311 515104 484048 476257 481582 510564 518960 448459 533400 461249 527210 530731 495979 508731 488828 536874 508568 502165 558917 478730 492898 453932 488216 510695 482820 488953 495290 506756 542850 531409 479665 448780 481077 487021 497832 530405 522159 517149 498904 483738 500094 527285 480865 486756 491116 506041 482537 455457 533907 453171 495333 501324 503673 519382 479975 497125 503927 495460 453750 490825 521491 465831 491463 505473 498088 519899 521584 510852 482937 521223 487427 483828 514995 496645 525955 530019 492160 504995 477857 496190 500016 495730 477506 515264 490856 512736 473381 473332 504498 509642 492652 506490 494776 497835 455613 542367 465938 502406 455427 526408 501591 465867 503010 511586 541829 492687 495383 484081 464452 524380 488081 509349 513875 557930 475432 485328 537601 517395 509228 488609 510710 540142 473366 490126 518263 532665 474665 491482 529650 532775 510722 495212 527260 504378 527427 432795 486555 501727 518522 504507 458062 496941 
468124 503668 510199 492990 489392 438557 455079 492801 477556 531706 529500 489490 492652 521614 444031 531833 470147 506033 464678 497896 484617 533566 507453 495301 520134 479911 470322 499764 477111 484659 489284 500218 489355 487648 491562 515188 507473 505351 539459 497981 478342 515432 476730 468701 482006 516175 541639 517800 489677 486468 484542 453572 496948 480043 475148 467104 479466 465665 494062 495673 470406 472482 450916 500797 515115 432545 540061 467427 501824 516015 477788 486854 464503 513387 525332 465004 515295 494264 488935 459328 498345 494167 467242 500728 495146 508476 524899 543103 470332 454156 509268 489777 483640 528392 528322 473549 512297 467548 503456 516428 485164 478869 521887 511829 478755 493861 517165 444033 465221 471679 501466 513969 502013 494593 497147 495257 472003 476283 504628 466273 476169 548769 495838 506098 512254 515151 513251 519792 503356 502139 473669 498570 510454 500835 511777 502145 477960 491643 506322 512834 497412 502263 493838 481268 439478 461566 492448 504197 492424 507296 477948 519252 470015 498866 484547 507616 477740 519005 486887 480075 513262 508513 512462 500216 508786 473186 465037 506821 477112 486404 480465 530283 504615 502258 526664 503049 505100 486772 521705 567054 507547 496104 514898 503796 492102 476819 532462 545440 522713 488519 487654 483583 487388 432848 449680 488157 529954 491084 478105 487269 
470688 454401 468570 439451 475802 448117 431382 477567 442934 483135 514844 505705 495829 473726 447728 517356 424530 451700 448423 465198 439431 473596 477714 470042 479996 465668 452050 456520 472916 431696 439415 476979 476645 485678 468833 491099 489727 484570 495533 456080 442145 486889 464545 473748 480526 486208 518382 483223 467157 466462 442515 444084 441211 455710 442530 442223 447492 442567 462588 500511 446830 463353 481660 482296 504441 429552 514596 464984 475503 527301 447961 475812 434390 469437 482111 461272 524344 452704 488698 424281 459499 486922 475103 484702 449029 466445 512725 483319 468107 430998 456674 463197 455648 512679 498359 480100 473429 457401 470294 507164 445277 453143 486089 477447 434897 486029 494658 431955 478993 443108 466084 472747 465321 477062 481618 462228 455187 447205 470766 429572 459722 474085 487339 498494 496873 499355 454687 480458 467271 471112 484134 478855 481695 496845 479844 490242 450989 480990 457949 459334 468490 514756 464519 471830 441335 429074 475163 498001 451959 533034 464951 468470 421264 487545 453679 497692 450588 495454 460548 463894 488276 464389 497313 466309 471780 456168 458408 494106 441289 479044 490180 491389 466906 464769 527691 501163 504330 470706 484623 527218 466025 470946 479650 487651 470854 447129 490019 515506 487369 475669 478583 479654 494408 407773 439111 477851 507602 488869 446381 459995 
481301 484831 491827 464295 490910 459642 440640 512750 492116 529710 529991 531593 517168 527882 459563 522534 473389 491196 462211 505614 470799 508146 526334 514423 514245 485919 506462 496254 480652 474226 490291 493953 493573 506238 493918 526639 503345 512425 534258 507083 465515 521061 479353 489991 485925 513804 539626 524802 490630 470198 489538 493769 491971 481933 477649 481753 489817 485351 494100 518272 461401 481223 497988 506052 521608 446552 548850 492512 510259 534442 487012 497452 488763 500608 507656 490474 543958 495344 531309 452610 499717 489280 468265 492037 487200 493051 525609 527642 495594 473034 513688 499357 485452 560170 519984 498686 539787 505094 515489 547169 493393 492919 540109 506933 482478 504492 534273 460988 506427 488552 505645 503118 492278 497130 509042 463576 471502 501640 490396 482128 497849 502887 497250 505863 516017 516924 509180 499583 510236 486393 516469 484691 517736 522272 513139 510789 450535 510631 506742 530026 490923 506932 513230 493684 445099 482462 499732 530890 486176 533582 496542 507170 419523 547993 463964 510513 469320 514536 515234 497053 507509 511081 519631 489060 515499 472975 471558 523023 487789 500331 499530 526842 516444 482105 529403 534373 553898 495093 528982 547135 508975 500945 524289 521914 514103 484715 508973 536197 511064 508670 506848 491430 514091 415068 493608 469634 535467 505410 463775 491234 
458097 469631 465126 460688 458086 443204 430361 498108 473491 501627 510657 496618 510995 481096 444681 517362 463887 482863 429508 485290 468629 495640 473526 478837 508743 447023 450185 513578 450213 472215 441147 495284 487096 485181 475719 481584 485799 467428 490969 465140 451993 474717 465719 456648 480856 486597 527257 502965 502253 475503 465080 468403 475964 443603 450766 460205 433538 454165 481242 501213 458240 471923 474170 490778 500675 452257 506232 457542 496729 529233 465882 455187 460108 472066 517227 468186 528790 459836 505294 438885 465159 506298 444311 464992 481244 486921 513145 498848 481968 457441 482084 461134 495325 514509 497219 477158 506476 465098 472254 495333 469574 439865 512185 469527 443002 492752 494910 425246 460060 453306 483698 490614 487556 462746 495116 471472 460464 459757 467797 459890 493733 491454 496380 494838 507925 491477 511637 491890 479444 480273 512481 463984 498464 495148 479096 527446 463882 472705 492585 463704 472514 495897 464440 475291 416750 465234 490499 502075 478954 496047 475348 478478 439875 500422 442696 506409 469416 506600 492500 478095 504321 461199 500177 490161 482387 461972 461738 504512 460859 463698 506077 499004 489237 467699 517335 500598 488125 465032 475440 503986 464515 471779 500911 498401 474554 471169 499926 501406 491680 484939 484977 479606 491482 414829 457159 464349 520343 478308 455321 445464 
500609 489934 504884 485302 498897 447179 437579 494747 480404 550287 579080 513258 525141 518528 481293 552030 473696 505717 480690 501828 496809 539001 514317 489108 524438 499974 479570 492482 483347 492937 503743 503797 493008 529684 516782 512097 528711 522062 513786 519569 502205 511958 501803 509111 499116 530184 546275 523109 504674 490630 481340 491658 503987 484249 482478 495805 494038 497194 511766 521805 470021 492008 499678 491577 507178 461865 547256 489854 527464 560521 463721 521304 469361 527013 525433 481499 552881 485546 536321 487588 536661 526476 460616 520733 474696 509783 526934 528039 469841 483356 531752 506103 493877 518008 547927 502672 535256 501574 509261 553002 471232 488242 524202 512796 500832 501061 510567 441462 507522 479720 513469 492508 519652 521341 502761 493277 488727 489906 527492 459551 506204 530412 513130 530895 556594 533575 509100 501219 536042 514975 539787 501630 503929 530829 524836 532422 485198 505791 521080 519804 498739 539510 504129 516524 471701 475524 523280 521605 507364 544731 500498 506612 457207 550922 487323 507419 481550 536900 492310 509959 544430 495586 524900 493329 527750 503243 488695 523730 472138 499509 528731 560123 518960 502278 529301 527114 517900 495954 503131 565189 519162 501881 523025 524744 528690 502366 522180 538675 519191 514057 504195 529020 515953 433935 502278 504370 560698 512944 479717 481099 
507516 489379 503389 487297 488035 457718 459211 508293 470428 521560 556733 528395 522063 511226 476419 548422 481687 521410 449767 517694 482835 531664 529540 498707 520367 496513 495611 488984 465389 472994 495071 506181 520138 522951 531874 517882 520744 512216 514282 488938 481656 511726 507545 509065 498943 524797 545496 526891 482316 483230 503047 481564 481262 498014 481975 483454 500467 483112 528982 507045 462757 483004 482549 531198 515578 460360 549478 469740 530070 552351 497056 489509 448421 516833 524610 480719 553476 510894 489988 464200 485782 516203 479277 495993 506177 506807 530425 522298 485765 466568 495658 499527 484954 560471 528150 482887 528123 487037 537593 525354 489028 476677 535761 510854 496961 504824 519487 460968 467077 481388 510495 507323 517718 511443 523130 480005 503552 495383 500604 471840 504273 525014 517527 524434 522696 538769 504372 529028 507063 515864 522449 495088 523945 522530 517620 518245 476868 488240 504005 526617 523738 525075 490152 496052 463320 484099 510439 528033 492352 534303 486859 503821 457941 554406 489781 508925 473801 505545 490426 489209 539367 507569 541740 495766 532114 478977 486923 519546 476777 500626 514609 540171 499660 474679 560438 531996 542171 486584 521740 548344 486494 496696 529643 524722 508844 508350 510515 545483 535295 506160 522368 495576 517920 423573 478824 486603 544314 508733 485375 495724 
436414 455252 464100 461378 475791 421253 455014 479190 451781 493810 539316 492048 514664 493197 436618 495954 447999 460255 458850 469327 456984 500508 489622 461163 484823 445043 430887 499366 471148 448221 434722 453167 490109 499087 468916 484254 505121 476877 496201 481112 446654 483148 465558 451836 466779 464392 518443 490306 460086 456818 473130 433015 468814 464410 445281 472477 452879 481151 488015 470522 434858 452067 457639 495744 482840 451695 536865 451286 459612 528493 452942 462189 451308 479248 506874 466321 525810 475917 489747 445453 485670 465676 445850 504691 471573 503764 502860 498206 461806 462322 476350 469824 459665 506826 510409 483158 480454 449977 502345 528363 459589 461544 506809 464311 448251 481431 512849 441080 442707 459349 482143 504146 489028 485048 468483 453551 452427 468381 470074 426001 453901 512752 491267 472745 517267 488728 489757 494251 491028 463972 496356 462714 485223 491595 458070 487960 454647 466857 493687 470926 434357 484480 445831 479794 423093 442612 493282 471819 482172 490188 455034 482648 418248 497558 447689 480374 459761 496573 461352 454604 483669 492190 512679 494436 499226 441799 446315 481682 454133 464360 485298 524622 456494 444865 503291 481860 500531 473716 487023 506930 474666 487260 524015 506003 489739 466250 487626 503957 478966 467018 486084 471282 499592 420301 458119 461687 504777 481318 446385 466390 
462376 502971 504220 467347 491016 442610 460357 500175 500833 532550 541575 523995 522150 534572 476588 531686 467247 499171 452462 522768 496626 539411 512782 496674 508048 487518 466742 499396 494408 482025 475047 477105 506183 512885 488341 502212 529805 507350 515484 494945 470788 512231 488570 462019 501818 526568 532727 530483 512670 470162 492570 466255 495371 485752 475031 492367 485892 495802 485148 512362 468210 481495 471978 511924 538900 470456 550631 469065 510984 540358 492903 508103 484759 521592 517423 481956 566623 501410 523477 482714 490337 501705 491991 500982 501141 519233 547918 543333 484563 442696 506261 497782 488875 545866 544264 513278 514254 504808 531407 549840 478464 472751 540851 497598 496422 505602 536937 471071 470509 475528 488238 509895 493903 519702 507323 483417 473406 451494 496480 446097 479371 519920 519666 513056 518248 518303 526533 527739 515729 500256 513147 500249 510903 503374 492912 499772 475138 498097 511220 491342 475984 528378 497201 505022 470892 469889 503098 518746 489456 530475 482054 529007 457134 529470 509847 502060 468468 520868 503928 479739 523488 510918 539965 520299 513142 481433 480390 510609 502125 487041 517434 539096 485723 482506 535409 498486 510069 479492 516143 581882 498475 493863 532117 504676 493682 493024 516014 546292 526622 511257 522097 508272 532727 453660 464217 504625 534684 517520 505545 501403 
440237 468444 460053 469749 448930 435517 424674 479413 452535 503197 523939 479741 493187 472916 451109 506903 450736 494709 451564 467502 463258 506086 488380 464279 496549 462340 426253 482033 471433 454342 461901 480645 490944 490774 478673 487701 496542 475161 476959 484697 473024 464640 449292 464681 491167 508148 514012 495585 483647 461658 455268 471802 464260 473230 446826 473310 453504 460717 481923 519412 444432 474657 467870 497108 493355 435879 518032 480468 492902 505613 492766 478303 477532 494286 498086 462241 507105 491063 515129 458168 473186 479235 439029 475861 455780 484556 511336 506444 453382 450217 472405 500593 471910 492571 493276 474065 500183 473783 491604 529023 465902 457444 503761 491597 460751 486928 499671 439998 468695 444273 477672 467914 472219 485926 486058 471187 461016 459024 473653 396713 481654 506393 501659 497898 487970 507072 491348 493049 489858 472602 496315 494168 476796 480550 481061 485163 469495 487209 484695 485542 489874 509660 484660 480088 452127 470949 478334 489206 457076 478817 481419 504377 420612 520850 449921 481736 443903 496772 475858 452072 507985 463373 523429 478092 486774 480789 429851 492660 456075 466964 470971 499548 465579 451758 499217 495608 510953 483828 486160 557051 488249 471338 484081 498244 480090 461422 510234 509444 510062 480119 519399 512272 487088 399899 444223 477443 525216 495503 463060 457137 
462023 476781 473729 462898 479298 441040 429808 487977 471323 537729 537253 500376 498885 506213 458596 534228 449023 491311 442483 504413 463099 493605 499850 469489 513683 469056 446570 495420 462711 471340 483818 461775 488530 502043 468452 533393 512553 502515 499722 497155 468718 491910 474303 472751 483652 503573 506789 509499 486888 460231 449330 481686 483369 479645 441314 461143 458871 462777 494252 498008 449896 469159 471815 479280 506433 450651 528582 457192 489985 535838 487460 491121 487211 507865 511727 482872 533255 499824 513894 443679 491102 505500 465553 493308 486370 492059 523714 498069 478301 456134 504166 487195 481282 532296 514751 493157 503033 465325 505545 519005 470569 472866 520767 494553 497332 470843 503068 442050 462938 472174 470905 511813 479602 481571 496743 458712 460589 479380 477024 470673 489485 527935 492047 520695 493956 524721 489874 529860 498523 485601 487605 477914 500808 499070 482627 487281 472861 486730 494785 501538 485422 520494 484861 488102 469891 485685 484514 500828 468890 526012 479858 482469 436578 506771 477286 483321 462103 516261 498167 490944 532668 472987 516604 480311 505636 455778 448226 503133 472544 508935 483231 515654 500859 458497 548211 518577 505007 501431 517449 531841 492932 491396 518035 496261 474675 464229 510395 514899 517756 486869 488035 503159 490860 414727 463053 474325 524773 505092 473762 469851 
491718 496033 502418 479126 486985 437147 451917 503945 470949 515973 546924 522659 511563 510992 450028 550079 459751 496071 457942 517187 482193 520777 509260 493518 513958 491285 466587 520823 499086 469448 457109 470359 483568 524257 496598 538336 532198 523790 490205 505209 476350 477939 478360 487202 530074 516727 512879 502579 499233 466063 452860 471876 491084 482352 483001 464576 455060 460900 527759 520509 479378 458455 471945 503967 536829 472980 553842 475369 498559 554732 496034 504491 501046 519093 520697 485374 533310 478835 513953 499775 510982 512718 482502 508096 506915 472966 527883 531565 506788 428523 517454 510054 487330 526667 517168 514195 533362 489732 519993 528336 471340 473450 531207 488599 500106 493561 554876 448962 521353 469081 488444 516669 485505 523302 505001 489613 482426 486047 512417 462072 499234 523610 505415 519014 521604 517527 476094 537436 508247 494796 525395 508495 498113 502421 506746 510027 454514 491745 517756 487884 469094 537233 499061 486130 458270 477213 513515 505132 494085 522556 503621 506853 460803 524699 472354 519454 483879 537545 489811 488706 528183 499399 536933 501172 508181 473779 466551 517184 463737 481451 514858 544697 508185 484011 536567 519510 509392 512595 524955 556424 502924 506804 531674 505114 471352 476629 494257 527718 535410 492218 496176 499855 497932 420849 471793 479931 538970 506419 456759 483547 
438032 447356 435839 439552 435782 404186 403651 461718 440804 473972 487502 478606 478048 470150 432229 494396 436547 463042 417737 475722 448836 461886 476468 461938 472545 450915 420059 447831 439426 457954 442428 449831 445833 459607 449468 467491 477884 456801 485882 432287 443772 461995 445509 449173 447964 469108 483135 494917 452151 443390 436598 426302 468223 420328 438452 429891 437679 430744 451051 459606 442238 433428 425980 471050 478382 414124 495727 445524 461418 489808 456403 435003 438732 468368 484685 442485 510125 443864 476040 429004 446661 458874 438725 454961 448211 471863 488297 465385 439132 422080 449513 450463 462419 501050 501123 457963 468432 438441 463522 496351 459747 425781 482073 450669 454077 462087 484682 418941 419165 433932 434732 457444 452230 461773 482805 430366 420444 443301 440592 436890 445181 487095 450872 480495 478347 480992 454442 471333 457939 457740 464182 459734 458723 477408 448704 480339 437594 449433 458901 461260 453550 476254 451352 481553 395115 444153 473249 480135 451603 480601 447305 463445 411650 502959 454484 470110 424091 470261 451161 446257 489838 450273 477158 434229 483569 427160 414780 478822 457974 458138 463986 470277 451240 418801 500409 454631 471690 436958 467709 496771 461072 464736 488469 464961 481738 438073 484389 495693 469650 446244 466553 457465 442879 408928 454865 455522 489377 457886 447689 439580 
447115 470230 490136 475481 460372 430100 450193 497451 482673 518886 529939 514857 505243 531299 459959 512135 461322 497805 433687 479227 458224 530790 496568 504360 504353 463271 475991 488611 481284 459099 465033 475556 504018 500035 474603 508190 516891 480954 510873 506123 456756 502071 455536 476342 449223 503511 542494 502488 493022 465267 471612 471950 467135 470985 463957 467809 457564 474388 469502 502167 455341 452935 474412 513809 496345 449408 518249 457394 507017 535125 479666 481884 463787 519029 529073 452042 514868 476557 496526 446467 465021 492516 454187 510822 488255 484649 515880 513911 469164 435184 492275 491254 486166 529870 522036 478584 516590 461613 493328 520558 467883 482705 524102 505836 470577 504581 500442 456359 489007 462425 470738 491056 462989 499294 491057 476020 475085 471305 485794 455672 466143 508737 506744 479236 521063 508384 508830 512934 519815 481325 488183 459197 483566 502339 494921 492951 450493 500517 510246 489126 451784 516442 482755 465987 459458 450601 505846 504036 477319 528467 484384 493232 442735 521101 483790 499603 460774 510374 498724 464367 497316 500171 540417 502783 494395 455454 448574 518578 453930 499099 502187 521958 485127 458051 541157 494170 499551 480419 479660 543069 484578 493492 524504 494749 477772 479962 515998 529334 498517 490769 488365 482370 505286 435253 460093 482265 525718 521116 460074 488880 
534296 525597 517024 508249 511641 485583 475799 541553 490522 554112 561975 544329 534747 555269 471346 571980 469010 528909 470752 539524 508870 560038 545499 526107 533247 501029 494370 523810 506270 513272 496780 523392 545203 543524 516538 535562 531244 511342 534655 508144 488834 538891 511844 488487 519470 541043 555595 525883 502213 503583 523551 519044 508144 509773 478687 493879 510892 504736 521453 529320 469521 496710 471254 515404 538457 481164 580762 484485 537193 566588 504835 492773 491124 525740 561831 521580 540212 527997 520709 480351 499616 503169 491844 524619 514891 530736 550145 531438 510265 502472 534324 540363 525733 574189 542762 513435 552054 513787 551248 552504 525957 496068 549009 508803 498823 524172 543867 479311 503861 505592 528228 519022 528174 526795 542823 493729 500046 509616 525052 479836 523282 529755 515463 516428 539561 514034 534772 525283 526881 521067 537351 521294 512879 530078 521196 536225 492613 502712 516671 536531 512531 531226 533667 515994 483385 498823 526588 532126 501972 545849 514994 514749 455251 565476 494652 521077 503973 528491 532905 504231 532782 529200 553686 513944 560096 511639 464506 535091 492501 513568 500695 537909 536094 511933 556909 541697 549974 497839 527676 585096 530059 524073 550540 522043 532389 499953 547766 553341 547554 522142 518732 516373 522461 432670 493666 509958 554401 527779 487798 519544 
441463 459468 460210 437379 461463 422081 419574 490134 454561 512109 524705 489441 495486 471031 460826 502309 452375 469312 440012 485279 448269 506836 495022 469224 489367 461932 431705 468005 438401 461666 418566 462697 491024 475876 453434 462735 487943 485532 474561 480651 433329 495409 460031 461114 470112 479117 529325 494981 482285 442239 454956 457548 466228 444373 443812 477308 447867 463846 475870 491374 448266 448725 471110 476314 483722 433024 500903 431668 481429 513462 459146 467144 446945 471965 499726 445968 516408 476885 493648 444205 497572 471576 430716 470043 472257 488478 513546 499407 465161 474620 473869 451418 456949 504153 490381 454970 500361 457993 461294 498995 471064 453376 473143 462904 452529 484935 514461 432825 452975 446237 469710 471066 480089 482866 470925 461011 475770 456984 471541 421802 476318 489482 484980 500696 483826 499646 469121 482189 490627 442192 500651 437577 483056 472605 483816 486442 448615 483216 478937 466699 452065 491496 465426 474190 444427 443995 481760 503373 434416 482414 447154 513736 427752 491052 461230 474047 464279 486781 477599 460683 499287 462246 512156 466222 476398 465125 456013 506958 448999 470077 475446 488778 464465 453761 508612 494226 498938 474395 484941 504624 469825 475443 512186 473606 471839 463271 502311 476519 505240 464253 480270 481198 480833 387915 436171 463486 513650 472503 453640 452056 
508114 495320 522617 504989 498726 478482 481969 534666 511181 565542 553963 546404 551279 540309 510576 550037 498073 528015 470049 531209 534214 542957 542468 525920 538226 503055 495684 509350 482909 498096 511404 516450 529495 517879 521801 535994 520573 533133 530679 546776 504624 523995 521332 514210 515736 523004 591455 519830 518006 504563 495229 490102 504012 504873 468801 531678 501328 502715 525571 537044 487896 490571 523448 555997 522310 457162 561162 503852 541425 558319 525671 518904 489609 533586 554697 497875 559553 508505 529268 521331 512740 530935 468224 528565 495571 543555 539195 535416 520143 503839 547977 511327 499301 568333 551064 519727 556815 501703 519105 562562 506871 485906 552020 512660 527088 514339 564339 483551 511744 506180 517577 535165 514685 520645 509241 494678 497486 517293 520887 468076 502513 522241 520446 538061 551071 558215 517717 543439 537553 506261 520020 509385 505291 516026 525848 551526 495000 532704 517641 481470 492016 545749 514100 512992 473928 514830 533243 518057 511571 529582 487347 546086 462010 557492 504373 511304 487600 556810 510992 498517 566094 519455 536014 518420 531558 489576 466392 559209 493670 533998 515744 558545 535755 482856 561167 552746 550039 496037 530757 554878 524188 531636 534883 538521 516070 503726 530427 560216 547958 531087 533308 522083 541355 438189 485212 503334 553611 540763 503271 501833 
457944 493853 473631 458702 442841 427634 440448 490080 451866 517514 523595 525152 495583 490856 475893 500006 475027 483673 451937 474939 480163 500686 490653 473783 508187 461731 455517 475338 462827 467383 460272 442683 488869 493553 490237 491472 497618 485887 482747 492449 473666 479737 479154 480742 482697 490562 514022 495032 474856 485073 462480 461238 472182 432439 454412 464050 462946 492187 481255 503218 435884 467635 478801 502081 507812 454344 526545 465944 507664 516975 479647 452913 467569 499875 488661 455121 537513 481808 496708 456996 490437 471868 469311 506878 475453 483062 535503 507478 475225 433648 502089 496890 485070 510334 508204 481436 533703 478661 499205 521068 472103 434842 493061 481513 487843 493452 507130 446793 474489 456070 475881 497836 478079 487198 498415 484912 450413 463357 464400 460798 477027 511125 493147 499951 513351 479484 487752 484622 496177 507821 494796 467507 487152 486782 474335 503800 445938 482580 482707 479169 460214 498218 475883 474384 452340 461209 499344 499946 461792 498933 486558 483446 426818 533603 461055 498613 454807 496581 505690 480183 509870 491787 503179 518332 510702 458145 478710 521258 478781 466252 495593 531066 467656 457520 514819 480496 506169 474490 503847 539364 485821 505588 504148 510104 485618 457408 484364 511421 501228 483703 508796 496842 480136 428091 464834 459311 518895 492739 459009 482260 
465665 464124 477557 421146 462489 419270 415405 473718 462784 500521 535728 511072 473296 492644 464960 505490 446720 478448 427426 490957 464464 479391 480456 482652 498288 436710 447739 490699 448479 440162 449057 460356 476944 497577 473400 485198 490659 481646 479834 478419 443473 483123 459128 485912 451214 471463 500174 485974 439812 467363 450733 471306 462869 442744 427725 477939 444277 471625 469191 494051 442690 478358 468300 472557 522015 418284 517388 449334 508307 513025 466873 481233 442145 495832 497794 454205 511324 463256 475815 438233 462454 480268 439576 482179 466583 493706 526661 480996 449688 446663 497106 469464 466881 483799 480042 463735 533924 459209 507171 524391 475242 436342 495777 486840 486763 448470 507917 441709 459202 455101 493487 481194 493406 480695 498032 439637 422841 474523 475084 472161 451535 481552 468354 506346 485849 478983 473411 485382 476876 466020 485298 463456 491568 480198 476619 474539 463087 471505 464016 471856 472365 477195 487785 491242 442442 432220 500506 480198 471681 497632 482817 454358 407203 515965 438322 475241 456271 475318 490890 470443 502670 478852 500553 476254 503325 433739 455893 491159 453716 480228 487987 505312 477570 448281 507161 496268 501087 471304 492738 528526 477541 493232 516178 515943 461515 465195 496248 520127 479383 477349 469039 488694 483809 379382 461662 462537 518797 475571 427590 462430 
437869 456956 447369 443286 429145 425799 421637 475531 432561 493158 504975 478238 487693 471274 442230 506558 438480 483278 430890 444549 467231 500122 473946 463846 472713 434365 421659 481937 453062 455588 442257 457953 460411 467203 469358 509465 485462 479953 478312 475827 446679 476452 449459 467189 460287 487340 498836 495662 483772 456613 452821 446945 469095 464173 451518 453428 441727 453019 457359 462713 439832 440044 442636 488716 459806 427733 517153 446573 471745 477977 454749 461133 430276 478841 504782 473052 495935 470336 491247 429633 442835 468418 423284 484287 466527 486615 499250 491919 439683 455554 483715 461634 456038 507665 501324 481164 458234 453832 494959 510000 460466 444817 509386 466567 457266 489137 498107 437128 432971 447888 453590 489368 442568 474224 473443 448972 443896 452581 471083 438928 442681 506167 487186 482859 497459 478992 464647 483677 480846 491019 494969 481061 448258 490056 457247 476485 465240 457826 470626 478529 446593 499513 442701 456143 427710 456604 487204 463174 445430 478822 447054 473418 433295 500607 458381 463554 447922 506679 461633 456843 491586 481313 472231 469021 460841 463602 450805 473709 430661 476379 482869 486628 459989 448004 534345 471851 483712 465189 492919 519133 477673 490528 476204 480423 477551 471050 486750 490455 494920 465096 459266 470633 479616 406766 453892 478424 500025 474166 459518 472340 
430962 471341 479887 483022 473286 430402 438153 490027 450907 505901 531531 493512 490103 489626 454440 532883 444738 487278 433697 484211 448217 495462 480802 482403 489399 452365 434652 494135 466708 456344 466722 454125 493934 509915 488808 506808 497487 486007 498647 467000 467030 484527 444836 445522 473547 492725 511807 492530 460583 471203 455355 456621 469635 453426 442645 452886 451661 458009 486619 482243 439674 454131 460319 489112 499809 429514 511829 476595 494452 483997 469919 451145 469556 486444 496232 445258 514596 475111 498150 429303 480252 473856 454579 503160 478264 483588 533568 510198 470716 426088 472319 490075 473167 524630 545775 478769 509654 454027 489603 512729 449828 449611 509502 476371 439702 464366 494157 443979 464289 446172 468823 501032 463996 487629 468662 460988 456216 453070 480547 469387 460131 515698 470695 485009 505108 484557 498266 519957 500053 476111 465763 476855 473666 493822 466970 462755 434987 472654 470900 473640 436471 474838 484301 484496 433140 446832 494592 485821 464846 476734 448993 497280 436431 525269 472432 477196 446960 501032 469786 464745 497489 488729 509221 493728 481442 485369 470284 514260 452848 470802 492119 518849 466599 485980 497087 490050 495165 464689 499195 516542 463422 479365 501759 489717 476906 468759 512118 520435 474112 455109 472386 483185 477000 413684 454971 461871 513751 480452 459308 458451 
448483 491620 487589 459178 467069 446836 445228 504268 452035 515118 533674 499243 486665 506507 469130 510732 452657 486032 452566 500778 458210 503482 504754 472964 490479 430855 457359 507705 469872 468438 445930 498311 508868 484916 475890 497173 478722 457349 521201 489429 460363 486495 475792 473969 493035 486879 526748 500450 463500 471769 471384 461427 442663 456289 480712 441732 485419 464740 489432 485002 445182 482464 467888 502485 484565 465582 505639 461276 512664 509715 489276 472957 471045 509009 529320 461869 539279 467449 498653 437792 467176 471196 459488 474347 489070 489938 508995 528266 496508 452979 468923 489044 478634 537445 513429 480233 506788 487894 513212 519591 489931 456119 505060 457294 477739 481806 486637 424297 475849 464830 480290 492121 506040 502490 503736 471654 432765 460776 485340 463700 477841 500715 503737 501709 509269 494578 505314 490614 501737 482385 496670 482609 505547 488122 466607 519307 464147 465882 496460 474877 486064 497836 492481 487068 447902 451275 505085 519798 479008 499689 474422 500982 435825 523604 450794 481909 471754 478430 502704 486451 494320 492377 500244 492992 491525 460273 453028 497907 468161 464143 487699 522902 464799 447293 534448 499627 527312 453342 490700 525946 482933 479237 498924 501980 485220 455472 517288 485364 512188 472919 500677 502825 475996 419509 466794 451860 519626 500826 451308 473136 
459746 472642 479981 462567 463396 439904 449067 485707 469167 530105 533797 499158 476369 498782 466634 505845 460407 489379 481960 479659 451949 509803 510432 497752 503216 462077 470259 473423 479435 460329 449124 496340 499173 477028 469214 513037 515130 464543 499521 492112 468942 500685 460489 473173 468700 500785 508111 514104 477187 456705 473711 465735 464783 461785 481649 470573 452709 468945 481151 509178 459934 444788 481964 507710 505795 442156 542466 481595 506987 511234 493967 476569 470754 504072 526146 455147 531023 476588 483482 448860 488464 480186 467563 483321 487252 493243 518367 528051 484402 437439 529844 501753 483247 507035 523524 482432 518866 456373 511094 517207 482382 463682 519187 478505 477323 471812 507020 466741 482304 460568 494323 507461 483118 498528 494515 458835 476703 477119 474565 438935 472798 504645 523061 486815 496958 503655 493493 498265 499871 482742 494156 478788 498200 486059 468774 488106 436101 491825 486502 484833 465527 504179 507683 521503 446067 460326 487807 505826 469786 496383 478710 509606 448655 514391 463879 505960 465687 498202 483805 447047 517268 497708 500227 503505 505547 476186 456279 492869 464706 482030 484537 525248 478361 480915 535782 503679 508187 458311 491610 543888 469648 491767 503474 516004 468667 469857 511750 511311 490986 488605 493663 495790 496644 419803 436520 446636 532466 496771 457575 483175 
448886 472272 469442 455816 453999 421277 437921 467903 454604 505573 532001 476509 488759 471087 454758 510696 453273 481134 430905 484451 437642 491088 453112 493127 489292 454001 450715 478582 473870 464660 455840 476561 501143 463476 475232 497784 480235 482189 484837 461270 471063 498941 462647 464885 457144 497215 510032 496564 465330 450064 435903 468926 461345 455693 448801 476722 419902 455360 468707 473329 454668 469570 440376 489751 477151 439656 515390 452900 499332 529930 466822 462049 453238 490915 506324 468042 535242 462472 524186 419627 458510 468315 473385 472449 470084 467158 503109 483278 453786 411678 464969 467358 465684 525288 521155 456311 475207 454980 474089 520109 451005 458850 493054 441296 452187 485220 502601 447828 454151 471817 490006 503522 460013 484131 490299 452155 453137 462149 478142 446325 471032 502799 490558 490137 491490 496224 491779 489987 491188 453214 496746 481871 489198 474568 475615 480736 451777 473373 490609 478658 458394 487581 474685 472027 435443 470034 487463 496046 461708 496358 474345 482588 410794 518748 454364 491645 422875 511823 453075 446762 509617 472426 498522 450932 495012 455490 431176 498706 449743 462256 489149 503633 471243 459115 501519 475899 508283 478053 485694 515718 441282 477667 505759 486054 465506 475145 493144 496092 481119 453917 461683 474522 495259 421487 437625 472468 501929 476841 453410 465736 
492743 506575 506353 481450 487907 468656 441871 499979 492395 531408 567021 542217 512054 539970 511426 543808 473572 528308 464406 521632 491391 540933 551458 497165 523643 489251 471521 507119 481765 503407 505463 489501 528329 535527 494349 531270 525937 516141 527864 509038 473122 512127 506388 493835 488458 528467 549209 536883 496525 472271 482352 502347 512412 490879 464383 486733 471402 488563 513202 516106 513661 484212 489392 521224 513798 470727 550309 497021 501799 545947 505690 505865 476490 527975 513807 498604 554654 511376 518619 490983 508917 499613 484817 542249 521617 508800 540903 532147 493457 480975 542275 501911 478984 537769 537259 503738 530179 486869 497685 541502 504024 498537 527193 503076 499699 515826 547358 480202 478607 505944 507631 536820 504379 505822 535500 509767 480210 515077 503292 472574 490271 534735 517042 523051 549677 530040 517152 498436 521554 521149 521151 497374 505263 530655 515802 508617 483192 537745 508866 528113 484861 535649 502671 523301 469033 465027 510093 499835 491026 534054 500601 517062 471346 541688 488771 498565 487289 525336 515360 496910 545266 495146 520441 506231 527406 477564 486898 535208 497546 511776 515892 522378 513071 506929 552415 537393 532187 494711 543134 545579 537506 515119 534675 522596 489619 464881 504618 539593 550371 511912 512863 505500 532140 446629 487215 513577 544432 519325 474085 479302 
494085 520768 530992 484154 511886 484278 483688 533923 507310 538238 570584 542029 533156 539234 490141 565850 488315 519067 469227 521419 491420 555596 520389 512659 527463 508061 498506 515373 497824 474237 511897 501588 519979 532410 519816 529011 551122 531494 522345 520993 486811 529576 511627 529044 510132 536117 552319 523395 505284 506660 490626 490960 509658 496317 492525 502933 484109 502391 500674 529742 491524 500528 504928 534997 534300 460428 559110 482392 543292 562485 515862 519597 480822 544596 540313 489132 564531 493180 518900 476385 524749 544401 479807 537903 493523 500788 563118 525212 519493 465963 530855 522313 512556 541775 560462 497374 545694 505692 542526 536088 484195 470250 548020 516652 522182 508556 518170 471734 513549 510206 525745 535325 495379 500936 529747 493633 506271 493302 505922 491213 501150 544698 530852 518377 537835 530912 524467 532447 516772 506293 527566 511384 537918 513399 513093 521429 498552 524438 523245 510170 478687 543745 535033 509196 482095 467461 504979 544901 502973 545192 512540 513243 479632 545932 502248 524455 505888 544725 525399 496168 554248 524230 564077 517229 528948 512193 485712 530547 465227 536846 533665 544721 525266 494474 553662 530473 541864 496631 539061 580718 514327 514138 547069 533549 493053 502394 544196 548501 533977 510397 528276 514267 546370 440156 473958 504502 565470 523228 475798 504417 
403398 439988 448067 395452 405574 385769 396568 448180 412732 486596 489331 474676 464519 440206 402089 476010 416062 426998 400587 441960 416994 464214 449063 445032 451654 412156 423130 447182 425340 441035 408545 444992 449884 425087 424198 453100 448370 432744 462028 466198 419416 459516 439933 420962 432628 434759 456985 444932 418411 410026 428222 431924 418211 401715 401317 429936 415024 421781 434710 462136 435129 443529 426291 450860 459144 417124 489974 411300 441582 478477 445554 437659 423993 438678 466745 436838 474812 413104 461505 404552 443307 427967 394367 447367 442157 460767 464441 470557 440263 400508 455842 434911 429534 471373 469575 435123 464625 444073 445550 481673 419597 392268 465593 428051 451646 440813 458379 387705 434704 433140 434754 443469 433356 461246 457323 429242 415328 430770 433164 427417 427531 464542 438336 466239 440831 467634 473838 451153 456431 425959 430908 448697 458209 427418 430970 457531 442246 412242 429321 438546 429491 476534 459871 449865 413069 414546 446565 439824 421526 460256 442296 443447 402965 472266 415667 437897 415374 452578 445903 435987 475073 445844 463509 450122 475528 404814 416487 442862 416019 433408 448098 475188 444422 413108 479991 455313 462509 432281 458191 477120 420362 424031 455049 465675 446854 415838 450961 477262 450920 445849 421423 490098 426612 365330 419347 414227 469768 442738 413028 438886 
519953 534260 540983 502065 533698 504517 475639 562588 540655 577736 581074 569091 561345 570381 518761 570723 515485 534295 503016 543488 509312 580980 571935 536596 553666 511797 502106 552289 521508 528610 531164 547147 540957 541294 531146 554792 549228 542695 556953 530703 491520 552808 534724 535255 530991 561245 607252 575146 517051 509269 530809 522960 533033 523300 509377 534828 512323 521937 526476 567411 495985 506028 538388 558300 567519 488444 571542 494046 551710 579133 543731 538091 517113 583411 575603 538883 592251 544884 547592 525740 544872 537943 516572 559341 526798 552897 586313 583867 529193 509945 558398 531125 534803 564160 581862 557896 579484 528980 565925 561433 525517 526680 562767 527110 510971 549440 558321 509731 527962 494178 528417 562852 525928 551138 569495 531962 511739 518691 522210 486386 548728 555177 547479 563164 560146 549137 562976 554527 556222 540630 536366 520636 538356 574161 535806 572397 520600 535327 555584 529906 505831 555592 554955 569383 492275 490683 569352 537968 525750 560336 526032 542415 493120 583938 529426 537955 510280 564211 554524 529064 573305 536561 576912 542965 577558 518453 525375 559736 524821 551824 551491 564883 549002 524239 595186 562016 552485 529515 569748 591370 536176 534334 569914 547607 557470 527950 580649 589007 556439 536307 536714 537965 565476 478883 503336 542302 586973 561655 514122 514636 
464460 451427 470719 443250 449584 453317 434074 466691 456883 489976 487966 489398 500874 486416 450311 522819 439887 462409 420406 488450 462523 495423 474913 454091 492461 469465 437677 475309 457988 447902 459192 474498 473352 477985 472655 501108 485991 482313 468872 471026 445689 481428 475941 456574 479913 511658 503009 489131 462889 457356 455783 464412 459602 436355 428034 428457 452891 468798 480053 491094 433331 456130 458945 472562 496699 436725 513940 456462 467204 521523 459760 462986 452604 474347 499517 447854 519491 453569 491519 446634 448593 448826 445546 469411 463246 476298 510230 494065 435105 439263 482938 473622 431567 510804 492085 491217 504984 474460 493123 505232 455823 442653 496447 465863 451941 467874 488547 437412 458309 456661 471024 481884 467380 463004 485886 469355 439395 451433 468255 417745 457376 490890 460777 496039 483735 483949 497791 483183 476989 466455 490526 460979 467628 469778 477248 509125 448051 464360 481205 479285 460988 488463 470899 482849 438889 456282 484776 461455 468369 477220 472122 458786 407234 517609 437739 474724 440438 499610 477301 466211 495611 466053 488043 478976 492201 455714 445411 495854 444834 475825 467566 485002 481714 460443 486076 473394 503706 459401 492961 514508 470745 445128 515627 500875 485982 438908 492495 517783 506649 492288 477822 463623 506116 398585 453487 470347 522791 485576 458297 438687 
499488 519869 521544 496590 506140 466213 466125 511920 498134 550177 593563 533181 540304 568921 498981 568729 477993 536027 488032 529935 507850 562257 553879 529078 548867 489605 495272 502040 499634 483600 518713 516866 526147 525262 538807 562378 540608 538045 560316 533235 482879 529717 504912 492350 500406 513993 578477 512118 513075 492604 516150 489458 505120 504955 486027 498435 504387 513708 525020 530076 463413 498482 507144 536876 539369 483667 570318 501891 532622 563444 509982 532498 522100 519113 530440 503109 595263 518862 529942 476476 522207 510640 492189 514936 521446 544887 579180 538569 509522 477116 511147 518372 516730 559867 562538 528362 553811 510308 560452 547660 506144 493286 557636 543217 504169 495990 542620 503383 518032 490516 520508 544795 532963 535651 511824 521303 494359 519180 514850 502465 517228 551018 534527 529882 547758 542120 558904 542125 528277 514842 518078 521835 517701 534899 524470 537267 475374 525841 512460 518564 509405 548100 497388 516538 489454 509010 507953 548837 520273 546506 502394 526595 467316 574002 520229 529260 510998 527517 531404 495951 545140 538618 560220 517536 548844 485301 489499 555817 507140 503712 516508 560692 518799 508013 567167 542363 525760 500997 538568 590133 513120 527093 563193 535573 529110 519376 542151 560514 561228 529039 536657 502298 538850 453377 485376 525354 561637 531291 504985 517442 
449433 494216 493724 447559 467907 428286 416788 495479 438935 498367 524637 492654 487190 496482 449039 518769 451406 485114 424832 470486 472453 504107 480965 477388 495916 465020 439249 471818 455006 465299 461369 488004 510176 492006 485370 477278 478725 471175 488504 500437 463792 479118 449624 456472 452703 485453 501690 484390 469223 462536 454048 441752 457203 471715 458624 470610 452772 461364 461042 494900 435020 445651 452890 479555 501648 429043 525785 457902 497765 494999 480507 480339 446732 495328 496447 448598 524407 463002 486313 435496 472470 454639 441301 488552 479772 493427 537950 502136 478462 437905 487481 484332 461144 504071 493430 465639 497633 476849 506288 516402 464280 433462 503800 461752 481258 466340 502572 448696 456629 469839 482416 488838 473809 466224 469790 468076 449976 460191 468215 448645 456107 486605 469147 479770 494893 476756 485417 486393 476812 482721 479674 470499 477676 491242 472536 505959 463148 484736 463063 499105 447098 497921 466385 478784 441858 476555 480538 489143 460729 485875 468907 478758 420813 523285 476851 459280 463348 528653 484350 471975 507157 492800 516672 479493 486784 468669 454338 484889 473847 477161 473299 481961 471751 470653 502063 489104 484252 479620 502471 519340 475940 471909 500054 496448 486637 468477 481648 523357 485503 506153 482039 490166 486318 408278 460646 454532 512055 465573 449033 479575 
489518 493590 504592 507522 479896 483358 446273 516989 512457 524304 555117 529708 524929 529489 459129 537408 457629 497596 473941 512474 489624 522159 523249 491307 515965 473580 487072 498092 491807 482177 475203 487519 526870 521045 504767 503050 511879 500789 536095 504296 484844 493341 490948 487517 512283 518195 530764 518767 499108 486712 498448 474694 463133 475619 466918 484353 486705 493464 486204 531271 465057 489635 506447 504509 531348 454894 557033 478701 515158 555520 507957 500237 493801 520085 524114 484055 558898 485537 527252 473781 486399 496515 480785 519132 488588 488887 542905 526706 480291 473259 518547 521032 503969 544396 525029 500148 534476 498422 521563 557200 485858 480702 530690 509510 491317 502894 509680 468765 513533 496546 510131 526738 485083 522390 516766 500152 505089 477109 522206 466730 507698 500840 507205 522694 535973 508543 516706 515133 505434 491050 518407 501523 501989 510013 480506 512185 475973 494371 515742 492679 482224 533640 516426 520160 483566 479126 499514 534071 467579 521522 501249 508712 450083 543031 492784 503904 473944 517480 523722 507280 509380 478795 528155 509181 502734 508768 487627 543427 481384 509995 525588 525400 481712 487971 526968 523130 540915 493328 486345 566050 490369 487153 530737 508878 494096 482002 532278 560527 491860 496582 513847 503497 512006 452094 468416 500103 553188 520774 485658 479626 
496911 501608 534619 500384 488690 456850 480773 527077 512453 528964 567439 535676 515302 529810 473877 534324 485926 540638 484486 523301 524087 532982 544273 509472 539597 490901 500811 521717 509325 493636 483730 507639 521172 550954 522260 526269 527935 510172 524596 528556 476389 515057 519946 513451 496234 533775 554454 524657 519860 472520 511338 501842 498543 488856 495383 491755 496651 494848 531911 517146 494580 523017 488297 529310 511429 491529 571216 482797 517437 562952 518376 521912 501748 517530 546849 486464 563373 501468 505704 496550 511539 503156 466859 530074 512250 519024 533293 561802 488637 478764 522869 508640 499403 556562 534975 501896 552206 487249 516902 544137 500370 500249 529668 509506 511409 500892 563309 448198 494636 514244 520366 524779 513024 523858 535013 484581 469703 499119 532181 491011 491849 532156 535973 525521 545727 523246 524588 523133 524041 510519 530753 515829 513617 519907 497433 514209 506910 516241 532045 520326 484698 538848 518541 536540 466250 499063 532188 547279 509238 513984 499888 521952 463738 557504 473253 504760 501271 532308 523928 499944 536469 495336 557997 528113 556209 481455 476253 539626 499916 499204 514131 554318 504193 482513 544042 535401 535872 509273 519025 584015 516145 503390 549402 554262 512370 511251 526414 536226 556308 505021 507083 518335 520779 429795 485335 509990 545733 527923 475151 504133 
489473 510707 508956 490431 497588 476949 459438 510947 488061 531266 543007 515092 515440 528063 479247 546503 471568 549833 475696 527106 487195 537090 523625 516700 530112 475492 474665 524605 502701 505408 491741 496833 508926 516404 504925 526371 530861 515718 534434 518410 481490 532822 508766 486300 509896 536208 556837 536147 525460 497636 503284 500956 487490 497761 476442 498167 487701 480302 494695 537592 490120 488686 502781 521226 508438 468469 562735 503510 532267 544968 492848 506497 488578 537546 519234 482727 546985 499407 546668 479688 495588 493353 470865 499643 517352 512733 532465 570818 506784 480942 515534 525002 487387 549115 565739 517784 560045 508051 544796 545868 512212 501844 533413 520480 491065 498515 524549 469364 495883 487435 508680 521337 522110 519442 548153 493079 479068 486010 510380 489166 512562 526889 517341 533329 551670 529824 542257 539925 514003 499532 509652 495445 520742 517767 503368 505053 487701 487384 535405 508677 479018 554049 520433 513849 450027 488115 528569 530927 505761 545733 505410 525248 449535 539892 484017 517387 477662 522580 524879 519754 535416 523941 527342 486390 536644 502520 482435 537385 476916 523976 498701 535545 495442 485844 535355 535206 551147 504464 545073 568747 533606 517171 555454 529901 520629 480395 543534 563532 518382 508310 541522 500695 501073 450620 487272 504285 542947 521160 498646 517825 
441520 463632 469616 458956 444876 411538 434215 484595 466503 505779 513591 492519 493513 485218 423725 518503 448425 480037 441075 468701 445742 486383 464743 474398 499180 444597 462030 499200 444999 446100 444554 459937 483107 486455 488610 474405 481584 491898 496262 465413 430828 454406 459987 424905 492873 469135 519299 465874 482449 454377 452202 432066 457760 462495 445241 458305 476148 450158 480733 478911 433602 467254 450258 479262 510891 444432 500842 455752 489191 509595 479096 486759 457024 482787 500028 460025 514972 464524 476141 454899 469021 473177 450901 482348 482057 450498 505529 500022 465834 431534 465852 468594 464626 511366 494832 487321 506464 477233 465802 487505 453071 451876 482598 472085 453631 457180 505431 426680 439575 463514 459475 475468 454899 481619 458794 455470 433952 453259 475288 442321 466917 497677 486082 493878 475707 487293 481604 510766 480458 478097 470568 479726 485477 460042 483434 495475 457271 460085 468783 461487 467769 468377 473601 464544 437592 446225 472112 493520 476537 473879 466962 469925 420167 522570 454398 478380 445193 510917 472667 456880 494557 466399 499260 489928 495339 428304 434211 505302 468387 467142 469116 509256 456690 449444 505499 505238 502103 486417 483780 517274 467644 462903 494104 485754 449522 451375 467410 532802 495027 465865 485262 475065 482055 403102 446788 461929 494458 473567 451312 464141 
454221 481795 498344 486618 460814 442398 458294 488862 469229 508187 541394 501601 497246 519037 468089 518592 466994 502692 436488 490155 482368 508505 506171 476447 503661 485268 451541 493155 482823 483932 470057 482769 505123 491881 483065 509495 505916 509322 504837 500948 470184 497309 484489 468766 474624 516174 533902 506656 462138 455837 479622 485960 478264 476106 446272 500217 466615 482254 480267 506506 436402 481324 472538 491266 502162 432214 516967 479314 512655 517266 487760 478818 454211 511372 512535 471362 544639 504685 498672 464682 489398 500509 453379 532897 488092 512888 522717 518940 474727 431259 487703 506910 465428 526055 531073 496718 531323 470095 515896 530581 468052 466144 515179 495298 496561 490824 495773 472399 483167 452983 511281 520079 483800 490760 511506 486635 485731 499285 493469 453486 458260 513736 475813 504489 523692 489865 517277 519898 531125 495932 498011 480436 500196 491935 491922 503760 490967 504882 488079 486825 462010 521538 490260 489495 474200 470282 521824 490944 459633 480886 470171 518940 442708 533075 477145 483994 453225 511588 500392 469787 546193 494279 527141 492510 509300 471218 463398 526249 460346 487599 469425 535867 483378 465783 517863 504708 510746 476760 508896 540938 498050 483104 520168 520068 489066 466077 517386 532392 508881 495190 490619 486989 495835 439390 446187 478714 545184 487797 474089 466377 
455593 478601 471181 462565 460945 424647 418746 490349 471460 494561 521542 501313 494114 477862 468203 489214 442922 479398 428059 492779 470771 508433 469062 481625 475913 476831 464257 489335 455905 472724 473639 479999 470939 487474 470057 502675 489478 469308 495620 481318 446318 492890 478757 476002 460579 510097 516670 494468 486317 456020 468675 469267 478035 450730 454072 451256 458771 456641 509118 509278 447101 453743 468516 513541 490476 427556 524923 461596 490070 527147 480638 480124 462424 506853 505588 437596 528341 475086 473859 447324 468801 492779 440742 494272 475784 460785 481881 498589 445699 446886 468734 459473 478175 529682 505175 478599 516376 467654 501195 492700 474550 437788 496876 455589 474273 476495 492656 435547 459946 454181 470028 497823 447524 501265 496767 460651 456425 474772 457864 452658 460615 509129 489766 488225 501523 478371 499676 479457 491442 483336 483847 461828 464506 503577 460583 477096 441092 483489 477936 468184 470429 492064 452661 476304 433781 463712 477375 474765 475904 504326 459771 490145 420707 513766 451018 482752 452162 490928 477568 469083 515118 472536 488746 505411 497536 451700 464136 479572 480820 463467 488294 501002 482752 456803 504840 483468 498445 456412 478983 522033 479435 481898 483134 510466 479291 468743 490326 501302 496614 474403 495115 482223 504014 428757 447081 476898 521493 483414 458395 468340 
459269 496106 483564 472551 485810 449658 429096 522151 479048 528635 555917 528048 524374 510660 478526 503494 451541 505142 449230 501960 476171 521753 528556 481045 513839 485683 455769 484593 485033 474795 468791 500880 516716 514183 488252 501224 515361 487446 501742 506201 458927 498773 508456 467864 495732 498231 537265 524740 510270 473559 477658 459967 486415 465147 473103 472996 473047 469632 489869 504974 482655 457739 482140 501013 532364 454606 535209 473250 504719 529597 479737 496766 472147 500121 529102 491796 534633 493939 519351 478914 482762 478497 467422 498620 486827 509346 520757 534533 490194 485829 504469 489513 491770 549320 541157 506224 524422 461903 507938 546479 495598 454106 511498 474783 492389 508960 513975 432256 470283 473646 504246 505469 519745 497020 500865 489878 467417 481525 487147 442827 498459 503464 502229 510897 537064 508278 530748 520349 520507 480742 504150 484293 513626 516194 493937 507332 473934 512001 494094 499508 453226 522219 477447 488606 445780 471194 499218 521706 506157 545603 481584 506316 436364 521703 488499 520026 472521 506123 510152 483132 518277 499606 507737 488684 505389 473950 466765 531935 491834 501674 491756 522834 463712 502239 541049 512139 524037 489671 501001 554227 496237 496082 504694 531880 510472 476538 518125 535891 537381 502906 508410 498254 505122 424039 473738 474819 532807 517201 483282 487654 
449743 467377 489901 453580 445981 434387 448501 472583 457517 494555 505210 491434 493331 487606 443648 489732 435840 468498 417721 469018 456076 454984 482261 468981 491049 442234 438712 468583 463172 448664 444254 470902 487393 479266 460815 487863 489729 481309 472690 450122 449486 476694 449243 440392 462168 491966 522222 473074 448485 454788 452056 465781 476054 445169 447690 467878 426693 441734 487942 484943 434091 466997 453613 478566 481736 437474 508337 465382 495557 512700 478814 471827 442483 456418 477757 463418 505984 468015 486139 421347 465180 465943 431541 505883 463687 504727 509194 482502 461557 433820 481824 464406 453498 516408 503681 463033 488251 428517 474810 494065 457350 460224 490707 472491 456666 499743 484588 438686 462994 439877 475308 470628 462126 447405 489299 440541 430149 456691 481441 434957 460788 493318 480441 508151 503072 483808 495418 470061 477290 483083 462898 458083 468199 479498 451487 470061 446862 467926 493066 474064 456696 486494 480803 481990 439561 451447 468681 496079 448486 478095 448111 444442 408270 489020 439444 486633 454043 486291 463023 476430 504666 448992 505651 483954 497719 451465 444951 498824 460293 447134 472290 489500 478807 461201 487978 503833 494752 463105 472532 528927 478549 460547 490719 503109 464410 444035 516203 484803 483001 459341 487093 480757 476900 382431 449926 461720 489118 475013 444875 426678 
457353 478684 459927 461692 462839 439626 439187 505249 463026 518944 510833 507352 511368 490017 468153 533030 463174 490449 427309 484377 465762 497403 486398 477706 502099 459581 446512 496606 456016 451551 467536 480907 490367 515398 497411 515596 494892 510727 500686 499124 460845 475797 475140 480099 478372 489239 507978 502885 489338 450541 464836 467655 465244 472419 453452 469777 466663 449922 501250 513305 443570 474744 473639 504336 504620 450539 498085 454924 501643 509034 473346 480842 475983 495271 528214 459171 534094 484445 500320 461884 491737 476402 456523 495557 476997 496947 520040 505883 470352 446331 473786 481946 482938 524856 521944 465168 510112 470819 523242 504980 458416 455422 491818 478578 459665 473557 503716 455952 458363 462323 471039 488514 474401 486019 478778 469369 480771 456816 472216 451063 486987 505160 506826 506767 515849 511290 502672 509138 475899 491408 507078 493331 495758 474584 504529 490800 456161 484655 478658 494623 468577 511134 485865 456303 433945 467918 492399 480559 475638 506279 463750 498968 433664 524173 467079 494834 450692 489794 491143 448361 535244 489551 538050 482148 480760 451236 476538 503397 468670 458315 484464 501367 462126 460808 524242 489516 506256 485558 509544 547837 469668 480986 508946 504739 466001 468538 494807 520190 532502 491056 502651 469552 495430 413021 457266 482179 522520 503825 484089 483378 
401435 443972 442494 409297 426295 406848 397887 446032 422876 448686 486547 458732 442756 431829 403836 443764 407077 436084 394159 448115 425348 441630 466731 441752 437301 413357 406810 428372 421201 425991 423105 414401 453553 461057 426192 461297 449948 422355 452664 444257 392072 441187 430483 422350 411452 451451 456238 440627 406807 414842 416112 413809 420768 418657 396581 403144 410547 393867 449375 431264 405009 414941 412805 437102 427202 397772 463963 426157 443214 477455 440622 430951 410366 430917 439511 410901 464661 434189 445257 407135 416056 444984 409189 430746 420217 430885 451237 458696 409501 411545 448150 439592 409055 466482 453436 428392 453253 441000 453382 466836 424247 423048 452100 423298 440010 423670 439268 397061 416705 427947 430621 453623 432078 430587 461560 414478 415389 431202 429901 392006 427465 433447 427251 450267 461589 429262 430464 426671 437139 400874 450895 438395 437999 434592 422395 444020 409563 433138 442094 433162 431245 449581 436271 410286 406270 406404 423631 445158 407431 443921 431185 421676 388814 465220 413487 431894 386091 432802 421994 433058 434042 414622 460071 450300 424290 408491 398980 448058 432951 436216 441402 439102 405551 415590 457597 458529 463788 418587 426354 469460 445684 410600 454168 458007 431532 397998 439077 466043 426203 424040 444085 439040 445525 373622 379028 411667 470025 434078 415988 413753 
472728 466781 504971 477982 486111 450233 456270 481824 499262 529585 525904 517547 522661 509201 468352 524889 485927 487913 453788 504767 475356 539153 511754 498360 497618 474247 480036 512210 477872 483653 492869 497420 516913 503532 490795 518187 522862 496356 520059 521822 488082 504951 485654 491978 500509 527199 543467 522696 507650 480687 481215 492062 495568 467984 449653 492284 489965 489991 496922 537075 468641 475883 483682 498904 529290 454789 536012 483811 516965 539501 477046 499233 507691 511999 503493 481014 553183 482495 522007 460282 486987 483881 463160 519789 495758 511517 527678 527138 479963 451862 508084 497095 499216 529698 524818 496896 532368 473528 501072 533815 489778 471321 525771 497841 460085 499896 529549 475911 499090 483859 481652 516667 479213 523843 523459 492072 484007 485454 495770 465304 481319 511156 509620 517321 525468 502596 505876 525304 499609 511625 515284 505639 521961 498555 501665 496412 466881 492274 507367 522179 483849 511789 479112 512700 461487 491417 509085 503963 460935 513358 477895 512889 455423 517460 490473 504460 466173 523596 495305 489035 538981 498303 517834 503187 508516 482485 459437 502835 480362 512341 527014 525290 486305 488411 524247 518518 516454 486545 519637 542552 496693 516072 523158 516670 481497 472586 510624 522307 510625 497427 502325 504230 502793 407530 485963 466652 503630 483331 485152 484934 
444143 465734 495602 458456 468758 443404 442151 468998 471937 517925 524903 496560 511314 495385 457128 513076 441658 491510 433370 474823 461363 517771 478156 496330 488246 490210 453162 478750 464217 464711 466744 479791 483220 480398 499734 526707 519653 475781 495373 496385 453907 501667 484701 479446 467338 505603 506466 490354 496123 471906 460211 484317 488044 448986 470916 464400 468300 468931 469666 515805 462889 481029 499281 514467 468819 460198 533440 454570 491326 511151 478965 482597 456457 511770 504044 452483 519789 482357 503560 436329 474327 472253 433724 494305 464110 489686 526437 524061 465213 459472 493523 502036 478261 510157 517036 462200 505018 464251 507523 520515 471609 462514 512902 488431 487236 479670 502374 427598 469357 452486 475711 496040 459364 504589 486246 467953 472060 440094 475919 442590 475708 514852 490641 487731 523002 506738 505018 490413 472522 487786 494617 472739 506214 490795 510576 481010 457759 489459 484726 492851 452917 511962 489041 495255 456354 459755 504341 498112 470147 504328 474233 505436 416723 519407 472962 481134 463197 511796 495239 499764 497790 490452 516247 483484 498542 474347 436184 497921 447614 500021 491754 494818 480753 478401 493396 482045 503507 466477 511027 537057 473596 481184 483489 493347 485433 485702 505524 523214 501547 475314 491786 481344 503750 417976 453039 480052 516199 491341 486883 484500 
490002 488567 487932 462328 497026 422259 449744 488951 478331 503094 522218 511250 497686 521543 465203 534753 453288 498752 453316 487099 481246 539576 505951 475585 525234 467746 445488 493433 478731 472911 479350 477276 473119 493722 482538 539387 495868 495235 516841 505932 449731 480925 496635 471939 496877 512956 525013 487363 491204 446174 474793 453740 479818 469280 472096 471452 480766 456172 525317 484480 454821 451855 473983 511778 482243 460552 535695 457142 515347 533999 487442 496066 467000 494412 505107 460856 519326 480043 507899 482873 488215 497952 432187 506635 482314 473796 505060 510694 465565 456217 498583 483314 465145 519329 537245 496972 528194 470206 482204 507267 504017 484872 511262 469272 477190 471465 511735 445152 486120 480769 479381 510942 485045 514101 487689 458528 470122 476075 477706 439752 488012 511464 476409 493952 515202 510870 465321 483577 497904 496334 519576 497567 489226 516597 484160 480167 460247 489748 496018 468005 459795 507573 482321 476661 438867 451833 474976 496729 480722 492749 477170 505510 454608 520201 452046 473681 482641 511306 483595 476884 516329 484579 517384 488098 508651 467626 451393 514942 449799 496726 508870 535135 484761 465948 522027 525534 501612 464656 514459 529086 501177 474193 510017 516663 483531 472710 499507 512675 533369 476254 482883 467857 514845 393140 466452 465712 517368 477979 475375 492257 
525887 542606 536539 517973 541313 501053 507788 576376 511448 577544 601119 590322 560722 567641 517010 610413 503405 564590 489502 542246 527513 566486 571309 570383 587635 540552 506030 577710 537763 524870 529722 523771 551148 561522 531330 575927 564532 543283 545568 558699 509963 571145 536529 550491 556102 567587 574968 552164 544962 518442 516345 533595 544372 531680 508468 523159 536694 533395 547761 561129 516935 550024 538413 557412 572877 506731 599941 531184 544507 584050 539880 546825 528558 559260 571533 508981 581844 540730 585133 524704 542017 546840 498214 571012 539074 550516 588288 583785 519768 524922 580673 544147 538220 588780 588305 536318 587670 542416 541395 605595 526816 529991 591251 530883 540056 546757 565796 517962 559194 538005 541799 563891 548303 563640 561697 529692 528033 545159 557865 511546 534930 577465 544599 554209 575707 565769 567340 560191 550416 545829 585426 545424 552006 545841 553574 541342 513307 571166 567782 564099 507594 557345 558969 538854 499298 522999 558415 541581 554927 581885 530757 551557 485633 575124 517639 548064 538178 573975 551713 549783 583739 541573 598511 535989 557032 524868 512937 590019 521707 555216 559948 562834 537593 527818 576333 562374 584855 549516 563249 608041 568740 545678 593714 569239 560482 507152 559586 585454 578901 555008 550984 551563 575708 459963 532788 524902 602427 557106 508757 541846 
460664 469162 441789 430231 438930 425758 428741 475255 414666 478956 493956 478133 464771 479132 434156 512049 426707 468947 394330 453156 440618 463792 449930 465157 499370 455047 428915 454461 456829 434198 453739 451314 453340 483740 455050 492290 449398 481209 493339 461754 458609 485275 449369 441913 465361 482499 483703 472127 457012 441012 442223 427407 438282 450359 414358 438671 429796 432759 457064 463307 398124 411970 424809 469718 470720 401003 487193 451659 474919 494334 444860 462624 434422 481592 466433 439796 487924 442458 484621 436749 453290 456204 432153 459749 440848 429000 466747 468625 423027 435784 466678 477334 443209 495557 487699 473513 479044 448379 497615 496359 422066 422263 485990 450493 470489 461737 459250 432192 437503 453734 450396 450425 444281 449867 470391 442123 426033 458596 457174 426224 429385 495472 463834 469401 478101 457940 450315 474444 472924 462527 457372 475804 452783 457515 436419 471486 455178 453072 468626 467999 430614 484518 472179 451735 434090 446226 464437 454188 435688 471273 433032 463083 423392 481692 431652 448530 436773 479849 453802 447199 504858 462597 472088 433696 470198 435269 420580 455119 441803 440167 452082 487022 450344 450486 490356 477911 474612 451644 482846 515967 471696 457299 456218 485858 461120 415364 481040 480572 505256 457949 470227 463265 446134 413153 415497 462868 463598 455168 430917 459891 
509243 496865 509651 519791 505274 488995 473451 514205 501779 558336 567454 549579 545078 545342 494546 568017 484297 533747 488617 503995 496418 550978 535685 514900 538693 497780 500648 530249 523833 510581 490024 505802 521829 531198 519751 555728 539346 520491 544218 540904 504325 524599 526257 480384 514888 545777 571165 532324 508434 510254 503381 503474 492515 510237 476445 477470 507933 523075 497559 525442 491606 513654 485885 556436 549881 497776 563125 507561 549138 562005 513406 511048 499591 538491 550138 503367 566854 524298 542705 494582 510055 511702 487687 551788 524411 537509 581667 566226 499599 469887 533050 533670 520875 564939 572783 513612 544144 525523 535040 566771 506175 484793 552465 553136 519342 526574 544927 480657 511883 520530 509088 527956 502334 529821 545211 516278 509630 511770 537307 468356 494760 543105 528925 518251 564444 557120 533478 544281 540164 533312 547560 522332 513308 523012 539740 530750 509427 528991 533630 522590 497551 536332 535069 530284 498434 495245 547781 536718 503478 535582 517874 521039 455966 576756 507488 520490 491268 550220 539083 504781 554509 528373 545971 536966 540874 504664 502909 566834 493835 543722 522512 559137 524729 505771 570846 525876 561768 502393 565263 577079 519958 526004 554040 524636 534157 486797 551684 560815 550851 530102 518214 550368 537868 463542 499849 508397 583142 528915 494554 516679 
467751 457548 499265 491386 466120 458341 472123 493470 479255 524213 536135 521601 530615 522753 461851 539138 471560 489807 437837 492715 479560 531660 511186 492723 510259 487502 469826 502156 476174 454675 478972 503522 533746 485102 503651 514755 535941 502132 523546 507453 466064 499472 478612 458811 497191 520398 551640 511599 485153 484872 474191 477128 472458 465979 462142 486081 473756 477400 502059 515891 451608 467845 493853 514157 514657 453819 544565 468374 499778 533422 500329 480901 489706 511334 519926 483082 527941 476462 511458 464188 500665 497431 452321 532623 494868 505058 525230 527805 489627 486968 531672 491891 489222 527909 523295 479982 523756 495356 504889 520965 488102 458101 520979 504548 479002 481660 507169 451772 491500 466321 509586 519160 490207 494325 504709 481742 485202 466456 510541 469967 489519 516715 498920 512885 520165 522254 512007 505289 516562 495071 508320 508574 492771 477287 505547 509282 468643 498660 504781 523801 471707 488278 510990 506043 463557 458232 500736 491248 480425 512526 485619 500467 448583 535876 471187 481609 489882 508006 518992 470070 526809 501501 539031 501514 527467 485572 450854 527538 479875 493797 510025 533380 499297 492510 533889 523140 532699 487035 518078 560090 479552 492554 497894 518161 480481 477782 531644 521582 516655 498022 503161 505688 508790 408640 461987 502721 551018 494288 474561 462105 
485663 497480 489272 470211 489287 459017 458101 511554 484611 532204 550966 516611 530242 508206 476601 522646 481628 491452 461229 502695 501941 513620 494194 515326 517704 482656 470951 477128 491185 474218 484040 510210 515534 487570 509739 501886 524439 493798 515307 510402 502707 492602 486716 482931 482927 500389 539826 517799 482977 475908 499570 457638 471273 486860 468684 492494 472006 472543 489799 506615 458712 466268 489824 517638 523648 465085 546593 445109 527668 512349 508951 489085 463451 496564 542830 471215 534360 477931 523261 465270 490190 481692 472929 498188 498206 498416 545096 526448 496265 458483 504495 471272 494499 531571 550185 497533 511597 489180 510372 522729 498397 444246 543143 486943 495036 503821 500673 455483 474972 475856 478081 497144 500094 488453 522469 489810 476731 476953 485763 467230 490390 502720 501386 512352 523706 515179 532058 512085 508243 511223 496459 489434 505468 526248 500941 520253 466658 503015 483285 510953 479360 522043 489380 470149 465969 480638 489289 540611 475464 533711 473690 492806 442991 561319 502054 506763 464624 491654 508669 464705 529180 506677 538592 509387 523745 498625 493844 521343 478766 498109 491911 505509 508891 483336 540584 529662 526293 465247 504315 563690 486217 503563 509288 510592 495522 486355 501623 528968 537542 492180 499895 519471 515965 408464 481186 465797 542525 510585 490368 501206 
462731 446306 486282 442253 464469 439040 429700 483405 452495 509765 511458 482317 471418 472733 450137 499984 444736 501493 444475 473358 433005 493390 505458 494271 491040 457521 450973 467798 474747 451632 442944 475684 470355 467250 472246 513122 478130 466279 499167 476329 430331 502797 449168 452214 482180 478540 491130 490796 488216 428049 459004 454510 454245 484579 442841 445891 439207 435074 462565 481486 452045 440656 452067 462718 484254 459539 531772 430897 475790 490163 471626 466051 450474 476740 485936 446829 501918 485942 483119 426985 472491 468399 453277 486943 473887 477797 505697 513456 459506 429051 493804 466413 456954 502623 486723 476196 478596 453050 501665 509489 491845 460022 474803 473021 461042 483268 493085 460423 440173 455837 441808 475388 453608 478233 493276 449067 467403 472817 456337 426407 461597 489784 477022 468501 482597 486556 483968 484918 445236 489563 471863 468569 470443 483044 474455 478034 436174 467776 475646 474503 453207 509686 468194 466732 432964 460549 480865 498474 456480 488360 447757 466808 437396 504310 460397 464766 455536 469975 460257 480370 489023 462747 506129 467189 490152 439847 460100 489278 453972 466868 466452 505862 468364 468321 498321 498083 485948 453417 489512 510863 478840 462792 477689 466781 477974 449437 507568 494143 483529 455341 474935 465480 477538 401218 417321 470691 509168 476889 457682 481343 
474854 502374 523930 481825 473103 433949 458504 512760 482604 555761 574096 520344 511282 522084 478626 549724 507252 501555 461802 513709 499727 544343 534187 487522 528628 494708 481638 544397 487431 476898 495626 517767 506390 507593 511154 537109 518264 502212 538974 533010 515606 502858 509684 488572 519968 538389 539883 520468 495515 462769 493316 478319 499654 479164 475583 476057 491101 504250 504522 500735 483865 486779 477915 543944 511545 483612 557929 466654 519292 549675 498473 498533 504996 509375 539569 494202 555847 518012 518530 490012 515235 501651 453269 514417 505692 535560 552393 534713 502295 478314 510322 506700 492874 553905 561789 503301 544747 495381 515068 540195 499064 478553 546220 508169 503311 503670 532508 446832 500416 509533 505042 534440 528331 531864 513977 505767 470070 469634 500845 485250 503952 550326 518057 510243 541893 538246 527441 525488 521993 511699 524655 516166 508157 497385 490547 512350 479294 505692 514973 511764 500624 527482 499245 513567 466255 495479 529840 520670 492645 501899 487233 527369 469247 530311 469653 498297 500435 530157 510767 508546 543191 512653 534679 526390 538273 521589 493234 515951 475174 511840 517600 579714 515534 482445 522013 532462 519312 470687 521825 550766 516704 499699 528214 529499 538430 496079 537165 527760 538786 492056 524444 504734 504942 444803 503370 478082 547038 502978 477211 513395 
490554 506676 498469 482467 492953 460907 468778 529403 486395 566320 556068 542356 544368 530913 477285 551893 482840 532889 450398 527728 506620 549244 541802 515184 553088 490081 495364 525284 483203 511436 500480 515008 509196 518860 503853 550388 545495 535328 540980 516293 492059 512790 507130 513625 500369 526273 555597 530628 493305 479361 523937 510650 507942 499394 497716 496268 503666 507672 497590 537980 490042 484753 508130 541739 515094 462715 567709 509310 510625 560459 500221 493170 501251 560867 545614 506348 597227 490951 516798 470534 505907 498502 479836 521664 519131 533223 558063 550483 508948 463624 520100 506012 513552 571489 563998 510400 545902 513722 535829 566749 507699 504106 556606 512663 489811 530341 539795 480200 516662 489121 525486 539280 498726 524794 521787 495691 479035 497316 516943 506536 512842 552201 522520 545039 558478 533193 539736 523914 538392 529448 511259 497883 523936 527103 524834 545075 497055 523651 528655 544970 501352 543438 517284 514723 478215 501559 534962 532399 516121 549847 499271 539091 458607 572010 499856 515757 493465 510478 530598 509731 543515 538113 533771 497446 538569 507486 480676 540007 499347 503883 522800 550305 513792 492909 558641 544859 547790 494196 525188 559897 518160 536724 543060 526028 521164 490800 533499 539594 540664 518769 529103 527061 528583 455064 505414 508185 546610 520171 513587 523660 
442059 464063 469835 458610 451926 434618 436266 488572 464818 491031 528227 485912 494191 472780 439819 485973 463386 492447 444894 480337 455570 512845 488839 473973 497005 465506 454994 462932 463582 444237 454435 475837 495613 489300 479152 473497 472409 479002 487105 481347 457876 472924 465978 478026 460721 496137 527354 489346 460066 447291 474029 440235 449124 476433 446752 480323 450988 447712 481968 484387 456353 464365 454352 477666 502858 436546 516467 443935 503276 518079 462661 485117 451118 480533 505476 446706 537715 472599 475075 462675 486330 467172 437472 485906 471708 466699 504951 524402 449753 440214 468178 461050 474234 503545 510800 453659 497663 452029 495045 495299 476254 443579 491456 474050 471109 480762 502669 433725 464509 458332 500414 475270 498699 470814 480089 470381 460306 436139 474209 432123 472611 483368 504475 488451 506616 486384 500223 482779 493842 476139 493001 485748 475527 499004 480001 502697 456345 481380 467989 475752 450132 513563 485868 460382 432575 435810 472518 514024 463345 498778 468845 508586 435965 504563 474946 461937 461338 488450 475245 451283 514316 459192 524818 492160 487997 459117 462267 496603 439292 453549 497496 493386 464244 448173 507980 483762 509251 471217 479594 557162 461129 480134 484997 500570 462176 462796 471721 523735 523620 474581 493634 485949 488282 398744 425176 472662 522477 497642 446379 469025 
473618 491535 484790 483816 472551 445223 454044 525521 454964 526671 540384 521345 501410 518018 486706 537112 481917 500414 439446 518311 475838 531262 509081 511567 513658 466365 473626 494079 485195 498060 480399 503031 505448 504311 523116 528700 521917 491149 520911 476669 485762 504035 500372 481158 510843 504353 522573 514702 484038 486926 457912 470025 487697 463065 483307 492239 459987 499842 501320 519994 482570 481830 479221 517445 537840 446342 542702 491995 501182 547514 492732 474827 498526 503279 519497 494598 552051 478582 526468 466303 503549 481948 484934 502572 502245 499623 545694 518260 477604 463564 512162 497276 509080 537401 525504 489195 525061 502568 497147 556840 465784 462086 506082 504806 478584 494603 534932 452859 480506 481473 506973 529459 500568 497725 513082 472918 463337 482664 504657 472948 485950 531392 521171 510826 522064 505003 510984 503894 508722 505582 512192 491620 507335 487324 494063 500387 469788 521329 524713 518682 480886 514019 496491 510697 432934 489719 518312 499285 502102 523351 471429 524370 437596 531434 476597 506819 483742 526093 507026 499949 542128 505515 533726 485699 526037 466553 479806 523155 471120 486242 493630 547338 496772 489569 531340 494162 533038 469488 532507 534149 493663 511435 539732 522399 500767 470146 515033 517834 536579 504221 489285 487834 504617 433966 476414 481868 542215 508723 480730 480188 
455173 467616 489018 459130 452734 416743 441272 518860 421916 492009 486501 466309 463020 483634 454496 494950 432830 460161 444487 455144 448504 485616 495287 448971 474206 450729 456681 461041 457799 446023 433956 460311 486665 466457 463315 496058 459376 478697 493641 453194 444694 489563 476093 433245 474811 468805 480752 490098 446531 438994 470029 431484 436825 445538 423505 448902 452489 458915 469782 448306 441257 467248 464307 491168 476838 426818 514415 424876 480903 491530 468454 464397 421959 481748 515094 438520 489589 465517 473112 428730 462186 458284 438745 479061 459969 478622 494799 494790 449287 448637 477828 476386 432965 519635 483791 464855 474312 446499 491191 523421 480030 456289 479984 442587 458721 480242 480849 421086 433223 440094 462502 488721 454645 476734 478286 462183 450821 456529 465745 418992 440750 483389 464562 485824 483415 479442 457209 471531 466765 473495 469627 464702 475614 474659 465070 473596 457344 449820 465658 465094 438964 488187 467849 474556 424309 436009 484704 460521 434983 463613 434887 471183 412542 505189 431946 492043 461652 485571 457468 456916 503725 471269 475153 467215 489865 443558 450518 467861 439345 471600 441441 483910 450499 463451 532973 483593 488864 430413 487555 522446 472394 463650 476714 484699 496104 441489 489552 484914 488610 455504 471108 478064 483423 397603 423846 447152 500469 475601 424089 456225 
444278 488025 466568 450054 475742 431697 436006 502225 448438 501024 508705 497570 474116 487363 446225 542579 450613 495609 442129 471788 441991 488263 470144 480517 504520 421444 455180 480882 450654 450852 464820 481740 491766 502560 490101 493750 500704 503173 505945 468693 452072 479563 462470 474643 497306 486017 503048 514226 483223 471556 476399 455969 480957 457820 444300 474097 462436 473228 475222 515394 473301 455678 472139 481099 496482 466951 525133 454670 474452 519427 467511 464269 470394 495886 493102 452832 543580 461999 515367 443376 464932 467629 448595 493006 496691 475387 517559 518443 465461 437867 478969 470994 490227 521473 518110 476164 535066 478090 482017 507077 464098 457808 493243 465467 448065 473346 500019 440691 442491 453225 478277 502296 435949 472633 499749 470687 451012 477863 482385 472345 483282 496095 493996 488721 486382 495881 497211 479167 471124 472925 486081 471117 508617 488830 451629 505654 472555 471886 471648 489132 465981 481715 496074 477516 400867 458635 507468 494920 454695 499936 478912 480971 433720 519912 443359 479597 456806 502570 496732 461446 516731 478476 526446 489282 483951 451749 456309 495131 446522 491197 483505 520686 452120 460936 510393 489683 508224 477895 514126 532929 473491 481356 484990 520357 486587 458955 498987 528814 500773 486426 492075 480558 467386 394241 462117 470105 482249 480598 474805 461610 
494817 482118 510503 489748 489396 467866 468074 534513 483515 534449 573525 543918 504602 536979 492535 559391 476530 509815 479326 510600 488368 531999 538170 512318 525382 501631 463204 506080 486398 478669 475399 524784 516675 518091 501442 537348 531177 505196 517966 497469 472658 518058 517704 518463 506008 530916 560638 536638 495410 501388 516331 512432 495904 492463 489697 494341 496891 500521 528725 536546 491162 522003 520107 531071 523363 466520 553951 476447 509952 574242 514706 503259 491848 538415 548154 499532 564358 507841 508144 482048 494525 524031 485093 517104 507925 531776 571722 545637 508084 481975 513322 527006 505442 552110 538797 505258 536342 504674 524661 563341 493707 482999 536527 505859 501108 502920 531374 463155 499399 480446 519186 547775 516635 540674 526077 485699 489593 501359 520364 460944 490679 529331 515113 522410 518495 530401 528702 540905 520349 511679 512961 492058 524270 521737 523238 520161 486425 513964 509695 517342 495176 542318 517345 520331 489290 472673 516764 527023 527549 536139 504318 528195 451920 538959 495485 529075 488931 548804 513540 504103 514174 516308 541135 495657 549453 479104 468465 529771 485582 517850 508159 538343 510597 506009 558588 518213 565313 515797 535983 554393 510120 500400 550017 528763 511500 502779 516882 540899 538151 513026 522981 519355 535571 430570 466527 504813 550146 514947 492932 511649 
470742 473377 482949 468286 492626 459769 445150 500851 461853 536196 553281 510389 517451 515480 479903 534758 451821 488494 443547 484232 471847 517220 525298 526295 518369 474956 483275 494289 476682 475829 469268 499383 520909 493724 492056 520132 527074 501054 497380 507178 486484 511082 501076 477945 475966 512479 528851 516064 476421 465672 485068 470045 466448 477899 478604 478758 476937 482706 484365 506596 453559 462910 503341 516766 510507 482950 515112 492767 511304 536853 486843 494427 469936 512117 530851 470832 563145 486820 527231 463939 489121 480312 470409 502807 497254 513775 544404 549058 463455 453163 511134 498522 478779 532965 539845 492498 509555 498988 506881 537207 459026 462986 525556 492807 463853 496288 508824 459300 509562 469157 494231 503673 488758 513833 489387 476908 459094 479408 498660 450958 485558 506393 526585 514767 548328 537380 513983 523371 532902 489580 516061 495527 514344 507697 503142 516775 472270 488489 503611 518684 466921 521227 525533 508086 476939 488074 542289 533598 500557 528149 480721 499587 438099 545728 493971 494502 458797 512534 532482 503955 522846 512961 532178 470562 508772 471768 470295 533678 478174 493251 515301 524864 485722 490590 524741 528304 542101 489626 523848 547536 481152 482923 533242 495465 507176 484216 511619 525523 524260 494197 510349 514530 505840 450670 491837 490742 554221 500350 476843 500355 
473693 477354 458784 441173 468345 443849 436996 485662 462832 542737 526734 502077 482460 458966 446988 526383 436526 501437 448461 489344 472655 506465 503865 498312 516248 452196 447253 475959 469707 468876 473610 466814 508742 498780 465533 503463 497301 485468 498535 485826 459094 495837 466664 480139 470906 498102 509599 502904 482532 457848 460256 469885 472111 439480 471948 496721 453248 460168 486058 502497 450862 472596 473972 500440 485976 449950 536628 479172 496272 558015 466111 474752 448686 468774 492193 480975 521122 479947 502943 444912 460397 499136 449719 490421 475970 490128 507502 487422 467419 452793 493492 481088 482261 512645 520869 481400 499324 459015 494665 502535 485731 468996 502489 480887 452611 485150 512842 441495 453004 482369 468216 481809 471886 490771 493533 438547 475862 464710 486428 449579 491789 522124 512183 503124 497545 509537 483445 489843 501113 486465 493923 475697 477792 472649 476551 483620 446203 493766 490070 484031 495761 510715 498058 491867 456862 479158 481797 507058 473276 496167 457819 481624 424999 494025 463101 495311 469062 497548 481137 471081 506781 488617 506951 465459 512176 486849 474285 502653 465303 477372 511201 512267 468924 465549 509558 496586 528392 492872 477499 533187 482726 498899 506986 503384 488505 482347 497146 500261 508132 486450 502282 488531 507143 414396 460680 465646 506956 489280 469962 477143 
458239 450577 471791 434706 472194 435689 421484 468989 453307 477082 509255 484703 491356 490257 457644 518053 440224 478914 448713 461940 450228 494028 486045 482922 493840 461019 447308 464119 456282 448081 452163 468470 475870 473831 465671 488116 503649 490165 486875 469736 451392 505693 473473 455674 460807 504427 521101 477197 469249 467767 463474 461798 457145 452586 442143 465165 459801 457178 489850 498536 438495 451735 468001 485261 477117 420076 514827 457455 495902 510554 453111 471601 447870 490115 482303 433012 519066 472193 489037 437736 489363 464979 416941 484214 467792 466885 518870 528379 465658 437637 480907 474180 477800 500117 516510 482211 489248 461159 499257 519286 461413 450314 501554 472477 460168 483391 507030 444974 470477 442850 488234 484868 471698 489503 486698 448289 451683 458120 478821 445594 452423 486275 483186 484575 510697 485557 491119 478211 495517 470480 474350 455362 490967 478866 451726 483855 444111 467682 471480 485195 446731 509051 480697 481561 433171 432478 466341 491492 472733 487727 464330 488376 435197 513967 441666 474777 464056 496600 473003 461379 510845 473976 516084 492319 495460 455999 449520 507307 461583 478648 489687 519373 479535 467133 505462 505846 517887 479768 487064 519110 477938 479838 506926 495617 490984 454818 497410 507103 500781 475879 510620 492679 475231 403905 442990 467486 518920 461525 448913 477211 
481737 495175 520430 500669 496802 461585 452947 522219 505831 546048 559281 517218 528587 536158 480943 548016 484994 525233 455500 519137 499076 557264 530101 487437 536003 474687 473215 518676 498600 490958 488306 497684 522234 509759 506789 535117 511889 485641 519267 510511 478922 519633 498117 506291 523080 515252 547405 520382 540009 478122 491186 510240 531205 491625 473435 500160 470117 484818 535616 535655 464822 502975 471731 498542 516796 455218 540572 483809 528785 568623 515502 485587 489970 520718 532580 498823 558778 514122 517885 493822 516751 514266 450771 523840 491790 511548 553380 546759 477005 484431 483743 517763 501752 531310 534238 505679 546119 500309 520784 552439 523150 479285 512159 501502 509438 494410 541583 455231 504594 474672 497278 537488 512389 529617 512164 477308 485547 495275 513290 468840 498091 525352 530042 528367 532806 503820 503473 529935 522015 501116 539698 498451 501390 507914 500691 518089 485615 520854 534372 494497 501711 551248 513634 508150 480047 479331 512687 512209 498051 513436 496181 525267 435140 545306 472218 523478 484787 535215 521513 488024 536680 506464 561821 501290 521781 479839 470789 530265 481839 487972 510227 562484 481630 491505 535655 517415 535648 483897 490460 568763 524332 507175 549212 512545 496061 498986 536278 559565 539123 498919 546809 499569 524940 431662 475076 488903 565586 508243 491164 481453 
445120 443966 455771 451064 459004 405561 429202 470386 445403 477153 498538 457529 470156 473280 430461 498383 416782 465149 442732 462772 441787 484807 481646 466374 472885 430357 438775 497637 458968 435897 459435 476848 459559 448621 472376 501917 477554 474924 489584 457509 442334 464620 453042 416151 470230 470948 482927 484952 462891 423960 447678 452277 457052 447496 439992 474895 439071 448713 452611 480015 427069 444847 427258 486873 469418 436311 496570 441133 452380 511388 466099 440705 466086 457438 488245 453429 492914 476024 480168 427789 469125 471127 425200 480784 461492 474896 493623 493265 434702 431992 467363 457596 470116 509914 497715 429767 477210 431711 489668 498088 461750 464201 500941 469547 446968 464969 492106 431193 446415 425268 449834 482062 446946 453871 464062 450173 432240 433132 483219 427019 462402 498628 493973 465108 485040 485736 473628 475915 462791 467690 456460 465159 463296 468948 447801 449632 460376 463383 457888 465315 463451 487608 448407 455545 422390 447484 475336 473887 421546 469673 459315 467088 415087 484646 431197 453545 460006 489057 477040 443971 485615 472656 506292 466055 469997 451015 430417 462631 442578 446513 468596 495835 448581 450556 505635 477315 489442 458391 477028 544191 458419 467611 470692 486163 463458 450844 500591 491991 488751 461109 461390 473500 481024 412051 437786 461870 498945 460047 442054 424836 
458008 495599 494216 443680 462929 415957 429705 476433 454272 478602 545704 484289 490900 489666 451128 527362 447517 491081 419574 474570 446082 507106 497466 491118 508548 459578 448551 495404 455230 489589 458543 483654 501075 490875 482614 500524 479057 472955 511967 476369 461220 475294 463867 478000 456248 486605 519636 472590 461491 441220 463340 470293 456886 456714 463862 458180 473087 466914 491753 487760 456208 464143 449008 498807 463256 474166 536138 448505 493763 528148 495885 461698 456240 501487 507506 488034 520849 499281 464035 437054 471298 469981 435114 475191 505160 486062 518794 477048 485925 453681 483878 482538 470763 537989 520654 475645 503407 474464 501611 500961 489490 451950 520756 481337 472065 468839 485896 442208 443103 486071 478063 496666 449230 489862 476323 439391 458495 462208 488127 444143 474852 512180 483599 467439 515678 479440 477495 502663 476048 488040 486057 470492 489405 480290 478343 497653 464328 455564 465181 471340 467359 513814 486907 468933 452793 446224 484462 495633 470630 483235 475402 492500 441710 498629 431612 472438 467731 498429 471180 466802 492325 488614 509868 460577 488816 467195 441336 479719 423287 489660 496032 516190 479506 472262 513357 498361 501717 455740 493518 520431 499987 461353 487060 507643 463131 468151 484742 496353 521303 484221 511776 465309 477395 404837 451602 461722 498485 495412 445584 462024 
443866 456350 488650 450830 448173 432185 429241 472823 450783 498099 516546 502806 465013 489761 454648 510452 451484 474689 436378 502653 442676 506791 488288 473256 480236 451028 455407 488245 468491 446798 443537 454589 489387 478278 470968 505147 503617 481059 485558 475946 463287 475869 462480 449803 454751 512872 491672 486239 466191 437125 451121 465636 458065 471474 458870 452013 448460 469552 475337 495440 440002 463810 455148 473504 498544 431574 551990 440387 481225 528739 468230 472873 462041 482978 499653 447034 504766 448029 498381 447707 472200 482837 441203 506915 480199 490601 524849 513613 447927 429532 497949 491474 463068 508561 481129 453094 491727 462789 499926 512044 474726 454028 506689 506693 477325 471337 481216 455892 473952 460574 475157 457762 466792 482517 484186 461638 479506 458263 490045 415634 455761 490736 462416 489018 483848 490406 493482 486275 479735 471927 468655 464073 472966 465569 472474 472110 464944 488452 487145 482768 449373 496536 501399 473274 451772 436019 506214 483656 439221 465046 474740 469481 422666 520986 436600 464913 452688 479152 470073 468458 509334 481472 516850 489066 485443 471415 449879 493269 452873 484771 485671 514516 476796 441515 508174 490296 493846 452994 494057 551876 488788 462506 509879 490092 470847 437840 504883 485910 487948 478914 478528 488866 501820 386462 457083 474891 517535 479324 465902 471020 
460096 495509 491656 449054 470721 432150 431334 478239 477237 492814 546480 493291 466005 496575 469111 521510 426718 508617 438503 487485 473241 501192 519291 485075 497834 453599 465512 484057 469421 471022 486160 513533 498770 490033 480326 520119 504674 511848 484221 488670 478018 511368 478163 483807 482627 508110 508065 502658 473870 465252 469871 473202 472570 474417 478676 454346 460453 473125 491997 497769 460768 461503 477942 509246 499992 439120 519583 463778 482832 521168 456300 456990 470266 505919 499755 473886 510298 453247 484902 462051 466461 471809 458803 508649 484668 484814 532428 505405 484480 449366 484983 486736 484093 539942 524869 469998 498466 457119 494649 505303 477960 469204 519130 475082 473056 465494 512364 452907 479239 479554 506727 509371 483751 487093 501440 490177 459028 476817 462663 470284 465015 509139 464122 484774 516470 490425 486288 506391 509633 474397 491122 486831 500504 503839 472522 490868 460137 482723 473684 496286 437448 501782 478140 496137 463237 440565 495765 511173 467462 488620 476878 479637 432670 504425 457609 498774 443805 516281 486458 476218 516651 488018 487558 474490 518662 485586 468576 508148 445961 478267 477153 526574 478628 464942 534783 493762 507812 496484 506371 552106 487741 482352 512745 502515 494778 482489 496402 506867 497727 494968 500394 484975 501392 424031 461470 482891 510152 476788 440927 480946 
469933 470233 512909 464036 465044 436417 430757 503479 473410 546667 537791 499515 492680 499575 455706 536718 459366 514395 469185 499170 461018 520137 495840 477299 498520 456170 468800 496325 454436 470145 464303 467792 491867 474859 473064 494567 494442 499532 521311 505825 459066 489443 466798 457333 479588 514024 531791 488554 488998 464132 467131 462793 465212 469338 442039 448703 478023 466887 487515 501033 460934 465584 460920 495053 496004 456854 533639 470553 492084 533268 504587 483977 482182 492690 525220 485105 517735 496993 502720 458857 495495 492877 473857 527888 484555 509971 522204 507387 478997 460684 522200 483526 475285 538565 506737 482055 528093 500163 485996 519106 491090 471974 489807 486729 455975 490269 529878 442399 470461 463943 484370 489753 486969 498186 499401 474877 465900 444201 503123 448896 469939 512130 497282 507036 504865 512956 498311 508005 503339 499902 494148 495675 487157 483452 485468 517226 470298 495458 473276 487078 478201 506099 509722 500262 459760 480002 508235 493241 476868 501612 473744 480821 422856 541038 469064 495908 476596 503256 495500 506484 506089 483129 516704 474950 494863 471529 456419 501020 480716 490417 502836 535527 501843 485489 509461 521964 495907 469581 502531 551393 506574 495276 532055 491482 465791 459152 515983 510238 487827 474357 500658 488826 499349 422537 480418 498274 536714 477699 461482 471957 
500840 490416 490882 488246 472404 454667 470785 510594 488098 559634 545981 517016 521868 524576 477395 547433 489986 520442 454574 545454 489027 523749 526141 525061 536714 470383 481901 513442 488932 474684 489018 508154 518628 514549 509362 550997 521494 503206 537998 515285 505408 524957 501859 502346 524600 543261 568958 531125 508295 488826 491269 503043 502626 494462 488016 495642 472280 482486 502651 503431 479002 477401 504925 521583 533101 482747 539783 473729 507093 583646 494536 522387 500593 525236 524079 516987 559086 495744 550302 481263 493828 505408 504501 522329 532379 498251 550892 531732 503435 471865 526474 508521 492803 546866 542042 520655 541311 508905 522476 540082 507856 485102 541529 516471 480269 508387 529639 455829 492035 487392 504475 509938 490350 512486 534664 501181 492196 487004 511122 479042 481781 534770 515496 519251 555252 522418 517799 532097 505133 514802 527501 512236 509232 507405 519704 530007 486365 514642 516774 515796 485181 552118 533799 517078 469564 488545 535107 526711 497275 521916 506542 508631 451934 558059 504239 508879 486848 555428 529216 509851 527829 504898 539080 502618 539558 494992 481919 548447 479247 507881 510374 534241 510946 484156 553120 530341 560278 503309 528096 547066 518559 505623 543185 505431 500765 489280 516684 518382 548646 504283 512022 490871 530348 437730 476195 527392 554916 525609 500742 501502 
458942 474190 478149 474895 456672 442059 457361 505285 461021 530110 525656 487587 489886 489983 437354 516031 456504 502420 436572 472746 465796 510149 494820 491387 513377 447237 460610 481076 462226 464857 471434 486751 493035 507904 489972 481793 494914 481124 497135 478198 445699 510302 479010 465392 485244 487983 507993 498374 447501 473309 480316 456697 481314 481754 459572 455349 478587 451621 483557 481553 433694 468172 465669 498811 510838 451040 519379 439835 494521 513796 477203 504483 463098 514651 512541 454083 551998 479902 491813 445323 482442 475007 446546 474284 468360 476923 523003 518780 470177 442955 473749 476559 471243 499507 505237 463057 509387 471380 516931 494946 456951 462606 519687 484922 465444 488401 486126 427952 476730 461145 480889 497231 491179 475174 514073 468775 443405 444435 462544 465029 460827 493662 502594 479732 516161 489199 487635 501413 493721 484203 485429 460107 496351 487419 481720 501789 469276 478644 496610 497580 462624 502862 499543 482492 448684 459983 476148 494360 467236 496965 479644 498337 427115 523376 470052 481309 470716 515501 483008 474311 543619 501919 518402 477215 513448 446743 441062 485161 454976 460404 489820 516471 465050 460324 515662 503965 508637 475287 492569 534704 454213 467801 508849 499319 469328 480807 481944 512760 506079 484759 479927 494970 499176 426146 436034 467582 521397 470340 468954 484533 
468143 471991 481177 451821 454236 443263 450978 501886 454825 493794 505517 479191 497132 490775 429167 507508 438609 493559 433078 506458 472229 505687 493437 499239 497946 459927 454750 497417 462398 488966 459710 465366 478198 471703 474885 497918 500291 487563 487488 492300 435448 504382 467769 462003 477654 487630 504710 477264 486223 432908 477654 467964 483837 474154 431550 453109 479192 450713 479852 495793 461883 451301 444794 506830 477389 436026 536340 453626 475697 526414 467398 465181 452182 507899 496711 453684 535851 474074 471337 470996 489342 489665 453212 513787 477763 498638 506691 518886 460737 434811 497186 478822 464764 543112 513657 461380 515151 479165 471394 517832 463225 454318 477081 480262 465497 465557 504193 437862 481723 477098 479402 505491 463517 471218 496968 463367 435074 463894 502169 467891 477201 512769 487745 494649 491048 488559 480287 499421 482042 493620 484709 488825 485999 484671 478248 485050 453706 490453 488335 473986 458610 474750 480785 492457 428151 475876 497513 482878 463289 505420 463765 484110 433555 523846 472451 486613 446320 509338 485001 457375 508659 489344 507933 480994 509695 464151 455972 488098 447457 480907 475819 496753 476712 441700 521780 480008 489927 458256 519997 528915 483103 485580 511852 496680 484222 467880 497391 519889 499289 494766 494098 477353 493310 430603 454637 478990 507751 494164 451953 494051 
457390 446690 477371 449268 451906 443880 438699 480731 460896 525377 524066 476361 504599 488517 447534 501927 448230 468353 464790 471013 474327 486408 503404 473070 479948 474158 467076 463486 451476 463034 436240 485858 462524 467760 465394 487971 482639 488339 477885 485695 445270 503851 466762 451552 463826 513121 528759 482029 449746 447919 469788 464213 440728 460368 452906 461618 472279 463150 466878 476509 425484 476682 462746 471078 483747 436077 516376 458557 494652 520558 461322 483639 460643 473287 491291 459084 513095 499214 482695 418927 475650 483041 447216 491499 464048 497245 504462 525494 446600 446801 479628 474413 454013 516100 507244 482596 494838 485279 485153 528530 475303 474182 468618 475038 459422 464854 481116 443500 474727 459934 466164 489305 479107 493335 485182 453223 447969 475994 487622 408737 465659 485838 484049 490015 506013 480768 468562 469026 501788 458629 526275 461283 475926 483792 471240 494350 441118 488906 486569 473766 459562 526870 473096 482278 453934 469805 499374 501899 453298 494137 458239 485222 427108 500485 445297 462256 470305 497481 457516 466292 495052 486854 505388 468363 488370 445206 443320 520691 456455 460584 489529 524602 461596 459841 499286 486922 508380 473773 478826 512856 480123 470149 500764 498153 503737 467666 499696 508048 495597 478925 481747 475670 510436 422715 433582 454902 510801 470354 454411 477978 
426131 459869 454644 423148 470698 419311 407700 461093 411502 484681 474011 482774 464881 473083 413398 489333 433584 458245 437792 466941 440793 462344 481184 460230 492270 439207 424645 457669 443612 411388 460641 440043 463647 470570 469671 469082 460080 471564 485416 458675 449431 470185 435773 434950 452412 462183 496998 472810 428801 436070 453197 430751 420977 443337 418995 444147 438187 440105 460322 458253 404670 432108 444852 461183 477796 426957 501169 445037 456889 477738 430994 462428 442648 460938 480670 436557 514904 452716 478403 440344 451182 432195 416968 481128 461020 459388 464039 476294 415771 425786 475724 449627 447597 482196 484168 459050 469351 439989 476724 497565 438982 442700 488332 456664 434494 454217 475523 412193 444963 455542 461012 452926 465646 474659 472347 451927 419572 446589 449675 432852 442038 473666 470039 474743 476025 488397 461836 470994 455630 445502 474710 458833 465692 467375 457126 475060 421294 462130 457209 496645 424372 487305 451995 461657 407625 441470 469014 459918 459019 479410 443766 455105 396161 503173 426455 456181 443715 492397 443822 439688 496795 449432 492970 472420 459907 437062 436543 472536 445447 459968 462593 481400 436006 412481 477458 451546 466388 448198 477353 500375 452002 449896 488492 482657 458467 425228 457088 488449 480732 476582 481622 471648 482822 385891 437783 447599 495059 453414 434115 456857 
456707 460278 443534 458802 467217 436059 427968 483782 464520 505165 518844 500693 489548 499939 451906 514349 459790 461590 446992 478351 467101 497122 513160 462486 500652 468183 445892 463719 450908 457211 463596 445971 478777 491834 451690 487743 495667 472487 493018 478162 435224 466382 448929 454775 439868 490377 507260 490003 471295 439957 444027 461057 456245 429861 430469 464497 464396 468876 474797 461230 445740 449126 465513 464634 467942 436770 515822 440799 485422 499682 472351 486087 446387 494437 459581 446921 509883 483118 500631 441973 484604 475233 423496 501536 470954 464554 502233 527780 471600 437775 506272 488039 477758 513384 517082 471554 510499 456617 488665 496011 480077 452517 472346 486561 469310 488960 478623 459250 457171 449207 477342 467659 478671 449320 501188 430466 453083 468029 478694 434703 469304 492767 472431 475360 498666 491569 485338 468907 504466 478236 488453 473467 466358 469682 461302 477391 432541 480082 482922 476957 452393 491168 496170 482802 436057 435820 494058 476974 455133 489976 476025 493473 450623 499057 448587 486779 466986 482362 472470 442145 505056 461972 516220 463355 506785 449465 427280 492598 452553 488215 487776 506154 473643 472627 510911 484050 498655 469384 497549 533712 497991 469881 489207 494544 493009 441042 502033 508927 518222 466662 502792 458751 465675 409987 439798 452099 500595 507238 430208 468752 
488231 521562 524030 490459 508412 451245 437209 510226 480841 522944 570840 526628 511955 527851 495411 566195 484622 530658 482583 514614 460743 540545 520352 510343 529063 514792 464565 499416 507291 499439 488823 484567 514142 505347 519005 541353 529638 532471 532402 528455 492451 505032 501288 502342 501935 507373 530632 535730 492732 493457 484981 497416 490181 471853 476967 474542 465429 493125 478954 516575 482756 464657 480926 506989 519479 469506 563739 493235 512254 533061 502547 466282 474717 521778 521379 496944 558192 475427 517822 459097 533396 484618 486111 521671 514419 485761 535721 523451 499785 472927 516005 507011 513513 523090 542246 497594 533860 482049 520868 526681 507632 480662 536202 533885 505122 496688 539701 476027 479819 497298 493054 517966 489061 503414 517361 502199 494728 511474 513594 479517 495400 533658 507596 534944 545266 523168 521620 515385 492165 497518 525036 511275 526864 521264 512267 535012 482967 502380 505037 509496 471914 532662 506781 512816 458174 455014 510337 526404 495210 505977 498770 499957 474400 562628 500021 513688 491398 509834 529055 497171 515041 495460 530023 507287 531901 469075 494099 524084 491352 508488 490539 533084 523887 502784 528778 512569 517669 487057 542268 560510 489222 501642 530471 525736 520365 492440 548550 535284 536281 491971 485645 514467 501170 431990 472040 504062 532652 496524 491785 489169 
492249 487727 485148 492313 505210 468839 457080 514183 490089 517564 541802 502393 513101 520057 470819 541434 456241 510288 440395 508908 456474 558496 506972 504174 521083 461827 470282 509296 473380 472290 500697 508205 502084 504354 486798 525825 520712 510450 507492 495979 463871 480252 496414 488842 502320 512951 544096 513167 514185 483919 472326 477869 507315 485185 482541 485139 485033 511712 495359 515060 449578 464223 480162 501550 491819 452386 532093 492448 512589 543175 517542 473017 479867 529493 511638 448703 540977 475270 525951 478915 492523 477875 454677 516130 485064 490411 526355 521308 480604 456391 510515 516079 497008 536187 526905 495854 522567 481744 515069 522794 466650 489227 512545 486427 479789 496949 501338 465693 493802 481635 496358 490937 489213 497127 504872 482883 475371 485984 484517 463829 493618 513408 526284 516413 533964 517995 512179 509470 515675 509911 527517 475893 526642 500171 483809 512997 469464 498148 523045 512618 501226 506085 517255 496301 466897 475513 509363 507663 490936 532522 508592 501110 453145 542454 471150 497051 478798 536204 506744 500713 512434 510710 531791 492870 509950 473516 475148 521474 452097 500223 503473 546648 497767 493000 531776 525627 527175 507683 511909 557932 474974 481168 508678 521294 489859 493452 509695 534839 516212 518167 508292 498065 524383 440549 482658 491243 564068 492124 466851 485111 
447250 492712 488017 489049 497794 465608 454682 509657 474154 519205 532092 532108 501995 511869 469219 531672 455580 474341 466812 491659 485830 521929 523795 504722 509238 487947 481255 508596 513445 452337 476609 496889 521125 521595 498497 521686 537249 504018 518390 490711 494185 510069 479077 487670 490563 519239 548108 533852 495740 493384 479928 476897 501018 494021 466622 492809 462840 501987 482414 505802 474816 488263 493778 509908 526880 468757 576510 472496 493615 548441 502358 518816 496356 523321 534671 478470 559265 479953 518063 472193 480683 509040 463193 507228 499284 508786 537493 544648 475996 457580 518574 495629 478025 533935 531055 507659 523649 481251 505192 542526 492459 486309 521416 503172 492371 509959 547489 466607 500645 464552 498271 524859 481476 516164 522327 507883 472418 513007 510616 472958 483884 526953 528294 524105 526976 520531 525992 498802 514146 493802 484053 499777 502609 516381 498181 494937 475242 495628 497397 520487 481880 542806 510709 505216 466759 468637 501135 506681 480456 523764 494912 514370 447706 525079 503492 519592 469877 519494 480231 481520 531597 488654 527853 501215 542947 466893 470360 509598 494649 483063 502238 532476 498172 488678 546961 510371 518579 492773 518086 586652 498595 520071 524962 513575 505430 468083 525179 552741 526472 505303 493158 524782 518048 434798 462359 482518 542288 508873 492585 496046 
472309 450783 484066 490004 467725 436982 458723 485774 462259 534531 531736 515802 469430 484635 465330 518384 470033 491342 441691 499594 470453 520907 487829 503121 508285 468837 465724 493920 465493 452033 472205 477148 481983 516599 486129 505582 512100 495970 493794 485826 478692 511168 476307 473983 493035 524476 534840 516459 478420 478180 462303 495530 492866 458503 453369 450024 463578 478654 483836 496515 433425 450081 433761 498427 519713 439361 548000 462367 517236 518038 474524 481246 483924 502170 501828 475533 539038 470300 509707 438346 480269 499467 476518 514581 469868 481919 526846 505672 463927 467987 480276 492260 470605 522839 514684 483408 525799 459424 495508 507365 489218 468613 512415 482028 471063 473560 505514 462220 472744 478751 488239 505876 480476 485464 500026 463606 464032 475542 466581 453900 469935 513349 497144 487625 514452 517205 507757 520943 488956 483703 485112 491262 489901 475153 488406 485942 449639 501020 498513 491777 474053 497961 480946 499254 439075 466818 466238 480259 488245 497266 472231 491774 426551 515514 480568 501222 473840 506255 464794 479392 523346 482515 505248 504311 509290 468143 440358 488147 476489 486337 486710 541427 491298 471174 517786 496756 496989 478329 498188 529464 492365 490924 505253 509817 472400 461231 488497 492603 494896 474501 498717 514083 499390 426611 456310 459857 528491 496014 485969 489055 
457629 462104 452636 438793 449726 436784 409574 468731 451287 500717 506285 481590 489508 473302 440489 499845 432100 483744 424436 457156 449083 501010 477028 472126 491058 446756 440776 461222 429666 445870 440801 460187 469015 483036 467093 473984 461556 471268 477297 465375 450816 469634 463892 456888 472545 473382 521572 489463 477655 445876 439634 443005 460438 419002 434117 437725 454973 448182 461405 482221 418990 464522 433771 472856 489294 422332 495196 436815 493038 501735 465996 447868 455112 468112 462627 446690 509471 443254 479390 431065 448174 466531 409629 457191 444816 476850 488363 470881 440284 430390 458137 462530 474852 506148 488984 446292 488632 444131 464340 488238 440737 419550 469479 472489 444275 453621 475505 426868 446647 441996 443072 462398 449153 483229 469973 453644 430557 427650 478870 455263 465697 480820 494858 506624 486763 482307 479326 473057 498771 475798 461042 439271 473135 456022 463781 493066 448506 452973 458894 473716 483736 488467 459619 459122 418084 453606 474976 483527 466532 475358 460390 470093 395138 504315 432691 487498 453674 462479 488241 458190 509628 469140 514087 449937 470678 448843 428389 485020 435381 476235 474421 499785 453779 433767 495135 475545 473209 463216 483750 503178 462517 444537 487561 484296 457887 429866 471905 510473 525539 466419 474411 461772 482639 410114 449871 472638 499880 476874 455059 437572 
440605 470086 469384 467495 448521 422427 410350 463395 440983 480917 507945 491154 478249 482923 444654 509234 433995 464910 440768 470836 430928 491415 467504 438839 472944 458917 448076 478911 455831 455479 439759 463654 475987 481842 461150 482700 484995 475257 470951 465507 445635 473520 463273 461738 480029 481082 482361 464884 453686 457231 439967 449385 439452 434823 457280 449592 449384 451639 464777 497781 459381 445695 448803 482385 459575 420431 501097 476888 484683 502358 439851 439060 446139 485006 477935 454975 505828 449891 472305 409272 466148 470616 457723 472722 458877 453732 501013 489305 465165 430565 451798 491521 435424 480319 478174 461613 493891 446131 472075 507100 442344 448754 494498 457429 458647 459414 503288 426588 441503 468101 463986 481386 459533 464865 466546 437218 453660 449616 483618 420276 478884 489271 477741 492731 501546 468590 475799 491480 473732 457288 478367 462027 488367 467722 481462 478170 444965 463443 497244 461158 455203 493959 459658 476020 440557 426441 472547 490029 455993 478312 473988 489028 404297 497880 427609 488931 413965 485217 461485 466760 471689 454188 473149 457085 480003 453754 421418 478773 435604 468009 450292 487711 464216 464402 500171 464283 496848 454581 476998 518798 478212 452997 484554 473090 451398 454285 501434 495375 478182 467181 467182 464315 450691 411689 417874 445009 487289 474612 453917 436324 
461246 496201 495819 463470 483936 430028 443770 489797 473905 517318 544102 515892 523725 523949 463456 529889 448500 507511 434983 503700 473785 517636 491215 503268 494452 450294 458007 491274 446764 476535 474888 490879 505531 501360 489040 514247 513190 503125 514003 485767 460607 507548 502282 488452 502129 508671 516126 505771 479564 450647 464010 460476 472018 472275 453303 492332 473472 500505 479487 496786 469270 472106 482087 515540 499968 446495 546106 466750 511448 537389 484440 507943 453451 511269 506961 481382 534321 489998 511228 450916 471083 473195 459015 489548 481313 509736 548921 498480 450804 462693 503461 494965 483289 539853 529417 497115 518383 496462 515204 523121 490321 482252 528425 478261 488897 495968 513109 448407 458937 476949 487765 500131 483906 487463 495018 483248 472754 493927 482463 454818 475295 509684 478589 516393 528740 492759 512491 493625 481638 471174 498525 499449 504470 493927 473445 508680 485467 501622 493714 464510 475574 547976 493930 498738 454568 462266 512767 494056 469068 508987 480264 515344 428851 526461 464446 497174 488222 520943 494577 492415 531266 501285 539589 468167 490611 467536 472267 503308 473131 505486 494546 518882 503815 464556 553483 493835 509468 462336 502750 554126 490343 483883 521063 506161 519112 472372 523020 526845 532373 492746 517709 472552 510537 420044 470351 494750 539323 494755 472035 484870 
477850 509592 505045 490507 503766 469034 473134 516192 511646 548872 544852 518669 521128 541475 477525 522544 463470 514838 461181 520335 485234 539001 515568 506842 531285 485169 465300 503687 496890 477138 507883 511812 528668 535289 526715 537479 546989 517062 526812 510813 485252 520897 499971 497560 501842 518461 570824 537125 512587 504442 484728 506887 498453 486991 492967 468844 491602 497166 530276 538730 479064 478198 502130 533835 526882 454558 564302 499216 515675 549676 503276 516133 501167 515960 526436 500522 531518 490779 521298 502715 486340 513173 468721 548238 501876 523344 534521 546226 494448 482541 533208 512836 498453 564650 541296 508494 544933 490422 532331 552219 502013 503816 534528 496489 504842 487945 527233 478633 524364 488065 517957 524516 489910 533878 542472 487519 489551 490846 516004 497817 508976 527836 521074 533127 541360 523575 535575 516298 524425 498367 541280 520730 526931 515118 514275 524016 481655 521832 510385 529276 488865 517851 501132 505746 480518 483979 501901 521001 499865 540313 498641 513746 450594 537005 487282 552242 508062 534733 539843 496197 534156 515343 538791 509362 520334 483766 476606 532409 486955 514309 508209 546201 481298 488257 559338 521326 551469 511104 524372 567744 497827 519486 541637 553054 520792 476985 533947 560566 537628 516196 534912 498940 531833 434833 479281 515055 525319 509854 484929 526555 
476335 499820 501271 481076 499762 451589 454727 514180 469725 523851 557984 513652 503265 530436 461396 527282 477230 510507 466160 528573 497427 513743 523770 520257 515705 478279 479252 499589 481789 485851 479672 472183 518325 515225 497289 524243 518632 500405 516093 501546 478478 511010 473732 488154 507635 509362 546906 532534 494661 466858 503876 480318 513594 482694 457241 489307 469456 483831 508687 505544 467542 485594 486349 516490 520144 477920 561324 490412 497520 554330 488231 505163 476800 499717 528841 524281 547852 511570 535216 456314 494977 503876 479249 510541 488551 508041 546963 520026 493460 488102 509007 507870 493178 555202 526099 522167 513611 494825 532564 542967 499704 474929 531860 510942 478555 508799 536042 469085 473426 492190 497875 521958 504383 512786 518995 481272 469440 512065 504801 481341 495922 515017 509595 522066 531228 496098 505769 527275 512234 489828 519206 530175 507046 509663 488202 534103 466448 511684 502991 493296 491920 520355 501097 502688 450005 491540 514973 515527 515908 525747 487410 486174 449525 533419 474517 508967 492967 514522 513811 490644 520352 490930 511408 501100 517048 481924 454712 502208 493142 512115 506520 510431 507431 507792 541106 531850 539067 501318 529326 544330 498497 509769 519558 520795 494919 488367 513479 516198 522801 489544 514844 492661 510583 443738 470373 490671 530242 492241 472257 488488 
464097 466284 488488 454950 443322 433544 444983 487185 456801 503085 529016 504709 488597 477370 450669 492616 459354 490855 425693 487759 457680 498736 483997 491851 498312 446890 446997 483548 461395 455549 444318 472973 471750 475210 485593 493157 475456 464478 491433 481586 442819 477348 488831 462250 454640 487156 538889 468625 490248 459265 466130 478199 463388 446138 440693 453996 466578 439510 487050 492533 447782 454969 477285 483298 495207 459526 505897 452669 484442 506166 465931 452216 443418 471476 474540 472777 515377 467653 488554 445047 470567 454162 428445 483479 470336 512966 507526 502376 458801 433993 481704 459650 471399 493267 525713 459461 505243 464920 477465 492470 455127 453632 505353 483931 455956 469628 474480 438165 452655 469867 465600 464783 458414 473735 507535 473161 453826 458744 448126 457968 486203 500501 471950 498130 507608 502454 507578 488788 458984 457804 490442 458692 486585 480627 483531 501515 438713 468203 478447 481956 459858 498569 483441 475276 434288 452051 496645 487511 463555 501115 445977 487316 436575 495812 460549 489576 443220 485017 478533 467683 506052 473628 499558 468021 484629 442666 459978 498513 455164 482059 497483 500941 472663 469632 503070 486732 478974 464933 472403 528552 475081 482730 498409 492995 481968 462991 506053 497396 499479 458791 471553 487504 470236 397209 445907 489279 495783 468490 459826 483523 
475757 497628 492274 478242 471954 446891 453037 512405 486669 556136 557016 522833 500261 531807 464400 542320 464680 497883 467614 524452 484663 519919 525757 496924 524761 491447 467307 511110 477758 504331 484943 494176 492995 516013 488653 501284 515186 503118 505948 513856 461693 493391 498188 503029 488795 516451 519463 524692 480081 457817 474807 476630 463794 479427 462547 479285 497454 481274 498003 520057 483858 476091 469747 520191 514308 460148 526999 471784 504279 525493 511750 496165 492089 505559 543986 476285 536772 496866 502804 463450 520543 507223 475823 514512 495389 513404 545295 534167 490377 450719 536179 501577 500578 555780 531338 497453 529261 489316 510349 533877 473201 492799 524950 495949 488396 504751 537971 477328 492722 489296 508854 500876 509838 494338 499649 488116 507840 480881 521849 469052 490589 527370 488273 524223 526280 531941 504364 535503 503018 514356 515111 511208 507846 508063 519082 505394 457492 513588 495679 491036 476257 523240 507210 520855 459091 473452 519986 493427 498877 530709 500107 513319 461620 533874 462789 504257 474731 513471 481956 488664 522512 503071 546827 504656 518156 494934 474366 530812 462597 506779 497817 521009 516034 483032 545097 523921 524303 514672 520908 541113 509588 494663 524222 522906 482311 488046 514208 558096 505345 493923 514006 498083 501533 433715 481293 485720 534050 518270 476472 487448 
485411 480762 464957 460382 462207 454780 456395 509408 479418 538955 549361 508482 514626 513596 477052 532918 470388 492965 458486 495693 456826 538389 499598 486933 510863 476990 472881 487020 489543 468363 486544 485508 513840 489019 509864 503622 486721 494346 502287 483713 474270 490987 501365 501477 493593 486675 515206 500073 482040 456332 467816 473511 473840 474344 458283 483078 448626 482643 475628 499945 464440 467233 459563 501894 496532 439326 522881 467380 514246 529417 500569 467332 499904 514736 541889 483324 545718 487961 518990 442651 500580 486510 460863 493091 473834 504260 518915 495432 479141 456314 489792 499010 467198 537955 525378 479838 493688 467492 512524 536429 481316 459204 524791 486805 492528 509296 504967 446912 456204 481176 477552 504538 491971 496774 503376 474208 466915 486329 481612 467804 487802 508458 515876 489693 506457 523658 492512 507361 500535 499738 494474 509090 500999 472762 493321 493375 477254 500621 495225 484529 465048 508584 500040 491715 443157 461658 499710 509089 466445 521838 482364 492350 434698 541262 472158 505751 471884 513667 507085 463752 531194 484283 525197 473134 516549 469019 447038 511247 453918 489153 499099 511904 496336 469013 527688 504278 519999 478718 523620 543448 475047 501460 478810 501810 472817 448552 517594 517601 533319 472138 492256 514368 504765 411418 453795 463604 535785 522485 470901 481531 
483973 465064 470742 464518 433885 441143 443050 491979 447334 529827 522579 502956 480623 504916 457849 532757 481115 502056 441159 492636 475856 517677 504358 492625 503851 463635 447589 490500 474521 475422 468625 506325 486879 516446 488571 505108 509562 484300 505578 512519 486887 504727 475539 469241 464354 490593 534554 525069 468056 464188 489286 489431 492944 489815 461734 470561 443033 462966 487490 492071 459388 488340 478081 479838 492869 452849 534335 487028 499599 509410 484304 483757 456794 495971 509543 476859 536735 476976 505674 452935 479106 493433 465725 485443 489406 517261 512165 539429 473373 458456 485354 507420 489236 515811 540677 486091 487263 470514 520445 537542 488193 456019 506873 483015 482623 493676 496708 447469 487802 466791 491263 499593 505293 492236 501237 462615 475678 493333 482994 442219 464391 493696 506386 485103 529042 500285 501297 507278 493780 494849 492670 504595 510578 493488 492681 509363 464780 489442 492919 503743 485819 510281 518005 486147 432954 468816 506939 489183 484250 508674 488217 501257 450465 545699 460103 484848 485312 485451 491317 489577 502982 511730 501194 498331 503194 464730 454726 509870 466285 476475 495807 531872 486502 492181 538895 517647 533029 471400 510874 550389 501351 480030 506714 529209 499423 482586 505702 525432 490644 492559 496390 492692 464790 435082 455280 473196 517410 509398 461839 513198 
465262 450090 471903 448110 458754 421989 437721 479426 464590 509544 522434 507632 486871 515563 451003 529947 472587 496654 439841 484632 461498 479192 498111 475420 522622 471022 434462 492633 484950 451799 483026 486829 495554 495200 475795 485339 496338 477931 497348 459443 454502 493616 467247 459505 450272 502081 530376 504927 488687 443618 475532 469122 473838 466702 441569 462183 459979 455720 493378 482109 436827 452871 462360 501021 489574 451240 526347 456479 499615 526912 475298 473322 486763 484730 497502 482037 524184 476680 481442 445848 503188 467171 472961 484264 484306 496025 524952 511676 493974 443106 486162 474470 476770 507671 521516 486376 514365 444785 495986 503285 477552 449863 503925 488967 463400 468429 510474 454942 465463 466490 484706 492047 484402 486733 500166 462469 453133 466414 481619 454459 461237 492448 479056 488539 513001 476122 489522 509090 493362 488165 488767 474354 485694 478315 484238 501691 440817 478845 484085 484091 439372 491547 495871 493764 438660 452660 488462 489899 469173 476090 457479 471446 414646 529631 432578 480558 451278 500407 464044 460312 518368 473018 515490 474509 532674 475093 438122 482247 462297 481838 478859 496591 472734 466365 528471 490984 491962 472978 504197 529932 504301 479146 501695 480621 482979 464267 503363 487260 505147 491371 518350 486552 490680 401562 456375 460294 512067 478193 459310 472204 
457840 490304 498761 482271 478127 434104 455675 490226 470482 513950 531099 501675 511525 494583 479021 521504 457671 480827 444698 489463 468705 515222 509857 484521 514024 476951 464774 481079 486800 449884 476863 485231 481448 510101 496397 540511 506358 483979 501537 490593 474968 501578 465613 467750 487123 531997 545574 504846 466644 482079 463948 493910 484580 449737 468744 466174 465903 477393 492543 501060 439539 476557 468304 505450 519537 442304 515088 468643 497865 540936 482527 462449 460853 507463 487117 471678 535496 469679 503666 460134 480077 486578 462025 505176 485273 474531 515280 500638 472449 444532 502813 501773 479790 506403 499789 485798 531956 470063 498481 543606 472202 489629 530723 500945 486262 487416 525559 463331 475957 452469 476083 508727 471443 498550 514185 474727 449456 473963 492051 462279 477596 517340 503676 524368 498126 504210 491977 499149 502730 485750 511503 457347 503463 488527 489501 507897 450810 501983 472873 500893 471014 532372 490722 487428 444245 469590 477111 502290 456123 514186 471371 493985 441117 528153 472530 485511 455069 508235 501516 477517 512014 498121 517118 496946 508724 441457 453136 508364 459326 478142 486280 544582 488292 478228 531620 504673 534832 472557 483029 536234 518315 479877 512128 525950 498083 468856 499791 514205 508152 484674 485631 500176 495517 409132 456277 478735 514715 503237 474962 465270 
471572 470392 498189 466767 479974 444262 450251 504223 474227 516512 561373 502231 495827 499316 452576 523253 451111 496239 459236 508893 463085 497315 512935 477045 499628 466782 487494 491849 478263 461658 451589 475309 496623 505908 484426 489752 492066 486550 502614 490639 476862 478296 473395 486493 465369 511277 507662 490768 457666 449686 474856 460213 475838 456561 470138 464662 473806 467036 497963 499617 453876 461529 455097 498894 529881 441050 555774 465856 518535 529846 493262 475697 480546 495413 495287 476004 534415 484671 518072 442518 479734 489735 461915 507399 473318 510519 541779 500117 479111 443609 483533 497459 492930 532138 508689 475227 529592 473493 503574 537862 480090 440149 510167 483602 480663 488913 520860 464569 482163 510790 494720 509262 488124 503366 507807 466729 478872 466848 478539 451048 501317 509884 484888 493662 501188 523809 476700 501027 487581 476699 489160 489664 489722 502289 488535 490426 454296 483094 490050 492542 483778 509661 492226 496376 453633 471320 496866 511703 454289 486732 483781 484072 430393 485054 476455 494015 457500 502384 480669 465038 514994 483226 532883 482998 504699 477818 468024 493662 468269 482153 481165 511455 497042 484605 512384 505099 519356 488973 490394 526977 488090 490783 518934 481061 481719 481546 505647 521323 501969 485012 508114 492087 503505 404368 449245 471783 503832 479062 467098 478169 
454898 463795 463588 457760 442719 438136 436699 501617 458417 511326 524627 503626 499733 506809 434636 500788 452135 471922 454986 484130 465930 502590 487436 471646 497394 463639 465154 476799 455092 446977 452884 470908 496292 503093 483448 501009 501098 491330 502318 479883 446304 502501 489898 484009 479554 483197 512401 499132 453870 450351 471674 473943 472402 455967 470036 465938 457412 464175 485359 497081 441754 469859 467154 488530 495728 437935 529014 445645 488670 528075 457050 480576 468027 481229 507522 467057 517245 502629 491575 442286 487348 495362 433391 489965 466397 500148 522195 503848 474437 460416 499837 484644 473217 505825 509791 469435 503964 473633 499560 517497 477059 461199 491572 485478 471935 497734 498642 429235 461160 459029 486176 499545 490167 477246 494820 452657 448732 475509 482052 442007 478187 514785 496844 495687 504952 481082 478633 476533 494683 490945 498658 485715 486154 493303 480905 479865 432529 487056 453506 466966 476655 516511 481464 474515 423077 432819 489490 496772 463742 507550 482664 476347 447708 508303 466008 494987 468011 506346 496670 478333 499514 477170 519088 474639 494761 453456 491770 511605 467934 473983 502399 516660 477823 457708 521090 489604 512956 480174 490063 536291 482242 479043 499051 496701 477800 471365 496086 519723 502690 494823 483790 476578 482383 404395 458446 458030 519702 493352 450168 454829 
436852 435434 449876 441330 435005 409495 390041 475024 447593 474199 493166 467671 453251 473716 420985 476710 436127 451200 424848 464386 448033 480079 452301 448388 457648 423945 403681 443958 428851 445857 436879 450911 445755 448158 440937 461935 463807 456368 476061 463201 434960 470175 462495 447324 457001 468406 486927 465941 461093 448200 436722 432358 441812 410251 423706 447686 451343 451893 442634 473546 441975 439552 431024 470829 460755 398222 497600 439678 446969 502671 427299 440398 447323 466309 459545 436173 508835 430277 475605 411037 435694 447681 413389 465739 431971 450791 491765 480909 431463 426096 443992 452105 459221 468350 496423 452310 488592 436136 453155 503531 433391 427489 481019 448427 439480 448449 469249 414918 443118 428877 466493 473801 454086 461747 461469 439469 431526 428052 446780 409135 433141 477113 452539 467213 477352 463284 472385 460122 463130 446029 467445 447106 469248 475593 441860 456773 449770 464015 454841 445592 414165 482658 456291 462360 423024 435729 460874 470801 439370 471230 447194 457563 395330 479514 429334 456419 432832 469575 464351 449092 460378 459405 469095 452663 458132 442271 422065 474148 429802 448732 477629 500230 438490 432041 472867 440433 485665 433163 469986 504562 439128 444802 480258 493790 452457 441914 484954 478091 484065 445224 445835 475338 469118 395038 448102 442186 487299 455429 447196 440131 
457302 477621 474972 446620 449098 430021 434651 487804 482402 523224 547651 488353 493759 492845 456480 521157 447537 486881 446097 490092 456488 502311 500103 472510 470720 458727 459123 472837 475419 461329 459707 491796 491753 473662 460509 502061 503340 479902 517384 481519 456433 487660 484344 466973 470284 471924 496457 513789 487024 475255 477989 461812 470008 460501 452287 472377 444225 476189 475635 506429 453650 457783 461924 496856 501172 446738 519155 462835 487940 518730 462436 470368 462773 488727 502929 435261 536595 478218 485502 455082 488719 489214 455726 476204 494793 498058 521961 510245 476242 440816 473206 489259 464667 511782 515089 493994 508887 457431 499148 511264 477176 436661 492663 470043 495255 477973 499987 445994 469420 473562 492669 511131 491120 485559 500118 463745 449260 471878 496869 454561 472628 492033 508729 477347 516330 516296 477543 488326 494394 474586 500552 483904 488059 496784 458751 490592 448555 466339 488708 471606 451556 502666 471826 485753 441330 449764 485753 515520 453748 497541 480190 503903 433118 517865 463027 501976 467978 475830 476338 460493 504575 478347 512905 480399 500564 451736 442479 485392 448048 494006 497153 519747 479929 434848 537281 484117 488570 442747 483510 529281 487676 499673 520467 504627 502101 448458 517099 509796 492216 469186 509202 498808 482277 415475 456103 445138 506091 501283 452285 469625 
501697 511401 515575 498156 476592 465213 460651 525031 496114 526873 547558 529860 520887 528990 481864 533812 489918 511414 465345 506822 507603 530286 515660 476528 512137 484764 502001 512733 506147 472128 478728 509035 537908 497243 517952 528043 509377 522915 547052 503172 511051 507443 494832 479639 496504 509006 529950 514214 492546 489247 475988 486867 480983 496588 474341 493534 483889 491372 504829 531800 477323 507399 484308 525146 522993 479931 531562 475139 510112 537789 507224 505248 489038 497691 533570 492905 557710 496999 521949 462692 522725 493183 489459 521343 498596 519223 566057 538320 508521 478798 492809 486840 468681 569972 538746 484166 532148 488893 518436 527176 499401 482777 532853 502745 505573 503735 544145 475937 511483 480013 494041 508663 501246 518386 509038 480832 504821 470002 510898 474883 478888 522168 508093 528535 535351 527418 516603 525127 544569 527790 498300 492968 511629 485787 499568 504675 467799 519983 489639 510185 488372 533133 493904 507804 471739 468337 512181 510640 475214 517514 508996 508390 436391 540778 478992 521399 484665 523082 498569 492899 543804 495732 547998 519794 543754 478758 483257 525024 480583 495558 509062 521860 507402 480954 551101 528745 543447 489017 527104 562872 509930 510729 534988 500506 496417 483565 536269 525424 519861 497055 506167 495359 519164 421592 504018 467993 536982 512828 478440 475638 
495213 482634 516400 482245 483526 462028 472579 515781 503218 561980 553619 517453 525797 528739 484188 539698 488782 484019 470763 526807 497868 536925 540468 500376 530158 493475 487228 509632 495930 490795 494445 514875 519869 521975 517966 521114 532463 501892 537336 526611 497533 521347 534828 495117 511298 522056 562633 527354 507387 484491 487949 472472 500763 509879 487840 491790 477844 485833 522867 510228 456745 485371 505094 529258 547070 464225 555761 483614 518296 574843 489956 518375 496139 519351 543749 520717 556610 512468 532495 469914 511529 502137 481828 502339 507759 533381 552272 544662 499820 477400 503216 513727 510093 571854 552864 490248 547409 503566 540930 542696 492490 492978 558730 521300 479995 511849 558528 469227 519618 502802 510867 534900 507825 527609 511192 492161 491636 480072 514742 481802 505399 534118 540777 518358 568398 535156 529728 535915 534907 510013 502547 508816 524771 504408 497471 530236 502104 499833 517242 497467 502771 542419 498616 504333 468018 506605 511354 538703 492251 542640 500816 525482 452793 524884 507073 527854 499271 539103 534088 499522 538937 505517 543919 523343 537287 494174 459816 561270 495759 497682 508112 528317 526274 481466 558680 545176 535393 523879 515933 557573 521047 511473 552220 514999 496758 477128 523096 550409 528653 505667 513204 506956 524953 444708 491797 489967 557021 516266 493130 496221 
476755 512178 517665 489141 481446 456842 436265 509584 488587 529909 553197 510055 525310 518325 480299 540583 469433 530170 482938 517934 470093 523926 535233 499838 517744 493813 456370 515173 490315 492144 494622 488926 512732 498608 504695 518417 498532 499395 517213 509425 492790 494368 509682 491401 511486 537051 522801 519041 499254 470431 486022 496327 486584 479260 481644 472483 508411 460367 533639 535585 476424 484538 483507 533667 527524 453612 533597 507256 525889 536296 511082 471145 489174 513191 523836 509903 552140 516114 522983 475758 496208 509500 489987 502469 490433 515903 529793 541116 513738 464378 498505 510736 503880 543828 548221 494388 525348 496026 507746 553387 486843 470466 533210 493092 504268 489921 526999 477383 491094 496634 511430 509056 510298 521190 515251 483585 493557 485141 508745 464143 505579 530013 504491 516795 534833 518622 505150 542426 515854 507350 513584 508644 515657 510194 512319 519634 480293 506280 488850 502170 503906 520154 505411 505316 454334 490236 520795 511916 491773 514774 505546 528416 462614 549317 487101 521038 458412 527250 523203 480636 533038 521839 521699 489950 514021 493292 473350 526634 489204 497780 503694 528701 492646 487289 539538 512328 556618 497657 514227 533592 507098 490826 528882 508901 502759 483037 518212 548818 514699 494629 536595 516062 502581 448289 471380 494321 535765 504226 482955 488339 
450477 452365 465610 425293 459257 408267 447125 480927 439514 482432 513492 465720 465473 469121 437586 494765 428664 477937 435800 489436 437279 497910 490640 450808 467911 446889 418453 481159 464871 428031 435146 443018 434850 469814 477092 481656 476538 447089 490573 469927 432321 448868 441782 440454 473801 479926 492323 506719 470455 434634 450372 440531 445432 441638 435211 459463 458792 467630 479679 467216 425296 442950 448759 479743 501293 443753 506046 457689 460242 516048 444695 448145 454501 460631 448693 453298 511756 445529 468131 443974 474926 468182 444564 484065 457374 489233 509688 473865 454497 418488 472348 458656 443184 497705 482006 472182 485569 442826 474778 522329 464528 458017 481945 463758 457130 433541 492734 434941 464231 434480 452687 480378 467870 457634 484947 441813 425701 447414 480633 439501 455796 482500 471239 469047 480543 492981 466407 487493 453968 465062 468556 475407 466964 490926 451786 455660 437349 472086 482251 490308 450897 461184 457909 490580 424506 437259 462266 486114 438989 472330 448227 459631 416074 502531 443562 474386 450485 491091 461404 476004 477974 471144 481235 462119 481951 451420 457914 483995 444996 452833 468790 514953 460761 460008 507368 476792 479799 457046 478957 516465 479415 469352 487511 491707 480523 450325 487898 498331 486075 460991 478379 468471 493019 396978 454184 471152 492596 456417 428011 449296 
445992 462793 455054 427262 468083 423741 425270 484731 433294 487238 507960 482196 463772 482120 440698 473991 418882 462786 426911 460473 453907 465225 488908 481702 483847 430463 407313 458321 447563 458493 452444 465964 451926 478846 476786 477921 460941 472477 476940 449318 444070 466023 444521 479730 474637 459215 493454 472512 461452 461315 439026 444076 457215 432076 439183 440298 435914 430320 452766 500373 434121 418683 449980 463124 484776 424068 494078 442738 462860 494355 430030 436026 437221 468808 472170 465155 498962 434846 482723 426856 443625 454777 442317 452119 429668 468847 494117 475250 449091 444640 479823 455725 453233 481610 487446 454207 494778 424649 470562 486515 434493 441850 479259 478895 442878 456282 480976 432060 444623 441995 451771 471125 453389 456916 473363 448551 417772 443122 462148 436112 471418 494483 458165 468739 500021 468231 465996 478566 456044 463647 476798 473050 458557 488830 472855 487048 431691 459685 465727 459298 440724 489587 442776 454552 406050 448631 467281 464209 453294 480988 421790 461560 404886 466450 424255 479776 420908 480060 460980 453058 473117 461784 461011 444855 479157 443700 413214 484802 430795 442691 468470 478182 459896 433257 478040 454549 464307 442178 481997 510865 450991 473790 455975 499061 460318 457794 489292 482958 479474 465143 466415 465352 464597 410745 433815 472504 482249 483012 444933 454847 
443854 460049 469859 462062 480627 433224 441608 498253 470719 529729 521511 501083 493898 503864 450807 493831 450945 471853 473550 502219 458131 481723 508295 453158 502473 447070 434497 492503 469199 451234 459080 469585 497403 511508 465263 495858 472417 475050 503906 473196 469263 464683 478709 455689 474452 481716 518385 498921 447958 469937 475705 444994 459839 450381 459978 474414 470902 476347 483445 474014 448736 460756 466128 488358 502219 447361 519415 463592 498413 537919 470454 485694 476216 486970 508518 468564 521071 481780 503248 469077 493394 483633 461448 500443 465987 497754 517002 503541 454456 450988 489338 480989 482043 505263 511782 481227 519580 452695 505034 532608 478437 465580 487044 470189 459682 484428 528298 439803 462937 460705 466564 491728 490566 474208 503798 457718 466294 478043 507697 436795 474255 517898 485375 496759 521759 479691 490971 490566 491715 480080 501362 481167 485081 501412 501170 490191 451077 498148 475445 471341 464289 492212 472605 486134 443276 450005 488477 509236 473980 493749 485934 488227 429585 512422 456528 479056 454972 488663 489845 462878 473660 468568 513039 501167 516289 467772 451285 506824 465605 466348 474214 504434 466998 446262 521373 499559 503607 473416 487651 516884 495531 499734 487887 493676 490383 458325 520542 512000 499677 474502 488329 488479 502592 379384 457116 461739 520430 489456 464842 475316 
434443 454902 475423 465441 456056 430390 429443 482354 459847 500087 526631 484440 476366 500584 431091 499798 454988 473191 432062 489793 461781 497351 483557 459875 492150 440909 447637 470512 450685 460513 445403 443469 490823 495026 470818 460711 494475 488869 494715 481010 453969 481570 446897 457731 455418 469317 514877 476582 448299 456977 468124 461814 452896 430406 445688 440910 462385 456545 464324 461131 425946 458563 456512 478698 490168 430728 510545 447063 493618 511230 449471 472395 462860 478804 464276 466503 523932 472649 499119 435307 470641 466330 451366 475586 457859 449927 505604 513365 464617 455876 468205 468169 450757 505383 485124 443638 509684 441486 485052 503736 462024 454260 496491 467312 473116 472241 488419 438081 462664 453252 473884 472881 470668 459230 476464 445700 445700 450120 472440 451807 499076 469240 471031 489445 503170 487278 484785 490901 472885 475673 484738 467587 488117 463513 470698 488367 446665 468191 479711 473035 435210 484064 461841 484480 423904 429805 463671 486365 452593 484713 465463 466991 421782 503179 455914 480455 457886 475226 470901 459709 489251 444627 489441 464948 486492 430088 443570 487904 471826 454376 502387 492352 453238 469027 503625 496443 488566 471632 484471 521448 474553 463046 499905 487892 452412 444999 492087 503100 494446 454770 483893 478449 455306 407290 439301 453553 500625 489226 439007 443944 
490337 505822 503308 485521 495274 485304 468510 537843 499017 557210 586842 541781 552826 548921 488697 581354 480832 545511 472997 521940 498102 544511 532246 529819 540221 503007 501420 519029 505822 500438 505916 507767 530154 552664 542003 570271 524202 545368 525811 525441 500274 531968 504725 503698 528470 517217 564835 527698 517398 502289 490689 498418 521579 520651 488381 507619 497718 496996 522984 529762 494015 502234 521737 505983 546397 486181 568326 514931 537554 546669 518184 534657 506693 529741 546189 507397 575836 515851 534219 492620 528220 527133 484709 528908 517512 518891 571916 546011 503835 504333 528966 516243 519253 546991 554184 526307 539684 502878 526911 565688 507588 497813 540011 547699 535247 517562 555320 469761 521474 499469 517662 544961 519359 524451 541514 495080 499355 519259 551772 495798 499617 539069 552768 530307 548772 508737 538823 532616 536077 514177 535418 506459 525828 527503 497301 532285 513157 559003 531353 517921 502978 546983 525285 523146 470383 512153 533142 539884 516699 523282 520790 523329 453776 558211 488331 529017 499877 537561 534607 509480 555295 503739 559539 527585 529829 505559 490399 536509 493177 522761 523972 560774 492788 510212 569036 535032 569593 504977 531989 577776 533881 544723 545850 547562 523066 491177 541038 566589 549513 523328 536168 515360 544486 436045 503307 511633 556897 542804 500014 501428 
493795 492136 509002 481213 473265 461025 468974 505022 488203 561624 534702 543683 506251 531737 503829 567234 491740 516142 473374 510880 491243 544090 537869 496871 519253 490914 500658 524726 473551 493777 478100 507837 512580 521851 505953 517216 518861 519007 512834 500130 469090 517959 514694 464214 512387 525236 533654 525979 510749 483762 475896 495073 504649 475493 482770 501580 498738 500358 516637 533551 472242 503236 497979 505421 545962 486435 546074 481679 522644 537133 507319 484485 513692 511508 530958 511083 534378 507770 528212 471309 498816 494892 484875 520479 510081 543417 555911 540876 509851 484496 541361 508114 510283 545072 524427 484868 529385 486153 519392 558950 514511 485656 521371 515873 482763 513209 532097 485055 476101 487060 492273 521515 505612 500459 532532 480314 512954 491170 512240 453189 509538 522783 515658 514923 527032 531246 528427 535203 522611 506140 508541 500152 516294 491244 504869 512826 481736 501741 533428 512376 493808 531572 525202 509947 467847 477898 523649 502765 490886 506894 507287 514525 457693 516803 457726 525378 498131 512436 510486 496327 527509 511925 541940 520307 531154 477054 473508 538700 508154 488362 516657 567691 497245 498333 541038 520560 541473 513835 530364 567636 511178 499045 527426 527824 485551 486729 517425 528851 521968 495497 529316 520400 502658 424006 477697 483705 529046 523400 494601 472622 
488862 493996 498486 475170 499042 468447 464875 504153 486112 539655 556865 524180 530975 512463 494016 554414 479473 505269 461279 503933 496686 550535 525742 520326 538594 469602 479715 523144 495211 485646 505065 497510 524125 507576 499333 529108 517723 516240 521828 512898 517462 511022 507736 509155 493154 538566 545818 509387 478651 471089 485959 496208 503449 486787 484011 499707 488618 506468 512140 542275 484055 500985 481622 532956 506499 490376 577553 487158 544025 553438 525999 500937 498977 514957 531663 493706 569127 496782 530663 477819 510936 524858 461133 520941 499224 518704 543154 525668 462487 471232 501244 492526 501643 542043 537270 497795 549900 476486 527233 531105 505108 499885 533482 515186 501156 519550 519067 476076 484710 502585 499401 517022 490813 521478 520926 504754 495487 500775 514975 473951 515583 533336 540919 510620 527917 531028 525558 518600 504392 513167 520633 503192 506680 522435 494650 517475 498286 520658 512807 507428 502928 545798 514988 498703 482286 483113 507977 517563 488101 512247 494716 498810 447662 537321 468448 502033 479236 510169 518255 489956 548726 506078 552154 516943 554369 489791 484173 526630 461281 495450 523667 533756 525270 483936 534108 535815 543400 500726 513491 574304 505588 506806 533446 535141 492786 480792 530302 520043 533962 502150 524970 516450 512707 427774 472779 505953 550779 509019 516042 504868 
490021 497555 490980 486817 486332 468441 442723 531090 479058 529251 551065 515413 528416 520096 462975 535020 476998 525561 477404 521464 497578 542631 523804 522942 494918 480852 492392 485160 477062 496845 461354 502302 521075 512686 492383 511470 524164 511230 523016 516425 476774 509698 504058 497995 497159 524805 554680 524218 492982 477916 504454 487521 503998 487963 488810 472990 472324 475583 518593 530606 487984 469450 468611 500261 522106 448640 554247 499826 525355 548999 509034 499285 496958 521534 529373 487486 563052 472410 537298 475017 480868 507791 469991 490574 486463 519216 530290 537381 486341 479853 518966 508785 496295 545878 532491 494122 551539 501910 495057 556028 482884 484708 511880 505806 496689 507901 520538 474970 497570 494120 502392 519037 505078 508223 524685 487178 463511 501075 516169 477254 498038 527548 516842 533606 526888 526414 509148 507023 540782 499892 519668 506066 515938 511037 479462 521497 462887 497232 520742 511215 488164 526897 499514 506825 447266 488573 492390 516224 492496 512169 509988 487811 447498 540067 489940 511067 473274 524625 519616 492128 522301 519519 529234 502487 526811 475044 454326 534214 492621 485280 518368 557712 511576 504013 513733 528870 541453 497178 507168 540401 511713 498259 538374 521801 510654 486811 505889 536918 519894 485913 529529 530540 518723 437017 504497 503656 536703 511026 487335 498142 
457354 475346 457931 462590 453247 415956 431287 489943 446232 500465 520162 506123 474640 497812 433513 520325 440922 466791 437568 478600 448507 503319 510489 466511 478961 450969 453033 466876 443134 458010 454577 464530 475201 482442 475110 482930 485453 467451 497813 455734 431840 488172 463541 463751 472372 476936 498487 492656 457288 454632 462650 458078 447779 428009 445378 449333 451708 456212 468967 475589 435154 461794 473847 467199 512110 434426 511886 448020 456876 510378 445210 469210 460631 487473 503094 483588 511064 463084 474125 437226 479771 450177 447956 476525 463440 463287 511224 500464 473754 451771 484123 469792 454278 499558 491283 459695 493140 466144 490591 514777 456965 447724 490583 470471 450721 459822 502740 433640 460165 443732 484060 494504 470479 483289 481256 463244 447296 454913 478537 428616 449852 478737 489750 497555 501236 495770 466982 483688 470757 464643 487042 468524 467025 481897 476571 484291 454484 457228 477793 484056 445600 497594 476923 483229 421259 448830 484984 476713 475326 493307 466430 466535 439396 504427 445937 475380 454521 496160 477097 458672 482825 462156 479254 456857 478179 442573 419842 489281 451783 462071 463516 497940 471580 450315 505062 499528 503243 462439 478275 513462 461658 466280 498629 489887 482428 454318 489656 513540 485367 468324 455468 465053 474361 388884 446293 454723 510040 495735 427362 454398 
435917 463519 466139 437443 458539 427608 419234 463037 444222 488849 498991 454958 485708 476880 456129 509159 406074 459641 441408 461321 442505 468167 482077 457848 457031 442891 430774 471824 451038 432915 460098 450862 481696 472903 446989 495105 474222 484208 483148 472979 438182 462809 461929 440423 463410 494760 464529 478185 451777 441208 447301 453043 448821 429199 434371 449480 442007 445494 455607 487609 422516 457480 445278 477363 497687 442100 497618 451415 485666 513465 442841 464615 453485 464262 488479 437122 524232 454114 488391 413041 453832 466416 435037 483672 445328 467488 517999 478048 440322 431551 472919 471054 456568 495769 488043 479555 463794 445461 474582 504534 441896 438272 487967 460835 455299 450751 500811 428720 441761 438228 473428 493627 455829 456832 465318 431490 444018 436087 476039 422691 429409 469593 469516 482211 497617 480374 473179 476298 471882 469438 471265 454524 468320 472568 444454 446541 444094 469508 466414 465584 436879 474977 436962 463889 442484 438300 459830 485458 436263 470093 440851 466668 398593 486078 432546 472182 428383 472674 446729 466975 493443 454910 472381 473474 469029 461838 439522 479086 438482 462860 459360 482969 443610 450619 498902 482764 498877 442478 464626 519602 463519 451493 494295 479170 464921 444284 479860 470421 475947 462593 480266 466372 482040 395763 444048 444759 486789 461219 442016 443698 
498418 504750 523051 484584 492099 464022 467603 496386 504467 545329 562475 539734 535166 519538 513124 554205 483036 526833 473096 534676 486925 546565 519706 512452 514707 509247 491633 497361 499877 491732 508658 509124 540117 501068 528131 566533 533400 534201 518773 513233 483710 514225 508221 486388 526354 550856 556479 511602 518577 465859 481510 520091 505707 493953 480434 507750 476843 495021 509714 522455 486435 456972 510473 522391 519173 451784 547881 524069 519762 566085 499537 482513 483752 517841 517246 489965 563536 486704 540577 470174 513076 496116 496062 520739 520254 493650 532678 534512 476802 473223 517426 504032 491185 560413 537884 514078 514609 501237 506886 554282 500884 481795 533040 518087 499730 510502 531352 472271 492562 488961 515443 531297 492151 497484 500285 501624 511263 508284 503745 470533 494719 550271 514009 529937 549611 543613 507878 513745 525369 518835 526771 505850 511900 508696 526290 521359 480243 537793 514215 514359 499348 541735 500277 530944 474902 490680 527300 507299 485954 527359 493680 534876 449936 562748 496240 520962 470862 534158 506832 504403 545146 527890 542091 507613 534556 475108 472764 538727 487038 494018 516754 553332 505201 490768 553913 521870 543713 480912 531692 571088 506610 516283 530336 544721 529773 487650 521367 538014 552652 490746 520869 512828 539432 435810 480169 513339 562445 522297 481209 494771 
461192 482970 507771 481371 502261 468692 461823 486509 490067 525613 552950 515440 512515 520228 465606 523551 468704 508002 469044 506016 483429 516801 521279 485095 518039 478043 469385 488773 486885 462313 499814 498165 508294 513149 509341 509176 538981 509800 493906 505100 468509 507280 489209 472516 496730 521434 541712 526361 495739 459123 494849 469857 494160 496244 478885 481527 452848 485366 496289 510204 447308 476021 495883 515049 495098 471176 537827 452979 534773 555522 516199 521802 471478 514696 502504 498340 552041 485281 518943 486124 497090 516943 457149 519503 473088 487490 534286 516690 462691 477098 478561 480379 469208 535779 525387 510288 537912 491806 537604 518949 492289 482564 534289 497137 495952 493956 514562 447542 490929 466269 512324 513802 475121 508532 505226 484097 507482 497298 505643 445630 486413 505814 504648 491422 534494 514419 501682 500469 515121 488036 522659 497388 500691 504360 512008 513025 466619 517914 510627 504601 485931 525443 495659 509695 475607 463696 515470 512401 465547 521248 471727 473192 443494 547285 477053 501697 474110 516769 490680 479745 526679 473024 538531 505941 517905 481853 458937 513760 448773 488632 519591 522318 490885 477723 526756 529673 518496 474700 488154 552437 485591 476790 509187 517569 497196 500841 526831 523918 513243 497680 501960 493394 523632 404199 481630 481465 529871 502134 479740 466299 
482428 479509 508310 454316 464365 483118 453823 485112 467596 513972 550972 525102 512964 513109 484151 539506 461344 507664 465325 512609 462683 516027 521365 485002 516378 474915 480614 492993 501949 454229 469044 502629 500589 503530 500273 508067 528430 495167 488835 493559 442630 519482 497541 498950 491749 520768 539911 515371 503298 487723 484209 484736 478535 476571 478156 480405 486006 479665 483273 526683 465302 500414 496677 475389 516880 442980 555163 464103 515512 532755 514618 495706 484737 513003 522047 498880 539369 499838 515484 450221 503657 496082 471573 510764 478236 514090 537130 543519 513901 487472 503795 497760 480025 532704 518012 491930 528163 498764 500161 533569 478425 464289 526798 501372 479116 488781 511142 468643 486845 472727 493803 499326 504767 508058 532571 496356 483534 488129 474372 451748 495285 500305 510392 514992 523880 508042 511481 506443 499762 485084 530346 474589 530678 499738 480134 507002 473256 495851 526317 488146 484019 533654 499406 509395 463282 487972 514156 512281 472127 518446 499947 492705 448894 519126 470305 489152 470001 510278 498077 468616 530180 487844 530679 497963 516301 481585 473071 532358 469832 489100 493181 528010 486202 501334 517685 510632 529457 506359 505269 544832 486488 507780 522132 517434 499863 503189 510347 537377 517452 499345 517393 501294 516253 426780 466517 495839 542997 500171 475559 479452 
462016 507255 511586 478149 482555 474212 452026 503672 485729 521068 534858 540628 508658 514377 492539 543837 486179 503672 461918 519508 489010 509459 533280 493594 535312 488909 475420 517467 492548 477459 480654 493991 525696 529272 494791 495263 521515 517322 517974 529028 496069 525816 478935 505231 483434 529778 530230 515490 485728 486485 494376 479078 491124 482403 471576 470483 478395 495351 517740 522653 474537 485362 480847 518105 533035 461544 532719 516558 523267 544556 502207 496069 503708 517230 538914 472600 555429 493800 532207 486770 507917 505002 465992 523718 506883 520396 520074 557611 498433 457749 507570 504994 487404 547640 539025 473465 561903 496572 522721 551209 483721 471749 533536 505345 505585 501262 548682 443833 500858 491658 504558 528598 495754 519404 535669 483508 481721 494322 505913 516992 492637 531203 518577 512956 548112 524192 509104 542230 533024 521101 518905 511225 524155 501951 501425 506213 482159 510261 514564 517329 478844 525582 516392 519309 439949 491747 513911 525622 498457 531556 511621 503327 461045 542057 465303 496687 490264 533419 536946 511779 527052 498779 522031 515209 517986 484725 475997 537639 496185 499047 513491 538751 497061 479155 545844 524155 524508 506828 526659 532352 513149 487304 533899 544648 500060 475719 521869 546073 512886 498968 528432 530869 505558 435276 495372 469663 551115 515743 468677 504286 
465266 468007 493246 460385 465436 449205 429797 481691 456173 502265 512434 499269 475971 492379 473834 525052 453171 482512 440521 473540 446132 506689 480455 472274 477816 437783 461800 489391 435974 430582 449210 481261 487535 481347 462209 497701 480782 458598 490622 472699 465236 502472 482336 460534 485942 488090 492342 497194 489122 452544 453666 470469 461285 439173 451993 441898 439161 456469 489970 493341 441724 473259 446374 484215 496187 432785 521309 446374 510844 526167 469886 466539 453911 490916 487827 460623 504216 460253 482050 425579 473938 488336 460722 481560 465666 476158 518302 491317 458971 456513 476269 480159 475894 507698 512394 477908 501518 458600 489238 483855 481088 446383 481986 448296 457168 462203 495314 447066 457429 449935 470540 498109 465526 466526 496988 449842 473288 455651 455414 447900 458272 489260 476681 476286 488350 480567 479852 484996 465713 481009 481481 492116 482968 483941 458411 472537 443540 477259 485436 470764 466594 500695 486573 488074 430475 440006 486934 477461 466780 490770 466101 477612 417399 508156 448703 478132 460419 485275 477909 472281 498497 472131 501743 479910 491923 470526 443207 485965 457082 479011 495224 540474 480733 450802 509270 504698 511791 446421 494319 514950 478361 459852 509009 510350 477245 474737 508296 504626 487019 459474 508221 461316 485529 398453 450300 475260 507695 479581 446008 458708 
438414 482124 483980 440210 450789 416185 418506 477116 469379 507894 494083 491753 476182 496566 454374 508005 428656 479680 415136 488231 445170 493309 460962 459482 482491 442618 449714 485329 452645 451909 454601 437211 457508 486876 466486 472353 473740 490913 490904 478177 453625 473731 445097 453291 489746 478634 503700 455037 471124 452475 448868 444910 467621 441976 435961 457714 450489 464572 462940 485245 454386 426828 443341 490572 490258 453629 509335 429330 481812 527159 463240 473054 453158 487962 482707 455390 515459 460268 467218 422146 464122 467936 436945 474007 474832 466195 508237 483440 465329 415956 456828 472416 459885 491644 497999 469641 502343 472204 493364 489827 467813 451700 492879 478086 461764 460125 514394 420826 458098 456554 447127 474604 454839 476588 489929 463885 445672 445395 467954 439413 465260 483830 481386 485251 501135 482035 469398 483765 463258 465431 478966 459362 466735 502079 477678 490340 434693 458506 472693 453750 429989 515159 457406 457568 423499 449304 466976 490808 472625 494077 469852 472997 409256 512361 455095 488918 447889 494049 469794 444441 490073 469997 507485 477177 491658 439633 458138 491477 447954 469354 477679 491505 473725 452849 510319 483647 477179 453321 488986 522358 470605 487135 505186 481579 449880 441216 479775 494431 498127 478871 485888 474943 476961 405011 454935 457593 491620 497465 444585 455261 
465995 471164 488932 457888 488118 454784 433029 488014 450281 525552 510127 507801 505911 491332 452864 514563 452825 495860 445998 500741 458856 512455 505458 502635 503220 467634 457725 500747 475806 457349 494513 481346 492807 489049 473785 498122 477096 484552 501252 484827 481618 499769 482181 484436 467042 505498 516895 507069 461094 477194 467095 485940 480154 470807 465858 491174 445148 465603 487718 506038 461034 468145 464899 512003 504329 442957 535952 475469 502540 541022 494711 488561 469207 505137 503951 483816 553707 475901 494966 445434 473463 485501 438197 492995 485453 511546 503861 501565 472123 453103 480625 483889 463220 528565 510913 489262 480490 488943 514386 525073 476183 451898 526717 475226 490375 479325 504559 436710 468262 488144 487446 493184 466642 487370 489847 474175 459700 474204 474475 456985 469491 510527 487907 510186 488877 518351 498628 495606 491891 481060 472591 477375 498729 498542 488369 518392 457400 487587 482035 502044 478593 510245 499344 489093 449769 465463 497293 486301 477949 520818 463899 500226 440266 526047 448057 489789 454046 505478 457339 463458 528050 501519 526063 472478 506143 469720 450797 494860 450161 495246 504856 509971 510029 441849 494312 496574 503450 487510 513126 514511 480009 482433 500242 513751 486914 461932 508832 518590 504848 483361 509783 500924 514753 419041 467976 467987 515315 488991 466913 483253 
511792 522277 535097 502211 521119 469950 487042 540884 511852 590455 578828 559795 536063 554817 500622 576748 515447 533286 490379 552270 540202 537711 559594 550058 577703 499316 507957 528153 520807 509579 512576 555332 538236 546447 534406 556066 559716 531604 569972 551990 532822 547229 507508 522645 516709 531626 573929 553560 529599 516359 538662 510013 514299 529971 507629 528332 508987 517036 534839 554951 502539 516746 521299 543351 538781 498120 590934 518055 522506 576500 525071 539655 509187 532897 559493 514435 580033 522053 560272 505282 515901 526774 486190 529084 538372 549173 572088 565383 525758 495149 545382 525695 546734 576189 575952 527715 553679 528718 557669 565722 522439 498427 564345 532283 520170 528625 551058 479420 533851 523295 524868 536919 538977 547530 549759 497680 494320 514067 533511 502368 538123 569605 542529 550201 551511 553793 544714 550196 549404 527665 545861 528876 538033 540349 516898 561316 496032 522758 529101 542192 513598 564573 539444 538082 486830 524710 553020 554033 522080 545197 530218 544967 475938 575399 514388 536689 534327 566058 550333 505992 553426 553017 572795 541063 567889 511680 495099 558868 524825 522529 542353 592941 538085 525220 577480 559491 561751 511748 547852 586097 530250 531642 555932 562149 550382 525470 561187 568164 564112 543543 559438 535649 545343 469306 520822 520851 554166 529164 502613 534031 
467103 463528 473076 484368 452650 441761 439213 507304 458683 506742 519390 507925 499739 494918 451742 500449 450200 493905 418068 486723 466636 514563 490234 458756 494789 461870 443505 493881 464962 470974 433764 453147 487473 491462 471015 475064 488729 479705 501569 487332 452809 488819 460728 449587 470737 513708 520118 505342 472463 454398 438806 477710 452120 454301 446760 465623 468052 473568 474991 495680 438696 455975 456362 493549 489219 427910 527631 458743 501258 513111 458805 471638 451040 479445 487199 469943 506695 479154 511152 438456 477519 490246 443798 489081 456155 466016 512356 517690 473807 456119 485897 521667 470144 498727 509725 463322 511721 464042 487858 507586 472866 457490 473918 490836 486606 478719 488958 458772 453996 462047 458410 469148 488680 477681 499851 453082 456376 450049 444559 439536 466195 493425 480441 487593 514610 497363 498699 505857 505052 486369 497714 484487 489814 474709 472079 489976 456331 505279 498837 488570 467644 488476 498961 484664 439283 462333 471674 471740 465452 473363 493802 488708 411915 516488 460221 485775 457273 497924 473069 473465 505091 476251 489966 496467 510223 485768 444144 508428 496213 467393 461123 509429 464894 477389 502954 474654 493609 484246 499746 518419 475424 479970 493928 504468 470073 452933 499879 489714 504843 490514 486088 487160 490321 425854 451717 476896 526858 476937 450385 482720 
429932 459788 457734 438995 446107 414902 416078 479022 465349 510335 517231 480143 484122 487340 432621 483991 435962 468490 427846 473356 461849 482919 477080 458467 486913 449039 447419 462784 457638 455527 455669 453793 474229 456589 453256 485551 494818 472917 465397 458539 469372 460718 471921 464369 452047 478209 483969 481316 444520 446853 441661 442073 460221 425419 447673 444701 454169 456094 464444 477527 457918 458563 449531 498992 470778 454590 506660 443061 485827 514052 455082 460062 444478 469844 488772 445021 506210 457034 483107 432332 457502 463013 437812 464154 455176 478320 507335 494429 468150 424636 479535 449483 452944 508763 504529 469752 498540 436054 469353 479722 446571 439031 503118 475293 460139 503264 479165 413931 471983 445776 471624 472989 471543 469191 494337 457701 444458 437176 481190 441133 459746 506271 485965 491704 486321 470559 489498 471439 495538 466056 477500 455446 492818 457802 465850 478718 441667 484535 462628 467322 456498 499675 485853 468726 438390 441401 478188 475947 435778 484015 439316 467480 421327 487251 436320 483851 442045 466764 494035 446617 502010 481681 505743 481966 480429 451389 450794 492013 438052 481107 473581 483382 457686 438447 506328 470917 505414 446934 460242 522766 458091 464124 478264 485028 467524 457127 491221 488071 480493 463072 491324 475936 468767 395780 455408 436938 492361 474857 470600 453313 
519088 517467 547007 507420 512746 516355 494341 544039 505655 561964 564484 570129 557227 520470 509430 577091 495242 555883 504055 544377 512457 566496 542544 545379 540450 493392 504909 551885 505592 508350 478077 520604 519044 537470 551457 545359 564257 526369 546451 507996 496226 526792 548415 513441 556597 556696 576839 558370 552243 532484 512054 527044 525860 513355 509530 498127 503940 515824 552752 563358 503290 527084 513746 559872 558125 501945 602186 515123 553168 577638 533000 530516 508336 571107 559031 508793 579601 538491 553713 520084 527912 531354 493387 553382 540296 561995 579936 566462 522425 527934 563709 529567 518154 571146 568303 517230 569346 541143 543633 570893 530211 508599 540277 534505 517832 534644 577662 476306 524869 509063 533498 527842 516285 556947 539520 498924 491295 508947 543297 502831 539570 567707 551313 533697 556358 568352 553255 550229 556789 555382 545777 543948 531156 561047 530042 549270 525303 524856 548315 526333 513434 556341 558940 544304 495089 490106 549814 553814 540095 555225 521559 542718 484384 579670 517244 537091 548732 555760 554827 536395 556263 527042 553799 546018 547409 529998 534414 574743 523805 542850 563368 580833 524701 527391 574747 537893 553655 517883 573466 572957 550002 534962 563134 553626 540142 507472 557545 575052 555424 520295 583392 556721 550385 460684 534177 552226 590770 543832 502432 522517 
471730 466831 482205 470806 478742 443607 446537 518616 467043 506687 545849 488441 504572 519592 466788 523752 460661 497717 442557 490491 469111 513606 512379 491693 498785 477677 447991 482508 469828 486674 481543 484855 503931 493094 480461 535557 508300 488670 506174 477531 464644 497128 468180 470754 461805 481051 513999 517287 474922 472132 477893 453445 483529 473128 454029 483396 481017 474169 489761 501540 460116 466743 466413 504660 478551 441604 545740 467504 495983 514380 476575 478602 449527 498838 511334 452220 534880 470048 510238 462690 467628 486306 470954 491497 466583 503399 534766 512368 475667 476408 494866 502117 467097 548393 537748 507221 511701 452958 504648 522560 492311 451166 528628 484713 470486 489528 507029 482785 453638 463705 472631 513128 484176 496916 490983 466178 468110 466239 481313 459247 460707 519154 482544 507453 501886 498312 499795 508916 516177 501260 498474 486894 481337 489667 515024 504850 469077 474965 509705 478326 451601 486348 481147 499524 473206 463675 518627 497228 483751 483645 476926 479150 438665 528126 462472 483548 455958 482569 480639 477027 503688 516736 516377 484756 506584 496195 442445 486570 463833 498619 478788 510764 474701 465605 517180 504840 515804 483667 530363 531921 479428 481666 507756 513735 497347 489049 513144 513527 511801 473523 516822 469168 503825 425068 475458 498082 519038 505162 479892 470310 
439870 432025 456597 434138 444218 428507 406262 451896 442249 466530 484652 455186 486247 450646 433646 468279 431707 462418 410379 457376 406642 479485 466131 452155 451689 451779 449968 457749 440599 412510 447351 457058 452998 459339 452745 488546 474165 470026 473924 458986 422972 481243 444540 433498 454508 472085 478473 463076 440191 438075 427208 441092 430784 426379 430430 434092 421020 439374 464921 483411 423556 412800 435094 471629 459673 418336 481703 433590 468879 504888 439528 438009 426522 437783 459465 415376 468770 456704 466500 405041 448554 480528 410245 450097 437235 469423 479006 484124 440573 406592 448000 439252 429748 494195 496592 436207 481176 435338 470584 483397 453114 434338 473169 469418 436100 449416 460377 412805 443418 443968 444946 456551 443676 460265 460934 450520 438577 430103 456204 429812 440648 476090 454183 454043 500438 464929 452125 452901 469339 441652 467440 451063 472378 466280 473300 444127 410798 443087 454914 445614 463758 490953 451857 437174 429133 446341 479856 466141 421409 473844 434496 462482 405248 475155 423199 469974 431640 456943 452491 438502 473710 451983 491926 447907 448712 434855 429641 461349 431440 452201 472348 477402 459367 441451 458301 467560 478371 440051 452919 469013 418145 442447 472126 472957 473302 444940 482188 484739 448669 440652 462594 460158 463001 397007 408731 422567 488795 449789 434338 432986 
446345 490293 495904 478487 471713 443125 467257 499921 464410 512456 527896 497868 503585 513029 473472 531043 465657 502864 460002 497522 484858 545806 507837 491485 506960 465639 462404 481390 487225 468876 472775 473874 513527 506042 495888 509262 490532 515649 523280 515340 467051 495098 464238 469794 487066 529422 537386 522209 481881 462513 474736 460982 493561 468974 447120 486928 468187 479760 467769 482717 460986 475874 476229 498600 512979 467063 510158 469404 520671 518654 494699 492610 473175 504834 511957 450986 545146 479437 528477 452178 509855 497650 477395 515367 480867 499373 542069 524344 469168 457672 510158 518311 470560 505810 540163 468575 510656 468227 488409 531995 498534 496107 487654 498695 474173 512072 507436 438097 460130 479567 496625 510976 495667 474345 501255 495726 454024 484550 503048 468507 501632 520318 499841 505567 526589 519019 524356 494765 485828 495730 496353 513056 494891 514785 492105 489948 476497 504502 502025 497753 471673 509717 519793 500707 445571 452550 490642 515104 467211 498285 473168 524816 441045 522194 487730 490582 466921 517615 478696 484655 509409 476114 542326 495835 521780 484101 497719 508783 465280 491591 508822 513150 471441 497037 532860 492260 493691 477832 503753 576558 517635 495479 521302 521408 513508 481771 515977 521460 491641 488160 516086 490937 496832 426954 454413 488722 532529 518824 471144 489533 
434552 471592 452238 448134 467579 422712 425660 475373 456557 505998 530807 491850 495569 495889 444450 498916 441742 478433 424698 467928 455092 483414 502308 483497 503183 447725 441307 466755 444738 453498 470780 458977 483652 502122 472534 490132 491569 475963 464132 452706 454727 475758 465001 445453 458632 467368 510969 486299 456087 437512 456656 444556 455996 477760 456933 462832 438925 458395 463648 484207 420952 465752 452935 478679 471115 419621 506029 452779 494380 506250 463939 479649 441085 504057 488131 446433 518899 478358 483568 457550 448787 468491 441751 453807 442827 461596 501356 508359 429501 440017 447618 484206 444306 499907 510709 461158 476634 445757 474760 493416 436643 448919 493606 476112 466947 449689 479936 435907 457520 458160 458876 480654 440034 462154 454933 443779 437470 467120 458329 421380 460029 487919 490561 465868 504195 482932 480448 494792 479647 451390 480499 450246 476287 479251 460058 468204 436172 479242 483145 468758 419913 487681 484300 440836 431952 452020 468535 502542 459207 477678 456026 479825 416762 526866 464075 472306 443575 481071 475028 445034 494440 458846 496722 466545 479083 451696 423357 497451 458567 464136 476374 488831 461679 439219 519028 491199 485388 465536 493892 513824 462282 467055 493338 494802 473521 450737 473219 493312 498692 479742 477006 489112 485741 410494 447799 444418 494659 494397 440221 448486 
459495 468056 465160 452453 458624 463142 429812 489968 445860 518339 521744 496597 498098 478780 455770 530659 455041 493520 452333 476423 446456 485590 502782 481351 485444 461128 466310 471434 451111 459792 455591 492782 488417 499539 477938 495636 504450 479297 480348 489994 465916 497071 477449 483805 479510 484834 530692 510687 470189 446172 472388 450903 456808 463525 459442 437556 467395 453522 476807 477727 452884 462580 477584 478794 486467 430364 515252 455863 488429 518951 476700 480479 444393 501206 485099 461564 535387 469727 502091 461430 484967 497875 454760 471238 460783 481033 522725 491514 455239 454290 472214 493394 478677 491200 517229 482116 516967 484211 487059 509928 471457 441908 504078 466354 462047 477962 493375 420619 477598 452581 467401 487330 471260 485603 493715 451272 469264 481876 474722 450048 478376 497624 482645 497572 519383 497861 482148 495329 475017 477398 495701 479801 497450 485632 479052 488656 463383 473433 477543 459527 483124 518201 496091 470814 434206 462814 482021 514624 470064 517897 464407 475476 428826 515470 463650 486786 450233 499229 488085 480647 500245 470681 500003 455945 500858 464682 461745 509848 461100 478091 491305 516591 462949 457708 538683 501462 522863 438737 486595 512457 490177 463951 514091 485485 518343 477354 503173 512472 487693 485630 507774 486522 472062 411445 449680 480857 523074 489838 451805 478087 
461702 462822 466413 472871 477171 424074 445068 483830 476762 528661 524489 475722 500037 501719 446818 503860 469377 494938 463441 483417 449431 530340 487008 488779 505518 457980 480390 458874 470733 455084 456371 491724 489040 518204 489165 502882 515063 480727 485316 483005 470174 494004 477235 494099 473398 498426 509900 491370 471818 463753 463983 470453 448955 467671 469312 457026 455996 488157 478651 497111 480302 454211 464559 493792 481401 432321 523571 452411 486436 533249 461976 452631 461540 505336 516545 457695 513927 455204 494977 430140 456387 490815 440210 500695 470259 482012 525253 502395 444166 443232 488520 466127 475996 522750 505679 460731 504077 443490 478047 530031 495666 463013 519189 480683 471620 496137 502406 428571 463730 462024 493133 499859 480293 493591 509903 463637 470676 453693 476378 454238 481897 506248 483329 476184 518376 494581 486960 496916 495007 472567 498499 469254 469933 497849 473468 466626 435277 477661 476195 486240 456626 522950 486700 479914 461610 435017 511592 509330 455571 497888 465347 498298 421676 513530 459038 514205 449400 501144 493793 475327 492244 474726 506474 465616 514645 460775 449687 478435 446594 457250 505630 530991 509669 458109 521668 496201 522933 454603 481080 529886 462294 487108 498583 490003 478589 460420 515365 522397 482525 465782 478378 498842 470057 421027 453532 471239 502396 488742 466240 486851 
480257 497036 517911 464126 472783 455245 481257 514769 482021 516776 557920 527096 516913 502409 477989 548025 460703 516597 446260 496996 455378 524906 517887 497441 523894 480014 483374 537617 495143 475849 469309 497692 519200 517193 508131 512663 514427 515600 514077 502993 474334 518018 491607 504446 499065 507834 538230 484152 490550 462563 490826 482844 453335 489775 464232 469495 465628 479939 499609 526949 461704 470118 489216 524433 526375 457909 523787 464010 499873 535998 505033 475016 495212 533283 535961 475215 549733 493164 493586 467236 496980 494023 476237 508460 511825 499546 540139 534561 502183 464488 516573 489317 494905 533301 513163 485917 534220 496213 526264 543219 483135 468768 522967 529785 501911 488754 531849 469300 489552 482385 495446 495514 490162 525242 518163 493836 479033 478362 518565 477519 473476 512030 497666 504471 531922 504155 496438 535774 504493 503257 498415 497463 507635 499660 486021 512312 480950 491979 488556 513025 467959 516047 496490 514478 456415 463168 530794 500148 486954 490350 498210 504833 457257 534015 480238 505537 484604 535728 526314 500472 535339 494438 543614 490781 530119 475562 458988 525043 475886 494428 496995 527750 492426 487056 538374 530652 533599 482819 498777 561855 517850 497021 524072 518514 494266 478645 534488 526765 520422 511475 514249 506976 508228 435915 469319 495488 526729 513743 458077 484375 
504906 527456 520499 521460 530799 491403 495050 561768 516087 583806 591329 538838 533326 558052 493972 592459 507912 545679 509505 551122 499052 587127 554311 530730 556628 515113 512832 542587 517447 500948 522720 519888 555293 554875 520476 537076 551193 525902 544645 522175 508603 548749 526120 520611 543985 546933 573237 555340 517255 495796 517863 520438 496701 502170 484634 534157 513492 513357 544647 553874 512094 501389 496371 549667 553100 469843 598868 526018 551365 573447 539716 511482 541229 542881 576113 502860 581622 545239 535578 503600 541088 526283 508692 541048 532723 553626 575119 570489 513566 515158 539892 549020 514156 576385 570679 531074 583988 512591 550813 569161 545206 517688 552241 521130 503144 529734 580082 493597 519336 515176 529357 543474 545475 538110 575922 520008 508413 516885 555770 504066 532253 536839 558730 557244 555635 562291 554344 558749 540707 521687 539457 524114 515251 535322 524209 535540 508074 557333 530263 539841 522030 555143 547019 550273 484805 519657 539976 534930 522741 552150 546639 557340 468858 587685 524099 549165 508681 540423 546888 502081 558034 526334 595059 529334 552885 521700 515388 543041 524722 532498 526841 554311 520887 518565 565756 558777 566114 538418 549277 591601 536667 541008 582073 566323 523891 480453 562945 583062 552964 557460 551900 545491 554100 463445 504318 514704 589105 543792 500854 497847 
422126 466866 463673 441850 451998 385710 421764 480981 452565 506603 522463 482905 484682 494960 435605 517125 410261 473655 430153 483943 438824 483906 479155 453274 486986 424809 449065 462293 435343 448078 450235 442385 462348 468485 458380 470951 464688 471849 491486 461230 449570 480648 463002 443175 470737 466961 488099 468091 463429 438726 451534 446467 461755 435026 442507 463834 444124 459860 465970 479560 439000 449258 456461 509787 501144 422621 525350 444636 477941 517890 446298 490119 464262 462117 454333 461860 511084 466439 480684 429786 481698 440733 441984 483998 462721 472312 529401 497681 443556 427724 450119 470080 457939 510628 487560 473531 499582 454304 476991 514168 461096 448902 484095 459152 482210 461683 501518 433383 451210 470386 460460 489121 459825 458400 472478 447194 436351 451942 478316 428382 446499 477224 484642 470813 501376 487861 478988 492511 473763 444289 477266 460978 452450 481680 466948 476534 434889 482674 479623 462044 426139 499183 456629 454968 427735 428113 471857 485682 467583 489267 451050 489492 398788 506974 459754 466553 455814 491162 463335 464181 479439 442736 498922 459520 485228 430659 449236 481775 460099 461251 468740 501997 467884 420266 504121 468533 470442 455064 471301 524197 472927 471497 505950 466640 496028 451736 479582 505715 512096 487041 464270 476218 477160 384953 439685 440026 477135 481504 428820 467001 
497346 497220 504899 509824 485714 465476 459768 538270 496217 532824 565869 512409 523587 535464 460251 541776 475299 508822 455657 531547 515963 534866 536946 534630 527058 491517 487747 513254 486642 498576 494792 516826 509462 494397 509826 533419 529627 522848 517585 518849 506860 521676 496586 502085 520958 517332 537956 522932 512801 481188 507433 492223 499354 479194 508196 505972 506610 501811 518295 524368 472804 479978 500731 528499 516684 462804 565243 477426 522046 545900 513174 517710 488347 522282 539644 479887 557914 520799 526167 497348 495596 513512 474764 503518 489573 529318 546752 552123 505571 486995 518439 523832 487627 548728 552197 503990 544315 489709 538976 538440 513044 488450 536792 497452 505255 494240 510048 481008 503926 482191 524324 508311 509722 538607 499303 482715 492824 498953 493102 484001 504029 528396 520435 543346 526935 539293 524488 525518 514675 506794 547330 505865 532500 503534 515290 541594 493746 510858 526530 510503 486706 534656 518965 514812 481104 508705 524898 535199 505819 528226 501800 528604 476893 530416 477347 533421 503117 527458 508119 480965 551483 520805 540370 504796 519111 501399 472181 523863 488006 524273 499583 533902 492164 500545 550508 536365 530634 505975 513302 573429 495673 520219 533841 536663 528068 514701 537223 538772 545740 509877 532884 513622 506764 428338 492100 475477 560834 508130 472822 519947 
490536 478496 491348 489387 485502 446123 429297 516418 478996 518412 550474 532963 514356 515223 456481 552138 463862 489378 466933 507349 480719 528544 513625 491269 522535 490596 479957 506951 476711 458577 480327 476532 472496 500859 487432 543305 506124 511162 521928 502901 492812 474010 483789 475250 494068 522936 531929 509692 495821 493298 477068 475124 487184 473160 464859 488376 478317 483424 504740 526258 463715 492927 482711 480814 532744 456298 553609 463754 518046 554175 482531 489672 501000 511842 500155 471777 560778 469816 528682 463957 505248 519526 441212 527665 481400 486892 542298 510315 491361 464728 492568 491281 508765 550974 518662 511964 543074 489832 494076 541616 475054 471396 539472 500292 480613 484350 528798 453690 501417 474660 485570 502681 494798 508916 498941 479324 469407 482861 503011 470677 471826 530761 496836 530004 509729 520844 502480 527591 516036 503889 495736 481580 492392 510898 482993 495877 458506 498480 504191 508779 483711 529183 490885 516493 471786 466431 497917 524438 492718 515354 500506 505437 450734 536475 483852 495653 479928 540223 497236 485011 539848 489248 528211 521675 499553 467919 481654 542890 466453 503663 509094 536495 525390 494587 524032 520739 519871 526494 492084 546972 489601 503632 521644 499740 472747 472865 503323 540815 524309 506765 486513 516640 499974 427510 488807 479323 544703 509629 478111 470571 
471866 477963 492036 473782 471785 463646 446352 508803 454747 518791 534005 497222 514893 490603 460176 532245 474494 484171 477413 496262 447726 536066 480680 496777 485246 482713 462750 488951 487143 454053 473583 498194 496784 465946 497407 528355 502368 491185 495179 498924 489158 500341 509367 487203 487173 535663 543264 515287 484106 482291 470536 488651 466992 476604 465204 488512 473888 494940 486192 511965 486703 458001 474777 512595 508573 447317 548174 478960 512466 539215 495616 469791 485995 513530 499989 477220 575871 476555 505285 452016 475109 488478 453357 504915 495917 522800 538245 522226 467621 438231 494297 502794 486387 522905 507055 481659 530327 489810 505990 538718 476074 469455 512869 491578 458660 486496 526472 461785 474961 478015 497246 520205 481406 500857 522046 455312 461973 483893 503972 446126 478579 519359 512328 520717 515286 502053 521036 502879 502232 477300 502050 497673 497865 486289 479091 502363 484452 486257 499719 504502 498668 510640 492494 488950 457588 478504 503214 498206 476247 515651 491564 492207 437976 524264 461185 516578 459342 524787 483632 483168 504204 485552 520592 487602 520784 491570 454465 498547 474918 498972 493171 540144 486594 480279 516370 491427 523329 491179 512365 556556 484444 481518 517093 511431 515351 460476 531789 522576 508643 497967 503738 498185 511089 441872 454566 488391 534247 487130 475408 510366 
496060 527175 535227 494377 518341 481663 492509 545817 503851 555783 585381 552067 553991 551307 502424 586661 494964 535384 494107 545210 503677 570240 549233 538646 561505 505732 510462 541219 523932 500854 520165 539891 533747 549855 523275 550835 569129 547879 548857 529992 523729 531459 504400 552500 531150 580607 575438 552086 525691 503406 510012 526273 527827 516226 536082 511773 530902 538653 546352 525222 506829 508696 515640 557815 564685 487930 584744 488804 563705 570560 534967 536170 526631 554573 543614 528041 578398 512682 553980 512760 535410 536248 509166 544078 546915 522685 591194 566417 528735 483141 567198 541312 533103 560921 558299 528790 583681 532452 538524 578895 526029 508860 564577 541659 533610 527374 550143 501027 504941 517741 550115 544006 510521 529578 545066 524471 506169 525248 553514 503885 545867 561957 548861 540500 561082 537692 554143 551396 522072 554075 563569 513361 558752 531807 544281 552276 519889 534506 537665 550002 535960 569394 530402 530879 505582 499595 531202 536838 527468 547236 515033 537738 475072 570796 513602 534087 508055 571727 536213 500235 561822 549322 577509 517925 549540 513691 514019 541109 506374 529600 532689 576068 527066 513511 579029 537802 567773 531004 548164 605214 549450 539550 578120 552515 536771 519693 537422 583434 582154 541826 549119 531880 553338 450418 507233 524441 592866 545570 508439 538941 
445927 476564 477881 440877 456383 430565 456879 499500 467259 503954 525755 480986 501126 495813 461448 503407 443682 482731 441437 482964 444555 511936 489575 496250 481097 439055 446166 483343 456122 465338 439504 468275 504738 503107 481606 491291 479565 464448 491192 462744 464203 483019 467533 496503 466098 494811 509607 473295 450234 453413 468590 449036 474859 457250 468428 460731 460827 481890 508882 506505 458806 468824 467568 479817 507325 442328 523849 444205 499696 538082 459499 472447 446390 483085 505623 462785 547084 460831 480438 423686 459091 519085 445147 444372 465982 491025 522015 487280 463093 447580 477775 489843 478843 499566 502258 467180 504789 470791 467280 503182 474389 428658 503558 507502 454227 467731 494330 427790 466474 454311 475698 481987 475814 501121 472912 449348 465957 449768 501495 429896 476236 488867 491569 473280 499563 481785 474644 487041 486968 486353 496395 463054 482433 474858 482286 486256 459728 465554 471198 450967 464342 500636 486459 477841 418609 439336 494853 486398 465463 468879 459404 506332 414243 504271 464525 505161 458584 492306 485934 452999 510248 482468 510016 485935 495568 460169 452829 509441 435887 474859 483929 485894 477583 464591 529078 486934 510440 469634 479750 500463 479706 469167 503968 492301 462301 459812 477129 501224 513404 500710 490374 491385 475959 398797 434845 488655 520093 513566 464772 450059 
465368 487033 491104 469242 451842 453107 428904 494713 468725 514261 512724 503278 494988 510382 442722 510576 454059 497844 431457 491186 472702 493780 505384 478001 511648 472101 469833 484444 477269 447450 462228 490927 503635 500801 454353 501901 489861 513851 503402 500325 476281 501234 466988 450120 483811 498789 510407 533665 474042 456688 476270 463452 462442 472961 458159 483324 466056 464361 481545 505850 453184 449671 472645 482375 499666 430744 533388 474598 512415 522670 469292 491464 469669 492243 477270 464108 536453 445201 505100 463651 459908 483464 432778 493107 472088 490239 516736 493151 468404 447932 492569 496095 463219 502938 504311 495909 520830 453259 487707 524381 474255 449877 512216 480166 484255 475668 491702 457493 486062 472150 482910 495693 464437 485951 497688 468704 457364 489319 482653 477920 461751 490819 489401 518479 503999 486103 489848 493422 498830 491586 490859 471715 501752 494571 463942 484005 447501 485984 488903 501175 462450 499541 498885 502313 437149 473517 484649 509142 460487 481350 487948 477912 418532 532419 457045 486388 447044 491873 496476 469036 533907 491773 490348 480448 517651 479811 445185 504048 470622 475675 482738 535321 471978 457787 512962 506787 516777 477988 509704 522906 491462 488811 501132 519084 496766 465177 525531 519628 520331 486397 491868 490637 495573 397764 490557 466055 489243 480424 462591 471428 
414515 448698 432014 436089 434097 411656 409161 458442 432242 470848 487839 448627 468123 453833 432071 481745 423493 450255 409066 455427 420631 481268 451074 449183 442446 419048 432976 457430 434709 445674 445910 467675 466385 452383 462569 483742 458007 457633 475385 453680 431585 465552 440432 445596 439344 438391 479757 465698 431027 443874 413460 436875 431175 450868 425773 442750 435846 442440 455181 452498 448540 415674 419706 466269 433009 415033 488515 422217 453404 477690 440845 430006 437732 461802 487730 453542 477405 444043 460672 409104 438929 420976 414272 474944 436208 449683 465113 472675 472615 410896 464275 439833 446318 489276 498047 443381 474915 428442 471049 493744 436817 434358 466620 422842 447888 439074 483581 421382 423156 435756 451162 471141 436474 466235 457230 441785 438519 439867 455888 427104 447030 487171 456438 459442 495375 446859 467589 451298 485169 446564 470607 459038 454104 452745 462539 452444 443241 455687 463370 453165 431531 456024 450598 441391 416442 424324 444286 436953 424899 460624 436158 477327 415282 481509 416293 444904 414399 465634 455652 425107 485400 457312 468718 437284 465985 420599 418198 469225 410594 425339 422270 479384 432145 432722 486261 452486 484534 424116 461166 494967 432302 450531 438779 451701 456741 439557 464923 476735 470285 460226 444191 451060 461869 393169 411794 406334 478019 461639 430209 449451 
493706 506569 523482 501292 500833 467726 462488 519837 484798 548872 567844 528478 535374 522526 475132 546806 468802 524170 475191 514339 496407 523843 542750 511656 540369 496490 495639 503507 483485 502237 502159 527574 507927 536160 527631 537378 534126 529636 508306 509087 513705 515516 496900 493645 521253 526485 536693 519923 475791 483604 500054 496030 484401 498084 510216 476582 473443 491410 516274 544991 469073 494490 484483 521571 535030 469146 564103 503280 535636 560103 497617 512610 493384 505172 515831 516356 524722 503607 526249 474487 496626 522983 477987 530267 487791 515448 543078 530675 483824 468524 514391 507575 505267 564385 531348 507250 556210 504235 506278 572384 491697 484277 541769 516632 508225 495438 524132 492135 514104 499491 515679 527570 491327 533104 522414 457041 487026 514920 519420 476058 519516 541802 539011 517495 534764 504404 517350 528798 545037 515020 533438 519693 512783 512433 503864 514540 479268 514788 511838 520060 508798 542463 514074 506938 461658 509821 533532 534810 508849 533196 485478 512524 445615 539218 474664 513218 496770 535303 520679 489858 554819 491501 560870 508233 535930 473637 474194 533578 481443 482563 511314 542315 515245 487510 556467 542302 537245 509308 518692 541811 517504 508156 521527 531114 522772 512003 522113 550919 531197 508956 504843 527945 511032 421751 481285 485078 543264 518739 478378 489144 
500002 507645 522558 502021 498039 447903 465468 511288 504596 570247 584650 521713 527451 553645 486361 556328 473577 527479 503138 488414 497353 538235 543939 496825 539959 499938 486590 501481 496240 504510 513964 503327 522152 547659 523088 549764 525656 530076 527862 512619 496850 511019 519775 509795 498219 532321 546901 542667 474428 497701 495349 468858 481755 514887 500771 459652 482387 490221 513612 517214 471349 518139 493829 533739 530739 483758 552813 494074 526187 544527 491573 505508 490799 518113 559314 488469 540808 509129 531300 484367 492207 515112 488192 527623 492071 515614 556439 565114 485388 485581 514232 521462 500227 568906 556273 516035 529658 508072 532603 565083 507942 482112 543435 504554 515950 523873 522903 481479 479531 506496 503444 525587 526193 525921 533592 486852 500645 500531 519020 462716 500133 535372 535345 521750 564216 537220 530854 533146 538735 520695 532970 524632 505493 508719 517353 541035 502192 503044 519836 506256 513287 533857 506509 511445 468673 481028 538469 534361 522900 531260 517786 512063 465230 557911 483719 531966 491771 511296 526266 523416 549689 510581 540956 509149 532160 465825 473956 524561 491550 508527 500892 549505 506541 484548 581363 520337 545476 510673 537499 572239 510666 513011 539706 522777 539235 481036 530943 568052 543055 498527 510273 507752 487654 438430 480711 501963 560787 517031 491657 517849 
508148 510611 527096 496742 520776 463156 454710 524896 510452 558285 588377 522625 549923 554880 484952 558111 476395 530482 464816 530582 505861 556118 536347 523494 543680 488713 493888 523268 498606 498437 499769 513375 524131 536692 501183 542229 541849 537176 542465 518660 495998 544265 513228 511858 492873 530504 569444 534743 498953 508144 480900 511390 503399 491935 478374 501319 483379 502526 526260 539523 484558 477173 475880 521423 532622 477158 577095 489972 534005 566537 502871 508358 489018 528226 554867 494749 547592 513265 519459 479837 508620 519538 474050 534464 519121 530484 551186 536539 520501 496689 548797 519891 515365 561693 546649 512109 556107 496058 555531 550964 512281 492445 541361 537085 525957 522062 531048 486412 505529 507204 533279 526422 528580 528965 539207 497221 490161 491971 516300 477513 502317 527520 538148 548083 559626 546208 540852 533193 524166 507513 533710 506469 514989 516692 511026 543086 511267 504164 539124 511920 504147 543482 503167 507874 478024 469355 536238 533045 526535 540384 514004 513184 475744 539000 483927 555335 505066 514451 524420 503330 551291 513282 554981 507474 535957 490231 491343 539127 480816 526893 517496 580431 534997 499137 546717 544212 551525 518487 520518 578259 531557 509794 557294 525741 515613 483380 547377 555341 542514 529487 554795 518533 536029 459598 495540 515535 559300 532162 487308 508051 
435892 478880 484618 435790 447101 432894 424211 463934 473382 520666 530695 521533 509572 496038 455225 515526 442920 496823 451024 481818 445908 499341 501562 499844 499908 461790 461322 495811 471393 452502 456676 476077 495005 488043 475883 493295 504610 478983 492835 489113 465695 507241 483119 483759 469189 492073 532177 506963 473684 466503 458339 476191 474668 471137 470945 477417 479397 460711 495560 514491 451047 455935 465660 497763 511069 452789 530685 462601 505934 526152 487991 483625 465456 483013 526584 469818 536652 484295 504780 451681 467565 477355 437305 486874 472374 500177 535975 499944 457387 475555 489120 484096 467900 495065 507858 477066 513828 462799 492100 525763 471851 442331 491366 480311 491649 479647 500263 445422 486233 473997 478570 482908 498992 482390 488870 469442 462752 484925 495596 449968 465769 510678 484438 514966 507175 500001 484848 521829 478656 458461 491293 460979 504177 476666 472249 488081 456506 488535 489023 472691 468942 511006 487063 476694 467950 466235 493371 490973 475646 494541 481290 501362 435271 504996 461961 497060 474000 495320 481696 444034 514081 511454 516284 485463 513995 460961 453193 508771 480274 490742 493943 540764 470248 460576 523327 484543 517762 478298 490599 525186 472104 493683 520399 512813 505714 476828 508178 532373 495802 467977 499115 501490 488517 411108 450606 453088 529016 482583 458658 489468 
457550 483225 471301 448929 462421 432558 434737 489483 463055 526192 531300 491715 498008 478909 441684 503271 446237 486462 438982 484255 472457 501984 511352 484624 501703 467063 454436 465610 463160 465788 469008 448984 496995 499733 472477 500034 481312 484004 512910 495809 459254 469112 464867 467763 489491 468521 520230 482944 478770 451430 457752 455589 475168 437582 421032 452304 451522 457750 479174 493965 451562 461051 444204 490302 504331 429424 531865 466802 480762 511138 475603 466637 439083 481426 498048 456354 522924 478148 493792 476025 473206 470626 447384 508610 470603 481250 501571 484188 455210 436151 470322 475255 457423 515655 508311 489535 524966 452110 479064 511138 459822 459136 468952 492578 466774 483271 495368 437315 441233 461190 484624 469185 464552 467136 501575 457058 445057 458005 475213 441276 446226 497462 500517 469796 481239 502814 477249 498753 477611 449089 481064 459416 468401 483992 462034 491748 476318 511268 489046 471147 451425 510349 487877 490507 445044 461506 495993 485512 471975 472977 465877 482180 428790 510342 450304 476382 446145 496123 498880 466857 499722 484983 501708 486905 501820 457731 457611 493814 458050 493799 483617 510959 474676 448291 494398 488776 508382 457473 499413 517617 482689 481603 520332 519559 480297 442229 489604 508195 495939 467381 482690 474878 509328 429132 454819 485192 523644 487648 454936 460737 
466977 461206 474772 476918 467634 408768 433295 483082 472169 517786 538506 499171 498884 503408 451485 513307 440925 491030 463359 483406 465075 498153 492998 479111 501185 443911 461020 482005 460889 471587 449331 481032 503010 476589 459142 506502 490306 479156 516173 506832 466424 501013 481521 467690 463615 485136 514035 467999 448899 462088 481437 453476 471940 477276 455450 468629 465213 466578 501002 493728 457547 444841 449570 518148 491105 453601 539647 476995 492177 536371 469906 486013 470487 499022 503594 462109 522681 495403 499222 458224 484625 462301 461613 517896 482014 484235 513171 520034 462266 451288 488037 491162 460249 502513 514953 474638 514500 469264 502417 518232 487883 476744 493058 479652 476999 480169 524003 442819 479440 489901 487971 506790 487836 498799 492868 462339 452792 488908 505858 423725 467298 522625 481055 493548 533012 481938 468180 492140 482484 476227 495279 494754 492568 488454 485608 490915 466307 473479 486688 462506 466070 499884 470988 473817 450577 462728 488946 497602 464921 479250 488990 490027 437994 519653 456525 476077 467753 504710 505164 469750 473534 485253 496454 476850 497590 447047 438711 508028 470887 465618 500553 519351 468577 471298 522255 496170 522379 464860 481549 535537 516538 494909 504880 495941 492458 468046 505310 516201 503415 474224 488476 483048 484818 433962 455481 455892 536588 485909 453589 470448 
463452 482399 478289 465056 456110 432277 437843 494196 469615 520116 529411 501798 513453 512035 444394 525455 459133 509823 448356 489578 466740 510927 505121 478430 513948 465368 467474 495896 476262 460746 471422 465432 492584 499055 488378 499499 486721 502001 515659 495803 460247 484843 475612 461491 479875 505248 518260 503456 466261 474531 470801 468881 477571 445877 462608 472658 469859 459302 481421 502481 449754 439348 463196 495927 518428 454782 495138 476633 503298 508526 482398 483778 481742 494527 508849 479831 534359 487937 485236 441791 483101 477626 460548 510246 484987 476585 512259 514787 483497 442054 498485 486486 488565 511686 527931 488366 517646 445104 483646 517892 482314 460952 507982 481029 481708 498356 497455 447179 469953 469189 494453 496243 496725 483012 493669 483167 423510 446445 489681 463989 448814 513186 499650 507846 515342 492730 492680 505554 524008 502942 469342 473280 507768 483706 462371 502953 461763 491310 482825 498749 464949 498161 499867 485412 438503 457359 500350 496034 478479 495191 492757 497602 440871 529412 460703 486077 463194 507714 495655 462564 521955 500734 507833 499539 509293 453703 449471 494598 464579 479519 497540 539085 476141 467106 506908 510930 514709 477831 484787 533240 484977 480882 490380 526698 463288 466595 490696 539946 512108 477109 492042 496126 473635 434386 455946 479263 504355 478767 478497 479331 
451138 480290 495169 453870 480689 455485 448016 509666 462060 505800 541103 483793 496354 496147 465013 535608 439443 487345 455151 488088 463037 495537 503006 491460 496172 458879 463934 478378 480088 449375 468540 500986 481310 510072 476712 514051 494702 505564 492710 471220 485703 506022 483716 452387 481513 501715 512170 480141 481238 458085 459453 470168 452141 466639 443997 459443 453111 480588 484733 502378 453338 454106 452579 481603 486152 439247 511980 459363 501969 512020 454134 468595 467693 492036 490798 463852 545275 467410 496936 449022 473922 483498 463601 488103 471036 482183 521637 496928 464547 460451 465422 487826 475623 513508 504334 463027 524886 476424 475304 517675 466698 459818 508059 468200 445726 486840 509041 444642 466239 470082 463336 506221 465678 486151 480191 463172 455677 451120 506021 453354 476992 492660 492961 477394 502365 483995 488003 477079 500104 473562 502481 483838 481830 473895 463201 492462 444081 495633 475795 502362 447785 510840 478558 458089 439244 469477 473615 494943 444675 495190 462823 494528 426021 536435 448902 482508 475730 495818 478542 449672 512894 467936 518635 471058 478742 466684 446048 499530 459313 469079 493394 517245 472623 475567 504509 484078 506852 455587 492875 526543 481773 472258 507980 504069 481245 456683 510976 489577 495453 484802 491677 476344 480348 408974 439091 489157 516845 490612 460065 455819 
483947 506572 497758 466632 484860 454387 443223 530803 484945 524962 546924 510363 506824 509839 478030 537097 447260 506811 466408 513803 489936 531060 518354 505052 504467 494038 475384 500939 494289 499010 486401 486002 495179 506796 503667 529839 509450 519402 521949 494335 462702 496819 489677 489734 505529 528561 535160 502409 491801 470023 495811 468622 495810 482890 475740 461727 481908 479044 511588 510083 461150 477675 499884 490325 527066 473044 511120 468596 504167 553205 489986 486646 497281 527220 527568 483799 539187 503358 504825 454193 485905 502406 471085 501218 492737 502802 522250 526335 481925 457531 505958 507312 497231 566558 552594 493486 530962 489412 499977 550848 502252 481474 509068 512817 493203 507194 505286 452467 475654 469595 503601 498838 486859 525807 505292 500201 458337 477770 504290 480634 492105 547019 511256 496923 515704 527369 506442 502418 515499 513913 491763 512442 519984 509092 505839 515121 481056 501452 495546 515190 488417 534491 502733 495441 466917 495413 514995 526570 479672 535354 484622 519217 455240 527399 473726 524445 498071 503030 477464 493574 517228 490565 517845 496127 526491 491779 454473 528124 461407 494139 508819 520596 511145 472086 541937 513053 509510 482248 512053 555271 504560 498324 514622 532387 500803 461108 518088 544523 513376 485143 493688 490403 493340 439211 484869 493914 520857 522718 471334 503519 
502954 518111 538270 499961 516057 481125 479963 532691 511494 555113 568581 540695 561466 528144 498420 568350 491319 555003 484468 499781 505175 562143 532824 524522 549951 491617 497734 527280 487753 517385 522424 514522 529754 542379 536191 542774 558272 536956 533209 521033 499940 532525 519852 503156 518369 539483 560262 522389 533583 527225 512756 513019 504814 508643 499161 505092 512362 517222 537458 565811 481608 528790 495077 562897 562667 488311 570838 524888 560362 567893 517705 524230 500105 546091 548744 520211 556237 535380 545578 494971 514852 509672 506608 558201 508273 529491 589785 567460 507958 499719 519736 516789 527490 574853 567857 526560 574113 530315 537147 569371 537378 509883 536156 529306 527655 529601 575697 514268 501100 487815 529918 540518 508348 529817 552355 514957 509560 500495 514136 484070 508870 540693 539458 534899 561234 534613 534213 543405 550744 546617 572250 520234 538322 541732 542790 553648 508475 536049 513098 538730 516655 555602 521454 530822 497140 513198 547955 531896 522917 533056 523843 530744 463021 575503 515215 531772 520590 556285 558018 525140 557981 533076 562502 538423 541797 504117 490836 546647 501870 524577 547072 564455 516081 516796 548118 553099 552270 530030 546274 560326 519987 535354 553051 554856 530750 532912 539282 586753 535323 527948 546500 548813 534488 447275 524945 518863 576326 502760 492702 520696 
447230 456735 467445 447363 463218 434953 440724 494163 467174 506595 527373 480065 472347 482689 453157 507270 441446 476790 428300 473253 460483 488520 505657 468407 473090 461147 463856 492289 455476 435334 474179 455610 467157 504152 501663 502509 488817 462878 492335 458536 457223 476332 457936 464372 480422 461075 502763 492173 476353 430460 465850 456992 463233 445118 443971 446593 446058 483188 486271 464660 432187 455184 456597 464008 493223 415804 527245 471773 465893 505640 447469 460042 451083 478801 481250 445669 513269 465393 493163 463162 467121 496311 433409 485555 454505 477908 502310 492595 440481 447064 503068 478709 452509 515298 508838 465615 508449 455204 492047 525007 451949 474440 499193 465509 461592 451612 503037 426734 466640 454282 472572 495368 478267 490076 488962 443925 451454 472279 483564 467999 462150 481364 467986 470690 502359 491287 502663 474377 473988 464264 483934 466847 478114 480920 449068 465710 442422 490986 478347 486178 446477 479184 467108 476653 430556 458684 483482 487534 455049 485457 451915 486525 407326 506630 448644 495714 453398 495108 481154 478052 500688 472356 508355 472878 489731 462175 447444 496306 456864 485571 458279 527120 472167 470425 497440 497123 489449 435581 477034 528346 482210 473525 491436 515426 483059 446909 487981 492800 480445 477414 467630 468988 512378 416688 445465 459649 515344 472574 428094 458597 
516347 517216 516384 496510 506402 479538 485440 534198 505765 552007 578117 559519 537245 538242 495354 577843 493374 520014 493600 527940 521333 550745 549239 517378 545016 510518 486883 543102 506152 492379 513914 513697 513773 537421 517219 554606 555165 540017 549026 536035 489926 533219 528282 503775 515656 544197 554322 528116 502305 477021 512800 499089 515869 503551 481362 516786 510938 530689 530799 524803 493516 513006 495258 547921 544606 495612 582288 512645 522166 564941 524566 511697 517810 509397 542690 494283 567536 528876 544358 501781 497538 528990 481075 550426 512279 561865 556735 562958 496046 469641 522295 525066 520128 583299 592090 518181 559939 490283 541807 549737 504012 512147 555506 525796 504603 518241 555811 483921 503967 526738 523341 548333 505382 532671 538632 513460 494643 497317 512507 475056 531552 539591 538347 547294 551052 571296 536233 535029 530228 524828 519616 518461 518940 532322 507252 521102 502391 516149 516938 530934 511886 538547 541493 536355 462822 496934 550033 530489 521653 541068 521052 526342 455358 575484 496751 539211 500186 546493 539931 518310 546066 525251 594845 549993 548121 518802 521296 540672 522532 549455 533301 550307 518462 509344 543310 560470 548706 527034 548034 585415 525364 506908 555731 562932 537567 491490 532520 565352 557397 517387 530464 548369 546974 460627 504254 519804 566473 534486 497867 514112 
453270 483847 506827 467238 476656 441516 437181 493628 473564 503368 529051 512874 497744 499810 450266 507739 451117 498837 440674 500297 458269 517544 483614 500665 481260 478588 466708 505309 466596 471709 460681 473268 478541 471246 469425 513928 507364 497017 488429 479948 426612 494624 481713 463432 481222 504105 505810 497931 502415 457199 470549 494386 478335 425419 475976 464259 475826 482147 470207 500113 460069 477022 464872 499892 490932 450386 509232 473620 490374 542344 473222 468448 475489 500358 513262 435810 520401 463231 486337 445639 478992 512803 443932 501090 482118 472042 524770 511920 457222 466434 500675 498291 501440 534839 522487 481473 516654 486175 509477 524299 487915 472255 512162 481918 461613 482855 529901 431714 480409 434980 475433 514729 484563 486502 482273 480884 445197 468556 480160 483631 471145 507277 486863 482410 518724 509603 490057 495479 506798 496015 516643 472888 489972 509657 495757 498354 448921 501850 476179 466394 456378 510963 488183 500364 461407 450419 489083 521698 484087 522884 467561 483530 431673 526657 465604 487273 481751 506396 509501 478294 496550 506416 511272 483624 509514 447104 484458 494044 471906 486299 500180 528821 489632 457657 518933 500415 495809 476073 509287 527853 462222 478887 521138 520738 492805 485143 519873 520935 505748 471743 496937 509863 513877 440945 464200 487715 514681 485471 444474 487391 
457898 461312 472496 457538 472844 427570 434305 475553 452365 494560 521088 488087 486697 487122 442347 529029 457033 455105 433681 484978 461161 491051 480161 480668 461293 441526 466649 469553 456026 452791 441461 459491 452853 474918 484467 492982 499895 461420 500338 460499 462581 488871 458047 456185 488625 510759 507078 491089 480489 459574 454600 458325 465765 454580 446860 460810 456885 475005 481125 479264 453787 439442 466944 488652 475406 457445 528385 443836 482147 517173 471866 468286 452275 481143 479560 464249 498579 462351 483658 444186 482881 476709 443152 494942 481314 488932 517766 501403 470979 453659 502649 472831 459925 503125 509103 471571 503891 480026 493478 489120 458092 472060 509700 481627 447630 480486 504636 425789 462851 455451 459220 464018 451738 484176 487701 465115 444247 457182 494818 465126 456455 506880 462849 491218 493188 497240 496380 471593 490670 473091 489067 467326 466263 472541 465899 496829 460039 455407 486434 481520 443210 496608 483369 467383 461330 446159 480996 493701 460604 489301 458769 470445 424664 518546 445719 485488 468852 501082 475310 475283 485393 468826 499111 478399 492935 466006 473221 492642 448743 474388 476394 503558 486501 461066 506615 482191 481248 463745 478791 524500 498054 482058 509740 486099 488798 440357 506174 496390 493632 468371 477629 485453 485163 411184 433025 464374 521676 482433 449606 459215 
428229 429566 445444 415152 419907 418106 415392 458921 446205 492005 492410 477384 451958 466750 430529 506346 418930 469600 433495 458073 434811 449824 472756 453677 475421 422968 414221 462633 437471 445037 443373 463724 472037 460586 449628 461840 481236 463406 472452 454479 439211 483102 431444 430633 443299 465923 481847 454721 463469 439360 450843 448168 455626 460457 422010 433949 433417 438493 445629 451091 445552 439576 451564 452401 447504 444669 477182 416600 457890 497571 438365 459603 450509 469055 471513 449239 492206 445938 471709 409204 448479 451536 422368 468107 447821 482023 492721 481466 438200 440370 462832 434733 431886 493734 494915 455683 446337 456005 438221 489109 438650 421190 487326 448146 442170 438546 489522 412115 439650 459608 460836 472184 448484 450962 467730 447927 417043 448967 443725 412580 454830 480811 473029 456167 491444 486511 455464 460947 458650 444133 469933 450005 471557 446448 457655 471981 434761 417945 467859 467203 429594 464606 457147 458692 423772 451133 473617 482119 438182 473946 429997 443361 396440 482416 437922 468967 415945 475319 441428 435706 483341 445492 473132 423191 479538 440812 412657 461838 409145 445370 490380 481250 461947 430867 492697 469602 482798 440353 469440 495463 451912 465646 498268 448192 457403 448836 477984 467304 477125 453160 460511 474604 453107 390985 442686 430470 486125 466480 424949 430833 
467773 488686 482758 484699 503902 465530 461983 525416 473230 545553 548304 512828 518687 529008 474840 564177 463354 497206 471374 501681 472928 521986 528119 513928 515338 459183 483262 505080 475523 460224 481841 487468 505353 500379 487473 513897 528964 504811 504885 488937 482861 508216 479521 488207 482353 531584 529357 527076 464198 482367 472119 486460 481712 476348 472781 482330 462039 479842 499658 509075 461308 471625 493709 498497 536430 466488 559860 463101 503769 542955 491879 488469 496857 510479 512363 479452 547476 485772 539624 473011 491327 503376 486063 525917 489089 509344 549541 525768 454435 469298 538411 506490 493783 533188 516080 495880 521013 502791 504891 527204 493349 470486 524782 506006 476928 485429 514212 467189 492489 473495 477779 521673 465585 502126 526583 478644 485776 480737 512342 466960 491888 503208 492837 511267 521188 522721 498770 514335 496933 504869 505378 477911 496538 506700 504675 524945 466632 498037 505424 523516 484409 526927 501512 497953 455829 480525 520289 475825 488261 528235 503007 473986 415205 547279 482573 512879 482226 509172 516420 511330 507131 502592 545228 497066 521654 479899 487770 486012 491010 498198 507818 543453 479327 470776 525467 512636 550618 485753 534496 552334 508125 498375 546062 496275 516458 471989 506041 531899 509272 506147 507320 478820 523628 418125 469323 509383 536247 487256 480045 481169 
472331 495099 505881 499704 518271 463048 461503 518013 479367 537980 555269 529923 499877 534654 474902 524225 470444 509953 467618 514165 501617 514212 541014 510303 548974 473783 457407 502865 498766 493745 493521 488612 514694 530164 498165 504794 540544 501916 518668 508460 462225 533021 502920 493205 504255 518345 532539 522171 498699 495568 495274 457457 517492 470165 457284 479043 487610 466017 496432 490850 471465 498436 459668 497543 520559 447094 559783 485473 521138 527504 496750 505256 476600 523180 513403 488934 533809 482405 521630 471478 505316 486976 473681 524081 481703 503291 527162 537157 490048 489133 512356 497668 488508 539169 529731 501009 534164 488740 521764 532024 491835 483257 522504 499210 507107 513444 521899 452421 497585 491646 494090 532067 495232 500173 536444 476826 467498 506276 489827 482000 515873 510573 492079 530419 536064 503539 520521 491216 521226 512747 512243 512261 515210 514598 489559 509267 494507 491492 509790 495404 463163 525117 507929 515335 445105 481366 524706 494616 492130 527126 484274 468239 464783 528358 482052 497782 491535 513447 502564 490202 540445 484642 514913 505668 520611 471362 467898 510490 485531 502844 507996 531063 507969 502734 532338 517784 522563 486054 511768 547766 520292 490016 512182 530543 518497 489425 536060 549475 539626 499105 503376 508394 519553 440940 473986 494028 524001 511336 482174 476911 
459792 494587 476998 446992 494328 444524 435126 484070 476441 534237 542897 516034 502872 494533 461225 546243 457160 529723 474666 491913 479746 512913 509394 497095 503195 480800 437263 499348 475729 484386 478558 473922 502503 499850 484928 513023 497303 499615 478893 499848 461216 503683 508884 492683 490064 501937 513483 496557 481191 456853 462308 484189 476723 469439 470124 467960 458799 465371 486916 498749 452883 479897 463590 487461 500700 463412 536598 481569 498521 521812 488958 479015 485779 501024 524928 467298 539458 482095 512246 470294 493509 472205 447602 507329 477018 495373 522836 520592 473628 468308 489522 484891 482332 532177 532160 474325 494237 469736 510932 524623 486370 470295 527050 480816 497773 471864 520791 422592 486178 485116 468020 511312 489228 485532 506434 451760 445507 470142 493168 467078 472042 511335 497529 515115 510573 502015 489021 506332 499170 492240 484830 477982 496228 496785 461141 496824 467390 494484 503360 503569 465080 522137 486468 474767 463833 457973 487856 514270 488323 499108 471272 498821 429239 522855 453907 486442 478720 516697 497144 473568 525711 471301 530327 489508 525200 462030 490043 502944 449952 479148 504099 534367 473146 456853 531816 515586 519282 486065 492375 539693 494055 479528 519640 512194 501364 475415 508203 528831 512258 487634 499014 501763 505160 416159 477866 465654 527444 487731 473571 474269 
415094 437433 445631 409738 421304 406599 389747 454711 417373 481233 485705 463081 467715 466646 418682 497693 421497 437372 429754 449036 418427 468889 460679 436130 447050 426598 419044 438232 412024 398486 410586 429841 457057 437302 425284 452000 464677 437443 447928 462158 413286 466699 425648 429711 433469 452794 472857 464868 428192 412658 438260 412739 410240 434324 425644 428223 404614 422990 447796 445944 412177 447566 439976 467480 447050 412453 479018 413015 457027 484909 428610 455533 416653 435140 471962 442904 466716 425126 458756 403184 424037 443439 400749 441240 451963 452584 482668 482117 431674 437883 453594 439934 411705 459826 462999 427484 461100 430036 488916 488380 448441 415191 461572 457102 451186 455532 452926 403911 427215 425027 447029 464645 422083 460784 455665 430721 427351 442040 465683 409442 431420 461667 482691 450493 472093 451332 468408 458013 467064 442283 452582 447138 437616 440854 419502 449803 442607 441296 450783 459828 433171 463538 476677 440127 409252 405795 443960 447696 438445 461702 441275 414067 379668 471955 410102 464021 431556 451794 470449 442702 454874 454254 474697 438564 468547 423537 398986 462234 426751 450076 439701 488992 439337 433234 463232 464818 483134 427505 448198 494967 447282 413355 450202 458417 444113 424353 475756 469193 471032 432723 460629 463078 455401 371570 424976 447636 477623 453321 413782 443096 
534126 535107 536889 505056 517285 489980 518966 544335 523748 564446 591679 579023 560441 543747 534275 576525 517682 517089 500844 530732 545630 563774 557617 562936 546382 503702 496936 531877 532193 511829 511402 526958 559952 562009 545084 563829 559350 548486 532041 548591 505993 539711 533273 533567 542034 554845 586430 548809 520850 497287 524186 521908 525079 517900 492163 511057 513466 527841 543253 553084 503862 536773 527016 552152 562467 500777 578632 514838 568075 583354 556969 507866 514614 544225 573801 513997 599307 527667 549536 506866 526872 520867 496060 556632 540233 559489 577341 556500 516872 497600 563388 529292 546602 574648 564945 515023 562350 520160 566507 589081 505701 498668 552075 530473 515576 531404 557505 504684 504672 521725 544910 554495 536631 563581 538823 505920 488541 534221 528529 494728 530578 540547 557092 552995 569798 534196 542775 547511 554046 532868 547710 521384 527939 540874 503669 547816 511033 530139 530264 544117 511582 559813 554652 542219 501148 518846 568200 544046 534540 542671 519635 544092 471651 577305 515142 539254 493106 554150 551462 502035 578629 544321 576070 546843 580200 491735 516696 566336 517079 512434 552243 559365 513427 533969 576427 552081 552739 534097 558305 609794 533425 545511 580618 575630 539102 504301 521666 561901 581380 537338 536017 546920 539040 464228 506026 530974 579825 564658 510857 531749 
463441 483410 476489 473334 474132 447543 448300 516650 465710 519415 546519 512079 500900 539595 469739 520778 461836 503259 437467 500374 465187 511468 495114 485397 524124 445155 462169 486884 494694 463657 463846 468655 503935 498594 494707 507446 494828 478040 523909 478261 459074 494537 478479 481981 472094 509449 519771 497952 480304 474039 474182 460031 456039 469753 475347 463524 493326 485886 503356 489531 439451 460336 475868 481987 516667 434597 528273 472454 492652 563460 474270 474270 483836 511253 523600 484683 548391 464909 493049 444812 509326 490166 470954 503732 479206 485855 541627 528096 460235 445380 504004 505515 482478 511492 516875 473428 514506 477212 475850 535165 463100 473783 538244 499378 476614 477929 503033 460553 474891 473597 494235 495462 487992 488916 498235 495622 468903 471836 491001 460836 479759 523416 481284 505813 510598 489627 501578 522705 496360 509632 502841 475459 505816 513767 480968 501604 448636 512152 508093 481838 447758 519941 492624 495510 459792 459448 499293 498973 470533 505286 486928 477727 426074 513553 474430 494057 484276 509463 485572 463763 521680 499893 517336 486985 496733 476776 461186 520962 486013 469695 497624 522025 488848 485771 545273 483351 507121 493505 492863 542983 480423 504059 517732 498640 480492 459756 494176 518683 521947 488246 490606 510173 523350 422347 450158 484043 523177 481908 468916 485872 
478464 465648 497587 474903 483369 443159 443249 491744 479796 504706 543514 497954 487656 480023 464498 552667 470988 513225 446386 501542 486715 527388 514539 507730 493432 464882 469764 478075 447351 498773 468731 488890 495763 498620 518393 509289 536154 494067 498108 497266 473199 500995 485580 486887 475105 486969 525266 519522 486610 494375 465764 479000 491679 471673 459488 481132 465298 476705 502635 506365 461985 460416 479571 496889 511136 447566 549288 469755 489368 531321 481799 491666 479848 506650 487128 461312 514734 499592 514545 451918 491436 494005 459047 504450 498115 505430 527685 517349 503439 452745 516961 491658 496114 532403 522892 468619 535862 489861 494927 531511 492055 459678 510076 487610 479949 486819 508504 461440 479694 466142 488417 522052 481973 499353 500738 478491 459256 473867 497323 469881 481338 505822 506123 506361 525275 513075 492495 485569 504138 513354 502167 497276 508324 511578 490971 512850 490094 482631 511452 498678 486001 507982 485711 493211 466622 480363 500567 506345 476950 504850 475055 491420 458905 537656 467530 478856 464357 511128 485610 461870 519633 470187 527894 505611 482480 471882 468013 511025 472642 489552 485758 527399 469166 481062 525906 525031 505765 503824 507076 530917 481929 496900 513514 518513 493527 491267 492342 535698 509145 488054 503279 506053 488908 414071 463330 474540 527606 499591 490639 484849 
451272 475503 477361 438055 451186 421388 417084 459624 444419 484877 497965 482421 492171 481222 445450 486682 436107 464256 432906 479754 441228 483400 466196 449184 484812 445222 423673 471310 439389 472948 429421 446278 466154 466511 460895 488810 483636 483307 477580 472926 445240 481587 452036 431643 463488 449628 500825 462341 459134 422463 434959 435296 446300 437739 423135 437684 413962 437974 452744 493049 435087 440229 453468 484980 465014 415066 497028 445783 449992 512098 440556 455394 426313 470223 461681 465441 494193 447435 468690 429007 452171 458850 451830 478594 466025 478692 510243 497003 460938 430166 462149 470283 424795 482044 501271 466105 497497 434543 468362 510955 463738 441775 475076 491740 455607 455449 474048 432110 452996 439524 445587 486491 469895 467319 492748 431480 428496 453640 453191 430841 438429 494276 460103 492950 489080 462021 477574 501618 483180 448020 472478 462815 470366 467214 450107 463021 452566 464345 449425 435326 427692 503979 465571 468325 425259 429562 481221 470410 454991 482742 455333 465791 419551 473128 436512 466437 447645 474008 494304 463027 476791 450102 481748 464446 484343 441559 440572 487054 467299 449477 461891 494679 447639 437642 480288 468846 475108 436522 498241 511183 461707 451935 511615 507136 453721 431504 491507 490691 477491 462727 464754 468169 454022 418445 438683 451970 488544 467550 436274 458317 
445844 468512 484747 457517 466621 420756 437939 493534 460184 517590 518058 504684 505012 501457 457926 535189 459875 473994 450059 467924 473063 493910 497523 472439 499115 451686 452367 479024 466038 458420 472949 485452 480219 511152 480871 500698 516346 486108 472188 506153 462998 490760 469538 489274 485613 484187 525853 492346 472663 465285 470713 474375 484594 465391 449656 437055 464050 467481 483931 504533 451300 491352 458367 486997 503996 455644 524348 439325 496298 519137 477091 469082 469881 506694 523946 474634 531218 473471 502367 450486 482574 481976 427466 487846 471760 485607 523477 505000 464068 465930 481088 481322 475646 498726 501367 472383 511080 474361 486134 513089 471942 451634 513001 482058 472889 472323 520706 442052 467397 461730 479794 490632 465203 501880 476922 460094 457483 491598 498515 422801 490498 499627 493484 477670 506354 490746 504538 500980 478983 476383 503167 476967 479725 491482 478036 506281 458953 466408 480375 477381 461449 513452 484793 471215 440171 448760 500599 502265 479305 499732 450520 479575 436047 512306 449700 494054 457679 489559 494685 457919 494959 464960 515794 472085 499371 442974 457650 505942 461732 456220 484024 517479 480003 465527 516220 493990 501141 473229 495669 547851 500191 483349 492215 510319 499141 478606 499525 497332 509442 479913 494539 486467 476675 417628 461812 466389 517081 502582 455525 451708 
449475 458857 474294 429796 437917 419110 433562 471941 446128 519484 523073 482076 506243 475202 432524 481984 442618 475376 435601 481608 461265 499224 494812 459092 481818 457648 457519 471625 458791 452087 461577 462298 482095 480263 482863 491264 492026 473156 470893 495917 441844 471787 477807 472388 471769 501966 498259 477714 480707 430675 473011 457368 450959 463771 470752 441650 453580 449416 467714 489714 424329 459109 462907 484978 494341 430075 493301 454120 460273 526968 459532 475270 476477 476143 500322 465669 535921 468605 494035 440625 461562 491313 448541 459946 465770 495695 515603 513001 456936 429374 470433 469738 452388 509259 501129 468829 479912 473630 486357 528859 441421 446340 496474 488674 454019 458430 492111 420466 474109 448086 468268 484914 483478 472220 489634 463156 438226 450259 476068 453087 459558 480844 481186 497475 521852 497276 464158 486059 477220 485359 497911 473153 479598 496486 460089 477388 452299 467734 452630 479459 474991 508043 462202 484784 421813 479453 494764 498528 449902 501090 477390 480824 420105 517100 454736 464381 442649 506618 490960 464391 504972 477303 504390 486815 489257 471291 433962 510484 443205 458264 489864 516600 449949 434871 508919 505888 480240 464244 486138 525757 452762 474288 487792 506865 477913 477163 476763 516083 497521 471768 463190 493346 477411 400022 454396 464645 521708 487572 456826 484341 
492148 510408 515072 461443 490157 455450 458126 534950 491934 549689 546178 542235 530546 540985 491132 544719 467801 489994 466974 533803 502896 525967 535346 518118 524132 489563 480216 506689 495327 470572 470844 501382 522003 501404 493991 531496 501848 532689 511359 519095 463094 517848 476264 497880 482254 513691 547705 521538 517158 470309 505631 490837 506774 492087 489870 491176 474030 479549 524349 533533 480484 484881 500022 508236 518157 473998 542163 478178 510530 558409 499185 498855 480611 513722 541531 478460 555739 499823 532517 484729 499856 525497 480016 519644 516682 502765 548038 550272 501052 485370 523255 499847 485786 551066 530995 501879 521324 499361 521672 541793 494337 481754 516962 510193 519054 529218 535410 469707 477615 488844 514348 527866 518634 508285 530023 501542 479911 513313 513026 482456 478236 523197 513224 518263 523322 521448 503294 516245 517329 495320 538820 496107 515885 514335 498115 526209 484340 526017 500818 502238 467209 531159 510501 492201 454658 476495 528327 535853 477378 525413 494733 503733 450929 551230 481797 514576 481867 515703 510124 487974 521122 509375 520613 510581 534249 472969 464599 530653 484017 494465 521595 545471 507348 483116 539395 513216 542409 487461 530822 565966 512911 522491 531833 544597 504935 478599 534475 525859 534843 501422 513989 529342 528652 450911 475489 506341 535146 527610 467623 506671 
476295 494948 491181 447844 489118 443480 440993 498663 461904 507079 513111 513183 510573 493535 461059 518169 469110 503477 458089 489383 471462 537661 485566 503221 493157 456950 469652 467954 483809 453606 454697 465997 496860 508350 485724 493443 513714 508573 510338 507285 470425 488075 488210 484563 478836 511512 507730 501828 475078 452689 484839 474533 472010 475141 458794 493299 467016 474799 484060 486877 468253 465282 442424 495634 498244 456694 524983 465753 519255 553134 472329 491575 458142 495803 520876 466828 532157 470912 516486 458926 518597 482946 451434 503284 498896 475456 507236 520322 476505 452261 504418 472773 471689 538402 512205 475379 494830 488858 509579 517973 483043 485545 518119 494701 496487 502484 515510 435286 495092 469851 505746 466357 467804 493391 489600 463751 461555 474410 510426 451124 486774 490667 511713 496214 509524 502224 495018 501746 502014 494519 503033 479553 514942 476298 478523 475412 474719 497923 500466 492414 474226 509777 491268 490306 447052 442015 489141 516942 465666 520505 480135 485528 439159 534135 463449 489526 486762 519073 490159 470692 534189 491011 532331 497179 510130 458364 469477 524739 433554 487936 499634 536385 501228 466645 526869 527959 524757 485910 498450 538367 497851 472692 497696 505643 487939 460317 509911 510711 520004 487247 505409 516647 493840 413217 463294 472931 538175 507288 455701 488565 
462514 473443 470162 486057 469216 436261 466280 507023 470289 534445 528252 522236 511005 514345 468113 520879 480342 505001 459980 500286 485521 511234 487406 485638 515223 465470 486239 503277 463117 474926 443721 494491 487821 483073 484061 497548 505535 488425 522484 490673 467636 500053 484979 476924 483832 525749 524065 511606 481616 485904 482273 476836 479127 452724 480316 465086 475376 482181 495560 509287 437562 479008 475604 523241 494646 453673 521416 466610 530022 522889 471715 493277 465983 513493 505682 463922 535224 462098 502793 446112 496008 488751 466561 494250 473810 482169 534219 522463 469938 473139 496794 497662 476867 524564 500944 502339 516049 486752 510271 507000 467826 454721 503307 480380 471235 476229 504115 457751 483414 459800 488503 503838 479484 497337 483354 472118 479447 449467 489920 454619 483319 507314 499156 499345 517432 526255 493578 528420 515269 516410 495780 485576 475903 508076 512051 530215 445108 482314 500181 474403 483256 493940 496839 502036 457546 447984 514892 491102 486535 487425 469382 490238 429073 536765 441614 494505 479403 479157 493022 477805 509352 502566 508415 518275 508339 479060 459683 485835 467459 476188 509101 524704 500980 468175 530453 501762 528454 477793 527165 527385 493544 477237 513641 496631 476943 486284 506727 501344 520729 481300 513446 494633 491727 425861 457784 480088 529340 498404 470396 481291 
491705 514820 513478 518331 491624 461996 466198 528415 471448 553000 541520 530699 512286 522976 479250 546942 486637 526027 473013 542923 499783 543710 537167 492164 519224 488426 471916 491157 494116 492143 485590 507970 542466 505583 521711 513402 525755 504669 525939 517537 480670 497659 504876 485087 510758 520275 551030 530333 491946 497092 496545 479043 504580 501143 481780 492806 473375 499085 514816 510872 463131 473026 502380 516223 538664 471572 569263 483734 542464 555879 500542 508304 465577 528917 528516 506543 558397 485779 529905 489773 512246 496235 481892 513972 501738 521792 548337 543194 510575 481749 523020 529233 488226 531563 512519 503055 534254 519888 531947 534639 505245 477996 516702 523799 503260 511608 523127 471069 493783 479932 512844 515954 518697 502926 537168 486095 493321 502685 511860 461842 483188 528889 530444 535184 532626 519562 512665 513754 512996 516546 510801 491821 512471 505738 513425 536843 488842 500492 515267 529355 491120 521693 522477 505806 474230 481060 511847 515392 473717 528689 496626 510980 453826 556487 492876 510340 482168 518096 510951 497805 529640 503663 532155 519482 549233 490491 475274 530773 487892 479903 500996 548628 495469 480731 529194 533661 532670 501996 514351 561742 539727 502168 513277 518447 519257 487675 522933 527147 520610 507909 533982 520211 526905 424172 497344 480509 550898 525547 496796 506485 
446986 491054 475680 463739 464809 466553 423380 490301 457978 513638 512613 513164 503357 487812 459866 516222 478196 494877 439327 508011 473183 517082 501364 505651 494871 480071 465042 478576 472849 479330 478483 498296 497801 488798 492188 501172 491889 503939 481389 495854 489985 485120 489660 465282 485202 511693 534358 508061 474918 462459 477425 470619 452129 486938 458871 469520 451978 483965 485691 507804 454171 465120 479227 483965 489292 463572 535183 452005 512066 513061 491249 490397 477702 483324 520167 479853 532962 485816 515386 457574 471755 484813 428873 495102 461881 485852 522321 492602 462986 460500 481725 502022 463418 521548 499980 486100 492284 494195 491311 523657 464994 472720 510999 495726 461779 478590 489314 445732 474524 489792 467701 484019 468006 482766 496117 477767 463247 500727 478193 438815 486870 492465 492171 483190 504375 519028 505497 502018 465783 482005 489739 469886 488067 490076 463865 473086 461929 494842 502909 508480 470015 501332 496881 494307 453602 460252 484001 490052 458748 493867 486960 500239 432415 546581 455834 477224 462972 531518 488243 470776 520788 470146 535567 493421 520959 472765 502331 513838 461206 480022 507605 519868 469068 458891 503854 503990 493197 510471 508611 539289 479440 469147 498215 508516 473441 468894 489789 490516 506448 490990 492101 501566 508844 425240 465034 489242 517373 476639 464084 486227 
511485 511944 517217 504433 528360 484484 474197 539580 514507 563333 610337 547284 528419 558009 482847 566634 493872 525541 494109 535732 507714 556228 531560 520538 555952 500002 510341 527436 532734 493956 511048 518782 538738 541807 523403 538027 550257 519532 562738 498455 525722 520253 510794 487842 510725 543667 564707 544974 507077 517408 490764 513563 515658 493141 519425 508422 512818 529601 514280 514538 479604 495625 498046 521423 545005 503788 571376 521354 529912 586928 508521 517469 511818 522810 541084 512180 580699 508733 548952 486202 517529 531290 520432 537288 529756 504929 565473 544293 511560 503229 550810 541598 519223 566204 551093 522911 557285 509062 536269 570866 510649 506491 564677 530865 481555 531563 542725 484146 523040 512974 516352 524689 544090 533994 551023 496832 504798 518196 540963 486247 513206 528560 550203 537395 578632 539154 536617 530309 558287 520211 557383 526665 526176 525273 527617 560331 509654 530289 523035 535087 521199 550189 541409 540161 497660 505804 532516 552799 519714 544892 527288 520542 456658 582770 496774 528030 507843 535550 550017 521921 538571 520375 556893 528902 556395 502284 492081 541272 483365 534006 533832 557229 520922 511055 542289 560920 568967 519079 542972 567024 538504 508207 569005 528527 514216 498170 532312 567213 542442 513464 528081 532724 526832 448803 503492 514337 583393 538404 511844 519875 
457613 484990 498127 469713 478887 449167 448172 496779 470642 525157 543582 514677 494552 495864 448888 523691 471162 519397 472733 504383 471324 511597 499004 493344 485004 478190 459740 486296 486440 484395 465496 473045 490670 495129 502729 512640 509886 481180 512645 494653 461195 494926 466860 485917 477947 500718 537141 499617 487037 480581 453574 472150 466690 480582 455914 465353 463550 483343 494058 491591 466931 474152 462563 512753 502937 452113 537405 469595 492880 524669 490563 486705 475121 487497 497380 485220 538963 483726 505058 456307 496377 470499 460697 506808 478565 505788 544707 495445 465951 451294 503536 488276 464456 515907 509365 487711 527448 483914 488813 532438 478807 477960 523866 486465 471657 492831 544784 462125 460590 468962 471356 506173 483760 492388 522175 473828 466003 493333 479177 460056 471477 520037 504014 500282 504034 494456 507737 515575 489286 482148 499208 493475 475059 516322 469963 502874 461351 485891 496326 498298 464391 530659 493551 494264 444491 466997 486078 504313 482859 501856 471714 484979 424762 527287 465385 489343 463110 531218 484396 485009 509913 473657 540742 493522 512084 464787 467736 506051 486135 496040 492921 509032 513101 460166 532669 477684 497120 470218 512947 540080 493727 503303 539167 493907 502848 479813 509167 523062 516758 462825 496859 501528 513694 410292 438445 497153 544158 499215 459395 479663 
458898 459546 481607 459709 446297 434021 443134 476851 451682 514554 525879 490693 498722 481923 446730 499777 450435 491197 434427 470957 454179 500910 494795 469657 479446 460090 431290 470031 470807 459201 454071 459908 487752 483004 472392 502754 483813 469940 485488 474624 466796 486949 465969 458159 463926 495566 508501 487400 467553 459261 455876 446149 450962 466600 449510 455931 443176 457166 486071 486466 441418 444214 464770 482509 502955 430166 528214 452127 494963 504704 464399 458321 435145 483895 479900 478514 529590 455013 480240 433496 478135 485006 436302 470058 458064 486242 501489 500760 461936 444046 479224 463171 475186 491549 504603 476902 469167 448236 502950 529872 460428 431493 498133 486106 480858 472086 496072 437821 431012 464507 476673 474730 479649 464643 495556 460923 466532 467853 469830 438147 457302 499095 489904 497988 497997 480822 497658 502149 490738 478720 471650 450701 480662 485097 458641 493804 456129 466825 496743 491471 458964 505522 464121 459784 433189 434182 475933 486959 477535 488982 475071 490004 420058 495382 470533 496606 444560 491096 457223 451017 514274 485675 499829 480832 517667 449482 447701 489098 447994 460345 481110 524380 474580 441539 526908 485948 492832 457526 471816 527863 472547 475885 500466 483444 463506 451051 503308 515496 489187 471267 478609 469491 458257 399039 450853 455626 507795 477094 461469 474949 
423713 447247 439957 425415 448481 400569 401132 462343 438663 489735 511148 468396 454060 490447 418828 492817 407319 434393 407382 470534 446773 445096 471601 438814 458203 455742 414530 437747 437331 454682 437737 430418 443472 459615 429829 455970 477894 480794 465023 455569 417969 458802 433206 447490 435845 474806 471376 463891 435762 422092 436066 442468 433533 416209 409773 419501 430735 420326 434244 466169 405062 438873 435372 445209 457720 402658 488550 413381 457554 463338 436565 458798 421527 464135 456987 435997 488710 440177 474306 415707 449843 453289 418714 469783 425229 451545 490317 455760 442886 429455 451676 454542 431455 484632 469923 465103 483818 439380 456488 478080 422182 447770 483411 430555 458781 455011 467549 412461 436148 422105 434818 468455 429136 451145 480543 432904 439371 437376 450909 415302 440710 460625 420389 440285 474460 466744 435049 457498 451429 450050 462402 449040 450031 465902 453716 460877 414034 459547 461302 451940 414264 479394 447742 465788 431726 420236 456631 432712 411627 474745 450066 429310 388191 492229 428085 444072 415290 464258 448300 439730 465927 451746 485256 448460 467070 432701 416205 467052 448113 442924 452049 475915 456370 429888 466970 469551 466772 439061 455499 487380 453840 457225 477064 452549 454527 439297 471294 484415 457014 436059 467772 439655 465791 395416 431457 452353 469438 460799 435780 426899 
466003 465918 498094 457769 454175 450104 408654 472735 473106 494001 527057 504117 510015 489551 459354 511529 452551 493496 448519 480847 475042 486495 491771 477603 492571 459211 457504 494720 466942 440073 446298 466244 485134 484319 471775 495340 498081 493048 472049 483085 451293 476551 462223 469304 483948 509646 516605 505094 493868 464256 451972 478125 479562 441292 470351 439013 449690 463178 489081 498562 448256 472865 454707 489032 500247 439240 510912 471649 478021 532256 494961 439653 469775 491138 495766 463435 523463 475835 498680 457546 484058 479499 442066 498017 465272 487876 503684 487037 455440 460090 508087 478965 477677 516466 504632 473940 497047 480970 480206 531524 446860 448377 504374 478289 471453 504211 536717 426235 451388 457305 471563 473593 457239 493860 466735 445132 440238 451413 483096 446287 471053 520455 481095 499635 495142 505702 474304 485930 495069 498117 493561 476369 495775 487739 471034 491643 433828 482531 481119 499908 486070 503133 478643 481423 441180 447423 480253 503875 472673 523078 460176 483623 426300 530281 451331 483340 460840 503083 484486 484980 493030 474440 499174 478141 484994 423242 471054 513165 478001 460784 512974 513343 484327 459938 512979 488887 516740 457875 484779 523766 476715 497113 518160 489272 481594 469492 502481 523573 505272 467650 495951 478231 503130 406259 475536 482409 519295 479478 439498 455261 
456157 469142 475904 470327 444244 475204 425289 480345 447926 507397 510544 501232 480957 483001 467036 532208 436610 469757 463375 489715 453004 498140 510235 459866 491561 461672 470382 464682 486751 437545 446993 491236 495429 515768 467942 491556 511980 469055 508946 471234 446873 499022 481637 471653 470141 496481 502356 519105 486081 456724 476144 473072 464431 465395 454302 462926 437227 455944 487983 489748 454741 473493 455156 486730 497142 436184 525811 492512 481250 519680 490254 457186 479170 496710 510863 480262 550793 483426 503642 453575 478873 456598 473912 478979 498358 501154 501067 516226 485503 456487 499035 486247 473051 517685 516187 473067 514833 488462 497424 516541 482003 476897 489705 456592 459547 488754 501790 441352 454104 473920 481925 507513 477795 480676 502391 468606 465187 481625 473666 452365 493489 489529 495305 512759 508450 505048 505846 462525 494091 472806 509155 494823 498355 466933 471787 481613 448062 467452 473721 487798 479206 520111 497758 508683 442516 448473 482859 494136 455696 515148 491647 485193 428984 529137 463245 474936 460183 497759 475776 449002 495124 473452 505760 468609 514839 444749 446970 505979 485678 475757 475306 523334 463047 475533 518678 490952 517487 469504 499459 526774 489773 472277 496106 501622 493430 469082 526212 527580 489253 484661 494826 482449 494889 422806 439299 455480 540980 492949 469530 464577 
480344 516224 526581 457205 502256 465722 446016 510880 476030 523142 559592 535791 502402 511393 486348 512149 475600 505748 474048 511054 495228 525790 518536 480152 538421 480619 475958 510619 505847 467582 492524 506528 513280 531328 496632 531201 512861 511404 526675 513069 485730 479919 488572 491775 488821 509170 552060 533919 514694 472548 481961 494538 509695 479949 465118 499270 490706 487994 494736 505127 467504 489818 481010 501356 517776 464330 548648 480811 516698 544019 505743 505871 477913 510256 510985 478617 540198 487364 528602 496397 506826 491420 470365 529949 493169 511241 532305 549963 478388 479935 500275 512821 482059 526664 528086 496235 544296 482346 503647 524817 506508 488056 521285 507901 503780 489079 519555 457753 494501 472248 482607 521886 507210 511955 516745 486037 467677 507584 503483 442913 497949 512302 516980 531964 528581 506925 508428 497498 526112 504246 537368 481090 514289 516818 501847 504256 496212 526215 486239 502022 497993 532687 484565 493883 474695 479756 495879 518720 476713 518086 472637 513481 454853 525373 460412 485139 478679 513565 518121 474048 532602 495327 540812 509779 525554 470588 496617 521498 489957 485738 511758 544208 467108 487553 525050 535381 521665 492645 515109 582500 530010 485184 516897 545352 506639 479332 511337 508993 551554 505180 511242 519999 530436 421812 474138 500217 530613 501410 471986 502924 
426552 475633 443719 417835 447709 442049 412313 460299 437643 492119 479364 489785 471641 464503 456193 510570 456366 465375 435548 468004 444869 477468 468373 448430 476813 465954 437408 449005 443723 422010 445604 460675 475105 482540 448643 473216 463170 467109 502321 458760 446192 483271 452955 436998 458950 485490 495287 507065 460053 417836 446169 419220 432723 449062 429727 435274 445082 426674 458487 470903 412511 434119 439635 459293 463495 423938 501974 452269 474153 492823 444318 453003 442011 446370 506807 454408 483546 452470 457316 445748 470028 455851 432415 454961 459411 480138 482096 482444 448748 436468 474853 471070 456557 505328 497355 447287 461255 446901 499903 482735 466102 449616 496991 454070 446237 472271 481036 425950 430090 447585 448892 459058 455835 456259 483784 452937 443282 453638 462295 438113 444436 495830 467861 473507 478339 465950 458795 474840 469016 448836 456851 473521 459296 468618 455998 469466 436068 459024 453115 468771 460639 472727 466016 443885 430340 432735 455614 473477 431103 467234 447905 451664 409458 504727 425317 459369 431752 459860 443957 450830 486673 471618 486317 449772 469461 463913 434335 468668 441588 459697 461337 501637 428848 442137 492272 485180 484135 450817 468633 537094 472879 443339 467390 480297 479131 424805 496432 483291 464803 447292 489055 443447 468991 395060 420742 470459 477421 455142 455352 449356 
430948 464007 458632 428502 453841 422276 415608 456299 430617 491287 500714 475538 485851 472963 455377 494432 427614 452096 414915 467423 440005 468201 481164 455879 480768 452809 425957 443325 439376 431379 462001 462704 473368 466807 466393 481693 462759 482214 471500 454193 441635 468798 456936 437200 463604 462784 502984 485644 439892 418880 443275 430970 449727 457818 425315 443806 427931 423550 495774 471927 409507 442108 452773 466192 477145 434911 488447 439833 496719 476085 471200 465136 428298 465814 475037 438953 519342 467188 485651 461107 482138 465749 445433 453332 451759 452673 490308 488626 441096 433349 463546 448795 442893 496778 497361 454031 475439 461907 465252 489878 443252 436253 462154 441098 469815 461383 478239 419416 445813 434644 460943 470725 462680 444723 458408 458364 434062 464128 451485 449207 460727 486516 474646 473232 476887 493084 480264 462745 470919 453848 475698 460099 487380 451599 465987 478256 451062 481289 456412 468664 458629 468549 462051 455425 430737 450226 457552 482672 435829 475769 442747 468209 418125 503318 443914 465080 441612 470691 466917 452803 506017 473310 507363 448680 487982 427468 444816 481988 461466 458849 458461 507877 450476 445332 498275 482110 486119 455723 501286 493523 461928 456779 480953 504150 477049 428874 469193 486684 487489 449726 497841 460171 481060 402177 449362 450976 509766 458952 416572 439442 
450027 455940 454167 454566 449690 424311 437812 474389 454109 492416 524138 481526 476339 490695 416550 522725 455950 504971 433459 461860 468396 495520 472304 478430 472041 436460 443155 464690 440770 466190 443670 465716 471639 493983 483529 486026 488325 470517 488677 456810 457899 472618 472479 449143 485689 489623 504623 464233 465332 445945 458173 452984 445805 454429 437151 448913 457881 455425 457136 469083 456811 456327 432563 482370 489690 433496 530222 465881 503720 481555 450046 485248 449524 471569 485827 451115 512782 449321 477779 438786 458426 463436 429607 479123 452764 471904 520690 497874 436875 462251 477253 464684 462954 503593 519583 472136 504240 461966 472317 499819 463611 446482 501061 472852 451422 468189 495175 430504 448569 454829 454297 478210 467287 447790 500008 442953 439482 465016 479647 439717 457801 477436 475104 462644 507369 477713 501687 466160 468291 492340 476129 484787 445139 494467 452604 464792 436958 478955 473125 471677 440534 492502 460505 474495 419512 440909 451611 477696 462255 468650 453363 451991 407144 524581 452033 445919 446315 488828 474074 453391 500837 453896 491418 477657 481080 463868 458845 492625 453153 459255 483248 485096 448064 450111 496936 480387 499548 450787 469952 516931 476956 470296 494354 481128 486676 459792 492942 500847 493992 462661 490658 473457 478233 390176 447210 468450 509806 484225 466137 470006 
461100 495298 511657 464483 472473 459797 470806 500552 498296 532505 559174 531488 494592 529004 480228 544305 478698 501649 461561 516558 479646 522056 529345 491078 523602 478096 483115 490134 481924 473825 483240 490096 530063 544015 515464 518607 520872 486788 504810 482489 502749 498370 498909 505395 525179 525498 544764 520551 483538 490100 474390 453773 501196 491938 471534 490987 459141 499197 528155 496517 475685 473141 503370 502277 540798 483882 562475 474825 518674 577141 513697 510779 511221 515818 538865 482459 539477 497112 526380 477626 503652 502456 479122 499621 499864 525975 550223 534560 480078 474359 532884 499316 500591 538265 521381 494317 536085 500169 525708 546881 500518 473762 535353 518604 494012 500879 528732 440488 495204 488549 508041 512700 493915 509253 522458 506785 490613 505569 515765 484057 506480 523087 510552 518138 539869 535043 508732 507784 498748 497324 514727 510036 507778 506858 499405 513409 489258 497858 524198 501701 499295 542811 502322 488294 470659 474604 511332 528954 490963 532282 490306 522388 463668 508803 486566 522928 510047 516679 502791 494564 539482 479054 566945 509361 526266 484895 487457 533381 470026 514351 518910 545404 490458 489685 539357 518174 529709 506445 520629 561596 522864 496655 531051 517192 501388 454099 510487 562439 534122 493366 519789 506072 518138 410317 471912 472244 563060 505930 483597 475639 
44.045000
