200 200
5 24 53 29 78 74 55 35 31 6 37 38 78 19 52 88 61 31 63 33 72 62 85 3 47 82 70 27 92 50 63 97 74 16 78 4 90 33 92 73 40 81 12 18 0 64 6 13 47 21 46 19 36 83 23 83 66 45 11 10 48 26 8 22 42 86 79 85 20 71 58 12 52 22 30 4 86 89 17 86 62 15 5 98 99 80 34 17 78 97 27 26 23 87 0 17 26 79 2 98 2 61 10 54 35 92 10 74 33 27 60 96 95 17 46 94 50 80 63 28 29 90 6 52 78 58 70 56 90 24 54 44 37 16 51 73 8 61 47 94 41 7 90 36 24 88 30 26 21 45 54 50 35 12 55 65 23 77 21 65 1 27 9 91 43 60 64 4 22 11 98 63 70 40 51 46 28 33 73 1 78 79 52 13 92 59 31 67 88 52 32 41 32 41 32 75 2 96 79 76 
59 29 39 81 69 90 28 50 23 1 51 53 80 55 66 24 66 97 91 54 2 23 96 34 17 80 61 19 29 41 95 88 70 86 22 92 28 50 42 3 51 45 56 83 1 74 8 19 24 99 74 26 75 22 12 92 2 73 63 31 66 10 72 37 48 94 81 76 44 75 31 47 20 39 30 73 13 38 93 37 90 19 15 17 41 27 61 43 1 24 27 19 86 99 56 34 45 89 62 89 64 93 88 37 84 18 62 97 9 55 87 51 26 54 20 67 82 81 63 35 57 90 54 43 41 63 77 86 4 39 27 21 84 15 58 68 85 20 17 46 28 56 49 54 11 69 74 45 50 37 32 7 79 38 50 20 1 79 58 58 70 85 79 6 52 37 26 89 9 44 36 89 52 85 96 63 55 70 60 57 7 92 65 86 31 67 58 84 47 16 42 17 1 21 76 5 10 2 94 72 
98 82 61 51 68 57 66 75 27 27 84 86 19 49 24 50 69 34 35 16 50 29 85 3 51 61 8 13 16 55 85 14 37 47 65 57 56 32 32 36 59 69 74 78 18 99 81 39 85 68 55 36 97 93 91 0 6 52 14 22 7 99 37 44 98 54 2 55 86 86 43 97 55 17 28 26 68 9 65 54 29 73 90 26 18 33 79 24 85 93 99 92 44 88 89 43 42 43 50 81 29 93 78 37 62 6 15 31 15 32 85 44 5 27 23 75 60 54 0 46 47 51 90 43 39 79 86 33 22 88 14 4 33 93 93 96 99 60 27 67 92 64 63 50 91 38 25 3 92 77 1 39 28 44 83 19 23 21 53 98 62 19 54 95 12 99 43 64 59 70 31 3 34 94 53 77 85 79 33 77 56 34 69 37 78 4 56 54 25 61 4 39 81 10 87 45 9 30 9 20 
1 40 23 87 87 29 17 72 8 50 49 16 84 18 53 15 74 62 21 0 75 25 91 56 35 78 2 96 9 11 68 62 4 91 49 43 72 66 15 80 68 16 49 5 87 54 20 61 68 93 13 44 18 5 0 5 35 54 53 44 66 21 6 22 64 8 65 37 26 32 69 95 48 70 0 87 25 72 49 93 65 14 37 83 71 90 40 7 44 45 51 62 66 10 84 82 18 49 71 44 81 93 39 82 63 39 69 88 11 70 34 28 85 23 63 56 13 3 15 58 0 67 20 18 77 57 1 95 58 24 91 40 17 31 74 81 22 95 21 86 66 7 14 3 31 78 11 44 33 27 54 34 46 27 52 75 84 5 70 42 30 61 34 47 44 8 80 67 4 54 53 22 61 19 25 44 97 88 41 31 15 95 65 13 22 69 88 58 75 58 53 57 72 87 56 68 48 37 87 4 
43 40 26 56 12 3 1 9 91 42 92 59 89 9 72 64 79 61 22 6 71 75 63 95 15 19 64 63 8 51 67 51 44 45 60 56 0 61 17 91 55 10 50 96 19 75 60 50 36 35 56 7 10 71 55 77 91 19 40 99 22 59 3 66 56 63 74 56 76 92 0 83 54 2 79 25 77 92 76 65 27 84 25 37 56 80 15 99 99 7 50 73 19 53 40 27 68 66 84 96 58 84 79 64 38 11 90 16 3 18 81 30 2 58 19 10 38 86 9 89 46 60 63 65 65 55 44 34 21 28 30 32 64 62 96 3 25 86 71 28 4 4 58 59 63 29 21 53 16 31 43 62 43 6 79 8 61 23 94 34 4 77 66 20 91 63 23 16 1 46 96 58 51 54 17 66 35 38 19 51 21 62 65 16 20 96 77 33 20 23 68 76 0 34 96 43 49 72 59 51 
18 55 9 21 61 78 39 97 68 59 0 42 73 18 58 46 14 87 79 34 11 99 62 63 34 59 7 35 31 18 86 49 74 47 23 87 77 62 36 98 73 89 40 99 7 50 45 21 38 76 8 49 76 70 64 62 81 71 97 12 90 36 14 16 35 37 55 65 51 44 63 77 33 55 76 92 5 73 65 95 49 25 96 77 96 61 91 29 32 41 42 74 29 56 42 64 45 98 81 48 42 44 25 75 99 53 67 57 26 84 52 28 10 1 57 58 62 49 87 46 42 29 73 71 37 15 87 34 13 69 83 55 13 60 82 65 14 1 22 92 86 26 72 96 27 30 54 41 31 41 88 73 23 13 44 60 28 83 47 42 52 82 49 18 42 32 83 8 85 57 53 71 83 25 19 63 7 73 56 38 67 96 63 42 9 59 2 38 43 1 80 47 83 29 65 26 13 48 86 99 
57 39 22 93 65 42 56 24 67 64 63 86 61 78 28 70 38 83 8 33 84 40 80 68 22 46 46 87 46 32 38 4 72 61 49 89 55 5 13 22 21 28 61 82 7 89 53 97 72 13 82 57 6 62 77 80 60 23 67 59 7 6 63 31 19 12 20 74 69 86 48 42 14 9 25 73 51 30 22 23 95 4 32 1 19 9 81 31 84 1 90 44 7 5 75 78 69 96 52 90 34 52 33 0 14 58 26 65 40 48 40 35 5 73 89 24 34 22 55 71 23 98 15 82 3 90 60 73 38 64 15 72 17 48 73 31 58 51 48 98 99 88 86 4 61 27 80 48 49 88 19 25 86 34 7 41 24 20 66 15 84 82 87 53 82 12 36 41 63 84 91 15 25 29 71 38 56 52 86 58 92 5 83 30 91 42 71 68 62 90 83 99 72 22 52 6 87 41 99 2 
77 91 17 2 72 89 41 29 93 79 87 85 85 70 15 28 64 38 96 27 28 31 78 52 54 82 59 41 23 10 43 1 1 61 55 26 2 96 55 95 76 94 32 13 16 47 93 80 37 90 59 66 73 37 70 27 20 81 68 95 92 64 48 45 77 4 71 79 52 78 26 80 72 58 45 88 57 39 21 94 81 80 12 54 18 35 82 90 16 2 85 60 18 34 58 95 90 29 26 42 60 4 23 32 62 68 73 71 59 94 18 40 74 30 47 44 17 81 34 86 35 72 46 54 6 4 1 96 86 28 90 46 84 65 30 47 86 3 70 45 97 88 38 24 71 37 68 88 18 3 74 53 27 21 59 33 77 61 81 15 41 23 13 25 89 96 24 75 99 95 72 49 35 10 73 6 47 41 95 17 96 69 23 23 42 82 8 72 95 41 39 88 17 53 66 6 49 42 33 0 
89 5 49 25 68 74 31 67 68 26 85 16 48 8 92 42 42 52 14 38 46 54 78 63 59 44 21 60 87 54 60 76 59 62 1 79 36 85 47 56 63 32 73 11 92 65 6 34 69 20 72 15 26 51 78 85 47 99 45 34 5 58 63 17 20 64 96 8 1 43 65 65 27 90 28 19 55 34 54 24 7 78 92 33 81 22 71 29 22 16 15 79 74 78 96 46 95 45 55 48 40 72 13 68 62 94 87 69 28 93 45 35 24 37 21 5 60 92 86 34 60 54 13 35 32 62 33 79 7 40 28 99 12 93 67 74 87 7 43 68 52 89 55 76 78 76 34 38 20 20 72 81 74 38 68 59 0 1 90 59 42 70 58 6 64 78 81 3 85 76 23 37 65 79 66 44 7 0 34 28 72 59 9 47 97 77 58 49 30 0 60 24 23 18 31 39 48 12 42 85 
40 66 23 58 97 41 54 4 41 88 84 13 47 93 12 44 22 22 45 5 23 5 29 46 76 60 85 24 24 79 10 65 97 85 23 94 26 77 51 19 65 35 32 65 81 45 61 3 19 7 8 94 64 90 40 40 50 77 17 75 9 79 92 6 16 15 53 94 92 56 13 9 91 97 74 72 94 36 28 14 95 88 8 59 78 1 52 81 30 69 8 39 0 0 98 16 15 3 10 59 59 75 68 50 72 95 75 67 83 55 81 78 95 89 89 26 42 41 7 73 62 15 12 62 15 62 78 82 65 40 41 76 15 9 79 88 56 54 7 39 61 88 17 56 29 7 82 72 0 41 45 63 56 9 25 23 24 56 5 41 96 46 18 64 8 97 4 16 3 11 56 64 51 73 72 32 32 55 56 33 96 53 48 5 15 25 28 39 81 86 80 30 84 50 94 44 47 50 61 2 
61 17 18 64 42 91 48 27 98 5 12 46 58 60 51 73 85 32 64 67 18 45 49 2 47 95 47 95 45 60 49 58 77 68 74 19 59 22 46 57 27 58 55 86 70 7 11 56 91 76 75 61 73 76 63 20 71 62 67 16 74 17 74 51 85 48 23 96 70 21 5 50 80 60 88 2 19 99 58 10 75 85 71 0 61 87 21 84 1 88 0 76 57 26 79 42 26 2 90 49 24 95 99 56 8 87 58 27 38 69 90 66 6 13 66 20 0 87 4 54 28 5 82 85 83 61 80 10 64 70 59 40 18 10 96 26 49 6 5 87 75 47 53 34 61 20 54 13 59 58 67 87 15 1 73 99 63 53 61 27 75 72 67 45 82 15 71 31 21 29 70 49 76 24 83 89 96 37 3 55 47 22 43 15 24 68 14 87 21 27 66 48 99 85 94 81 52 17 64 73 
46 34 22 75 58 57 64 6 46 19 62 94 42 5 61 18 73 75 57 46 2 23 46 53 60 40 34 12 58 50 37 56 84 60 31 95 69 48 1 16 67 63 62 61 20 23 79 45 50 88 43 4 11 90 57 23 30 43 35 40 45 73 97 29 85 80 76 6 80 30 22 0 45 36 61 66 11 93 63 13 81 7 17 45 97 26 20 79 21 56 20 66 81 17 48 18 49 24 24 30 54 99 30 0 35 43 18 99 88 33 12 22 40 30 19 89 8 39 69 30 95 41 96 28 10 44 46 59 21 71 41 75 70 23 27 57 19 97 56 7 83 21 81 75 3 0 65 11 40 86 41 87 27 90 68 37 86 14 48 7 37 90 35 7 13 14 17 32 64 25 92 47 46 73 22 49 74 39 13 66 25 54 5 4 96 73 41 83 88 90 90 25 32 77 85 45 92 54 30 56 
79 74 55 78 47 77 27 73 69 40 39 94 47 45 99 95 70 92 78 58 34 21 36 66 98 21 64 42 27 46 50 6 20 5 84 67 35 64 93 4 56 32 50 3 29 49 51 0 94 29 10 28 2 46 95 53 19 11 47 46 57 98 5 77 3 41 96 90 5 89 94 62 74 45 17 3 46 68 55 92 50 18 21 4 64 68 57 36 79 5 34 36 55 39 13 10 81 61 1 38 51 47 0 25 44 70 80 43 90 88 35 92 6 56 97 22 24 6 10 55 11 45 91 66 36 56 29 69 18 30 8 21 77 60 46 74 82 78 17 73 66 52 65 72 61 14 47 37 21 57 93 84 54 84 3 91 93 32 60 63 14 20 84 91 81 30 17 63 60 34 88 27 87 6 51 0 20 98 37 93 56 30 30 62 67 33 53 60 17 66 23 31 86 59 22 19 41 92 83 1 
26 23 28 65 29 80 65 2 30 3 47 38 85 77 1 52 62 54 64 79 72 39 10 59 98 85 78 39 77 13 41 3 37 21 21 18 53 38 72 84 93 72 74 79 49 75 83 12 82 48 91 54 87 54 13 38 39 44 29 16 57 22 71 46 44 44 17 49 83 89 33 76 61 60 7 63 35 91 27 69 91 18 24 30 24 89 68 63 33 50 31 43 72 55 41 16 99 58 66 82 48 51 11 61 11 70 24 99 61 51 68 4 22 44 35 46 34 55 62 19 5 93 14 78 48 56 46 0 14 64 34 14 16 97 76 79 68 52 30 29 4 51 34 78 95 21 76 81 76 38 1 82 84 67 60 84 23 6 84 90 71 71 4 39 68 32 70 36 85 53 66 41 4 52 19 99 73 47 33 1 86 34 83 22 53 95 6 77 2 43 19 25 14 23 16 82 56 38 19 93 
91 37 34 47 41 5 99 66 52 32 67 90 18 51 64 71 46 71 0 0 66 19 77 80 43 45 14 51 36 85 44 27 74 30 27 67 87 26 33 91 58 53 34 76 56 98 99 54 21 0 55 87 19 84 19 14 82 34 17 18 71 13 97 46 95 24 65 82 2 99 74 60 52 60 88 8 58 40 62 80 40 69 19 11 6 39 78 40 25 95 58 96 61 7 94 56 32 60 91 86 11 65 99 15 25 87 75 35 27 89 15 19 59 35 83 17 26 61 57 51 8 67 47 69 74 94 78 58 6 69 45 17 86 44 32 63 83 7 98 63 96 66 82 7 1 65 76 27 78 33 30 87 52 29 8 27 23 86 85 29 55 82 98 41 26 30 4 62 89 3 25 38 69 59 45 22 77 22 1 55 7 31 42 12 12 3 39 36 89 76 17 45 59 16 38 37 98 95 99 88 
98 24 26 19 84 23 93 61 97 46 68 5 29 63 17 41 66 8 29 55 84 47 52 95 63 91 33 61 86 32 1 36 9 79 7 45 3 52 58 0 98 26 57 79 89 26 20 55 34 50 63 71 49 15 18 12 58 51 25 96 36 79 84 97 58 43 42 61 95 0 14 45 78 71 24 68 98 97 75 84 99 90 55 48 58 26 12 16 77 89 65 65 68 49 62 79 93 56 40 40 8 6 38 87 78 62 7 28 11 34 12 10 25 20 10 83 46 22 51 75 12 16 41 32 66 55 11 11 64 4 51 72 10 41 11 88 56 70 16 67 5 81 30 82 1 40 17 99 63 68 74 27 85 67 59 3 75 23 66 39 27 69 63 37 11 27 78 67 97 46 34 54 27 16 36 80 57 53 79 72 74 6 99 59 73 10 14 48 33 80 39 60 49 55 50 12 82 28 79 31 
74 66 86 54 82 74 34 39 80 66 11 54 72 62 65 45 73 31 46 6 63 37 19 64 92 69 77 26 97 56 58 23 22 96 29 57 70 16 96 2 82 60 8 6 22 73 3 47 56 1 54 19 39 73 84 31 94 61 10 91 69 68 66 44 16 96 1 38 12 49 41 46 9 49 52 84 75 7 31 31 9 37 51 48 62 35 31 56 48 41 99 17 61 66 61 77 14 62 16 78 64 57 24 73 58 28 9 85 87 93 17 96 82 68 44 45 55 28 53 3 69 53 72 31 71 34 60 85 48 76 63 12 85 39 38 96 19 47 81 6 40 98 55 23 18 51 20 25 79 73 80 1 78 53 84 49 87 44 86 87 73 1 0 58 40 38 6 11 37 88 18 30 38 73 5 57 24 25 82 56 50 63 57 81 16 41 30 55 37 69 42 10 70 94 21 63 32 27 74 22 
15 44 52 54 69 57 63 46 34 97 54 36 12 11 17 80 4 0 35 41 69 30 4 91 24 25 54 9 52 81 31 20 77 83 26 99 92 89 97 26 86 51 62 51 14 32 31 18 32 19 11 53 49 15 44 25 92 51 34 97 84 17 17 61 0 95 12 44 84 9 70 22 12 85 25 26 17 57 44 1 76 8 54 77 75 98 2 68 1 89 65 85 6 34 99 7 81 11 3 17 73 26 91 85 11 17 12 80 74 8 81 2 16 87 79 44 85 81 12 39 70 29 24 29 15 23 36 96 35 91 13 60 17 4 45 80 21 57 60 47 18 93 49 34 80 80 30 18 14 42 57 36 23 33 65 38 57 53 86 44 45 99 4 62 56 49 43 77 59 55 77 77 49 26 63 81 7 94 99 73 88 8 9 12 42 75 2 51 28 89 95 73 40 51 88 96 52 83 26 11 
38 3 40 39 81 56 21 40 50 72 13 90 33 23 54 75 98 57 78 78 98 25 4 90 76 92 87 28 75 65 92 65 68 84 5 49 40 26 42 42 50 55 33 83 78 87 58 28 96 88 59 46 13 63 37 89 7 76 70 34 41 14 99 61 98 4 62 91 82 4 33 33 60 18 16 90 6 27 71 54 15 30 53 29 45 42 70 4 18 40 38 11 54 89 72 5 46 34 96 28 39 81 13 51 0 30 93 58 57 64 12 24 46 17 53 43 59 24 47 29 16 37 40 23 27 64 80 25 99 76 53 90 57 67 93 57 49 86 15 58 51 80 82 49 49 88 93 9 12 92 90 80 30 83 3 9 47 83 34 98 11 39 88 21 58 33 30 7 20 46 17 71 78 0 20 27 88 65 88 52 58 31 32 40 14 88 1 61 23 87 60 35 26 0 56 37 34 86 96 54 
84 14 77 14 66 49 94 54 15 34 58 25 65 90 17 79 30 18 41 54 5 53 41 83 53 97 20 39 35 69 45 72 83 22 86 49 24 32 55 91 67 13 16 32 55 33 12 86 3 5 92 8 10 33 91 15 82 64 55 69 33 0 41 68 75 80 69 99 64 76 90 31 89 58 16 96 43 80 82 46 85 74 54 95 59 97 10 41 13 17 11 98 70 4 18 45 36 87 96 1 63 38 32 4 48 48 1 91 80 35 37 65 62 43 12 21 92 75 15 58 92 78 56 14 82 75 11 71 62 7 72 78 97 56 34 45 57 35 36 37 23 25 3 85 20 67 58 65 42 73 23 87 51 79 1 86 54 65 57 69 72 29 99 22 85 33 67 94 21 56 32 44 81 87 81 54 54 39 19 49 13 42 88 64 73 41 50 28 6 59 49 79 88 48 53 26 33 20 20 54 
76 4 50 10 91 31 64 46 71 83 47 36 77 35 0 50 76 3 30 35 14 79 66 3 79 19 81 13 39 53 19 16 58 22 26 49 53 42 47 76 25 46 12 54 81 65 4 10 20 87 45 34 66 11 89 98 30 70 63 21 76 82 89 86 56 15 87 10 9 35 38 86 81 51 40 15 68 97 77 88 84 22 22 2 85 64 0 67 34 63 88 62 98 30 48 54 45 36 64 7 23 55 93 56 58 34 71 26 83 0 14 67 74 88 69 59 52 70 78 39 85 19 53 83 49 2 38 46 90 54 53 65 9 47 21 67 33 45 45 16 45 11 83 20 0 4 31 4 26 62 95 12 81 49 95 30 3 33 28 45 40 82 10 49 81 83 69 14 28 14 82 26 26 17 46 78 21 29 34 48 91 30 12 72 31 7 54 34 93 35 79 33 69 41 82 50 24 3 16 53 
70 50 31 96 67 77 26 40 58 60 88 50 42 52 74 73 60 81 7 53 68 38 38 37 79 20 87 56 76 55 61 46 5 92 94 72 21 20 64 79 32 5 81 27 57 8 0 17 89 60 22 57 50 60 94 82 33 33 38 9 40 99 55 45 91 49 69 12 21 33 91 5 38 73 32 96 81 33 65 22 45 88 31 95 48 77 77 33 62 15 42 2 66 49 99 57 50 68 69 71 53 13 77 44 38 61 92 71 94 57 45 91 97 76 87 46 5 16 31 67 84 74 21 50 23 20 8 74 40 29 97 93 94 26 89 32 88 81 55 34 39 0 26 36 28 65 34 85 33 66 4 17 92 25 68 15 45 28 41 85 9 39 31 4 17 20 88 5 2 96 40 93 48 18 29 29 83 16 14 16 34 19 34 26 44 54 93 90 34 87 27 43 78 58 99 95 79 40 1 33 
36 93 26 36 11 7 65 94 23 80 62 9 99 48 35 95 54 81 37 88 68 65 84 98 75 35 93 6 75 94 39 63 39 17 52 50 25 17 96 0 97 11 10 48 59 97 44 14 30 81 54 98 98 90 96 74 26 42 80 53 88 72 69 28 89 21 78 14 38 27 15 88 38 77 36 97 26 32 63 57 66 70 7 64 60 56 38 38 98 71 44 86 43 65 66 32 38 45 99 76 72 66 16 62 95 5 59 21 37 75 78 55 97 38 20 9 94 10 48 44 81 44 30 76 9 97 61 47 94 12 75 18 78 44 80 73 49 91 46 38 66 77 94 15 15 66 25 9 76 25 53 10 69 35 86 30 84 99 29 78 11 56 48 41 0 28 14 1 20 13 40 38 90 86 54 5 52 31 66 80 56 71 90 25 6 29 7 91 28 36 21 92 92 70 33 93 50 0 94 22 
13 86 13 3 72 67 8 76 98 26 57 6 97 99 83 3 28 90 46 9 26 20 1 70 42 34 15 44 86 62 67 99 48 80 54 73 99 14 1 49 40 58 55 37 58 38 93 38 80 91 47 6 63 0 28 5 87 44 50 73 6 69 25 6 49 79 31 0 94 33 49 34 43 56 24 53 46 17 92 26 60 91 84 24 92 12 29 31 8 31 4 66 0 29 73 1 9 56 1 3 89 2 89 85 58 13 38 4 30 82 30 91 26 66 67 70 79 96 1 87 80 5 6 80 87 79 34 48 87 35 3 29 38 92 14 48 6 4 5 88 39 87 31 65 54 98 35 85 47 88 72 27 45 78 59 32 9 93 80 49 29 83 78 19 28 44 19 34 48 24 74 87 64 6 4 18 56 39 3 3 79 27 30 25 58 90 57 19 35 90 68 16 25 98 87 5 42 7 39 91 
83 66 30 47 24 35 17 80 26 72 36 6 0 66 31 10 8 40 81 96 82 50 12 8 0 0 13 43 7 5 34 42 23 16 42 47 51 59 27 78 32 63 84 84 82 15 46 42 7 27 38 90 29 51 98 30 3 63 73 62 20 59 4 43 75 46 90 27 58 70 57 42 85 41 78 19 8 24 14 67 3 52 57 33 55 7 15 10 71 88 72 43 99 29 39 74 75 81 53 85 3 10 79 89 3 57 60 63 33 74 31 37 79 88 22 34 96 37 45 19 77 69 14 76 98 53 2 26 35 56 11 38 18 91 79 22 0 40 37 34 66 68 23 45 9 45 32 57 34 29 28 63 98 42 39 97 48 93 23 35 49 86 25 20 77 5 94 78 97 31 64 15 52 87 61 13 84 93 70 70 22 98 33 72 92 24 69 92 17 44 27 19 31 53 91 60 10 85 90 59 
68 54 74 20 93 87 33 77 80 3 99 54 53 32 27 98 8 48 90 78 45 18 97 76 23 40 88 33 25 31 44 93 85 18 66 31 58 99 60 38 55 60 45 60 44 24 58 53 24 1 31 69 19 80 97 42 20 38 27 45 69 71 90 54 41 56 37 99 8 98 90 15 58 87 75 2 11 86 55 87 87 38 57 58 18 6 0 90 44 79 87 13 2 78 20 95 86 57 95 94 55 37 9 65 24 37 68 87 23 75 74 62 66 83 20 84 90 72 27 86 51 14 0 5 44 72 0 31 81 47 77 37 84 39 54 60 28 22 99 51 50 26 13 16 9 33 52 51 5 79 90 8 46 42 13 90 14 13 73 95 13 3 84 97 42 39 58 22 13 9 73 63 35 38 31 45 23 36 48 80 15 38 40 13 80 5 56 46 18 29 42 31 84 26 81 78 17 91 0 31 
0 73 46 36 63 30 33 38 66 81 70 33 72 10 47 4 15 3 51 86 84 93 69 69 71 50 47 41 93 48 24 94 73 70 82 37 0 15 27 66 48 98 0 72 8 99 77 76 2 28 62 38 73 31 7 96 34 55 37 27 55 61 73 28 84 55 17 84 22 45 3 23 43 55 47 3 54 24 79 8 4 41 46 77 25 6 26 59 61 63 38 16 77 12 44 61 19 14 97 94 59 52 69 54 7 16 57 13 41 37 73 45 30 20 75 55 26 1 66 39 16 5 7 93 69 3 6 88 17 4 34 76 8 3 30 16 20 40 81 13 29 55 58 59 27 85 67 5 38 33 44 55 90 51 0 59 6 7 0 24 63 34 52 71 90 35 39 10 75 73 23 4 28 33 15 7 19 34 12 9 20 8 64 10 59 65 22 17 24 22 41 39 8 94 62 98 29 54 60 56 
27 83 12 7 69 79 14 40 14 26 49 34 34 14 96 45 31 18 62 7 92 4 46 1 50 60 99 31 14 12 87 41 95 99 48 16 78 14 56 44 40 6 78 26 72 27 71 55 45 34 14 38 90 12 91 92 72 42 23 39 54 10 80 2 61 81 18 39 95 75 84 88 33 14 14 57 93 38 12 39 24 78 29 66 90 20 58 62 62 81 1 69 91 34 71 4 67 89 43 14 16 79 54 49 46 69 6 39 59 70 30 83 0 59 49 90 31 7 5 46 40 58 15 83 92 38 87 11 27 82 78 44 14 32 45 60 53 4 51 12 26 34 95 27 93 96 17 77 55 74 75 95 33 90 30 77 80 17 89 7 0 67 3 14 99 1 26 5 5 29 17 83 63 65 62 9 61 32 86 69 6 61 16 39 3 47 17 35 64 58 42 16 25 98 82 76 51 60 81 56 
90 51 91 5 16 54 14 29 86 52 98 92 65 67 84 68 14 1 55 30 59 50 47 36 48 81 64 99 42 46 7 84 97 50 89 65 4 4 94 90 56 45 35 22 12 19 42 26 72 98 56 83 48 55 19 48 37 83 99 31 81 6 15 78 56 4 95 13 8 90 55 17 87 90 91 99 61 33 77 33 83 85 16 31 93 87 31 82 71 30 13 52 88 28 83 97 84 78 10 45 20 65 62 59 8 53 58 69 38 87 55 22 25 71 5 18 11 37 0 82 19 13 86 8 93 21 5 77 52 15 22 24 32 36 84 92 41 42 62 80 82 69 54 7 92 59 77 3 48 29 85 68 94 24 76 87 45 33 16 49 0 39 74 32 27 58 25 69 52 39 49 34 8 3 93 0 14 22 4 63 51 41 83 45 65 11 84 63 44 1 12 44 92 38 28 19 96 53 88 49 
44 89 35 52 44 81 5 11 55 61 74 59 2 9 4 20 20 89 35 64 42 99 8 34 38 88 5 34 42 46 35 38 35 23 43 32 56 48 43 63 9 69 22 63 78 27 35 98 68 70 62 62 70 22 96 8 10 53 94 4 99 82 43 35 57 86 19 65 86 62 28 47 31 51 62 9 30 98 59 50 68 73 12 38 95 60 98 57 13 93 14 65 27 57 52 36 95 71 1 33 85 81 80 16 32 94 77 14 92 36 64 61 9 28 51 56 40 50 65 6 95 79 71 74 88 23 10 83 46 11 68 31 92 0 99 77 95 76 43 87 64 8 0 25 88 52 33 81 54 98 87 1 78 10 75 66 85 85 2 31 48 70 14 92 23 13 21 18 41 65 5 5 25 58 82 13 62 15 46 16 65 33 69 95 95 44 62 80 81 16 11 81 38 25 25 61 38 47 79 31 
12 37 36 89 47 70 54 9 37 1 25 3 34 94 98 30 90 12 62 23 28 74 4 19 51 29 32 42 28 64 73 92 53 62 81 0 32 36 9 70 37 86 25 23 32 23 5 22 36 68 45 16 94 1 35 97 82 68 39 63 32 65 55 85 79 37 37 11 25 46 33 14 32 58 89 64 34 47 38 70 15 35 86 61 88 74 58 70 94 50 33 78 67 41 15 46 30 52 9 55 98 95 21 82 53 10 98 39 57 88 9 24 23 48 37 11 74 48 33 68 50 19 98 17 60 13 15 90 65 24 45 15 19 18 49 25 28 99 64 38 87 26 14 10 74 52 73 48 52 6 68 2 25 66 71 85 79 86 75 96 10 72 63 82 42 64 59 23 63 75 61 50 1 27 12 27 31 85 27 83 43 95 37 69 13 8 6 44 94 34 92 57 58 7 91 1 71 2 24 86 
77 37 36 79 64 48 58 48 85 86 83 29 33 21 98 47 81 56 43 28 90 36 37 49 43 28 50 67 30 26 53 59 63 90 38 79 90 49 79 76 35 63 5 20 36 55 19 17 11 63 45 54 51 82 55 94 62 5 61 44 83 15 4 98 57 94 77 99 43 57 75 30 72 32 51 8 39 70 77 3 85 23 9 36 57 64 83 20 21 96 64 4 63 68 2 72 63 31 72 6 40 99 89 12 84 40 72 23 62 50 78 0 73 87 36 82 51 71 2 24 68 19 28 83 39 82 56 2 14 28 61 54 27 50 19 63 42 91 87 4 93 17 4 18 57 93 1 60 16 3 85 84 74 13 68 14 96 76 68 62 4 81 68 83 31 87 47 25 31 86 82 24 55 38 43 12 31 96 73 48 51 58 84 26 23 4 40 71 80 60 33 36 42 2 72 25 41 71 51 24 
9 33 49 64 71 44 29 55 92 2 55 43 12 91 69 35 96 61 7 28 74 40 17 16 94 89 41 36 12 44 12 21 77 13 37 1 57 66 8 1 68 15 45 32 6 66 68 54 80 75 35 54 67 52 70 14 93 63 2 5 8 14 78 37 28 15 90 37 82 98 39 2 65 84 35 72 50 55 26 30 82 13 84 1 65 6 15 10 70 17 15 30 84 45 67 12 61 58 49 95 8 88 49 74 24 36 46 27 91 24 57 25 38 94 27 55 52 42 66 74 12 33 4 96 79 72 8 92 82 9 39 90 50 40 64 74 77 62 1 20 39 11 46 77 57 73 84 61 67 50 36 31 84 40 27 15 64 87 59 46 49 98 37 99 38 53 25 67 16 79 88 55 42 34 84 99 59 68 60 26 71 48 58 7 89 37 74 5 77 33 52 26 31 41 77 21 46 2 89 62 
81 77 69 23 63 5 74 22 26 87 0 97 35 10 4 76 48 30 82 77 63 86 3 94 79 80 15 25 34 4 40 16 33 9 91 96 67 66 18 93 53 71 90 40 81 46 17 81 76 51 58 39 89 13 85 68 93 52 45 28 9 85 96 42 47 87 39 14 5 9 7 10 32 49 51 14 95 20 47 23 23 58 14 12 71 99 32 17 3 77 97 12 15 45 55 62 32 46 28 90 55 35 0 40 36 3 54 83 75 53 6 98 11 72 62 83 71 94 52 74 24 49 39 39 94 94 53 78 40 81 20 47 16 21 87 4 76 93 87 4 47 93 2 10 65 17 93 88 63 97 14 87 46 53 78 92 99 31 23 91 12 43 91 80 16 30 84 93 76 71 97 75 16 51 85 33 68 31 21 84 28 88 71 27 93 50 19 45 33 42 36 46 86 79 78 2 10 63 47 38 
86 96 13 3 48 98 36 68 29 10 52 10 50 76 37 43 26 56 88 59 51 77 57 89 56 36 91 18 51 91 56 37 87 69 92 87 20 81 56 49 91 60 59 41 36 48 36 14 5 77 26 8 6 35 97 62 71 40 33 74 31 89 12 71 11 56 58 31 37 66 32 28 79 44 21 15 92 10 82 49 39 8 9 45 43 6 59 67 99 92 41 82 34 5 53 97 62 64 80 99 82 12 80 61 8 1 77 53 63 59 2 2 19 12 47 14 70 59 81 69 51 75 4 37 80 57 34 42 73 14 94 56 79 74 17 87 27 46 40 43 57 95 45 28 59 45 43 29 4 76 51 7 51 55 45 84 64 79 78 38 94 72 46 73 98 63 12 26 62 53 69 19 0 66 48 59 63 43 40 67 19 43 75 71 50 72 7 15 51 85 5 97 58 51 70 56 66 35 34 80 
40 55 0 40 22 0 51 85 43 43 5 62 87 32 85 89 4 92 56 7 30 61 5 88 64 27 96 83 62 83 63 2 38 15 94 12 67 45 50 10 89 7 25 28 39 62 17 95 7 74 2 37 87 59 77 4 87 73 39 1 8 54 56 47 70 50 11 37 96 13 0 37 20 77 65 11 39 34 6 46 8 61 35 48 20 12 4 59 38 43 13 46 97 69 45 19 19 57 57 67 70 57 4 43 86 21 54 25 56 61 24 16 74 59 64 46 24 20 6 62 63 71 60 61 40 6 80 59 15 89 27 85 98 83 28 84 5 35 62 61 48 86 77 22 97 94 68 73 14 26 87 30 97 48 43 89 54 75 49 69 65 28 6 15 63 87 0 68 22 14 29 70 52 59 44 1 5 64 75 19 91 62 49 40 10 44 82 64 20 83 85 85 11 92 52 74 79 52 95 1 
18 76 23 70 35 67 72 40 31 47 12 74 61 13 67 72 58 49 88 78 32 74 15 95 66 67 69 97 72 16 98 90 93 21 13 28 40 85 21 71 84 85 46 45 50 65 69 8 14 58 38 46 84 5 41 2 25 62 99 49 79 49 39 24 22 4 52 62 89 25 85 73 10 83 71 61 48 92 21 14 50 12 60 86 17 53 40 94 68 39 43 99 40 35 23 62 39 27 76 29 53 62 54 15 97 77 28 46 70 50 60 72 62 73 11 31 78 51 26 98 91 21 97 31 56 72 46 96 52 22 77 5 36 83 72 34 61 1 32 83 3 92 55 17 17 66 0 96 70 78 94 61 0 44 44 56 68 42 4 20 17 81 77 53 17 50 39 30 3 23 13 6 68 20 23 85 39 23 33 9 54 80 22 54 24 18 62 92 61 67 13 78 0 42 83 69 92 75 99 95 
98 64 53 66 85 76 52 76 52 37 85 6 17 59 12 41 77 74 86 90 93 51 68 46 93 4 15 38 79 15 33 29 79 87 96 16 15 0 92 19 37 29 77 55 40 41 48 18 16 86 8 61 89 29 7 35 33 75 73 64 90 58 93 21 45 89 90 13 41 34 84 31 16 62 86 56 3 86 26 71 25 87 85 14 16 92 49 1 67 74 65 9 33 10 83 30 52 73 43 93 7 80 24 23 42 62 32 97 1 58 21 26 45 6 92 13 50 94 14 18 68 31 79 1 42 62 32 94 87 27 39 47 7 16 22 1 78 54 51 31 65 72 57 10 30 2 24 80 96 90 50 16 22 30 18 16 44 2 62 32 29 1 79 37 17 1 90 48 8 41 79 73 65 37 83 95 91 59 76 39 2 26 55 24 8 73 92 53 27 54 37 57 55 16 46 73 69 36 73 77 
78 52 50 43 41 86 91 32 97 67 71 99 45 27 75 6 52 67 11 80 21 48 89 77 16 35 2 85 71 75 63 1 27 65 97 21 3 88 53 1 7 77 0 4 4 76 62 8 95 73 40 17 73 29 46 89 64 0 75 88 75 90 41 54 7 90 75 11 78 81 12 37 58 64 94 14 92 56 22 88 82 63 57 55 44 3 45 9 3 72 49 30 62 90 36 69 81 64 32 11 97 44 1 55 9 47 69 53 3 43 41 37 58 98 45 3 53 90 64 56 14 13 38 28 55 27 97 88 91 30 0 88 26 53 95 87 0 16 41 55 59 34 93 70 33 38 73 86 80 37 95 94 2 85 74 9 12 71 98 3 53 98 43 32 3 38 19 3 54 12 58 66 47 3 36 32 93 61 18 73 50 65 19 4 51 93 13 63 17 11 19 22 61 62 6 64 53 78 67 7 
90 78 25 37 81 13 69 75 74 40 0 24 57 72 28 8 17 42 24 86 5 43 61 67 5 67 31 10 45 51 70 88 29 95 77 10 9 99 85 35 39 38 12 48 10 92 57 27 86 81 66 92 76 27 59 33 94 42 44 92 93 14 80 22 9 9 33 70 8 70 58 99 8 70 48 70 62 57 50 49 38 16 93 66 95 52 99 41 46 43 33 40 57 65 62 19 75 47 41 35 70 99 35 30 21 83 1 84 40 3 85 30 71 78 48 66 82 47 7 28 91 93 68 0 58 83 71 85 82 65 21 52 16 8 83 38 43 36 22 83 91 59 65 62 37 13 80 19 12 87 99 3 80 68 56 91 3 79 28 85 96 1 38 13 9 73 51 52 61 25 87 52 84 4 14 21 17 94 92 30 33 91 85 66 11 93 9 66 25 37 52 21 39 42 34 0 15 85 5 76 
10 92 80 46 49 46 19 18 92 11 48 25 55 86 43 18 31 52 85 56 90 37 78 81 31 64 33 46 50 38 74 12 83 54 59 84 52 78 2 44 42 51 21 49 89 65 67 20 17 4 29 59 93 59 92 24 23 26 70 73 16 96 38 51 2 49 35 54 79 38 50 73 41 72 22 30 89 42 2 6 46 31 18 92 90 10 16 14 36 39 39 5 35 29 56 90 30 92 96 10 30 47 83 71 71 58 53 60 52 55 18 50 39 36 42 81 47 59 47 35 50 39 92 37 68 49 27 99 41 24 61 23 23 96 46 94 6 51 6 58 6 24 9 97 13 51 79 12 62 26 99 12 65 92 2 86 41 29 37 34 5 98 9 80 46 55 26 53 6 32 11 64 9 72 14 22 24 45 86 38 23 85 3 41 77 5 27 18 86 16 4 44 14 13 76 60 20 3 65 78 
87 77 95 96 49 9 70 25 6 56 16 29 94 71 70 71 28 49 42 66 65 46 10 31 12 39 92 84 42 9 63 29 86 10 78 88 71 0 65 77 9 81 6 3 52 29 74 80 78 68 47 96 15 9 27 79 48 71 63 42 81 78 24 67 40 54 7 11 54 73 40 63 54 99 66 59 28 93 91 58 61 38 54 28 0 82 59 0 53 75 43 34 53 19 54 46 73 13 57 27 86 50 43 41 49 61 52 29 54 43 87 68 34 94 48 34 76 8 34 81 83 29 68 88 48 74 34 21 87 44 1 74 94 44 67 95 57 19 24 64 14 11 32 48 5 80 34 33 40 21 15 23 50 35 64 51 9 98 72 96 94 25 22 40 21 41 35 79 12 59 43 27 71 27 75 28 59 10 14 52 31 29 75 33 16 39 84 25 90 9 73 36 34 48 77 8 89 12 87 2 
72 82 29 95 61 56 75 72 18 89 24 1 18 52 35 86 43 71 11 33 80 37 70 67 85 47 75 74 11 14 28 83 96 9 78 9 66 54 81 84 95 58 86 14 10 73 52 53 44 64 39 25 53 9 44 38 8 19 64 19 33 45 55 81 54 85 90 20 91 23 57 87 81 95 53 91 68 5 45 12 21 84 89 74 45 33 64 5 4 81 76 37 26 83 70 80 69 60 53 12 36 10 99 17 5 52 61 25 10 58 89 31 42 31 58 39 16 74 96 21 55 72 10 33 8 81 66 77 93 19 89 81 81 41 99 38 45 12 63 55 70 52 39 64 35 49 3 52 23 51 73 31 75 35 16 83 68 82 12 14 53 2 95 34 95 46 72 40 58 87 48 28 92 87 92 27 88 47 79 11 98 4 94 74 92 63 9 60 45 22 74 99 76 70 85 71 16 58 11 27 
45 59 55 89 98 0 17 86 99 48 50 98 53 96 24 97 59 33 57 57 7 84 56 83 54 41 54 22 51 18 49 49 77 57 38 28 9 55 14 8 4 16 6 9 13 82 6 24 68 15 81 75 99 37 11 5 31 65 80 34 35 81 83 13 38 74 93 47 81 59 56 85 76 14 46 41 49 4 65 69 20 47 44 19 36 7 25 19 73 5 6 8 86 89 73 77 15 18 76 97 78 84 34 54 51 81 47 0 85 12 21 57 11 17 77 0 25 54 71 50 11 77 10 49 19 84 26 34 54 55 31 32 39 66 38 42 99 85 94 36 50 15 94 13 33 23 65 58 77 37 8 40 14 18 89 33 54 68 68 9 23 51 93 14 69 32 57 68 69 51 57 71 67 51 85 52 74 2 10 3 39 70 43 54 40 32 39 47 52 59 8 75 11 53 90 32 85 99 53 7 
50 10 78 69 61 15 21 87 18 83 42 9 5 85 63 98 69 55 97 22 14 5 49 77 58 91 10 96 90 63 55 41 25 85 62 86 53 36 25 23 71 67 32 77 4 48 27 25 3 24 99 69 81 49 99 91 40 61 39 31 76 94 24 1 32 38 39 85 74 64 8 46 83 92 75 39 40 54 16 95 78 16 17 11 17 16 2 9 77 94 92 5 88 68 6 72 7 45 57 81 61 17 79 96 10 6 87 2 60 3 50 90 71 67 1 40 83 56 50 12 50 42 69 90 11 75 63 18 72 72 51 85 90 83 33 52 89 20 6 2 75 56 92 47 75 46 87 10 2 89 22 4 32 43 94 95 18 57 65 42 82 16 27 72 51 60 76 93 32 34 95 8 91 39 55 66 85 94 77 39 84 51 43 68 95 38 63 65 47 28 8 29 96 87 53 48 48 81 93 80 
16 88 88 59 27 95 77 65 42 6 56 26 58 0 94 5 90 9 22 89 37 30 19 85 18 24 85 18 6 78 50 74 66 91 33 46 86 10 63 80 69 19 6 27 19 52 84 61 61 6 51 50 89 70 36 7 46 21 77 4 0 27 78 18 18 63 16 57 26 79 89 95 51 96 22 22 0 58 84 14 64 35 64 53 57 52 12 3 74 41 60 26 69 38 96 39 2 13 48 28 44 38 23 95 86 97 18 38 7 54 52 23 89 69 29 98 21 41 53 47 35 13 25 56 52 22 95 6 87 96 86 83 86 61 79 24 58 49 62 17 3 67 40 44 36 69 94 9 63 47 57 98 61 34 54 65 8 1 23 95 49 9 79 35 70 10 59 80 59 74 97 14 41 37 10 77 7 4 86 70 51 95 68 64 30 74 81 38 75 4 86 25 65 17 12 87 27 72 67 38 
98 16 4 39 54 14 68 13 18 54 35 21 2 3 86 84 29 19 74 4 76 60 81 93 29 94 81 56 18 48 46 16 65 50 7 71 64 75 84 34 81 19 56 83 74 94 19 3 13 94 59 41 6 93 35 36 87 16 92 57 16 91 73 33 41 32 56 6 7 92 40 88 63 48 24 89 42 43 92 8 89 4 49 96 97 36 32 36 52 76 93 21 19 18 54 61 50 11 19 9 55 11 49 19 60 25 8 54 21 53 62 10 57 64 58 6 0 90 42 5 19 87 26 90 5 32 51 7 95 70 16 51 34 17 70 94 43 78 48 64 31 11 74 40 27 33 98 27 75 92 32 46 79 58 37 36 91 40 95 86 11 63 89 45 81 59 91 24 90 39 88 73 2 14 66 29 47 64 9 75 9 41 73 40 52 10 29 95 51 24 33 14 88 23 11 69 34 54 45 24 
45 85 50 48 99 16 29 99 32 90 74 41 32 99 34 84 10 63 31 13 87 64 79 27 87 90 48 22 44 93 98 89 78 48 89 30 16 71 29 49 61 55 42 45 54 76 81 16 91 12 81 79 77 60 58 16 2 7 38 98 52 89 40 83 37 29 13 54 52 94 55 66 1 97 11 7 26 93 24 17 5 57 48 34 18 7 51 20 66 41 19 70 30 59 53 20 40 18 26 45 64 81 11 65 30 22 25 8 67 49 26 73 6 26 59 76 33 10 97 51 52 68 22 34 79 27 54 71 46 32 16 62 65 79 28 96 2 53 56 69 54 82 94 12 9 54 89 94 16 38 46 68 58 20 3 89 47 9 60 45 42 29 8 7 8 36 55 10 41 12 32 47 46 78 11 7 84 52 2 1 42 0 21 0 72 76 89 19 38 2 65 80 31 73 39 91 61 47 54 54 
59 38 53 57 16 64 65 53 17 67 6 59 19 79 12 91 56 53 10 94 7 27 26 38 52 17 30 13 64 36 19 75 74 72 33 90 89 98 95 6 17 1 17 88 81 29 79 89 35 41 35 42 21 13 33 73 30 15 39 47 51 58 22 25 83 7 67 72 57 63 30 74 16 47 62 97 29 93 38 64 35 73 6 8 86 91 81 69 6 20 68 57 31 90 82 14 50 50 38 7 65 68 34 81 15 96 31 96 42 69 60 29 43 19 37 81 10 18 50 17 91 18 26 22 61 61 88 63 11 26 70 28 94 56 9 61 53 40 58 95 10 70 76 5 89 13 86 52 31 89 21 22 59 47 96 72 8 84 35 71 62 58 99 56 14 9 70 19 1 28 66 11 50 42 68 40 55 55 44 39 96 65 61 55 12 10 80 73 94 15 44 57 25 44 65 92 5 35 11 6 
15 30 70 66 72 38 58 28 45 2 67 41 67 80 49 31 90 29 4 37 96 49 46 74 45 11 66 50 99 77 8 66 7 78 84 32 17 42 12 14 96 31 56 15 63 5 99 54 86 3 43 34 4 89 8 49 52 74 51 51 4 60 18 63 90 2 95 59 97 59 74 45 90 82 61 54 39 60 60 25 15 3 59 20 44 20 21 96 94 25 48 50 37 18 14 27 72 61 39 21 21 13 67 11 47 80 17 86 92 77 11 7 32 22 79 76 42 53 73 89 78 73 39 67 43 53 46 15 67 85 89 88 50 8 51 97 88 21 83 80 98 46 39 83 21 71 11 63 24 36 4 54 9 44 21 4 49 19 20 16 5 61 56 55 69 60 5 9 81 88 41 31 87 80 14 8 3 26 71 79 62 76 33 24 72 6 28 21 26 0 90 83 61 98 90 82 58 95 91 39 
84 32 23 71 65 37 31 68 15 2 48 30 30 33 54 2 92 34 76 70 87 18 5 48 16 95 83 75 91 74 66 27 59 89 50 24 79 81 44 46 35 92 76 66 78 82 20 22 69 48 44 56 66 49 56 35 44 39 62 35 14 28 14 25 70 64 49 1 97 93 47 33 38 24 51 68 58 71 90 27 72 34 83 38 35 40 73 79 79 35 67 45 16 81 70 38 98 19 39 95 65 86 28 3 10 79 23 69 3 13 96 75 99 32 13 34 72 39 13 51 26 32 49 94 14 19 32 12 91 71 7 8 58 88 11 20 67 86 41 70 99 90 45 50 22 11 84 94 2 49 97 80 82 46 75 48 18 7 12 9 79 71 17 89 59 80 9 79 66 51 49 17 93 47 67 15 10 3 9 64 4 58 44 38 5 19 38 23 79 50 84 10 22 53 99 33 85 60 12 3 
63 14 20 56 13 39 71 75 94 32 39 50 91 83 89 96 55 79 71 34 30 55 44 4 60 95 89 45 55 2 48 19 68 20 75 81 59 99 8 5 31 47 55 22 82 96 70 37 76 41 23 58 48 67 14 60 14 3 5 70 57 5 41 25 25 16 58 84 67 66 41 99 65 97 73 48 45 96 37 73 37 61 31 38 80 97 98 95 1 56 65 10 61 58 88 87 74 98 23 94 65 65 45 82 14 18 30 11 14 20 85 4 81 68 94 13 66 44 8 19 0 25 29 62 83 17 1 10 16 24 56 33 41 1 67 7 19 50 19 86 70 56 42 3 24 36 16 42 80 77 61 33 54 43 47 90 60 48 52 28 24 8 13 18 9 81 25 80 83 96 18 53 4 60 56 29 48 24 23 81 53 85 14 8 28 61 98 40 61 2 21 85 10 34 55 19 67 33 51 50 
29 70 55 34 82 11 15 83 88 38 64 41 75 78 1 3 91 99 96 4 1 17 41 63 51 97 34 71 30 86 73 11 8 29 45 42 40 12 25 80 3 89 22 78 19 75 34 62 27 30 66 28 47 8 44 50 57 78 73 87 16 47 98 76 76 96 19 68 8 96 49 63 86 23 42 57 98 28 72 25 58 38 6 57 98 50 7 55 80 81 42 97 80 93 25 56 89 44 24 49 41 25 13 79 48 55 88 99 35 60 76 93 51 82 50 49 84 9 57 17 42 99 66 22 44 91 30 33 36 55 83 29 80 96 60 81 3 48 32 38 61 8 83 12 43 33 13 79 94 70 96 89 22 62 11 66 6 42 0 94 49 35 23 81 31 35 14 86 83 46 24 96 7 7 8 50 92 22 81 38 44 30 27 66 44 91 85 50 85 37 44 34 72 67 67 55 2 82 41 38 
80 65 34 39 24 95 89 68 69 23 6 65 53 86 84 97 77 69 48 62 6 92 48 30 12 67 85 66 49 26 56 82 43 43 21 19 90 63 87 59 38 45 76 91 31 60 88 8 29 88 22 87 33 22 69 45 90 54 63 91 32 72 73 75 15 47 94 5 62 81 16 0 79 92 91 10 5 31 71 86 20 45 26 53 68 95 50 58 50 65 49 82 37 75 10 52 74 4 9 36 38 77 36 69 22 79 79 27 10 2 13 82 48 39 87 68 87 37 26 37 55 27 71 92 2 33 97 76 90 58 64 28 36 52 97 58 31 28 37 94 31 2 76 31 42 16 99 29 53 77 18 60 4 41 53 59 75 50 87 65 8 52 45 96 56 94 6 88 74 43 82 5 46 10 88 40 26 39 21 32 16 91 92 73 32 97 32 59 47 71 76 8 75 73 4 32 67 11 20 42 
6 54 99 52 16 40 44 43 79 65 27 48 56 71 21 89 69 5 0 16 76 77 76 4 50 81 36 70 44 8 64 50 14 63 3 30 3 47 25 35 65 4 83 21 76 4 62 45 9 63 13 37 92 90 41 94 23 29 16 67 37 80 17 3 44 72 86 99 72 11 34 37 16 17 58 44 73 73 89 34 88 2 72 80 44 65 26 67 47 43 34 36 23 4 40 19 76 26 19 48 89 5 37 5 75 48 49 48 21 90 35 9 45 7 41 89 24 67 57 71 62 43 8 86 47 0 5 24 26 76 24 15 34 62 73 9 10 74 9 31 65 44 92 62 3 33 51 28 52 60 51 15 4 11 1 51 11 58 27 37 87 52 5 21 66 78 82 28 4 91 59 21 36 3 83 39 36 87 19 88 47 71 55 3 82 8 7 94 19 34 83 6 38 40 79 56 18 61 84 75 
52 43 96 88 98 32 80 34 19 99 75 66 70 30 22 5 39 29 51 58 15 34 16 54 75 95 10 45 56 95 20 60 90 69 1 89 1 81 75 72 80 2 38 3 33 12 8 24 41 59 34 57 45 2 63 72 97 73 18 5 20 90 17 63 11 18 52 12 99 79 84 32 82 75 35 67 39 95 91 81 54 77 90 99 31 53 72 28 78 42 85 99 84 54 14 96 73 18 60 72 97 97 56 79 24 91 46 63 86 89 96 92 18 86 44 49 91 68 29 70 62 66 21 46 21 35 94 94 53 55 18 2 52 75 82 28 18 80 91 5 22 40 49 40 26 93 42 18 61 71 40 23 38 61 22 11 48 16 5 53 71 75 55 75 50 37 55 69 70 47 26 92 87 75 32 65 69 74 35 82 98 75 58 88 88 32 99 36 48 4 89 72 79 45 99 82 34 55 51 4 
54 29 96 93 4 81 58 25 7 94 60 5 21 70 45 10 2 44 46 2 48 88 74 80 85 74 14 19 81 65 76 35 46 24 28 50 5 38 28 65 84 40 22 6 10 68 16 64 12 14 66 13 2 41 45 87 67 59 59 48 76 35 35 22 59 63 24 17 53 52 82 38 92 4 44 54 72 60 18 37 26 85 50 29 78 95 68 97 54 79 97 30 14 32 4 26 47 28 43 0 81 77 38 25 81 82 32 6 94 2 43 21 87 45 2 17 40 70 66 46 2 63 28 16 95 32 94 94 60 37 95 93 66 33 71 0 68 3 6 14 5 1 35 45 46 37 14 38 60 81 36 62 44 64 30 92 96 25 86 56 14 33 50 33 19 73 33 87 76 91 53 33 92 89 78 90 78 93 80 90 26 16 52 70 32 35 14 28 12 1 36 78 86 38 11 5 11 44 44 87 
35 98 21 79 39 51 21 17 96 53 8 22 21 12 45 53 47 59 33 11 12 70 90 99 8 1 56 20 98 1 59 85 51 32 17 90 84 90 59 80 96 67 55 17 32 0 23 31 59 56 43 72 26 85 23 87 38 79 7 36 32 18 74 35 51 43 77 35 33 37 67 81 56 74 51 88 74 74 72 86 82 15 10 61 52 33 48 90 64 7 79 97 25 53 84 76 48 62 63 33 99 83 15 7 57 66 96 84 92 20 70 74 87 80 87 39 65 87 29 29 94 8 78 72 13 63 48 61 25 64 95 76 99 62 83 56 80 31 92 72 51 62 98 38 94 86 77 59 73 7 89 20 67 67 92 33 30 92 94 7 8 41 83 7 55 67 16 35 50 8 7 2 23 58 92 17 96 70 29 21 29 18 41 48 37 85 81 20 30 28 27 38 69 63 98 77 82 14 12 32 
74 20 34 97 30 27 67 26 49 96 47 30 66 41 78 55 26 60 75 8 88 55 47 9 18 45 86 0 11 99 84 85 71 71 35 53 50 54 79 99 2 78 29 20 19 7 75 98 19 51 6 7 58 5 69 28 50 7 80 13 58 64 51 29 35 38 82 85 92 13 36 46 92 65 66 11 25 41 9 44 44 68 4 2 73 25 30 24 32 10 89 91 27 40 72 62 78 7 0 22 20 36 68 12 54 34 76 79 76 85 75 72 53 31 27 79 56 57 55 89 20 44 32 47 85 4 61 15 11 13 38 84 50 6 96 4 93 72 35 21 10 10 93 15 42 20 94 50 30 49 91 2 94 23 1 31 80 14 98 43 28 36 27 78 95 24 34 40 48 21 61 10 83 6 26 77 79 72 28 61 22 19 63 68 95 16 51 75 30 49 70 58 38 98 88 85 74 74 25 74 
95 38 85 79 44 63 56 75 35 36 36 57 8 51 77 3 67 28 30 98 78 0 8 68 50 49 53 24 23 30 51 71 68 36 50 64 99 58 40 34 47 76 44 55 28 21 10 95 2 92 45 80 44 6 0 95 55 53 71 78 35 22 49 3 58 51 67 9 62 7 96 61 36 40 16 64 13 78 11 15 70 9 47 14 15 47 61 70 52 33 48 87 55 50 42 66 53 62 27 15 21 23 76 57 15 44 73 29 74 85 44 44 46 44 11 61 91 72 31 96 57 31 35 65 81 30 31 87 92 10 2 13 34 31 23 49 27 96 78 2 33 75 98 79 19 61 40 62 34 23 10 43 55 98 8 88 28 91 75 20 2 30 85 88 61 8 37 40 5 68 94 90 95 45 22 66 6 62 80 92 86 91 36 93 89 44 81 69 88 57 89 90 87 74 78 0 83 67 92 40 
87 87 82 82 32 4 0 90 19 81 83 57 24 19 50 65 15 31 34 3 40 75 45 79 49 75 79 84 43 24 76 82 11 11 17 95 15 17 85 34 50 20 43 74 39 93 91 7 77 25 10 69 0 56 49 2 83 80 38 78 4 67 61 67 78 78 14 93 47 0 80 98 72 23 24 12 69 16 71 98 93 81 67 46 89 16 0 73 97 38 51 1 57 64 69 35 94 83 81 42 35 61 92 8 36 16 72 57 84 43 55 30 76 23 76 66 39 28 91 36 18 94 90 76 59 59 11 5 94 92 47 82 5 39 90 94 8 14 51 92 57 59 74 85 82 50 3 73 30 94 62 49 41 52 25 52 63 36 57 9 81 5 91 38 96 33 32 56 47 36 1 56 95 75 42 29 78 45 54 8 92 16 57 33 20 82 37 35 71 94 45 52 51 88 42 0 22 27 56 69 
63 57 78 10 33 20 91 11 17 45 19 61 14 77 46 34 11 83 70 82 30 67 86 81 55 29 81 77 56 38 99 71 47 77 33 80 49 76 43 18 21 63 80 87 92 78 22 3 62 44 38 92 11 24 25 18 5 7 48 13 97 47 36 44 76 21 77 77 97 72 95 71 87 27 58 79 6 80 35 20 76 73 12 39 49 89 58 7 48 58 20 45 57 9 42 33 30 71 62 28 43 9 99 31 37 57 62 95 90 97 15 66 22 79 6 24 68 16 31 17 74 51 14 31 60 8 16 91 79 78 71 75 87 70 6 24 79 20 71 69 18 86 36 92 17 42 16 86 10 47 55 84 51 21 15 63 30 83 54 61 61 77 36 48 47 94 25 27 15 96 96 85 35 84 77 52 78 94 90 88 93 45 24 44 67 39 8 49 22 14 10 35 92 47 84 91 41 61 70 56 
57 19 41 92 3 71 45 82 17 87 22 10 33 47 7 52 38 15 1 13 81 63 48 25 10 84 17 4 45 39 60 55 58 54 47 62 25 44 96 42 84 18 4 17 17 11 21 56 26 74 21 60 37 69 85 48 6 54 52 51 94 64 6 52 70 6 66 47 2 62 41 86 33 46 55 2 57 28 58 36 2 31 96 40 1 33 40 7 88 44 10 82 60 69 86 31 75 53 78 29 67 20 68 52 18 23 55 75 52 65 63 6 97 59 46 50 45 38 9 33 82 19 67 43 88 5 26 15 58 4 45 78 76 13 82 94 88 89 22 92 7 85 99 56 97 45 6 42 84 67 75 18 86 94 61 27 99 87 42 10 44 39 40 72 52 22 19 93 12 41 85 71 26 36 27 23 34 85 65 70 52 92 88 38 38 2 65 90 41 60 0 37 99 40 10 4 14 29 97 78 
70 34 49 48 23 76 72 57 13 89 27 65 34 67 4 72 69 21 62 63 33 14 0 33 6 62 37 21 91 86 51 13 72 1 14 95 29 86 52 43 27 79 8 13 99 64 86 68 38 0 83 71 15 84 56 21 46 93 94 90 31 46 55 4 99 69 99 80 7 52 23 35 83 84 48 82 0 86 3 90 87 86 14 54 22 70 27 21 16 74 11 47 72 66 51 71 36 51 51 43 55 27 30 38 63 31 73 15 17 28 6 56 66 72 62 41 42 90 62 58 16 25 58 88 43 9 59 79 12 62 75 67 89 57 58 4 88 83 20 58 11 78 14 29 50 77 70 92 19 84 3 35 9 61 23 53 22 34 84 35 96 11 2 38 21 60 94 9 95 14 19 6 92 34 88 94 63 10 87 34 47 42 69 56 55 44 61 77 30 98 12 78 61 15 68 82 27 63 44 23 
29 63 81 22 49 21 16 64 32 55 98 79 49 19 87 4 15 1 34 45 51 46 24 64 13 44 99 93 7 95 16 37 58 49 11 60 71 79 24 55 87 23 86 36 42 25 93 58 26 27 55 29 25 31 46 39 76 45 32 83 40 0 72 50 1 83 10 72 63 87 79 2 10 65 90 4 91 83 14 69 62 22 51 40 53 97 31 29 42 15 65 34 15 37 36 68 21 47 41 36 86 20 90 96 38 80 52 29 16 19 50 30 41 1 70 94 98 1 24 92 16 89 26 83 78 63 52 51 62 45 87 48 17 77 96 55 10 0 36 26 19 87 56 60 88 27 7 87 80 83 79 49 24 58 32 2 73 36 54 87 81 93 87 51 23 35 6 33 35 43 11 7 30 67 19 18 46 26 57 27 9 37 76 33 47 60 88 72 97 42 59 30 87 98 81 10 33 40 95 20 
83 6 79 65 74 99 35 20 77 93 99 39 82 75 24 29 88 12 1 37 6 12 67 94 62 1 56 95 41 52 67 76 58 47 93 32 98 28 5 27 21 4 66 3 32 91 84 20 55 37 9 62 49 28 8 63 29 64 58 22 16 78 50 75 77 43 59 75 72 64 54 45 21 21 49 53 64 33 25 19 71 34 33 72 62 93 36 44 58 46 18 26 76 21 1 53 64 13 80 88 77 35 34 50 56 35 55 72 68 80 91 91 66 77 64 81 70 52 77 28 50 47 55 27 68 8 80 85 21 13 73 51 48 59 53 56 94 9 28 15 41 71 6 60 48 22 93 19 74 70 99 25 17 6 52 38 67 84 23 40 97 48 43 45 60 97 53 54 6 81 69 47 53 28 59 53 50 52 24 77 22 24 2 92 82 6 82 1 42 5 42 40 5 85 37 65 34 91 72 40 
24 41 40 29 21 99 83 72 4 7 49 26 83 3 70 18 61 52 19 3 9 61 95 15 99 33 32 33 76 4 26 0 98 66 30 19 17 13 91 21 72 92 0 8 95 22 26 8 75 45 12 36 59 7 3 10 92 36 43 68 40 69 69 90 87 99 10 57 64 53 30 88 46 30 96 93 53 74 2 80 72 66 68 31 73 72 41 66 8 36 86 0 58 55 43 45 6 53 54 22 6 85 11 4 15 59 98 20 34 52 52 6 18 21 89 43 45 30 61 5 18 48 57 76 55 0 74 62 5 28 36 64 13 99 68 81 59 18 1 45 22 6 51 40 79 40 36 24 22 49 29 92 97 86 69 5 87 43 19 92 71 55 56 85 55 77 66 14 95 19 59 18 77 62 10 56 54 46 80 28 96 9 20 45 48 89 50 35 84 69 79 56 77 36 93 32 13 11 98 60 
82 57 30 60 71 41 16 25 39 49 53 87 58 73 85 6 15 35 93 99 57 73 7 34 61 0 18 26 63 16 86 46 25 17 6 96 10 74 73 49 23 26 89 34 51 74 92 18 61 38 70 70 11 77 56 24 30 74 50 93 42 88 91 67 57 49 15 67 24 88 69 99 66 10 85 18 84 78 88 97 16 58 68 79 88 24 3 18 51 5 63 93 93 7 61 51 56 76 70 32 65 91 32 83 1 17 1 37 47 42 35 15 52 3 94 40 79 97 10 30 54 26 24 48 33 37 51 41 65 21 74 82 65 58 66 18 27 19 56 27 61 91 42 14 46 37 54 25 86 17 56 41 43 32 89 28 69 92 69 34 65 95 69 30 5 35 49 33 54 5 60 16 48 2 82 94 91 88 71 78 5 27 19 0 11 60 28 32 4 50 19 69 45 88 0 51 23 1 36 77 
58 48 45 6 2 27 52 94 68 23 72 73 3 43 26 14 55 54 99 59 4 18 80 2 6 80 5 81 33 93 58 91 41 56 49 43 35 1 37 3 77 61 29 80 56 55 46 11 9 97 22 66 15 3 20 73 35 25 54 69 18 13 12 11 21 62 54 56 15 92 60 92 5 89 24 62 44 23 25 5 20 0 23 36 55 43 9 90 20 64 11 90 29 24 1 50 38 56 6 53 0 18 46 5 59 22 19 55 45 45 13 18 97 36 54 52 32 15 42 52 31 6 43 60 82 96 62 20 52 21 73 4 39 71 10 51 46 81 6 91 78 19 9 75 8 15 27 40 83 22 44 14 28 39 27 10 36 89 82 88 62 55 45 54 79 55 5 25 88 63 68 67 83 30 42 43 45 70 83 28 44 27 43 72 67 22 34 55 11 16 43 74 23 88 80 2 95 85 79 36 
48 48 3 83 78 45 26 75 67 61 4 11 89 99 35 8 21 69 63 84 37 58 10 13 99 90 15 46 75 47 82 76 47 85 11 77 83 38 52 2 51 8 14 40 7 1 0 80 71 15 65 60 26 75 73 25 18 41 23 45 88 6 21 87 43 85 64 78 23 16 81 74 25 47 67 84 48 19 65 71 87 82 32 13 9 57 90 27 98 13 73 38 71 46 25 67 31 89 45 6 58 78 33 83 25 52 67 26 71 84 97 58 66 81 23 76 39 13 55 89 27 28 28 50 27 5 17 58 95 63 17 5 93 50 88 19 2 7 97 25 92 94 36 10 28 59 86 67 73 42 56 52 22 36 2 49 42 72 60 89 35 29 94 80 79 34 51 33 93 48 10 85 43 46 96 23 58 34 90 31 28 98 35 3 87 89 4 81 61 64 22 48 45 68 29 76 2 80 9 95 
29 20 33 24 18 81 47 76 67 89 59 96 39 94 99 26 36 55 59 97 72 81 46 17 49 27 94 51 59 3 99 88 75 84 64 46 65 63 22 32 4 34 80 96 80 31 22 16 87 82 14 59 15 12 76 65 91 22 68 50 78 67 91 53 3 55 51 68 71 26 53 27 60 33 23 40 17 98 57 56 32 23 15 47 87 43 12 78 66 81 28 44 0 19 49 4 27 1 24 98 27 77 77 87 63 1 79 32 99 88 88 83 11 3 30 50 98 95 28 16 28 9 60 28 28 62 84 55 63 61 5 42 90 35 81 5 36 12 37 87 1 25 70 64 80 0 15 79 95 95 95 75 4 8 4 33 22 40 40 37 53 98 79 44 33 12 49 21 24 87 8 25 64 30 90 45 82 57 76 30 52 23 5 57 83 61 42 5 54 34 42 7 32 21 51 17 85 53 38 10 
40 98 87 4 80 29 1 63 86 77 93 91 1 98 0 84 12 42 90 66 28 84 73 13 6 77 30 91 30 21 53 70 71 41 26 52 70 80 15 9 57 60 0 10 10 0 47 22 94 89 88 74 73 14 87 31 91 70 23 21 91 28 43 14 69 21 66 92 1 33 1 11 93 53 21 56 53 20 78 99 9 19 73 83 85 61 66 76 31 41 49 74 70 92 40 39 65 7 83 67 92 84 78 38 37 51 94 42 72 24 41 81 95 67 16 80 28 83 8 11 24 9 37 46 1 77 38 19 36 21 86 29 6 16 19 95 67 13 38 39 89 31 73 85 98 41 17 78 24 26 41 1 35 30 99 89 60 37 8 96 59 46 77 17 62 96 12 29 61 2 21 51 86 94 36 36 35 5 67 12 83 8 65 19 39 64 60 51 2 20 47 13 18 77 30 80 25 94 61 87 
97 34 38 83 80 26 71 68 83 38 32 67 47 97 86 38 13 98 89 67 70 88 80 88 17 62 68 43 57 81 30 6 16 20 41 96 98 12 64 81 51 96 48 50 45 86 88 11 36 29 78 6 69 11 94 87 25 14 30 82 96 12 88 64 84 29 60 82 94 77 15 45 25 16 95 71 2 35 34 91 16 64 97 85 75 92 24 53 6 54 35 54 18 76 18 2 57 31 36 51 8 52 48 33 68 43 56 22 30 90 13 98 55 63 84 82 7 60 35 65 15 23 20 85 51 90 88 8 21 24 12 81 28 60 67 96 56 23 71 86 66 36 85 73 99 21 55 58 81 43 24 48 18 44 34 69 34 74 29 56 98 41 89 79 2 56 27 58 80 98 96 98 87 33 71 38 54 78 97 88 73 21 88 91 65 74 60 51 48 90 59 99 31 49 30 85 5 57 95 37 
56 92 35 95 25 6 33 32 37 30 72 10 3 60 2 68 87 14 72 87 4 31 38 88 32 68 25 38 26 21 75 34 13 63 29 90 21 62 22 58 45 94 69 48 7 71 69 94 37 41 81 42 24 72 82 57 40 7 47 66 28 74 0 93 37 29 84 59 44 6 17 41 53 38 89 12 61 10 6 99 3 39 93 80 63 75 89 4 34 36 70 15 62 23 8 0 4 44 11 0 3 80 41 56 19 83 68 32 45 26 31 49 17 24 29 81 51 18 37 38 6 7 53 68 82 13 20 87 58 31 87 61 64 81 69 35 64 37 67 9 15 99 10 84 23 39 17 27 9 54 65 15 62 18 36 44 83 56 83 41 40 23 2 4 4 71 39 20 60 6 81 27 57 92 12 81 83 29 60 93 84 25 60 98 95 96 94 78 5 78 72 45 53 26 1 57 50 40 29 62 
98 10 90 56 54 54 89 90 83 49 35 19 26 95 69 73 44 64 3 49 94 75 46 47 54 47 56 4 39 85 66 37 47 8 45 54 62 34 44 98 35 79 69 13 26 39 86 70 3 90 71 97 17 17 96 71 16 52 27 55 89 46 45 36 54 42 90 69 29 86 67 16 65 36 30 92 75 68 62 30 58 86 79 28 55 75 51 72 79 79 79 68 25 76 57 31 71 99 0 0 86 67 16 51 56 46 95 83 15 10 14 25 96 93 5 51 21 57 75 0 88 7 69 65 35 78 96 6 77 49 58 15 68 75 67 24 73 14 60 40 24 74 18 20 19 75 24 40 84 51 41 72 10 62 89 98 40 86 4 69 87 15 85 55 90 4 80 15 18 40 8 95 66 78 67 85 53 43 78 38 95 19 10 57 33 52 55 25 38 12 94 25 27 31 32 69 87 64 84 58 
56 44 53 22 22 72 60 76 16 38 14 11 9 76 20 42 28 76 19 18 88 65 95 15 97 80 84 36 44 20 46 1 17 51 23 39 24 35 67 40 73 33 3 34 62 23 28 42 99 47 13 87 13 8 54 62 88 90 98 85 63 45 86 80 96 61 71 72 97 39 12 22 24 15 57 86 91 85 81 90 33 94 30 46 54 36 8 95 27 58 80 90 3 66 22 52 27 45 76 24 84 89 47 61 56 56 99 47 41 80 90 74 74 20 72 29 56 80 24 35 91 4 77 94 22 99 98 49 45 27 26 81 16 25 94 24 81 94 72 22 74 14 49 49 34 21 30 42 54 54 78 45 10 7 91 32 7 42 33 4 69 11 37 37 36 32 61 17 78 85 92 52 99 41 53 85 14 35 28 20 41 58 65 3 65 9 87 24 51 21 80 20 84 70 9 21 2 70 90 32 
56 82 36 7 75 90 93 42 77 73 62 19 83 28 22 48 37 10 25 40 83 57 12 67 27 21 88 81 43 31 13 51 65 50 59 41 92 4 35 69 77 97 40 60 25 63 60 14 25 37 6 8 95 18 27 22 39 68 4 83 99 69 34 64 19 45 57 63 49 92 33 78 90 25 38 67 40 51 34 65 88 40 25 35 11 53 58 50 21 14 85 72 83 72 36 55 69 46 18 19 38 3 97 80 29 88 48 69 91 34 87 31 74 12 67 85 17 77 88 90 91 25 62 26 49 51 81 19 97 0 90 87 55 39 68 84 79 68 6 70 2 93 2 28 5 21 66 75 98 6 65 41 31 28 67 81 79 49 52 28 1 42 15 56 81 83 93 13 3 99 83 5 92 37 86 49 58 52 24 8 58 90 49 41 70 17 74 1 18 26 29 19 20 44 27 54 80 20 67 83 
19 2 41 63 40 27 13 50 31 89 59 89 79 8 30 1 77 57 2 95 83 31 66 4 28 94 10 60 66 77 43 86 79 84 49 71 63 14 22 94 4 81 35 35 41 18 37 19 75 39 66 58 23 33 14 3 27 24 63 93 53 6 31 33 43 33 4 58 47 78 53 51 11 40 87 53 58 76 24 33 67 90 92 90 23 58 93 2 35 8 48 88 67 31 73 62 64 30 20 64 8 25 15 20 66 54 73 24 82 49 58 50 39 2 40 15 12 86 17 47 94 17 36 61 49 61 23 13 91 96 77 0 21 45 20 87 51 45 64 34 94 74 84 33 76 76 0 88 14 18 88 9 35 76 22 84 37 98 50 29 94 79 29 67 24 1 7 28 46 71 14 92 45 98 77 73 26 78 13 41 96 1 2 83 77 76 20 15 74 70 96 20 1 25 88 26 78 47 6 24 
18 20 68 15 70 45 40 96 75 53 89 23 7 91 7 36 68 79 3 94 1 99 67 2 76 55 80 54 54 86 30 24 6 50 39 76 96 79 25 23 84 14 47 43 58 6 80 78 85 35 72 86 87 39 88 63 46 69 70 0 7 0 24 14 51 15 42 99 46 19 22 83 86 21 26 44 27 58 22 12 94 46 50 81 86 39 96 84 60 66 85 67 19 61 33 22 77 28 73 75 47 47 58 85 69 85 29 96 95 3 61 41 50 11 22 88 2 71 72 62 89 57 82 8 71 67 82 0 95 55 75 95 55 34 80 24 71 10 72 66 65 33 8 15 97 82 3 99 5 76 14 95 85 96 55 8 15 38 8 11 45 84 6 0 70 38 76 93 0 49 59 66 34 19 81 31 54 37 31 59 65 45 6 2 93 62 11 8 52 71 71 97 7 29 50 77 68 78 70 68 
27 82 86 14 53 20 45 59 57 76 71 22 73 77 76 18 39 87 79 43 59 2 93 66 32 43 96 52 73 18 72 1 52 59 15 6 79 12 65 88 89 88 62 14 66 38 85 57 78 64 1 37 66 94 55 50 89 51 2 62 22 27 15 74 38 82 80 69 95 98 57 36 86 19 2 4 57 87 62 87 51 15 24 70 61 32 20 50 35 75 64 57 54 32 32 92 14 64 61 61 14 70 49 53 89 52 57 98 91 71 86 95 86 62 65 47 94 37 49 30 64 14 39 18 46 71 62 12 88 23 26 2 93 75 55 34 79 13 85 71 84 71 66 23 85 83 70 80 20 20 62 37 86 1 55 84 25 70 48 13 45 74 15 91 2 23 25 33 88 10 4 24 33 22 47 19 57 70 51 78 90 65 67 28 66 22 12 43 44 60 56 90 87 24 81 89 47 6 22 35 
69 79 59 54 53 59 25 11 29 28 41 71 93 8 99 12 82 11 55 27 23 12 17 10 88 50 51 35 56 26 22 77 5 81 84 10 92 9 73 21 38 14 92 31 74 91 95 9 54 51 36 78 15 5 40 3 55 92 38 63 18 60 93 75 93 77 37 86 86 11 59 76 77 52 60 52 43 55 61 50 58 49 28 73 54 20 28 61 12 66 24 82 78 17 57 24 46 47 62 85 58 21 61 35 25 73 39 21 81 0 71 39 1 51 65 7 71 93 68 84 60 45 18 90 62 28 66 61 75 28 46 33 2 7 20 27 33 60 48 14 12 71 53 14 22 18 21 94 12 90 30 24 35 48 66 49 76 33 10 51 13 8 36 67 68 57 95 1 17 95 15 29 67 20 43 89 91 17 35 3 7 65 79 94 14 97 95 42 30 58 46 96 66 82 63 34 39 10 87 56 
6 2 38 73 75 33 14 66 50 50 21 9 15 52 55 81 49 51 24 80 61 70 28 79 4 91 66 44 2 53 52 8 8 90 33 83 76 99 1 26 1 22 36 17 74 91 50 23 94 26 55 55 48 83 35 53 27 1 97 29 6 1 89 14 44 74 49 20 73 50 98 75 72 34 44 98 78 46 74 72 73 81 80 21 65 15 26 92 68 75 73 74 77 62 41 73 36 90 93 61 41 91 88 65 78 84 16 56 31 90 80 56 71 60 77 88 27 4 32 47 79 5 74 8 19 15 81 7 5 26 69 98 18 9 16 48 94 32 56 77 74 36 33 45 49 62 86 28 66 18 76 98 76 2 58 95 17 40 3 74 66 24 25 36 33 41 84 79 73 40 56 47 29 89 44 30 4 30 58 70 1 86 20 77 88 79 72 57 71 75 84 37 51 9 26 37 2 10 16 75 
3 25 74 32 66 70 14 70 1 72 93 54 11 13 31 99 44 3 9 15 31 93 5 82 54 31 71 56 93 88 83 96 13 57 80 31 27 94 2 80 19 95 34 30 60 17 81 57 21 90 72 4 35 29 38 89 60 10 97 54 50 80 2 15 89 83 46 69 29 48 1 48 95 88 30 8 5 12 65 78 2 37 82 90 19 73 31 79 83 29 85 33 61 88 48 3 23 46 72 4 47 25 53 42 13 83 50 19 47 67 49 2 57 32 92 76 5 23 55 40 4 93 25 66 81 25 21 56 71 45 60 18 70 65 13 36 1 63 7 48 83 56 50 40 40 42 16 45 18 23 37 22 16 62 40 97 87 61 53 59 58 66 29 29 31 42 17 32 58 24 81 41 80 83 81 21 26 49 18 96 72 8 18 89 70 11 38 10 24 44 21 83 10 50 64 93 45 81 26 3 
5 59 44 37 42 77 10 20 26 81 16 50 89 87 39 11 98 30 73 74 74 94 57 36 97 21 29 42 2 7 97 59 66 93 49 61 70 59 33 48 40 2 98 81 89 90 93 39 20 66 13 46 13 71 82 10 44 11 4 99 19 1 10 37 94 59 98 16 19 84 64 11 86 14 93 75 4 38 66 76 4 79 22 69 2 4 79 47 68 35 98 39 88 8 76 34 68 27 50 39 11 66 50 97 33 95 24 37 33 90 66 38 69 88 7 24 45 39 23 65 26 21 4 15 29 32 1 49 11 52 88 22 70 39 71 3 34 47 93 20 37 59 58 59 99 17 83 44 8 58 9 87 79 65 2 60 50 55 10 61 59 98 36 30 89 7 85 76 7 78 96 44 37 6 3 37 23 38 33 84 96 95 71 27 12 25 88 62 80 98 24 40 48 60 22 38 19 7 14 78 
86 10 23 75 16 78 64 91 69 50 27 17 45 98 45 57 75 85 72 8 35 96 0 83 8 22 73 79 29 87 58 67 49 33 95 17 11 59 9 32 61 88 50 6 39 47 16 14 32 88 22 67 36 74 2 96 96 76 27 78 15 85 97 17 70 92 34 34 4 95 66 65 84 16 24 23 15 92 89 47 80 64 66 68 38 21 64 87 49 91 65 64 29 14 81 51 59 68 85 63 63 52 80 47 20 4 22 36 96 64 35 28 28 2 48 18 23 12 5 72 56 70 88 37 37 22 88 96 90 74 11 53 78 91 53 50 48 27 86 96 91 22 77 71 76 25 90 51 90 95 75 46 18 15 35 55 37 23 51 27 49 62 33 79 5 38 30 53 65 68 2 9 42 79 80 70 4 70 21 94 66 48 92 84 64 27 91 53 3 42 33 4 56 18 84 13 56 66 67 73 
86 21 82 29 0 15 99 56 85 73 51 3 73 95 87 89 23 30 43 78 24 76 82 80 46 18 94 2 84 13 75 23 34 10 52 86 25 3 42 10 28 93 14 2 89 53 43 64 84 86 42 8 14 24 41 60 43 87 14 79 0 90 2 86 52 6 72 77 62 14 39 90 60 5 44 49 59 88 65 95 26 7 3 93 83 44 5 78 83 20 58 83 62 12 21 14 19 93 43 81 60 82 23 20 88 68 21 99 8 86 94 86 45 97 79 28 94 85 7 77 57 17 13 19 29 86 85 0 80 28 33 92 62 57 12 50 77 85 49 37 23 95 23 68 45 3 48 39 40 7 68 97 24 33 68 6 20 53 6 52 33 40 44 95 49 8 98 78 93 99 15 16 95 90 36 40 45 84 31 85 44 51 34 68 85 2 74 5 7 33 57 40 25 53 88 74 61 86 4 54 
85 71 22 32 61 10 72 7 46 55 44 90 7 31 59 92 85 85 49 93 18 58 85 43 11 73 69 72 11 25 78 49 96 52 81 10 62 6 69 8 61 65 51 20 96 62 12 82 47 13 27 18 71 64 13 82 38 35 6 1 60 36 50 9 40 32 19 2 90 88 63 51 5 14 72 2 76 36 36 75 50 15 93 73 79 7 8 69 42 14 71 54 3 21 63 43 5 34 98 95 74 61 99 80 27 23 82 55 11 70 30 61 85 24 35 16 83 43 86 77 9 57 31 64 78 47 8 36 81 6 31 56 19 82 36 46 5 70 1 17 92 83 30 77 59 17 93 42 12 31 71 74 88 3 38 19 50 98 55 83 4 38 39 75 73 27 73 78 97 26 47 89 10 30 18 69 47 64 64 12 95 35 86 36 38 76 7 40 75 14 76 31 52 15 7 77 95 32 56 92 
59 55 34 69 37 4 38 37 20 2 49 68 38 87 56 28 63 63 21 38 77 97 22 81 64 81 59 59 13 67 4 72 22 90 41 60 94 32 97 67 86 98 35 76 85 91 5 48 6 78 39 83 27 13 64 43 94 75 3 7 42 59 80 17 49 73 77 95 5 26 14 44 76 1 20 61 44 77 61 50 55 52 33 34 65 50 78 59 25 33 19 20 92 51 37 93 24 14 40 82 92 55 26 68 56 98 81 1 76 42 3 31 47 37 66 12 39 44 24 16 77 43 36 21 46 73 14 70 39 54 4 83 61 82 51 18 81 32 71 57 27 74 40 74 63 6 38 54 2 62 71 31 57 59 52 3 33 18 26 24 25 30 8 86 65 11 56 46 44 27 55 23 54 95 97 17 54 87 24 56 50 95 40 7 6 44 63 39 15 89 16 40 71 24 78 36 35 35 34 31 
14 89 54 68 85 3 38 39 91 62 47 93 9 87 52 15 84 15 7 99 56 23 91 28 99 69 16 86 4 51 18 71 92 24 91 77 80 81 68 23 95 16 16 4 55 20 72 39 88 31 90 44 6 81 24 5 51 93 91 7 44 61 78 36 86 22 66 18 3 34 41 99 2 57 55 58 29 79 49 17 10 92 62 68 73 38 25 76 31 69 84 27 30 14 64 68 36 82 86 92 16 27 91 19 36 46 29 66 26 30 83 88 22 97 57 48 36 82 24 67 51 60 47 82 27 11 2 63 93 89 7 61 16 98 32 5 97 13 71 75 44 6 63 18 56 20 18 92 55 43 11 6 55 58 40 82 21 43 98 66 84 5 80 52 56 12 57 53 78 80 28 74 87 43 92 43 16 63 87 71 6 50 29 61 61 70 96 82 65 94 1 1 99 81 53 55 45 11 60 23 
43 88 97 30 84 42 25 0 5 64 71 63 15 0 76 76 22 72 10 39 66 11 40 18 92 46 25 38 57 86 61 0 26 11 83 10 53 60 10 10 25 33 73 92 86 49 68 60 74 78 52 40 42 44 10 34 90 36 24 99 74 38 0 0 49 35 63 54 95 25 64 72 11 89 64 97 90 84 9 64 15 61 57 57 6 19 43 48 55 68 48 29 6 48 82 7 35 45 61 82 22 77 55 33 18 71 30 8 56 92 25 23 5 34 80 11 53 75 12 9 43 60 90 1 60 24 8 95 21 21 29 44 98 84 77 16 8 60 77 16 52 2 39 57 36 71 21 89 46 33 50 90 93 93 43 5 17 52 0 39 73 29 35 24 66 12 92 26 72 69 42 76 23 33 34 59 4 55 1 2 40 3 44 85 48 88 90 18 92 42 9 65 71 44 41 89 56 34 67 81 
3 9 57 79 94 91 38 98 98 91 53 90 47 97 75 95 85 65 13 77 7 22 95 31 66 36 72 75 22 40 56 78 1 13 57 96 57 47 46 7 39 99 98 38 49 25 33 86 91 99 64 50 21 11 33 40 99 58 67 22 50 23 0 3 88 57 99 97 4 98 5 95 97 55 33 46 80 19 33 23 18 49 26 91 12 11 31 11 69 98 85 71 73 37 75 14 46 26 11 3 24 68 98 22 23 84 20 56 3 5 79 73 6 5 64 70 69 48 82 90 98 19 62 24 9 37 38 55 15 1 58 40 70 9 14 45 93 34 1 48 92 33 73 50 90 89 21 59 37 55 50 88 74 64 12 83 53 2 91 68 3 49 8 25 10 22 23 3 9 24 3 1 9 28 3 0 18 24 11 7 79 61 95 6 25 59 89 30 13 32 99 69 82 7 94 92 82 17 48 91 
94 3 44 55 32 47 55 2 72 67 9 3 80 57 9 58 16 51 88 82 83 39 51 17 47 97 62 81 15 62 72 61 65 68 16 49 67 24 51 91 43 61 95 75 18 4 33 86 7 74 68 91 13 19 60 12 69 22 93 84 84 17 97 2 37 65 3 5 41 7 96 84 68 91 60 38 48 45 76 55 71 45 98 37 16 59 49 85 33 95 21 18 64 70 72 2 88 27 7 29 34 55 66 2 47 78 92 47 75 69 2 47 66 53 84 34 12 85 72 45 80 45 15 97 68 39 99 56 67 58 37 1 13 55 56 12 33 0 59 9 21 14 8 39 19 44 26 31 29 50 28 62 95 44 59 15 35 10 23 54 68 61 56 33 16 64 98 2 64 9 11 38 75 71 77 94 15 3 25 44 53 6 58 1 2 17 16 37 79 92 92 99 53 0 33 21 64 83 23 80 
92 86 70 68 57 48 14 72 3 92 69 9 98 27 62 0 97 78 37 76 22 81 76 75 81 61 97 97 96 72 30 88 59 0 8 16 0 23 41 4 15 10 65 65 89 27 65 86 57 54 15 80 88 43 7 69 4 56 19 52 29 1 92 88 53 1 56 54 76 97 10 43 59 75 8 1 54 25 87 11 79 2 43 67 97 51 89 53 7 60 5 36 61 98 76 66 99 33 20 27 82 82 22 94 9 30 95 63 7 82 27 86 37 70 6 34 21 47 88 29 7 45 65 20 43 42 86 94 27 59 21 9 41 95 55 3 77 50 66 84 85 45 23 74 16 29 8 37 28 48 18 35 94 36 7 37 78 45 84 57 56 5 18 50 1 74 53 78 24 71 15 9 17 38 83 33 19 44 22 47 44 41 34 90 77 41 80 7 38 64 16 95 21 34 97 74 8 50 5 85 
73 20 46 90 58 82 75 77 78 98 24 22 91 10 13 68 3 45 27 41 9 43 88 30 77 85 5 38 87 10 75 61 30 21 51 40 3 27 69 33 77 93 56 68 55 21 88 58 66 15 99 27 10 40 57 39 25 14 77 65 24 52 26 6 26 29 46 81 8 15 15 85 60 23 5 15 44 93 73 62 60 25 89 70 17 98 10 42 13 87 59 89 92 85 96 18 15 94 51 23 62 66 61 74 89 66 42 85 12 67 99 72 92 40 43 9 39 53 4 52 92 63 41 36 1 89 6 68 84 58 43 98 24 4 72 66 23 14 51 35 82 3 7 26 43 2 88 82 7 44 86 52 7 80 88 60 69 47 28 5 5 72 3 81 28 28 47 51 42 51 38 76 54 46 3 49 48 43 32 8 87 70 60 94 50 48 7 72 95 35 29 52 59 85 86 88 13 85 91 7 
36 30 36 42 28 39 44 76 82 76 36 69 98 96 15 1 45 22 25 92 10 54 97 69 91 83 9 56 68 53 16 57 83 52 51 11 91 95 39 25 23 76 46 22 72 13 75 69 88 0 14 98 6 63 19 98 46 81 6 66 34 22 23 69 74 27 80 17 74 71 94 98 99 40 72 24 54 47 45 42 99 59 92 5 22 11 55 20 92 62 87 78 84 62 47 59 41 79 28 16 51 23 14 50 63 38 26 69 85 72 63 84 31 55 41 6 19 97 78 11 59 65 42 43 80 89 54 21 69 35 37 72 58 3 22 73 41 1 43 78 73 6 14 56 14 56 14 33 53 93 96 64 58 38 59 90 28 66 12 49 1 1 21 11 5 95 84 98 96 79 77 69 38 91 26 52 99 92 85 4 85 81 68 96 72 80 86 0 46 50 1 47 52 22 10 9 17 94 7 66 
74 36 35 12 28 13 16 79 6 1 84 91 34 4 39 6 84 26 58 30 28 59 29 32 33 39 41 3 86 1 69 60 37 56 24 17 70 40 97 28 93 81 71 27 37 11 86 22 89 96 4 17 8 86 50 41 77 43 44 63 44 65 75 82 22 51 99 44 91 48 24 36 81 95 16 19 58 54 93 99 50 97 17 58 35 19 52 13 62 48 76 59 14 4 41 36 55 92 32 99 41 56 87 22 51 3 93 62 57 86 61 60 36 30 18 71 1 22 84 64 71 13 75 37 69 16 25 24 60 57 75 53 65 63 28 16 18 21 30 28 8 44 88 44 74 58 15 76 33 52 92 4 65 19 93 34 87 70 10 47 27 38 1 92 53 81 60 71 2 43 51 62 87 39 58 13 50 26 41 83 78 85 39 95 4 84 29 91 54 91 39 81 29 92 25 34 73 37 6 27 
80 9 90 19 49 48 33 51 26 26 34 4 12 25 99 16 9 80 8 63 24 99 96 53 43 73 40 68 10 46 95 43 7 37 14 8 38 47 59 64 26 45 69 38 70 20 54 31 53 14 94 77 65 42 82 8 15 22 76 78 20 24 73 28 61 87 36 99 87 96 64 13 93 85 51 64 57 57 47 10 24 42 87 89 36 70 50 52 44 26 82 65 50 55 93 64 94 81 63 81 77 79 46 71 16 49 87 74 7 34 84 83 28 24 72 17 46 22 21 90 1 3 7 3 10 52 67 4 34 83 38 63 14 84 86 31 34 25 57 93 12 93 28 40 17 52 9 15 27 30 58 28 33 65 83 95 18 51 52 4 86 90 67 0 26 6 83 60 31 40 5 43 86 33 36 3 38 45 71 65 76 29 93 61 94 28 9 64 79 61 20 17 51 88 70 29 46 5 42 77 
46 47 21 84 33 9 39 71 54 10 88 82 39 81 96 86 9 5 2 41 18 23 10 21 63 80 50 9 86 92 86 84 92 59 68 77 68 7 0 75 70 88 9 9 21 5 47 30 62 50 23 32 73 86 53 36 18 56 45 4 48 31 40 92 91 60 69 11 20 69 86 42 57 96 51 30 53 99 13 68 49 36 0 74 74 54 10 93 10 55 49 10 38 42 3 81 2 72 93 74 94 31 16 3 79 20 34 33 71 47 1 72 35 1 46 10 7 8 3 69 63 52 80 53 94 83 87 49 7 80 75 1 63 44 5 43 64 91 28 35 38 29 7 73 82 5 35 90 13 38 59 28 43 91 81 37 74 68 38 34 0 14 35 16 58 92 59 74 83 39 9 73 68 68 99 2 25 34 44 38 73 4 66 16 47 99 5 22 20 96 56 72 62 43 88 20 88 99 94 23 
38 55 49 58 75 48 61 0 82 5 90 7 61 8 75 9 7 33 83 79 29 91 52 91 86 40 63 74 92 9 50 30 16 99 89 43 47 2 95 81 7 85 41 21 93 16 82 52 1 65 32 30 8 36 73 94 28 88 21 20 97 23 3 65 22 44 8 21 46 3 2 5 88 43 26 33 12 60 38 13 25 22 96 85 58 21 32 38 10 5 59 59 28 14 25 50 58 85 71 4 89 25 9 29 69 88 15 33 48 53 46 26 75 94 63 85 16 95 23 78 0 34 37 80 48 14 30 6 0 53 62 89 79 24 18 0 12 33 85 12 38 83 38 13 78 2 98 46 49 22 24 2 56 61 82 57 76 65 63 76 18 26 17 49 50 87 1 14 21 86 26 59 70 17 25 0 71 75 46 72 97 70 74 6 83 57 15 11 22 78 87 92 56 56 42 58 44 95 24 17 
82 51 76 4 20 53 56 43 29 2 15 78 24 90 36 59 99 51 71 21 82 10 65 90 67 7 1 11 3 25 28 37 28 56 93 48 62 49 91 91 3 59 21 27 1 58 38 0 61 9 73 95 20 38 86 39 98 87 50 1 12 30 90 41 86 83 41 48 84 85 91 87 44 13 66 45 23 4 97 36 14 70 32 86 60 70 25 58 9 27 59 21 57 1 14 95 84 8 96 20 93 39 7 89 4 73 86 27 30 35 16 96 5 48 82 65 70 59 24 79 38 35 52 47 37 67 42 73 27 90 46 72 82 53 61 86 79 99 14 9 34 82 5 91 30 39 8 0 50 84 31 88 20 83 35 9 2 29 34 29 72 80 1 54 86 14 40 17 65 6 26 99 88 83 42 70 74 51 22 24 35 53 12 7 37 99 68 39 28 55 69 0 87 22 6 73 37 47 42 2 
53 68 54 94 3 48 64 29 99 87 53 87 40 17 46 29 16 15 69 97 70 90 49 9 12 56 83 1 3 25 56 8 46 62 2 1 10 67 31 62 6 36 49 98 54 47 28 22 62 49 19 84 39 21 94 51 77 29 5 80 6 61 40 4 23 43 58 85 62 89 47 20 77 48 18 83 96 46 6 10 47 77 95 86 98 41 90 75 22 95 7 28 56 48 85 31 43 43 16 5 84 64 25 61 64 95 45 60 94 3 71 41 80 18 28 31 59 70 58 33 65 66 61 73 66 98 56 61 41 72 66 25 88 43 87 5 90 84 65 84 87 88 78 19 6 58 50 17 28 9 50 93 27 64 18 93 62 74 54 4 98 72 81 39 67 20 44 57 4 61 94 43 50 72 63 56 30 13 26 10 22 76 3 49 92 73 94 7 99 0 11 97 72 44 88 91 65 32 1 69 
94 47 13 44 19 28 52 1 41 78 11 16 7 66 17 51 91 64 58 90 64 21 39 89 66 28 80 31 12 33 52 6 80 17 2 51 45 7 52 39 85 15 7 44 33 24 96 76 40 54 66 5 28 6 94 94 86 26 77 98 60 81 57 40 99 59 92 96 66 96 87 4 64 94 48 49 71 96 78 11 3 44 68 31 2 14 77 40 41 54 39 53 87 96 93 38 7 37 35 74 86 74 30 2 21 30 3 44 27 81 7 82 26 76 65 80 90 42 21 83 48 12 36 35 8 82 74 67 71 61 41 57 35 23 11 8 54 15 52 33 96 60 15 74 88 80 7 78 22 28 14 22 92 50 57 52 84 31 19 56 92 13 65 80 36 77 88 90 44 41 23 40 53 90 67 41 22 74 71 96 2 85 18 46 88 76 98 72 59 17 80 4 30 98 36 19 27 24 61 71 
17 37 63 22 27 30 63 50 4 35 46 58 72 65 4 60 93 54 85 4 72 17 8 54 15 44 25 94 21 87 65 90 24 81 13 3 11 28 5 68 63 52 26 88 69 83 0 14 37 85 18 61 55 79 68 70 23 93 17 96 80 82 87 56 15 52 12 27 80 17 47 96 21 25 84 42 8 84 56 98 22 27 59 77 6 27 99 81 21 16 78 53 51 17 62 66 21 74 45 1 91 44 49 13 70 85 55 78 22 64 76 44 91 88 73 97 67 24 30 40 93 60 94 96 77 8 14 50 82 12 52 73 56 53 38 26 39 94 57 61 10 85 57 1 73 82 50 41 58 80 81 51 41 27 47 70 35 14 21 69 26 25 95 82 78 33 61 17 79 18 30 89 3 39 90 29 21 92 22 80 73 55 83 66 83 83 36 70 97 9 40 75 34 35 57 13 20 18 82 0 
88 65 41 92 4 84 21 78 76 43 10 1 98 45 67 33 28 4 56 77 65 48 52 0 35 62 65 55 32 99 7 21 64 49 13 21 33 86 51 9 81 61 63 31 6 30 65 87 86 21 64 52 21 69 52 56 31 17 11 63 68 19 84 33 20 49 6 53 87 57 14 68 18 77 0 76 60 17 15 46 90 80 98 11 49 2 67 32 71 30 95 40 1 80 25 21 81 31 74 69 88 41 37 58 70 89 86 30 6 2 77 96 34 27 59 35 30 26 67 1 9 62 93 10 94 18 32 76 49 58 97 89 51 34 47 22 76 34 52 82 88 81 31 22 61 90 57 91 69 24 44 78 38 38 88 33 56 20 61 58 31 58 47 82 44 47 4 20 33 9 3 21 42 86 95 3 76 4 46 97 80 91 75 18 81 16 3 89 88 64 47 19 74 47 2 19 94 58 39 27 
19 94 0 14 32 95 17 61 99 16 58 31 7 86 49 40 2 5 29 90 69 29 10 96 76 64 15 22 74 6 49 46 53 1 60 85 96 29 98 47 45 57 78 4 43 79 44 45 84 26 87 6 7 97 54 83 13 69 57 40 27 58 86 32 59 46 70 7 27 68 6 25 77 36 29 20 67 26 17 52 4 5 10 11 54 64 46 20 85 3 60 64 61 46 97 72 44 19 79 71 87 85 96 65 73 78 37 40 56 55 44 60 12 54 71 66 70 17 86 7 20 98 72 33 44 21 5 40 40 84 64 79 21 12 96 46 90 34 86 46 41 31 58 53 37 29 71 8 98 10 15 70 8 39 3 5 12 60 45 4 44 61 84 17 74 32 63 16 18 2 15 59 33 73 64 70 55 88 30 53 50 98 24 58 89 79 15 2 40 13 6 36 74 42 6 0 75 69 17 93 
23 84 5 56 9 69 79 64 9 61 18 59 11 94 70 1 73 85 3 65 50 61 2 25 4 8 77 31 29 46 76 53 30 81 61 40 3 92 4 12 6 74 24 17 20 94 18 46 31 73 11 82 87 13 59 43 73 36 74 3 83 50 8 65 32 69 5 87 14 62 99 20 88 75 37 9 69 8 7 1 33 18 35 20 84 94 63 57 82 89 12 17 40 20 83 24 90 40 11 56 2 62 76 43 38 13 52 59 21 59 12 55 29 47 27 13 93 91 23 28 80 35 45 72 56 28 48 98 69 11 54 23 26 30 66 16 95 70 75 69 81 40 76 11 39 3 76 33 46 99 13 79 35 58 3 43 39 52 93 60 63 47 83 89 29 50 5 76 72 33 45 54 73 73 17 12 29 93 97 75 45 10 6 32 21 10 75 60 62 68 72 77 67 55 67 48 57 24 24 30 
57 22 36 82 95 53 47 24 46 96 52 91 59 58 23 80 68 50 92 82 70 64 60 89 19 79 37 29 3 62 11 13 84 47 47 31 0 94 8 46 91 60 90 50 70 65 82 39 16 74 73 38 90 33 28 61 12 65 90 68 79 1 33 15 48 80 99 48 27 7 47 70 67 89 72 37 54 54 28 22 80 2 13 70 87 41 31 52 58 74 72 90 75 5 5 76 37 4 76 64 11 23 34 30 64 6 68 19 12 48 93 92 2 6 62 42 99 94 94 58 20 66 48 95 23 5 23 60 10 0 25 73 75 11 4 40 70 24 11 82 24 4 75 27 63 89 69 62 35 15 72 55 33 72 51 56 78 26 68 40 26 45 13 2 57 69 94 79 45 5 61 70 61 88 49 24 78 70 39 65 85 63 21 18 36 24 26 14 50 94 54 77 40 19 31 49 41 25 28 86 
82 41 56 43 30 57 20 60 27 11 77 12 74 98 82 10 74 8 76 77 55 82 6 95 54 37 96 95 14 24 81 96 65 90 91 47 47 11 59 75 74 37 39 49 87 22 11 62 82 40 39 89 22 97 84 76 34 80 71 0 56 5 96 74 95 87 21 42 51 81 69 25 70 9 26 57 31 90 71 65 30 62 55 52 59 91 81 45 24 4 45 80 9 93 54 4 33 28 99 36 61 68 13 31 29 40 40 12 30 64 78 60 78 85 64 38 76 97 35 52 2 81 85 11 26 39 68 59 19 19 47 80 39 61 63 69 1 56 81 83 20 11 95 98 48 11 88 25 9 24 29 11 57 14 74 35 6 94 47 25 65 94 58 5 55 73 26 8 29 59 91 1 71 38 52 19 50 40 96 11 16 78 22 25 92 48 61 98 95 8 76 60 54 86 17 10 59 43 70 89 
3 14 42 26 52 94 97 54 87 46 65 3 24 39 81 68 40 42 19 35 2 47 95 56 33 13 18 92 8 89 33 11 3 76 89 7 70 87 62 9 85 79 65 61 19 46 29 59 40 48 46 42 95 93 50 28 58 69 73 67 10 6 30 65 34 20 72 57 59 86 66 96 66 31 57 37 77 86 48 17 87 94 11 82 87 62 63 46 83 36 13 45 94 95 10 29 67 34 86 78 21 4 74 39 36 31 76 65 18 24 83 57 70 94 91 57 8 54 55 91 42 20 36 89 16 98 18 83 33 56 62 54 60 36 45 48 20 21 14 90 97 97 47 67 43 38 76 52 45 32 95 39 52 84 28 20 82 98 56 67 6 18 21 19 6 18 67 78 39 81 68 88 30 67 7 26 6 84 30 3 68 77 42 20 61 71 93 96 69 49 63 28 19 37 47 25 55 14 4 47 
48 24 35 30 92 95 8 50 79 38 53 47 68 95 19 29 18 12 77 40 13 93 68 32 30 15 58 37 29 14 36 29 90 24 12 82 19 20 84 98 59 37 97 27 85 16 8 3 81 38 43 94 31 11 79 13 26 37 2 8 3 39 37 45 63 49 28 82 70 64 80 81 2 29 60 87 97 20 90 78 58 34 25 41 97 4 6 24 93 9 32 48 48 21 93 11 23 73 45 45 38 77 26 92 6 38 79 3 10 21 34 69 7 59 62 5 15 69 81 60 78 13 60 78 86 53 41 9 79 86 54 17 63 32 61 69 22 40 72 33 13 6 54 21 17 68 78 84 37 59 44 67 24 4 45 10 10 86 72 89 72 78 58 87 63 19 56 37 11 81 70 24 39 76 97 57 45 75 93 34 86 38 2 10 94 99 73 56 38 45 97 62 75 55 50 38 26 6 28 89 
87 98 66 27 27 15 36 72 43 29 58 29 19 12 40 66 12 65 22 50 62 20 64 37 27 14 28 6 21 56 47 60 6 13 39 33 29 27 57 72 9 16 53 28 28 93 46 92 10 21 94 72 93 59 62 72 73 42 78 46 98 26 59 56 91 50 42 72 78 99 96 87 67 50 67 48 95 66 92 6 87 87 30 80 98 92 52 23 34 83 22 84 61 81 93 52 83 35 77 61 86 73 0 6 23 20 54 19 38 98 77 25 37 7 57 35 0 61 11 86 44 33 71 57 14 64 62 49 51 39 11 37 12 63 43 88 35 49 7 73 48 84 50 85 91 7 73 43 69 84 30 65 17 53 23 83 69 85 32 20 76 95 9 88 11 53 28 46 2 35 72 2 71 22 40 15 82 13 58 51 49 40 68 66 45 43 1 14 80 85 34 56 81 96 97 44 49 25 90 3 
13 62 58 84 37 98 51 19 63 62 22 12 2 90 30 48 86 83 14 66 68 1 23 1 97 20 45 46 97 36 1 10 50 59 95 87 57 98 58 72 60 80 84 63 23 14 63 9 97 77 75 18 78 98 19 75 70 65 73 68 53 75 30 55 86 25 95 96 76 53 68 36 34 53 51 9 19 14 18 69 44 93 87 74 44 58 50 66 75 75 86 28 2 17 36 89 94 31 85 70 84 53 7 70 58 10 79 30 25 49 99 21 43 38 95 39 48 97 5 24 25 92 4 27 9 40 16 3 71 53 74 8 7 33 30 17 43 62 47 20 11 98 93 6 88 41 45 37 90 3 61 15 47 17 43 56 58 11 11 81 65 37 41 24 22 72 41 66 86 89 38 97 39 32 4 28 73 1 65 63 4 78 31 51 95 74 59 5 37 23 87 2 60 80 26 83 52 20 1 38 
61 91 88 0 75 92 28 48 45 45 64 2 23 47 53 71 73 65 76 10 88 15 13 0 96 91 35 48 63 36 39 24 80 27 25 55 71 53 4 68 99 20 70 74 19 76 45 92 41 74 2 81 89 67 81 85 59 17 86 22 5 77 99 85 56 24 41 79 29 97 47 80 69 70 55 88 46 52 80 87 26 82 68 16 50 1 53 61 18 91 35 24 68 34 9 24 10 50 55 40 47 3 20 16 73 27 4 71 80 36 10 58 19 30 26 21 31 80 82 50 71 69 26 40 56 35 16 66 38 72 58 37 27 79 6 52 58 62 23 90 99 33 1 18 63 27 39 94 7 73 96 31 42 22 23 50 10 91 17 0 63 75 37 42 6 43 94 17 6 69 7 5 2 8 75 17 36 66 64 95 39 12 78 33 87 1 84 97 93 53 97 8 28 86 51 87 82 97 4 88 
67 63 45 21 72 72 91 60 38 55 7 29 19 86 14 6 39 98 3 32 3 52 41 32 91 44 71 73 41 75 13 60 38 10 34 62 82 25 74 72 32 34 1 51 20 15 58 59 66 13 44 69 18 85 53 9 81 24 34 22 51 47 35 90 9 69 4 91 94 31 15 78 65 16 29 37 83 39 48 49 53 92 71 71 29 24 32 10 1 66 85 52 65 20 94 74 89 99 17 35 30 32 13 47 0 94 84 83 34 32 85 87 77 56 10 6 32 94 69 33 12 54 86 77 26 80 3 67 31 20 2 61 4 67 8 4 61 44 87 95 77 24 34 54 80 96 12 13 90 81 98 2 87 84 31 13 65 34 80 96 6 34 10 62 1 70 66 15 15 6 62 44 30 97 98 63 93 62 28 36 96 26 38 35 11 22 49 28 56 81 76 15 68 38 77 69 9 96 36 76 
2 99 20 84 96 70 99 41 32 27 29 80 54 68 16 17 42 17 45 50 98 73 65 18 12 95 40 73 91 76 49 45 75 69 81 23 39 81 17 23 8 46 4 14 66 20 31 8 37 28 59 87 2 76 6 66 71 46 39 14 74 88 11 50 9 93 25 48 26 94 71 86 41 75 1 59 47 84 68 84 13 79 24 15 55 30 81 79 28 72 93 2 12 57 4 21 2 30 21 28 76 44 66 17 72 19 29 19 4 97 4 17 76 80 84 83 10 17 62 90 89 8 92 53 65 97 74 67 79 47 95 55 91 13 25 63 33 54 83 37 3 39 54 79 19 90 14 81 7 77 71 48 85 63 1 50 12 27 17 43 74 64 99 17 29 76 81 62 30 16 99 33 7 5 64 78 95 78 59 54 7 82 2 92 97 3 94 62 82 63 5 56 79 4 26 9 32 7 71 62 
75 23 47 34 28 63 12 76 42 23 30 1 57 33 46 54 88 40 16 71 56 74 79 35 30 5 44 63 64 68 25 91 91 25 25 19 88 89 95 82 64 78 84 21 11 30 28 51 22 96 22 78 70 54 14 1 59 10 16 24 78 93 15 21 18 93 93 7 82 40 41 99 18 25 72 81 7 0 33 30 49 7 8 19 61 74 72 21 37 88 97 67 82 64 89 52 57 82 59 92 74 53 91 93 78 63 74 86 16 59 68 65 67 28 36 28 3 61 1 92 1 98 11 83 63 0 88 72 34 47 64 9 0 7 54 31 23 28 69 39 88 37 56 7 65 44 35 20 5 37 64 7 87 76 42 50 76 30 75 63 30 39 24 82 99 78 13 22 58 34 13 46 71 21 5 89 65 41 9 71 30 74 30 17 50 72 20 78 3 95 93 85 34 17 67 85 95 33 7 54 
67 72 52 91 93 58 80 59 51 41 82 81 15 12 50 17 84 70 48 39 65 41 76 52 59 44 37 6 29 97 12 48 69 17 39 63 27 71 74 78 13 56 11 80 68 61 50 4 32 98 96 97 91 72 49 50 68 39 9 49 36 21 98 57 90 89 20 17 13 46 47 78 2 58 10 22 72 60 79 4 10 75 53 2 99 55 4 68 94 13 69 82 87 19 39 77 9 12 95 74 58 42 52 13 53 62 35 25 75 14 81 37 41 34 39 41 41 96 61 35 61 30 17 48 2 9 78 11 21 25 37 79 19 89 92 72 3 80 49 30 46 30 68 88 17 59 81 58 7 42 46 69 24 63 69 26 24 47 89 45 24 26 25 44 67 69 68 23 49 70 53 96 0 73 36 17 33 17 28 92 11 74 61 87 89 31 14 14 30 55 59 7 34 36 3 53 6 71 76 7 
41 82 55 94 55 91 63 40 60 91 33 71 65 46 59 55 29 25 21 12 32 80 19 66 69 22 20 75 45 48 34 39 30 42 33 38 85 48 30 46 40 15 69 57 62 28 64 43 5 85 55 38 18 74 4 87 48 76 14 94 25 48 33 7 42 18 45 28 66 28 74 6 43 43 16 57 24 80 1 81 18 56 19 36 83 76 23 31 4 89 77 29 89 10 89 32 28 34 60 47 62 86 53 58 81 21 15 5 54 68 39 72 25 10 60 60 38 35 43 43 24 21 24 13 83 13 45 64 48 57 11 62 43 16 20 25 38 88 82 44 56 21 16 33 32 28 93 70 63 89 13 39 10 38 52 45 3 50 9 51 7 72 66 51 89 38 28 79 26 10 23 35 32 91 68 16 19 14 86 34 3 52 25 65 42 29 62 45 79 72 49 39 44 67 42 85 5 70 64 84 
80 87 71 12 30 39 28 49 5 67 35 60 71 60 77 13 90 40 10 21 64 59 60 60 26 54 98 84 24 62 20 5 2 91 69 32 82 50 34 88 69 21 0 40 34 78 5 24 70 15 97 86 27 58 98 5 64 96 89 89 11 9 46 13 52 67 97 35 69 83 23 38 5 75 30 91 5 35 15 75 3 12 13 30 22 12 35 87 60 77 28 71 38 26 36 91 93 86 78 15 69 1 53 26 28 36 17 34 23 84 9 26 49 75 56 23 87 44 62 47 73 90 71 63 68 7 6 62 93 84 77 15 37 82 93 66 70 63 0 94 47 61 20 48 36 29 72 75 25 34 75 98 77 46 61 45 5 20 59 99 4 88 66 42 23 59 60 93 22 60 87 22 21 8 70 10 89 42 85 14 29 60 12 58 6 25 3 12 45 15 63 2 3 81 96 78 92 56 72 15 
16 11 89 89 71 59 99 60 54 37 74 35 97 38 93 56 16 48 20 13 63 35 15 19 16 11 49 8 67 21 75 35 33 64 25 4 76 76 17 82 13 91 17 63 30 10 19 46 10 91 59 26 26 27 45 94 38 94 54 58 68 30 93 53 46 18 9 74 95 26 56 60 18 25 23 0 87 94 98 98 85 9 24 63 36 21 57 75 67 12 85 35 94 78 88 92 97 98 67 44 24 75 56 94 53 80 94 40 74 92 38 12 2 14 75 38 35 85 65 3 97 50 90 43 81 31 35 30 29 54 74 5 82 82 52 35 62 46 27 89 91 18 1 45 32 28 35 20 13 53 23 62 3 65 57 36 96 45 66 77 99 92 83 33 75 87 20 37 33 48 78 76 18 31 21 50 60 57 70 25 10 45 40 65 11 97 2 59 42 68 37 94 61 72 27 88 59 0 77 44 
0 56 21 18 39 42 20 51 51 91 77 61 88 17 79 51 14 81 11 9 1 0 3 14 72 30 2 83 82 80 27 82 88 0 52 27 95 73 79 46 16 8 60 4 77 39 8 43 72 71 52 73 71 55 40 95 38 94 78 20 26 57 55 14 58 7 94 53 80 25 51 96 33 11 53 10 50 13 53 22 84 6 48 7 13 40 54 51 34 84 72 61 41 27 27 51 34 73 56 67 98 8 63 31 71 68 93 22 81 99 96 17 57 96 24 70 36 78 22 23 62 94 36 56 73 15 59 59 89 16 26 87 76 42 71 47 62 16 69 44 15 18 13 72 66 38 43 55 68 17 78 83 63 66 91 36 81 50 47 70 66 26 58 94 20 81 42 82 97 63 78 13 81 92 37 0 82 32 55 50 49 85 85 12 51 76 0 84 79 48 55 97 74 65 92 46 98 34 28 95 
97 7 60 31 99 98 31 81 82 38 83 32 23 69 44 26 97 97 62 76 45 17 26 71 34 18 17 32 52 97 80 49 4 40 80 55 90 63 88 25 1 72 57 76 93 53 54 42 50 17 71 47 86 97 70 73 15 87 57 19 85 37 20 41 30 1 49 72 16 37 97 70 61 54 46 54 60 53 49 10 22 72 10 8 69 80 33 36 20 91 55 57 80 75 98 10 28 99 35 97 37 32 67 98 39 13 5 51 18 54 13 40 78 23 1 47 4 34 35 76 77 90 33 58 17 83 20 98 83 55 95 20 40 62 70 31 27 75 82 98 81 95 38 59 19 39 58 75 26 93 51 3 35 36 61 5 19 34 3 2 89 98 74 81 12 45 12 91 72 94 89 6 42 28 17 61 19 76 88 45 21 91 1 57 27 14 62 46 48 17 1 90 67 27 71 79 24 36 22 97 
82 12 55 24 92 72 37 11 0 25 9 22 16 10 31 43 24 93 42 25 62 95 15 29 22 38 60 47 26 82 96 9 94 51 33 38 23 23 50 76 48 11 98 17 73 29 12 97 74 6 74 36 1 89 17 24 80 77 71 6 59 67 15 6 70 1 44 45 24 46 21 24 9 19 93 82 0 6 32 74 12 6 62 66 48 79 90 28 8 13 86 20 32 54 78 2 55 74 99 31 21 21 7 30 40 1 65 93 59 97 19 23 3 82 89 51 13 31 31 74 44 18 94 28 72 72 82 79 46 82 62 19 3 69 2 95 22 67 88 81 64 8 57 19 42 98 71 55 30 2 81 26 72 75 55 96 47 37 27 46 19 89 65 74 11 19 70 33 86 58 67 2 18 24 22 60 22 93 68 4 47 49 31 72 77 86 68 76 75 96 22 47 37 40 21 48 59 91 82 46 
2 49 48 20 25 70 33 47 15 53 52 15 2 35 87 31 21 7 8 48 3 30 95 41 22 17 41 82 8 23 80 10 24 80 83 49 3 68 97 18 21 1 85 75 36 72 7 9 80 15 57 35 97 53 28 20 22 70 2 30 45 34 93 70 14 28 19 17 96 68 88 17 69 73 92 57 98 99 18 30 66 76 65 64 81 46 36 3 68 38 85 13 24 30 35 38 58 55 8 54 23 96 71 45 21 16 54 19 67 73 49 34 49 67 50 82 65 86 37 33 24 22 98 0 53 34 38 63 89 98 18 64 94 41 9 68 57 64 87 25 37 89 11 38 56 61 72 21 47 9 6 23 83 4 23 88 38 13 52 79 12 22 44 58 63 5 26 73 21 66 98 10 55 61 48 63 22 20 36 69 81 42 92 65 98 67 53 37 80 5 68 92 27 12 51 43 18 29 16 39 
95 66 2 2 27 50 17 49 23 53 70 56 47 14 21 46 81 27 35 13 84 3 6 64 68 9 7 38 38 75 29 86 41 31 88 20 82 6 21 57 11 43 13 59 57 87 57 90 14 44 3 50 47 61 14 15 22 73 5 13 48 35 51 41 66 91 61 0 97 34 57 61 77 23 72 86 62 29 76 28 73 32 78 72 45 45 40 20 18 45 33 19 80 36 60 47 27 74 47 77 8 57 38 38 32 10 24 46 91 1 74 16 85 4 88 30 1 80 2 20 26 87 91 58 23 51 57 51 77 57 28 38 66 66 76 98 28 0 96 19 53 70 35 90 26 75 73 28 56 75 0 34 63 91 92 86 94 50 37 72 7 17 62 25 83 38 23 63 90 71 34 96 93 21 86 19 97 59 99 5 87 99 39 50 42 83 88 37 33 26 61 92 43 23 17 79 13 92 94 3 
63 29 51 56 50 90 28 99 1 27 4 88 79 43 38 21 27 79 58 12 5 19 57 0 94 26 31 7 19 26 63 34 7 14 43 57 56 71 57 58 50 61 46 29 57 37 51 36 16 61 48 73 33 57 25 27 84 9 87 55 35 50 89 94 16 32 51 73 55 60 31 6 74 29 35 31 66 38 19 34 52 19 7 37 77 33 64 61 42 3 16 29 53 5 23 22 90 26 95 45 39 26 3 13 55 91 96 74 81 15 8 33 34 68 70 11 53 87 24 47 90 40 76 96 98 51 18 40 29 13 37 68 91 41 33 98 32 81 24 13 96 33 99 83 1 69 46 54 8 71 1 51 63 29 47 13 32 65 53 13 30 91 82 73 84 67 23 16 49 48 81 97 33 80 32 86 2 79 92 62 2 93 13 17 74 60 31 58 77 36 71 59 27 5 84 63 73 60 79 22 
8 13 19 93 45 4 79 99 83 71 62 37 16 27 54 42 88 37 0 17 74 71 29 53 77 65 17 2 25 48 24 85 61 95 78 59 99 57 58 34 80 72 71 96 0 78 38 40 67 38 9 41 62 90 47 39 56 16 41 81 64 17 67 78 64 97 37 16 55 47 50 35 72 74 84 72 4 22 64 71 13 73 65 27 64 12 18 72 28 59 5 44 28 72 22 44 70 11 60 77 11 63 64 83 37 0 7 93 23 23 64 88 48 81 15 64 45 33 36 25 44 42 70 24 66 44 68 88 8 81 17 19 44 82 54 81 82 13 74 57 36 90 97 84 72 64 49 17 49 37 43 93 79 65 69 46 9 90 86 17 71 4 88 15 86 94 96 20 7 22 78 95 64 27 80 36 92 81 6 41 18 49 87 98 66 56 96 75 98 82 45 69 86 85 84 24 80 32 45 39 
6 75 35 71 54 67 7 46 48 65 40 18 14 27 68 32 35 64 8 34 99 5 55 37 90 40 14 22 72 11 62 79 86 97 2 92 64 9 39 64 75 31 82 41 10 51 26 97 67 86 83 66 91 39 56 33 79 70 56 3 81 70 34 19 19 36 11 83 98 2 99 73 33 81 66 95 84 92 93 52 78 76 70 21 15 26 7 46 48 63 50 29 85 84 0 4 73 12 87 71 66 38 96 52 19 14 47 4 7 92 8 37 69 78 11 36 57 18 83 5 33 85 87 18 69 87 22 42 51 61 65 18 99 61 70 70 76 69 26 35 62 34 72 83 65 35 19 22 53 54 27 86 39 66 56 9 54 78 3 5 91 69 23 90 30 45 13 58 67 39 93 81 26 18 64 91 53 35 65 59 90 44 97 29 11 54 38 65 84 94 22 76 15 46 18 97 43 83 56 10 
23 49 91 1 67 7 44 21 43 9 32 33 5 29 62 16 83 53 33 68 99 56 96 14 54 66 11 97 50 19 60 25 69 3 26 88 63 22 61 6 83 93 91 88 23 53 57 58 58 90 78 57 98 74 23 52 41 35 2 91 54 62 68 75 17 94 64 80 68 25 38 51 71 29 39 94 35 48 52 93 39 83 51 89 57 26 42 50 61 44 93 68 58 61 95 27 7 11 8 75 89 98 78 60 28 70 54 63 18 58 8 9 41 11 99 51 38 93 53 99 37 47 19 47 60 67 74 68 78 34 95 67 33 74 27 13 96 33 76 14 44 84 76 37 48 75 40 86 68 94 37 57 41 57 56 53 76 30 21 54 17 69 74 2 95 1 15 91 87 43 57 83 79 33 20 27 8 13 13 28 7 51 37 0 60 93 53 36 76 27 42 45 96 16 47 43 70 14 34 57 
57 91 92 36 25 64 16 85 77 29 66 36 32 55 36 92 1 90 80 29 69 23 74 17 39 73 60 61 87 46 18 44 37 62 32 14 27 0 52 56 30 70 93 14 25 29 59 78 71 39 7 40 62 33 57 54 6 69 15 93 15 86 89 5 0 74 19 27 74 23 84 56 45 77 71 71 58 82 1 30 21 9 22 36 42 80 42 1 1 57 94 17 95 36 22 96 62 93 75 88 69 59 97 14 88 68 37 47 50 39 77 23 48 99 59 42 31 1 43 85 11 90 2 58 78 76 54 40 21 82 80 42 41 77 57 82 97 46 29 99 85 58 23 85 9 34 80 93 36 23 78 99 65 32 57 43 60 64 35 33 46 16 76 39 93 85 21 91 31 2 90 69 12 65 54 74 0 34 67 88 10 97 87 75 81 44 71 93 8 6 26 6 74 54 46 20 39 19 63 23 
22 53 92 86 71 46 60 71 33 79 59 43 28 98 70 9 42 41 54 3 0 81 61 26 87 7 46 27 27 9 50 1 15 42 87 38 40 48 9 73 27 20 68 56 18 91 17 12 32 72 67 84 5 29 63 92 36 61 71 15 23 73 16 38 67 56 76 8 56 37 33 83 9 54 91 27 45 61 91 29 85 59 66 90 88 29 34 76 90 58 44 13 31 12 3 99 68 31 59 24 20 44 60 29 50 3 56 95 16 48 77 1 59 43 43 99 24 30 27 14 88 71 80 19 36 35 70 56 19 81 33 39 78 45 69 28 0 77 24 17 77 53 18 36 96 14 35 20 44 15 86 32 38 18 3 74 6 74 31 25 7 16 64 85 61 85 14 61 63 90 30 40 43 49 29 39 15 16 11 59 31 97 43 70 68 46 96 74 72 79 99 80 95 15 65 56 1 31 70 16 
21 0 56 64 1 85 55 68 2 66 27 85 16 22 55 84 21 52 10 93 31 61 25 27 28 43 35 29 74 57 97 96 10 54 60 11 91 16 32 45 34 59 31 50 34 86 86 55 90 48 48 22 9 26 1 38 69 88 19 43 46 17 39 56 23 52 19 14 20 51 12 54 63 43 57 49 81 43 4 72 92 4 46 53 30 47 91 99 35 63 95 33 32 86 41 55 38 13 21 58 16 33 65 31 28 22 80 10 17 84 34 9 41 80 15 71 27 58 23 14 21 70 0 5 56 41 60 95 54 34 5 23 19 70 54 0 44 35 10 62 71 96 23 12 76 38 36 55 97 11 69 70 81 69 76 37 63 88 84 69 22 42 92 94 64 99 94 9 86 4 23 57 52 46 22 28 85 58 83 34 69 4 4 2 26 32 39 41 21 76 10 95 18 55 89 82 54 83 43 40 
39 66 49 91 13 71 19 50 29 54 36 50 59 92 4 37 25 44 78 98 72 40 93 42 95 83 76 1 66 20 41 6 38 91 97 3 14 69 5 96 23 41 46 34 86 51 23 11 47 1 61 71 42 54 13 89 37 89 91 56 61 32 14 0 75 63 3 90 32 9 86 8 2 84 94 88 87 18 51 86 19 12 57 13 67 70 3 56 12 94 64 73 26 78 25 54 42 29 96 74 90 82 34 92 18 29 81 6 47 32 92 66 97 50 80 16 72 35 24 36 29 89 62 7 67 87 61 9 68 57 36 58 91 70 3 10 99 84 68 46 68 12 65 17 14 97 33 87 32 58 75 61 47 37 20 66 77 82 76 97 91 12 56 35 34 59 97 34 95 65 32 15 29 97 85 44 94 18 83 78 28 58 39 27 48 60 94 25 94 22 22 37 86 30 72 20 41 21 6 88 
86 39 56 16 36 41 12 83 11 95 61 40 53 53 19 53 65 13 30 59 87 5 96 73 35 21 46 29 42 52 69 81 91 25 49 80 66 61 63 30 56 24 22 61 29 41 15 94 7 97 53 94 2 2 20 38 75 66 19 69 18 88 50 62 14 51 42 32 12 57 62 20 33 84 34 63 78 1 57 85 98 63 31 1 17 51 91 92 17 10 61 88 50 64 50 64 15 44 49 80 1 63 0 34 0 34 97 78 87 7 63 86 70 94 87 87 98 78 31 67 40 44 55 90 8 57 7 76 53 56 56 54 19 56 41 19 43 38 49 30 45 12 16 67 59 55 6 57 85 89 24 25 34 32 16 94 89 75 70 95 31 26 49 2 35 90 74 30 81 23 60 78 88 29 98 47 36 4 4 22 94 80 99 80 12 67 26 54 42 97 49 25 75 50 28 10 93 54 92 74 
77 5 4 65 34 2 64 22 7 20 44 53 1 96 85 13 63 11 19 6 8 68 31 36 71 11 98 64 65 91 90 95 96 94 12 82 97 77 4 56 97 1 61 50 97 46 16 12 57 35 70 18 56 2 6 27 65 4 91 83 95 81 30 43 27 42 25 24 71 82 80 21 35 93 71 84 39 87 96 49 75 67 67 31 21 73 10 86 29 53 21 25 86 51 20 13 46 46 38 69 80 70 42 15 64 66 99 55 53 95 4 80 14 23 11 35 48 73 74 78 26 95 55 12 99 75 26 97 73 16 66 53 38 9 68 54 75 67 10 80 15 14 13 29 90 76 17 38 50 91 68 76 38 75 41 37 51 19 86 24 35 5 30 73 66 98 28 93 18 90 73 85 56 38 14 46 15 31 37 65 74 57 93 13 33 86 2 36 5 89 60 40 94 42 66 60 41 46 53 11 
88 78 96 44 69 62 43 84 46 32 1 20 89 46 85 22 33 88 10 38 29 23 31 75 65 49 87 6 47 92 69 35 22 65 31 91 28 74 75 26 6 28 46 96 75 84 70 60 72 81 50 53 4 81 28 69 82 67 28 81 59 97 16 81 15 48 25 95 74 52 21 81 81 19 29 8 3 51 68 27 84 18 80 40 52 60 62 34 27 42 68 38 39 84 20 6 84 97 1 11 49 74 44 30 94 25 38 97 76 6 25 13 77 57 53 29 18 15 15 97 9 83 36 49 20 8 7 56 5 61 67 54 35 63 37 81 88 27 79 17 34 56 30 63 65 35 92 83 3 59 33 12 43 21 13 15 29 21 71 86 82 91 92 69 54 29 51 43 57 82 60 43 90 42 6 55 77 50 91 80 9 76 93 4 97 6 19 78 79 91 64 13 34 56 83 88 38 86 83 47 
20 95 42 62 37 48 69 67 50 12 47 59 88 92 64 37 51 35 15 30 78 79 44 12 88 79 53 78 17 88 25 89 84 67 3 73 67 72 40 17 85 40 28 25 32 44 63 35 80 78 66 58 10 62 23 98 41 28 76 10 16 53 99 0 20 2 26 39 26 18 56 63 58 36 89 43 81 4 78 61 34 96 71 44 58 46 94 99 74 22 61 91 75 60 43 47 14 21 86 41 40 94 56 98 31 45 93 64 1 24 77 36 20 48 32 79 47 27 30 21 49 92 64 77 4 8 24 71 29 63 64 69 9 20 20 92 18 65 56 19 89 33 7 62 34 40 41 81 67 23 2 68 67 67 45 24 27 22 95 8 37 59 30 46 79 50 39 97 67 47 17 9 81 24 71 15 16 64 48 83 87 2 4 7 21 49 31 48 71 26 9 8 85 39 7 16 41 46 14 8 
45 83 17 26 59 88 93 76 52 93 11 92 96 15 99 17 17 30 18 40 8 27 49 45 66 8 61 7 6 27 15 51 10 85 30 22 25 23 50 78 17 13 22 65 29 73 82 46 55 52 86 63 79 87 8 97 47 69 4 53 97 72 5 59 9 35 33 34 10 83 64 79 97 86 44 78 59 79 76 14 31 14 29 63 2 37 60 49 59 17 55 56 41 12 67 50 47 1 84 9 36 1 89 85 87 85 63 99 64 39 65 48 54 95 11 8 84 23 9 43 92 64 51 33 76 19 35 75 72 72 85 60 73 26 46 12 11 9 11 28 1 29 76 7 24 39 15 8 14 76 52 7 41 55 92 69 74 28 45 98 52 82 59 25 60 57 37 71 18 1 99 19 30 27 26 6 18 93 66 33 70 18 40 63 26 84 32 52 64 29 51 16 63 62 93 23 19 31 95 37 
84 46 9 14 26 87 20 44 81 86 77 3 57 69 66 83 54 98 35 70 80 38 87 43 0 80 67 71 63 14 61 47 60 70 61 86 57 33 83 90 72 60 93 81 82 59 16 36 10 51 58 90 42 45 33 94 78 52 66 41 66 27 41 79 49 54 65 58 88 48 49 12 61 42 93 43 54 9 31 64 12 89 6 54 87 39 1 65 44 67 58 10 46 99 89 95 54 7 5 94 7 54 6 20 49 51 63 3 60 46 19 24 36 25 31 75 16 32 40 60 51 98 71 97 50 12 44 4 71 49 98 79 4 56 51 5 7 15 8 19 13 27 43 1 52 26 76 68 58 16 29 9 67 52 58 17 16 54 21 88 4 71 19 60 27 70 65 86 37 25 5 51 4 0 52 56 27 81 76 37 97 57 99 16 61 57 33 78 12 6 18 68 77 37 80 56 59 45 42 49 
22 99 52 26 52 4 82 79 85 10 68 35 68 19 51 81 29 37 59 41 43 29 61 73 66 41 81 78 38 24 27 60 75 79 86 27 35 20 58 73 82 79 60 50 98 11 84 27 0 43 20 44 73 81 69 91 74 50 21 12 26 48 24 2 79 10 81 15 82 40 40 65 71 0 67 69 63 51 97 64 47 17 60 72 51 29 15 25 31 37 90 58 37 14 12 17 77 93 84 11 85 24 76 56 76 96 78 39 99 75 55 46 44 67 70 47 48 86 73 80 23 15 90 60 81 2 29 58 47 13 22 85 89 98 93 65 46 71 57 46 98 12 44 95 80 15 42 28 1 67 60 76 82 50 88 64 4 18 74 52 31 96 37 21 47 82 38 93 6 95 39 4 60 84 99 92 51 94 20 52 61 33 80 44 83 68 60 88 86 34 92 18 31 81 91 78 63 29 23 69 
77 15 26 37 51 77 29 2 71 1 6 33 86 86 29 70 54 89 10 41 75 2 11 6 83 54 36 98 35 60 68 12 75 46 1 26 23 82 80 47 36 86 32 22 72 61 92 26 2 54 19 77 56 82 36 91 88 72 90 24 84 10 88 11 56 42 89 31 24 69 78 60 55 10 35 27 23 27 6 25 34 77 55 90 60 91 34 0 15 24 24 0 34 65 63 42 7 53 25 83 22 4 96 78 66 31 57 90 58 63 15 92 41 22 35 53 13 69 53 29 45 30 81 31 95 96 73 54 49 98 37 72 54 33 2 21 64 59 11 75 75 78 19 16 1 54 21 66 75 26 47 20 8 28 51 3 77 76 9 26 27 47 50 81 80 52 2 97 12 65 72 87 96 91 55 97 98 28 63 25 6 11 46 15 91 49 18 68 26 80 47 53 27 97 34 59 2 89 56 14 
6 80 53 2 24 60 99 74 40 15 99 46 78 45 61 21 95 32 42 73 12 89 26 91 38 12 50 40 53 59 6 60 39 59 62 15 71 14 89 11 29 89 10 59 86 71 80 33 55 22 6 19 63 84 10 2 49 61 42 2 72 49 62 63 60 77 79 84 91 68 95 72 9 57 31 48 29 11 81 36 86 40 56 49 24 66 3 73 79 98 28 51 47 42 15 59 19 46 43 62 66 91 34 76 48 65 24 29 29 57 66 67 97 74 68 74 40 72 99 72 70 27 23 69 22 90 28 41 36 24 4 3 15 90 31 15 8 7 45 37 64 63 56 62 37 24 36 29 48 35 1 70 15 77 39 37 19 20 30 8 44 86 11 11 77 94 78 85 1 23 74 65 38 30 79 27 54 15 57 55 3 10 25 70 39 65 7 59 37 37 67 81 24 30 44 1 24 22 38 77 
98 12 42 36 42 22 16 48 89 25 3 44 87 29 14 27 94 21 38 31 11 57 64 35 87 60 88 63 82 26 92 80 90 86 69 32 8 37 80 50 62 84 94 49 65 9 76 11 82 66 94 93 23 10 80 62 70 68 77 52 46 69 85 36 56 6 20 16 43 1 66 5 37 13 6 54 22 35 65 4 1 59 98 25 69 78 39 91 99 17 95 97 38 80 34 46 38 54 63 33 7 81 90 96 94 97 50 68 32 67 25 85 26 75 62 47 53 2 90 4 71 86 2 9 18 88 56 57 94 71 90 54 52 81 50 99 30 53 67 62 20 92 99 99 67 62 98 73 64 89 29 35 75 83 96 93 71 4 2 18 75 93 72 80 26 22 79 56 27 98 70 48 43 69 47 62 31 97 87 47 86 17 82 13 0 31 7 24 35 9 94 63 54 66 43 80 40 74 88 68 
24 58 16 19 28 15 82 11 12 69 59 51 38 93 64 91 24 71 67 12 33 61 75 87 27 70 20 67 96 8 87 20 19 55 92 99 22 74 10 35 95 21 38 34 15 2 25 91 26 44 3 11 5 30 50 32 0 70 51 96 31 91 69 50 46 61 49 69 87 59 56 82 33 94 68 48 48 45 39 26 89 95 37 94 25 88 78 26 10 82 74 41 73 95 91 19 8 40 40 95 52 96 30 85 42 50 85 43 96 76 69 85 71 7 32 49 47 10 75 57 44 1 51 17 49 42 89 57 35 29 5 39 78 87 76 72 37 61 15 85 89 85 71 61 44 55 10 43 17 37 52 62 90 3 31 39 98 20 97 33 2 54 24 32 41 0 4 30 13 20 16 2 57 39 15 53 94 77 96 63 66 0 25 57 4 9 96 2 29 45 87 83 51 11 15 92 63 72 23 76 
92 91 30 1 30 46 6 24 23 2 87 90 54 65 99 58 74 47 12 55 45 51 39 96 14 6 89 29 78 64 5 22 55 36 75 85 34 81 61 9 35 0 51 90 65 50 0 91 98 65 99 95 16 90 91 83 96 32 12 27 96 18 1 3 6 77 40 92 10 53 1 46 54 53 88 71 55 88 15 5 53 14 0 22 4 92 5 52 24 17 79 73 87 81 28 45 10 21 37 20 74 91 18 80 44 6 4 51 95 19 57 0 33 57 22 89 1 27 41 26 97 73 51 84 54 79 30 16 52 19 88 27 10 59 59 6 65 63 58 12 34 15 13 19 24 35 8 26 15 50 4 12 23 7 96 29 38 78 97 91 50 37 70 60 96 29 19 62 45 77 26 79 44 91 99 68 27 59 46 42 61 2 6 36 9 54 17 48 33 14 39 35 52 9 47 0 90 66 14 35 
95 41 67 39 32 66 60 11 25 58 5 39 61 11 75 22 66 93 70 51 7 61 86 11 22 33 12 13 52 26 0 47 19 67 39 52 33 99 63 11 9 21 50 70 32 77 93 50 70 15 1 78 77 39 41 51 73 53 64 25 32 65 24 51 84 63 3 70 14 19 33 24 92 83 46 24 12 91 75 83 7 28 13 36 68 54 87 93 60 4 70 92 21 94 95 5 58 51 75 24 70 8 48 62 43 95 38 56 86 65 39 45 46 4 81 14 58 21 59 18 25 29 62 98 75 58 3 85 9 31 10 31 39 58 45 35 53 83 43 92 1 34 37 47 38 71 13 96 92 72 67 69 1 29 67 76 39 70 62 48 1 72 79 93 82 24 80 36 60 23 80 61 57 17 60 95 88 73 43 80 45 10 1 98 92 68 74 31 91 88 32 44 12 63 37 95 40 69 83 0 
92 63 13 1 32 73 48 21 46 92 53 43 54 55 41 98 75 67 82 66 8 14 11 20 29 0 67 69 70 50 69 14 65 34 16 98 59 16 71 5 60 24 0 67 31 41 65 7 9 99 73 69 65 36 89 95 37 57 64 59 59 86 73 77 20 41 75 32 58 98 37 18 22 90 85 6 31 3 13 92 2 38 61 20 75 3 15 64 12 79 23 71 17 48 0 90 90 75 22 0 25 11 70 0 1 56 6 85 11 71 77 65 61 91 85 36 94 0 52 6 32 27 29 1 76 30 91 18 57 13 18 35 77 88 35 78 96 41 63 59 64 93 25 25 36 62 14 82 63 66 40 47 94 21 48 22 51 40 40 61 5 10 96 34 50 31 13 99 24 28 58 40 73 35 65 9 98 79 43 13 98 83 60 44 5 8 66 8 0 58 21 58 20 69 92 22 52 57 21 76 
86 80 68 11 67 34 73 65 65 16 78 63 52 38 7 9 99 25 17 51 83 91 61 55 60 54 78 13 63 99 41 49 31 10 13 99 44 86 16 61 54 47 25 6 37 32 15 36 10 85 40 45 76 1 1 88 7 79 1 71 30 95 72 14 5 85 65 1 23 81 62 30 28 87 36 18 72 4 6 82 41 46 79 69 0 80 57 7 11 59 30 94 54 3 8 11 40 73 64 16 6 26 46 87 66 34 5 90 38 11 24 31 10 3 0 10 84 58 69 47 69 0 41 75 3 49 86 95 74 50 11 81 28 57 20 94 92 25 36 82 88 60 14 98 64 66 60 0 24 30 99 45 30 41 20 85 42 58 80 17 8 92 50 89 49 22 83 93 99 72 76 87 32 42 38 48 8 98 0 85 80 52 30 62 93 3 47 87 61 80 56 22 72 6 11 73 80 46 67 79 
18 95 19 3 37 57 51 97 7 4 82 40 56 65 2 1 68 2 88 29 82 45 51 54 3 14 79 84 61 46 15 79 93 34 82 30 43 86 28 3 90 62 43 98 27 45 99 95 99 87 77 81 84 80 87 88 95 67 24 8 65 39 39 59 26 74 41 69 60 21 72 2 84 15 52 11 13 51 59 12 90 88 46 27 68 33 67 15 0 91 75 18 82 15 77 8 89 70 78 1 92 2 55 76 70 7 39 35 58 98 99 0 38 45 27 7 79 94 74 31 37 50 49 20 65 26 80 6 97 10 7 41 13 62 17 83 21 56 70 79 7 69 31 45 15 11 4 94 5 31 25 43 81 27 15 98 5 95 56 2 58 63 95 71 77 12 6 98 21 76 29 80 45 12 77 12 23 34 6 29 65 84 24 98 11 91 48 16 86 4 71 44 19 66 67 48 31 25 46 4 
1 27 84 99 39 13 11 63 47 70 44 64 6 68 62 69 59 62 37 97 18 60 94 37 79 61 85 62 87 83 66 40 10 50 39 2 15 3 65 63 25 9 27 31 29 42 52 88 56 89 85 75 2 31 64 81 93 2 43 32 85 61 24 48 63 16 50 78 19 67 41 96 76 21 27 5 15 31 45 71 72 82 46 74 14 11 7 59 65 2 91 50 63 15 50 26 31 52 5 2 19 98 98 95 71 77 52 86 60 49 58 33 32 56 59 46 19 67 5 84 21 48 87 85 15 37 63 99 90 68 53 9 19 52 57 90 81 61 77 42 11 87 27 43 43 86 41 15 5 98 99 27 98 38 12 13 76 75 64 18 96 18 79 67 22 88 57 3 50 86 97 13 73 24 8 69 63 1 36 68 99 87 95 97 26 7 62 2 35 27 72 83 45 51 50 19 40 59 22 42 
46 72 7 71 48 15 92 11 16 28 80 67 16 75 64 94 35 78 96 22 5 20 57 2 71 7 21 63 18 96 57 16 68 64 88 68 31 32 80 99 13 60 66 81 87 82 75 74 61 23 96 18 43 53 21 66 12 94 82 31 90 39 47 10 56 87 79 87 72 59 39 85 71 57 18 58 40 45 33 53 68 81 71 63 35 44 29 99 39 11 30 29 3 30 92 59 69 71 98 41 30 37 78 53 95 96 11 87 41 96 92 61 78 15 24 13 60 6 12 51 69 95 32 72 25 24 31 94 95 30 88 77 19 66 30 14 15 94 53 8 90 45 70 68 61 46 81 73 52 46 24 22 93 56 94 70 81 78 16 28 60 4 58 79 71 88 46 38 82 99 46 73 97 16 41 10 63 75 83 67 73 59 89 66 15 36 36 48 66 52 29 26 57 87 57 80 75 3 70 10 
55 16 35 52 33 76 14 48 3 97 15 76 56 57 94 23 45 30 24 11 35 53 89 44 40 46 76 67 2 46 29 57 62 64 61 47 93 75 47 96 24 15 25 32 72 19 55 17 2 31 80 37 84 21 81 76 19 9 44 21 55 25 30 69 90 43 69 83 70 16 79 94 31 56 26 55 76 34 24 78 65 4 67 2 77 0 78 97 9 74 18 16 0 1 85 90 44 6 73 15 23 4 61 6 61 40 62 89 74 86 19 91 43 86 93 20 86 24 17 47 98 88 63 50 89 0 40 33 7 65 0 82 22 62 88 35 2 2 24 28 41 43 71 84 81 65 56 19 89 26 66 39 14 81 90 55 33 82 88 92 0 41 74 22 3 15 57 57 17 33 37 10 76 8 46 9 73 3 28 14 81 46 6 95 27 96 50 12 30 90 5 30 31 31 52 86 46 61 95 16 
94 32 26 22 41 73 31 66 28 11 33 61 57 91 56 36 39 58 49 69 0 54 0 84 37 4 22 84 66 18 52 12 2 30 87 95 55 70 14 83 82 47 44 39 90 52 28 29 62 77 98 15 83 50 99 20 55 21 56 73 91 60 37 46 91 24 41 46 95 55 82 77 54 78 68 44 31 48 73 45 77 24 60 60 74 11 33 29 85 41 54 28 2 92 74 93 16 16 91 63 23 73 40 30 52 61 74 35 9 0 32 87 24 45 99 98 56 84 80 93 78 34 22 80 78 48 25 95 64 68 58 40 42 51 70 46 64 96 33 25 96 65 64 72 62 16 23 71 0 55 64 30 41 38 62 20 87 39 67 3 8 77 43 2 80 65 48 44 62 33 22 10 50 86 83 13 2 58 84 55 13 0 37 54 91 0 74 78 39 93 81 47 71 77 49 51 42 49 48 56 
34 70 67 85 56 2 50 11 60 86 18 25 38 55 79 29 7 6 7 47 99 41 46 70 18 48 22 12 49 70 69 84 92 36 21 0 90 71 63 2 9 81 27 47 89 6 77 96 64 84 95 64 25 42 34 95 90 8 8 91 30 77 75 74 65 96 75 7 19 38 9 28 20 88 76 61 46 5 9 11 89 5 75 67 99 61 62 41 22 22 32 4 51 60 79 68 56 54 75 28 92 36 8 64 24 84 77 23 89 87 34 31 44 61 50 95 22 12 36 96 87 20 1 38 80 80 59 89 86 86 17 30 23 25 95 99 62 24 22 3 63 8 34 7 69 36 54 44 49 90 40 88 63 93 78 43 25 37 32 11 24 1 42 99 27 89 50 41 13 25 44 77 33 31 36 55 67 91 99 68 33 91 56 48 37 87 92 62 24 76 26 0 78 20 51 57 9 54 98 74 
79 42 3 64 25 92 71 93 35 22 13 20 14 70 69 3 9 13 65 33 89 91 86 19 11 89 76 72 43 74 99 74 69 54 91 94 46 62 39 81 85 53 54 51 75 23 6 84 88 71 17 77 15 55 97 78 97 25 3 40 52 2 67 21 56 10 15 55 72 7 88 9 60 42 12 35 17 18 19 5 42 88 35 9 44 84 87 93 9 90 33 61 44 52 82 53 62 50 8 87 57 96 48 69 91 61 4 8 31 23 66 25 11 1 34 7 85 22 0 94 64 86 8 9 90 42 14 53 92 22 92 1 70 40 70 13 53 26 74 85 49 40 10 13 41 45 72 26 19 25 72 83 11 80 44 53 23 58 6 67 32 50 21 55 91 43 68 44 70 42 81 19 34 92 84 75 89 57 53 60 82 26 43 45 58 40 98 81 50 57 1 83 7 22 38 50 65 58 95 87 
53 76 59 87 20 43 63 61 52 16 21 86 94 17 31 53 57 82 86 7 91 87 42 98 61 32 1 79 43 96 66 96 24 25 83 45 21 98 58 73 67 80 60 13 97 43 66 6 77 5 65 68 44 8 19 6 92 20 37 35 68 55 31 92 81 67 89 54 17 48 27 36 80 39 50 29 35 68 87 12 73 52 33 18 12 52 76 5 24 65 92 92 20 76 84 53 43 26 7 12 74 87 49 6 78 99 35 65 67 22 30 93 74 63 63 39 67 91 96 91 56 88 83 28 64 19 82 59 45 41 72 71 28 21 77 59 72 12 24 91 86 54 84 13 69 99 52 36 90 48 79 98 88 14 27 53 34 61 64 31 2 36 55 83 9 32 42 81 97 18 73 83 73 9 96 94 9 0 31 99 0 62 98 89 77 77 94 63 38 58 46 92 95 1 27 4 34 21 38 83 
40 11 18 65 72 67 59 81 67 42 33 68 5 31 57 82 60 3 45 50 61 91 42 8 45 22 65 31 43 3 14 83 66 32 0 38 51 60 72 19 2 5 87 59 36 96 41 48 99 38 98 12 82 92 21 79 14 86 10 10 89 76 93 7 60 94 97 12 6 69 31 60 74 70 20 62 18 13 10 17 4 60 29 38 5 2 17 71 88 79 81 29 55 75 36 15 21 86 27 79 55 10 91 30 80 63 92 50 77 55 67 33 15 49 23 20 51 92 92 92 71 73 21 78 0 10 93 73 96 73 4 51 35 96 33 68 59 26 18 88 33 38 73 48 39 96 21 42 40 65 34 11 90 8 89 43 18 35 68 66 60 73 69 47 21 3 15 80 81 34 21 14 24 94 14 63 43 35 5 83 0 40 95 43 0 36 86 18 23 54 36 35 79 5 83 0 60 98 33 41 
84 54 7 8 48 22 71 91 57 29 75 10 69 22 5 21 10 91 39 34 97 27 21 77 32 4 77 45 55 10 86 39 64 94 0 65 68 71 56 77 0 83 39 21 57 44 42 68 35 33 54 33 12 75 10 97 32 39 42 87 50 28 26 66 74 78 31 42 50 40 20 2 75 59 76 33 4 70 1 91 56 7 24 68 82 86 65 14 26 7 53 28 88 32 94 14 10 78 57 12 18 29 15 45 40 43 78 44 65 31 88 73 38 64 42 21 51 59 87 29 19 41 57 59 73 3 73 83 81 82 96 51 11 63 97 52 58 75 48 23 59 36 49 97 1 91 18 4 2 58 33 73 99 42 32 24 45 6 59 79 40 55 82 52 70 79 56 80 7 4 56 66 93 5 63 46 48 34 50 50 92 35 76 43 77 8 67 74 66 78 5 7 86 88 11 56 19 67 37 78 
23 45 96 16 50 12 14 98 46 64 0 90 51 76 85 80 85 4 7 3 82 12 10 68 52 21 77 72 88 66 2 64 11 99 80 61 11 95 11 9 11 11 51 63 88 88 95 25 92 2 28 26 15 91 95 19 12 24 43 53 90 46 69 53 97 49 14 60 96 77 69 60 88 72 75 28 60 70 53 4 25 34 30 92 25 77 11 89 1 55 94 43 53 63 96 50 65 10 10 13 39 31 25 28 3 0 8 15 23 14 19 48 48 1 40 25 79 51 66 32 58 13 76 11 28 72 61 45 35 23 59 74 54 84 54 9 37 63 76 60 77 47 60 77 49 52 2 80 3 20 12 14 33 40 25 62 13 87 7 0 62 18 26 17 55 81 78 44 96 55 56 73 2 16 50 3 68 4 83 23 24 48 37 10 88 63 72 53 2 31 53 64 2 80 33 57 13 12 1 9 
67 57 34 21 25 84 25 93 40 60 68 16 8 6 26 97 21 50 2 23 82 8 39 36 40 73 93 53 37 46 14 56 55 48 77 80 84 54 25 24 15 93 40 23 99 19 72 20 69 75 95 3 83 87 39 23 12 32 28 49 30 42 57 85 90 86 65 26 41 90 50 8 36 42 83 87 61 56 60 83 83 55 86 18 94 26 93 6 10 73 55 41 15 64 26 57 51 44 83 92 86 85 52 22 79 35 10 93 43 70 76 78 77 62 96 72 40 41 30 51 14 38 92 81 2 70 90 53 14 25 97 53 10 49 75 42 37 37 35 80 59 63 59 89 77 7 13 18 1 43 21 15 81 65 49 36 35 39 89 2 65 39 55 27 40 82 69 77 72 56 58 83 71 69 72 49 76 37 19 77 81 40 45 14 5 94 50 92 33 92 94 50 83 1 78 23 36 47 1 60 
56 59 43 27 28 68 76 56 5 95 86 38 87 31 5 44 77 55 37 10 99 83 13 82 37 91 6 25 38 59 85 46 18 28 74 98 48 50 6 54 98 92 92 37 23 97 82 52 5 71 63 56 54 76 91 43 19 49 68 9 8 53 56 78 34 30 76 82 32 82 36 82 27 81 20 2 30 54 55 87 77 70 44 31 98 87 27 17 36 95 26 44 1 82 22 35 64 50 69 97 84 6 31 11 39 3 14 21 57 69 9 34 91 5 18 89 92 97 6 28 92 84 72 45 19 46 80 83 96 50 32 80 8 64 92 99 67 58 20 77 79 81 63 70 86 33 11 30 30 17 58 75 53 82 20 72 28 53 56 76 55 40 57 63 56 1 14 24 11 86 53 90 68 68 12 54 54 23 37 84 92 95 11 45 30 32 70 10 37 26 87 92 18 96 55 75 49 21 51 60 
7 56 2 75 24 14 82 78 89 19 15 81 66 78 78 96 10 48 7 99 26 46 91 97 42 98 72 91 19 23 51 27 79 5 54 55 19 36 86 60 7 53 93 74 31 23 22 94 72 81 93 50 27 85 47 21 83 71 64 55 46 67 82 25 72 88 33 43 77 71 3 84 24 96 10 55 20 85 49 44 66 95 46 46 80 46 19 15 17 84 70 64 51 4 41 76 93 26 19 70 97 23 6 21 71 69 29 43 54 30 39 72 25 86 18 57 84 90 25 1 74 95 17 77 52 11 53 97 89 73 67 87 48 25 60 71 94 89 15 48 72 54 21 97 92 91 7 76 81 32 30 7 79 99 85 31 62 90 28 52 15 47 39 63 73 51 35 19 41 2 68 13 8 41 62 1 84 69 29 66 53 11 25 33 63 10 64 25 53 45 77 68 92 68 84 17 20 19 89 13 
73 57 78 81 50 40 34 34 62 16 52 67 79 78 0 42 40 17 68 93 62 97 62 6 18 46 76 38 17 65 51 42 74 81 23 76 73 10 10 35 78 15 55 57 93 55 0 33 24 20 79 86 69 93 45 87 39 73 77 8 90 80 50 64 61 25 40 35 87 2 22 65 17 77 23 62 85 75 48 9 47 27 48 68 20 45 8 11 18 85 19 8 18 21 24 31 46 16 18 86 70 41 51 40 70 26 2 7 1 2 69 0 29 69 69 1 14 29 64 84 66 35 44 84 56 20 16 55 88 86 41 58 27 92 98 50 71 53 9 72 55 78 25 37 99 46 90 13 75 55 49 41 90 45 78 47 65 46 54 53 32 47 64 12 91 62 14 62 67 23 87 75 54 12 64 53 10 54 19 85 61 20 78 52 66 8 51 83 54 5 89 39 4 53 51 95 67 17 58 35 
40 45 62 46 9 26 52 19 32 23 56 94 43 34 46 61 95 49 97 49 6 86 40 10 39 91 5 58 8 63 93 1 60 7 99 69 85 3 88 18 26 96 64 22 31 10 35 78 11 32 27 17 18 68 79 9 11 84 68 72 0 13 25 12 21 76 34 6 80 22 76 58 71 40 80 2 2 16 32 13 48 59 82 19 79 61 28 43 98 48 67 50 62 92 14 35 68 48 93 0 23 70 59 94 62 39 48 65 7 80 30 8 91 65 27 23 78 7 66 76 56 33 78 18 77 45 53 45 93 98 98 68 68 57 62 31 48 10 48 8 42 78 16 34 43 43 57 22 50 75 50 6 8 81 76 85 78 81 82 71 80 32 40 0 89 54 83 90 17 31 98 59 62 14 45 57 9 54 31 11 29 34 70 89 67 46 74 45 80 9 68 12 93 8 12 35 63 48 25 32 
31 75 91 45 89 37 3 50 91 86 61 73 72 31 62 39 30 89 36 10 50 5 74 43 13 86 78 28 86 55 12 18 30 4 63 19 93 18 21 36 57 83 9 29 66 24 21 96 13 57 58 63 62 32 58 28 71 37 8 57 92 21 27 23 77 43 94 22 13 16 10 70 51 72 52 17 96 73 14 9 82 24 24 45 57 82 25 80 71 85 37 16 58 17 39 35 60 85 9 73 53 20 44 4 92 48 74 88 21 40 49 55 64 25 52 21 7 77 1 31 15 91 47 73 8 38 9 20 23 18 93 29 90 89 33 82 37 59 70 10 99 71 18 64 96 70 37 56 0 91 87 15 82 86 88 42 24 49 62 99 20 7 28 10 97 14 45 86 73 15 49 73 39 67 37 35 37 26 91 89 17 30 4 99 16 45 93 92 94 7 92 66 15 72 29 64 86 74 50 12 
41 51 85 80 18 74 16 8 0 59 97 18 42 54 69 10 99 15 55 45 22 47 12 37 71 93 1 10 67 4 22 8 55 59 41 26 85 9 86 37 68 83 55 62 37 77 73 88 92 28 34 66 27 98 4 50 91 57 60 10 61 82 18 69 93 11 47 78 20 33 16 89 68 23 3 58 52 28 46 44 8 32 63 87 30 67 38 21 76 98 83 38 33 54 59 26 65 6 57 86 91 73 27 59 48 30 17 1 59 16 97 19 48 60 7 79 27 45 52 56 95 36 94 28 90 5 7 55 63 64 93 54 89 20 65 37 51 83 38 62 51 88 33 99 48 40 30 28 37 35 84 85 71 30 13 13 35 72 20 50 88 14 4 77 86 69 67 89 4 5 3 55 45 37 7 94 29 37 22 67 72 58 4 95 88 17 60 75 42 33 25 30 99 81 8 85 2 75 75 7 
32 78 14 78 67 21 24 97 11 98 16 35 56 20 83 96 89 43 23 31 28 48 14 27 81 22 13 83 49 40 42 33 18 9 63 38 82 87 35 93 85 51 81 93 23 64 89 12 59 12 96 88 12 10 15 93 32 80 29 33 20 23 18 91 32 82 29 67 21 64 12 7 67 93 0 90 9 42 2 69 6 98 57 19 60 24 64 92 5 45 77 25 69 96 16 53 30 97 20 51 61 85 10 80 78 63 70 88 5 25 57 11 75 66 82 36 90 47 80 47 92 10 25 13 58 93 19 88 91 91 91 4 76 2 85 55 65 7 95 22 84 4 33 60 70 16 48 12 15 80 12 59 90 37 73 0 30 44 88 21 35 32 26 12 34 63 19 99 70 66 21 7 70 6 67 92 74 67 4 89 99 16 1 42 5 26 42 36 70 83 9 57 15 87 21 49 50 40 0 73 
6 73 80 28 31 99 20 6 18 77 47 17 45 48 59 51 74 54 39 96 37 48 54 4 36 75 5 38 68 57 11 26 30 91 55 13 42 27 71 60 4 19 78 2 19 89 53 46 95 92 94 84 40 48 88 28 76 45 67 44 2 78 70 84 22 77 98 64 5 69 77 61 40 7 63 12 48 16 10 44 60 4 28 53 5 69 81 81 14 0 77 69 31 99 53 53 77 51 69 34 73 98 95 65 5 11 29 54 79 39 50 40 96 30 45 53 99 78 34 66 79 11 35 10 62 88 15 39 92 36 25 17 35 21 82 92 84 12 46 63 3 48 3 51 79 0 4 78 79 38 96 58 1 31 20 64 72 87 55 64 23 81 81 10 54 15 3 38 79 1 1 35 50 57 86 29 9 91 59 88 81 56 98 83 87 70 99 59 57 6 75 81 87 8 91 93 24 46 83 55 
48 85 90 98 94 77 27 55 68 86 44 49 94 94 84 82 65 35 93 22 42 69 55 29 29 99 75 5 45 58 61 93 95 51 43 41 80 22 97 48 61 41 50 55 35 34 89 52 70 83 75 12 4 30 93 33 29 20 39 27 79 52 72 74 3 16 68 84 38 65 84 51 58 34 7 45 21 96 98 43 31 73 7 35 55 0 21 37 73 60 64 52 64 88 78 67 4 46 3 95 11 88 46 69 74 5 67 95 2 65 90 33 90 97 21 45 50 42 34 23 54 50 75 18 39 53 37 95 52 41 42 63 81 89 85 55 46 52 3 48 69 93 34 59 43 55 56 93 49 43 16 3 93 91 21 84 96 58 80 48 51 22 64 32 63 1 40 10 5 95 10 74 40 44 85 83 51 41 76 0 36 92 3 30 35 76 14 84 35 46 84 38 69 48 71 84 1 63 94 6 
58 5 80 98 1 17 34 53 11 62 53 47 7 9 77 94 85 44 78 72 42 63 11 63 63 34 48 65 97 94 23 7 51 4 5 53 73 91 58 84 54 11 32 61 72 61 55 10 57 86 34 0 1 45 63 64 31 63 81 28 58 5 35 9 61 93 14 34 36 72 19 90 36 3 3 8 64 11 18 22 49 53 74 50 50 89 66 34 53 48 62 63 5 50 24 18 95 39 52 31 11 23 74 99 26 29 8 43 40 78 65 41 83 91 91 86 80 58 20 33 6 34 48 63 84 73 81 79 64 85 63 27 9 37 27 87 66 35 82 59 65 47 0 1 90 44 87 71 2 7 56 60 93 5 23 78 30 56 9 46 41 24 73 2 13 0 90 32 87 72 91 53 72 43 54 14 39 93 85 41 52 42 53 45 99 28 23 81 84 85 27 26 9 0 28 23 53 70 7 40 
95 98 93 19 93 99 33 33 92 71 26 44 65 80 90 64 8 65 97 45 2 24 71 64 76 51 39 29 74 46 70 69 96 15 40 41 67 25 74 59 96 53 56 61 85 98 77 45 63 74 90 18 50 13 82 79 65 21 8 91 19 30 12 15 98 52 56 65 77 83 24 26 88 32 87 73 30 17 18 46 43 61 64 94 74 98 25 91 71 33 82 90 16 94 5 14 98 13 79 28 96 55 54 84 88 93 9 70 10 80 16 6 93 32 52 19 30 77 11 1 62 45 43 78 92 0 92 42 14 23 70 62 79 76 99 19 22 8 89 84 40 58 90 33 90 42 53 73 19 16 26 82 13 70 12 57 70 57 0 36 80 70 99 59 99 50 30 21 10 20 5 51 30 96 36 20 90 89 93 10 57 20 44 71 42 56 28 12 13 80 49 46 3 0 57 2 50 88 75 60 
60 80 63 90 28 0 10 19 41 56 29 99 28 25 22 70 33 2 34 99 35 83 45 38 35 2 92 85 90 67 98 50 47 61 92 28 61 55 47 55 11 28 6 91 53 80 61 86 82 95 37 69 31 82 7 66 85 99 4 27 18 2 30 66 15 22 94 77 77 93 84 40 21 90 31 26 70 92 64 4 40 2 74 71 84 81 89 21 33 93 49 51 47 79 69 63 1 15 92 31 8 76 71 81 66 3 59 36 47 24 92 87 26 66 58 62 0 0 84 85 93 85 88 93 64 58 56 17 25 48 0 86 76 72 19 42 27 79 30 74 3 22 62 81 41 72 95 93 72 31 78 18 16 66 11 32 76 67 2 2 67 2 88 43 26 7 37 53 38 67 28 41 41 42 74 34 14 70 27 87 1 5 5 70 24 16 2 0 35 4 2 2 59 42 97 37 2 34 91 40 
53 71 34 46 13 8 81 79 30 60 18 32 18 75 2 42 43 56 42 78 13 97 32 72 91 29 9 45 15 52 38 68 75 72 67 40 32 48 20 63 60 90 47 78 66 1 20 9 57 15 40 70 64 24 94 55 6 56 53 21 60 91 42 36 15 9 76 47 9 48 10 69 39 9 0 57 10 20 18 20 87 10 90 51 35 37 59 41 45 12 14 5 3 56 93 18 17 22 17 26 22 28 48 61 89 48 70 0 20 41 20 8 51 62 59 86 51 18 79 96 82 94 54 85 50 99 55 20 21 73 46 44 53 46 57 42 46 80 94 67 21 14 75 72 29 86 59 80 57 38 29 91 84 35 77 87 34 84 7 56 57 53 0 62 52 9 57 98 89 51 65 10 18 92 83 47 31 94 79 40 84 8 31 69 43 60 56 78 45 63 86 54 68 38 69 20 47 26 71 37 
77 36 99 95 81 34 94 64 28 74 4 13 34 87 34 78 48 90 8 45 5 94 99 73 84 68 46 31 94 17 20 24 5 72 19 38 6 66 2 35 40 58 0 74 46 34 4 46 76 12 91 81 58 42 6 42 11 52 26 57 21 98 33 79 70 5 17 77 71 72 12 11 30 12 37 28 98 42 74 74 6 65 7 17 8 13 11 71 18 37 80 91 36 14 70 6 71 88 83 42 12 47 5 42 11 42 71 61 36 97 35 95 63 94 12 23 60 75 46 30 13 78 21 1 44 44 7 15 84 43 57 96 42 62 90 54 57 61 15 45 11 3 40 26 49 4 1 9 80 47 91 45 25 13 46 70 9 5 85 93 0 95 41 43 57 31 49 66 45 16 12 56 19 52 82 21 9 83 30 89 82 74 34 7 39 80 29 48 37 67 93 38 14 34 81 23 65 30 90 10 
46 2 66 18 6 48 91 15 83 21 4 65 47 90 25 86 22 6 34 60 73 27 98 87 61 79 11 27 61 53 89 59 55 56 29 13 56 20 29 92 94 85 57 41 28 82 28 50 89 62 10 14 42 8 54 55 87 17 34 0 70 24 60 77 32 89 90 40 62 71 32 56 9 90 97 37 24 77 87 65 92 98 32 34 6 86 89 46 3 76 46 73 0 58 50 84 0 92 24 62 64 57 70 73 99 67 10 75 45 97 41 37 95 73 23 54 11 64 0 14 40 98 39 92 9 41 76 61 33 1 23 97 58 45 22 9 12 32 84 9 82 77 98 29 2 73 83 13 38 35 27 78 86 18 23 95 59 99 56 93 0 31 42 10 76 65 19 40 49 56 2 31 85 52 13 88 26 96 1 16 84 81 94 70 99 17 65 59 69 73 4 69 56 46 32 32 63 51 24 13 
59 26 96 45 31 9 85 57 6 86 73 90 19 19 12 19 89 29 30 58 2 86 79 58 32 11 42 48 15 66 61 74 45 57 71 76 67 56 85 25 95 58 67 14 29 79 85 18 8 67 28 62 53 8 20 38 19 14 86 86 32 99 61 77 56 84 5 75 93 90 0 88 0 67 54 30 98 40 0 6 59 81 68 65 89 40 55 60 6 41 47 39 92 60 16 48 96 74 24 89 64 76 29 17 96 84 99 94 76 99 53 87 32 73 52 73 14 7 34 20 0 33 59 92 45 28 41 41 2 17 83 18 93 12 87 89 48 86 36 24 38 89 12 70 62 64 44 28 24 30 49 24 63 60 17 60 40 10 1 94 79 84 13 24 49 52 66 97 39 2 74 77 91 86 99 53 2 43 82 26 25 83 3 40 95 72 0 88 82 54 82 13 90 47 37 39 0 3 37 39 
5 63 68 48 49 67 54 3 63 88 82 88 23 85 81 70 57 81 58 91 35 41 56 26 40 93 65 40 97 54 31 54 17 51 55 18 71 9 22 34 49 56 74 72 41 55 42 50 89 1 93 24 94 49 2 34 94 20 27 43 74 58 50 44 62 5 14 33 66 88 19 15 44 45 39 37 53 33 39 42 34 84 66 80 85 21 67 80 41 94 23 15 4 73 11 66 78 78 99 96 66 70 63 11 16 2 0 69 36 40 11 22 76 29 3 62 50 22 42 91 16 65 59 72 91 22 39 21 0 90 18 67 13 81 30 29 84 30 98 72 22 61 94 99 90 49 61 93 71 3 36 39 20 95 12 11 18 3 33 18 45 3 37 58 84 67 87 20 50 37 44 72 98 39 71 41 40 84 34 64 39 70 3 60 18 67 23 88 70 8 6 68 11 96 26 96 63 14 68 13 
3 13 38 2 4 61 95 96 46 81 60 37 51 16 97 21 83 73 9 6 81 68 74 93 64 0 41 79 66 9 93 70 74 83 24 78 44 19 75 42 0 87 80 3 3 29 77 39 2 86 45 84 54 19 29 70 71 70 50 90 31 95 12 6 78 36 36 74 7 63 69 59 51 1 14 6 30 91 45 85 30 90 69 84 61 98 7 85 20 57 75 51 4 39 9 34 27 46 8 34 61 29 45 12 30 59 19 61 3 16 46 33 7 67 69 20 17 76 57 37 85 84 40 89 23 50 23 50 48 84 36 61 13 33 74 44 45 45 57 48 13 3 33 72 22 2 93 39 31 2 28 68 87 20 10 10 22 85 13 22 21 1 84 35 35 10 31 32 7 88 80 20 43 65 93 17 19 38 8 2 40 36 71 27 8 33 90 31 18 55 53 40 56 37 27 43 99 58 75 6 
98 7 27 93 72 20 10 92 58 18 46 50 6 17 78 14 50 20 97 21 75 3 61 83 92 40 27 92 50 54 98 48 62 25 93 86 97 55 30 7 73 77 58 31 46 88 97 49 60 47 70 35 50 83 70 42 23 49 34 73 4 85 73 18 10 66 4 60 21 35 67 46 64 77 29 10 65 26 59 25 73 29 12 75 64 35 18 87 84 4 60 88 89 85 6 52 51 11 12 24 98 31 70 62 9 99 24 26 78 84 4 3 65 16 79 30 3 49 69 88 5 82 76 47 67 35 99 19 98 63 43 48 94 66 10 55 65 86 82 95 22 86 99 40 54 78 70 10 79 91 98 84 73 74 31 41 61 82 12 59 97 7 7 44 73 69 99 91 56 33 86 30 71 85 70 78 15 92 88 94 84 86 79 57 12 62 50 74 45 14 85 42 22 93 86 47 14 38 38 70 
71 77 53 95 62 23 73 30 16 61 24 0 99 55 9 11 70 12 37 15 26 23 9 48 16 48 48 30 38 86 53 9 15 6 4 30 81 29 60 97 90 36 49 89 92 11 53 62 75 90 29 1 13 90 2 81 90 50 64 28 88 69 90 56 27 46 86 8 76 46 58 18 34 59 60 26 70 13 40 45 3 21 99 69 64 53 2 54 3 66 83 43 35 25 99 62 71 85 23 47 83 81 66 18 40 26 96 63 91 89 60 94 62 59 15 26 12 18 33 67 36 16 63 72 93 62 86 64 0 9 12 35 42 30 5 83 8 2 46 99 43 58 45 5 18 61 84 82 31 17 50 67 85 13 91 78 27 78 42 79 39 6 15 82 88 20 17 96 74 15 95 69 73 93 27 91 6 11 26 37 80 28 56 65 93 48 95 20 26 89 52 17 48 67 99 36 39 68 33 66 
83 80 87 57 25 14 0 31 77 26 68 57 54 25 74 47 25 21 20 3 11 72 20 59 91 72 47 82 40 32 0 24 65 88 81 90 2 33 22 32 60 42 41 66 19 68 14 44 89 86 47 52 58 20 63 1 92 11 83 84 43 84 60 8 72 93 99 26 27 73 10 87 67 52 53 87 20 19 83 9 5 83 14 15 3 77 16 47 88 52 83 84 36 44 92 60 37 43 38 64 68 49 3 36 53 9 75 73 28 58 34 86 93 48 53 48 26 22 95 66 74 31 50 10 75 95 22 12 38 60 29 59 61 32 95 14 93 70 39 22 80 74 60 74 74 13 74 52 87 22 71 61 53 21 23 28 16 45 92 7 58 73 66 71 58 13 86 51 83 25 25 15 51 85 41 78 51 16 82 38 38 53 52 43 27 75 71 95 73 15 2 31 41 20 2 99 33 40 50 68 
18 76 36 21 13 77 99 16 45 34 55 35 87 59 78 14 34 49 62 7 17 64 90 58 37 93 57 70 85 59 91 3 35 27 25 1 56 76 17 2 10 24 37 50 83 16 16 18 17 78 77 34 95 68 44 32 13 53 54 50 13 45 54 0 24 31 1 81 7 71 83 70 95 20 20 31 88 88 1 6 67 78 92 14 98 89 46 63 42 0 14 7 98 68 8 22 51 61 3 58 32 38 80 80 59 52 11 99 41 12 57 60 42 50 74 41 91 20 4 33 72 18 93 22 38 1 45 89 14 48 0 47 87 80 27 98 33 90 49 26 2 7 86 96 9 12 37 0 32 42 85 56 12 78 79 51 31 76 92 46 76 92 45 15 73 72 13 58 14 15 84 68 22 22 64 83 34 2 83 18 96 20 26 60 51 57 11 82 33 4 80 10 48 25 25 73 49 91 31 63 
6 67 31 80 41 48 63 27 50 98 45 98 70 24 58 21 81 22 56 15 78 36 77 26 62 2 0 11 45 31 27 51 51 10 83 92 58 46 20 8 96 17 58 67 41 17 40 23 39 96 90 69 85 67 95 47 21 95 10 67 79 89 70 82 0 6 26 58 4 98 19 1 16 29 20 9 46 60 84 37 57 74 6 42 93 54 41 67 1 3 86 32 45 8 14 45 14 41 55 19 39 26 72 7 56 92 17 54 52 1 44 61 28 2 55 73 56 48 92 58 4 78 90 49 39 57 94 53 98 1 24 89 28 96 97 36 40 66 90 93 19 86 6 47 89 62 73 45 62 65 55 66 96 98 15 35 55 61 40 5 63 65 94 43 13 43 31 54 9 73 99 29 60 5 28 49 19 53 46 82 71 2 48 19 52 16 54 59 77 94 64 92 11 10 87 25 6 70 79 15 
44 78 96 4 35 77 5 55 82 51 89 53 5 89 72 9 5 78 68 35 25 32 79 36 95 19 61 1 89 92 68 85 22 65 89 58 94 46 65 76 50 6 82 55 47 54 65 5 33 85 40 10 70 71 46 65 90 60 66 32 4 34 17 27 51 7 37 45 5 54 74 55 60 56 63 7 62 80 12 95 65 4 5 35 28 4 0 18 64 18 50 68 53 68 47 56 27 84 54 84 90 28 40 2 84 3 62 46 83 26 94 0 31 51 36 59 7 88 29 71 7 32 92 12 52 39 68 31 76 74 15 66 2 55 69 38 10 31 37 45 57 83 46 40 34 34 51 94 22 33 65 81 65 9 93 17 1 14 0 77 88 15 95 43 23 64 81 33 47 70 31 57 53 29 49 40 63 1 34 37 86 99 19 51 61 64 20 62 78 20 39 67 35 34 62 10 51 43 44 50 
14 27 59 67 56 9 59 71 62 93 8 48 45 79 99 6 44 71 68 22 91 59 41 78 45 3 89 48 99 85 99 65 64 58 84 20 19 44 43 81 37 51 29 82 31 80 88 27 51 8 49 94 67 43 25 13 46 66 61 97 3 12 62 67 23 47 39 42 91 82 76 80 85 57 63 16 90 3 43 93 12 45 88 79 88 65 44 86 31 58 36 34 70 98 1 45 97 40 40 40 74 16 21 59 25 36 28 15 39 23 9 3 68 49 83 8 14 79 47 97 37 83 31 60 33 84 5 31 76 97 23 50 65 96 61 91 32 89 6 24 13 67 27 81 16 62 42 30 42 89 27 31 72 10 91 5 46 49 88 74 46 12 76 12 60 38 3 93 27 61 69 40 29 48 74 45 11 16 28 5 57 7 36 81 70 80 86 68 81 27 43 27 91 71 91 51 9 46 96 89 
8 65 81 89 66 7 86 77 75 14 34 32 74 22 13 96 2 52 64 83 79 59 63 22 31 54 73 40 1 22 81 61 39 63 50 5 70 36 82 46 3 68 30 77 91 44 73 45 48 89 81 27 49 44 1 80 50 74 72 51 48 54 64 88 69 14 93 91 3 28 89 6 96 20 35 87 16 8 85 64 49 66 43 98 10 44 78 60 70 3 64 19 57 28 7 78 95 52 69 98 80 59 4 29 31 39 68 47 99 53 11 0 19 54 99 81 50 29 94 20 32 58 39 41 38 98 19 33 3 89 83 35 0 39 64 31 78 33 30 29 38 93 30 58 47 81 39 97 10 33 69 43 43 61 84 34 59 56 19 14 97 3 50 97 42 14 80 73 99 62 54 38 55 36 48 2 17 39 51 28 25 72 23 68 33 59 2 45 15 22 59 12 77 9 9 19 76 41 92 27 
3 99 65 10 35 65 12 53 5 15 33 30 88 56 50 21 15 5 18 31 79 78 43 56 87 5 75 15 98 20 43 54 19 60 64 54 26 29 59 31 96 92 13 36 0 63 58 68 20 28 99 99 6 94 55 46 51 83 61 2 3 4 8 74 17 72 28 43 53 88 26 50 32 39 86 33 54 96 1 75 25 52 26 31 98 82 29 2 65 91 56 68 47 64 94 64 36 22 59 42 62 85 92 95 76 78 80 83 75 33 10 52 37 36 35 87 18 65 41 35 56 97 55 55 13 49 72 2 72 31 44 86 69 36 33 45 66 65 28 93 98 90 45 87 27 81 27 97 46 68 33 54 18 40 61 31 90 33 33 14 17 77 0 86 13 86 31 80 51 12 73 2 54 71 89 81 52 68 31 50 37 64 56 55 4 17 86 46 3 72 60 20 49 13 6 15 99 89 47 2 
53 72 4 8 43 46 41 47 14 72 49 3 88 5 58 45 23 97 91 26 69 4 98 70 17 4 85 16 45 32 18 99 57 75 59 0 21 0 0 87 25 49 91 13 55 1 58 30 98 2 8 19 6 6 90 23 62 75 91 7 60 61 58 17 36 69 69 9 70 69 97 95 19 88 60 26 41 19 56 40 21 64 59 27 22 1 2 84 29 93 43 89 54 54 58 43 23 79 52 93 1 1 40 20 41 53 98 83 72 54 23 45 70 34 24 92 36 26 76 65 71 71 6 77 25 64 20 49 95 73 94 96 74 87 68 16 40 66 99 64 20 74 9 42 8 85 34 44 63 62 61 34 34 67 11 59 83 32 60 79 57 55 75 83 94 96 51 34 62 50 98 35 76 59 77 85 96 12 81 59 26 95 93 60 62 56 72 98 40 84 77 49 91 4 33 85 0 84 71 15 
87 21 50 63 32 27 0 28 91 82 87 18 77 32 30 91 41 54 89 81 39 18 31 30 75 16 68 27 0 39 42 87 61 92 3 93 72 3 74 15 37 61 85 66 46 16 58 87 22 99 20 13 70 3 96 45 19 64 72 72 55 15 11 68 59 14 14 83 18 88 99 7 49 36 74 47 4 84 34 27 83 55 40 53 58 36 50 30 52 23 2 8 90 65 76 1 80 90 85 50 78 36 57 80 24 83 27 29 67 14 8 3 21 0 8 31 37 59 61 41 34 15 49 76 81 78 77 61 20 14 63 99 2 72 31 27 56 10 8 23 24 16 78 45 16 87 77 5 98 90 47 84 6 48 60 39 26 37 52 47 4 15 98 6 87 81 33 95 91 41 71 68 9 49 65 26 88 94 31 86 85 30 70 43 79 82 82 57 20 86 56 24 1 54 82 40 35 68 36 79 
61 7 47 71 8 12 97 97 59 80 35 44 11 58 39 42 40 21 99 12 59 56 36 60 62 19 52 50 39 40 29 0 99 28 71 8 92 68 5 51 1 92 47 64 50 86 6 91 59 57 55 18 13 92 30 76 63 83 78 2 23 59 2 75 87 26 83 31 46 40 35 47 32 82 11 35 69 69 26 28 27 81 99 40 25 29 68 40 12 98 94 88 57 49 63 44 75 98 28 21 38 63 21 22 97 84 57 66 54 35 47 81 69 46 73 94 75 94 87 40 92 33 80 50 82 95 46 9 93 74 83 83 89 4 5 87 88 63 5 42 98 52 75 67 50 49 14 78 43 53 18 87 86 98 37 21 93 84 30 38 10 13 21 52 69 26 39 58 41 96 52 92 1 28 11 51 29 77 81 72 30 99 11 69 49 49 42 94 85 72 84 47 38 5 99 7 84 90 17 77 
87 70 69 88 50 33 91 79 10 73 3 93 24 14 14 26 15 56 72 0 28 57 48 18 14 99 26 50 90 95 28 29 65 97 69 67 30 60 46 93 85 49 86 62 16 0 40 31 56 12 32 36 21 32 7 88 31 85 38 73 80 66 2 46 16 71 13 46 84 12 91 21 13 77 35 29 29 75 13 37 40 97 74 13 81 33 1 12 18 40 38 98 58 40 96 74 64 62 73 0 74 64 73 39 94 9 21 23 36 34 61 28 31 87 94 64 20 47 76 38 39 66 88 98 7 85 72 23 47 97 75 73 62 0 12 56 9 33 31 98 19 44 78 2 31 24 66 3 72 43 93 11 61 82 9 68 67 34 43 66 83 70 39 45 71 3 53 32 37 85 82 56 29 61 11 13 85 77 68 9 72 62 21 34 44 82 54 63 68 98 81 52 20 20 49 91 75 3 76 12 
40 58 21 21 71 32 86 57 61 55 18 34 17 39 68 13 74 22 28 42 72 9 46 93 81 96 36 56 51 12 69 43 71 42 64 42 26 3 51 87 58 70 73 27 61 41 40 35 16 68 30 88 29 28 33 10 24 22 66 27 34 87 70 57 29 87 52 7 42 3 47 0 25 20 27 39 62 19 26 78 39 56 18 68 85 4 78 61 26 44 41 60 32 63 70 13 50 22 73 92 77 20 44 55 40 23 94 2 42 20 32 33 29 3 1 66 7 31 79 33 76 20 45 60 84 15 25 86 89 98 31 67 18 75 74 59 99 68 13 93 40 98 27 21 1 80 87 8 12 19 93 40 39 38 52 23 6 77 62 95 76 93 14 94 68 88 5 19 56 71 65 49 69 44 70 22 24 10 30 88 29 75 28 20 13 80 96 19 58 58 67 86 51 81 32 71 70 38 43 78 
61 60 79 30 4 2 52 80 12 34 69 93 9 49 65 74 30 61 46 40 19 13 78 22 46 10 46 16 0 89 47 61 49 26 43 5 28 95 85 92 81 54 37 42 4 3 17 86 16 15 26 36 28 4 10 26 66 56 43 67 45 42 28 46 20 72 51 1 19 37 45 53 43 83 95 47 38 64 33 54 79 11 42 59 67 53 86 34 9 81 1 7 23 81 5 95 5 57 96 25 46 42 30 89 77 25 89 15 42 74 21 73 86 64 33 5 69 71 39 30 52 92 89 27 26 95 22 31 4 19 8 50 61 38 91 38 16 80 5 58 7 26 31 93 42 16 50 11 87 90 42 39 34 31 18 60 26 41 44 82 12 52 32 25 43 76 15 59 8 20 69 15 98 0 60 41 69 11 52 56 53 94 48 39 78 66 52 56 59 96 39 71 48 23 96 43 99 11 2 8 
83 71 75 82 24 36 23 93 99 27 1 4 74 49 43 52 68 95 8 79 91 47 51 92 71 99 35 22 63 90 82 46 61 58 80 37 46 55 82 97 83 84 1 57 85 44 9 5 92 69 85 35 69 36 27 40 87 15 14 50 5 97 49 18 7 81 8 5 37 90 2 20 26 3 29 12 99 90 17 43 59 2 79 28 90 58 20 30 73 35 32 30 84 81 49 91 15 57 96 52 47 98 24 26 53 53 38 4 43 7 48 2 62 27 83 4 85 3 34 11 90 67 41 74 0 90 65 15 99 13 19 99 63 43 25 68 48 15 73 91 22 21 46 36 0 81 41 37 84 75 48 75 94 90 1 47 32 19 14 32 32 34 83 48 29 8 16 78 23 89 21 97 62 19 34 14 0 75 52 85 2 52 12 49 42 65 96 27 84 10 11 69 96 94 17 26 2 33 56 77 
75 77 74 89 97 60 56 97 35 8 34 90 12 98 39 7 64 87 34 0 97 45 69 46 39 38 72 93 24 28 70 51 57 44 40 54 5 96 4 92 56 38 34 21 89 25 28 5 12 62 5 62 7 27 8 98 65 32 91 89 12 61 40 69 57 33 24 14 81 80 59 90 70 45 11 59 71 39 16 35 1 22 97 60 49 57 10 66 41 1 56 53 14 48 23 23 81 99 38 63 79 49 5 49 94 16 61 65 7 77 53 8 99 50 20 0 60 30 67 1 83 75 55 97 23 30 20 57 29 10 72 8 11 77 9 6 45 70 23 52 48 76 12 99 79 32 52 91 14 19 92 97 46 99 46 69 29 18 78 10 81 50 18 92 27 28 50 72 50 74 24 98 2 36 50 81 20 2 72 86 73 17 35 19 68 81 40 98 52 19 8 33 69 79 77 49 59 28 73 9 
54 98 60 56 86 10 38 7 64 62 93 37 79 29 8 48 62 0 98 66 19 58 51 41 37 29 90 96 9 63 58 63 13 18 71 52 80 9 11 44 24 56 33 55 37 41 55 0 41 53 18 13 64 70 6 1 51 96 50 60 11 60 75 77 78 46 29 58 8 92 54 32 48 87 39 86 80 95 86 73 0 56 86 64 26 92 18 77 40 20 89 4 80 64 33 10 63 14 20 71 6 74 55 54 13 94 40 93 41 78 18 42 35 57 58 61 49 76 91 42 96 80 98 28 97 31 38 60 97 58 31 3 84 38 9 49 84 50 94 26 80 13 20 15 70 78 29 71 55 72 65 3 52 63 32 1 46 22 61 43 81 44 98 17 82 8 67 19 58 61 45 90 74 17 58 96 95 39 68 2 11 33 58 15 97 90 17 95 12 78 39 45 23 37 15 57 45 82 76 55 
43 73 46 70 90 4 66 38 43 34 92 6 20 50 21 17 92 90 64 57 69 3 54 44 93 69 1 90 51 30 98 47 3 96 17 46 52 35 36 47 70 28 53 90 31 26 59 75 17 23 32 86 79 39 82 24 8 83 66 12 13 64 11 69 12 28 15 64 15 51 11 85 31 64 27 14 91 38 90 60 14 74 46 93 13 80 69 74 63 35 38 29 52 49 50 64 29 65 29 44 68 92 82 51 9 9 66 52 0 8 12 14 82 10 7 48 90 28 22 5 63 12 34 67 61 84 32 90 1 13 86 21 5 68 25 14 30 43 66 30 51 30 44 85 40 3 85 30 31 59 36 46 71 22 14 32 59 98 74 12 11 61 34 68 81 11 35 11 6 53 93 9 84 37 94 24 92 80 7 23 91 43 22 63 65 36 47 24 86 22 37 97 35 23 17 68 86 52 32 92 
58 25 1 42 15 47 18 7 79 25 83 71 68 5 34 86 93 81 62 79 55 51 28 90 26 45 11 12 50 43 56 8 68 57 50 83 5 68 43 36 46 26 7 14 31 41 52 24 75 15 3 30 66 31 73 45 28 84 57 78 27 14 38 95 23 88 31 80 9 26 17 55 52 24 21 35 18 26 59 93 41 14 23 59 97 48 4 25 32 14 56 59 80 94 7 3 35 90 36 96 16 53 3 68 29 76 55 47 2 14 92 43 80 68 55 29 16 59 54 49 25 62 60 5 9 19 61 44 9 97 92 77 50 95 97 31 23 52 79 26 18 23 21 98 91 76 79 60 88 34 61 13 48 21 71 57 93 32 53 2 29 45 32 31 92 29 62 16 82 93 94 0 17 15 51 60 44 30 20 84 16 81 49 17 55 20 74 48 4 80 2 33 77 34 64 70 64 79 38 98 
72 84 98 89 99 1 50 95 32 70 79 0 4 81 17 59 1 44 59 6 24 61 91 1 96 56 23 12 35 61 10 59 45 60 49 97 62 51 44 46 73 76 98 77 57 16 88 58 60 47 16 36 9 8 37 57 16 61 21 3 74 31 62 72 43 63 21 57 66 65 55 40 41 54 17 98 22 58 9 34 5 77 70 14 37 7 23 53 20 44 8 95 27 23 19 71 38 40 80 5 5 36 45 47 42 14 97 64 72 58 98 78 36 20 44 73 27 20 79 0 64 87 47 44 62 66 67 1 6 47 58 11 35 55 10 77 69 60 41 94 18 91 72 54 11 68 80 91 88 59 43 5 98 90 49 61 56 68 14 14 15 24 77 51 79 88 80 48 0 74 42 70 65 66 25 29 87 57 72 75 16 15 32 14 5 81 27 13 49 93 27 17 17 4 20 48 44 0 49 44 
26 91 15 44 10 92 73 97 49 45 24 17 60 57 31 17 90 11 30 92 4 57 61 74 61 81 22 58 33 23 2 60 67 69 4 77 13 29 26 62 26 2 79 86 59 63 55 2 74 85 46 30 94 7 56 7 88 31 65 73 54 20 85 21 89 89 50 3 70 28 17 96 31 49 34 42 12 89 44 38 26 90 20 20 49 29 28 89 60 93 63 66 13 48 40 55 90 42 58 12 71 27 9 2 76 43 44 88 85 41 78 11 83 99 32 33 28 12 22 40 57 37 58 71 38 50 26 80 93 36 92 64 15 53 18 92 49 14 32 34 55 11 97 91 62 81 76 42 93 50 34 51 88 44 74 78 95 52 58 88 40 2 4 55 56 22 99 5 88 32 91 96 95 40 87 57 22 63 51 67 13 85 70 53 29 96 31 24 48 41 64 40 44 20 96 0 94 95 57 83 
