200 200
79 0 79 74 40 66 31 14 81 34 82 46 19 4 0 1 1 83 77 49 25 42 90 69 62 38 21 57 85 30 92 65 30 71 39 22 89 23 37 70 57 19 16 29 23 68 30 76 52 7 26 77 1 68 98 16 58 71 25 43 1 17 60 31 40 0 53 29 75 42 99 84 61 67 13 37 36 95 13 40 55 91 69 8 11 67 24 69 38 1 65 91 70 25 74 10 77 27 39 52 22 90 37 35 10 2 24 98 98 90 38 5 81 7 13 45 26 90 14 16 91 31 7 14 57 81 24 34 60 16 87 82 58 76 18 20 30 42 18 80 32 8 85 66 67 99 11 93 41 77 61 84 61 68 98 18 1 75 52 14 43 91 96 1 19 66 74 50 61 92 82 45 1 68 11 68 19 74 14 60 4 75 96 65 96 95 35 49 22 39 63 65 83 12 18 2 78 92 4 91 
85 87 37 38 7 0 58 26 27 72 38 83 0 34 0 48 81 35 97 3 74 61 68 9 73 87 64 3 31 68 95 68 7 84 6 66 84 65 92 63 89 82 46 89 69 46 37 50 81 35 54 8 48 22 17 73 61 81 76 45 2 23 13 61 7 20 28 44 37 72 7 26 55 54 16 24 0 5 26 34 92 80 42 40 55 11 13 68 45 42 13 99 65 27 60 73 99 40 69 36 13 76 62 20 30 30 96 83 36 22 17 28 55 11 21 62 74 34 30 71 76 96 70 94 23 83 19 22 75 88 58 88 64 72 60 47 3 8 30 39 83 99 19 38 62 40 0 88 27 82 60 55 78 82 49 1 65 20 75 41 8 85 81 73 58 94 20 61 2 2 52 85 53 23 75 67 16 75 55 95 58 67 50 88 50 52 42 67 72 17 60 81 3 42 6 13 88 78 74 90 
32 78 28 37 1 3 4 69 79 11 64 89 79 15 29 81 19 71 48 43 89 9 76 44 3 34 57 91 12 83 81 44 13 9 81 14 65 37 84 96 49 0 85 28 15 66 9 86 38 9 82 79 18 58 23 21 93 32 64 57 67 46 54 80 7 87 46 72 25 30 68 74 83 5 54 50 72 15 37 62 76 19 41 95 29 16 68 74 48 33 32 15 31 86 95 90 73 41 15 50 24 35 24 7 93 30 57 17 97 46 79 74 17 20 21 47 36 41 21 36 26 5 3 9 91 50 52 65 43 67 15 67 2 92 26 47 74 36 64 24 34 43 50 52 15 23 51 3 16 24 91 43 30 94 4 21 44 56 38 88 75 6 7 78 50 86 77 76 22 42 52 8 37 2 60 53 77 11 8 94 36 0 89 18 94 93 39 91 2 30 31 77 36 90 7 38 76 85 14 50 
27 67 59 16 21 71 69 99 83 30 45 71 30 86 89 76 31 80 67 33 10 50 11 98 41 70 36 17 55 3 20 34 70 79 51 43 50 72 94 85 2 91 8 84 77 49 61 9 82 80 42 92 31 5 43 24 76 79 41 83 34 61 18 4 92 21 0 95 45 94 32 0 86 41 84 15 42 97 24 24 78 19 69 61 76 12 85 4 43 78 88 78 92 58 34 84 31 86 31 76 33 64 76 19 57 13 86 99 10 63 76 40 82 45 1 10 9 38 15 4 17 3 34 9 13 21 45 44 7 29 72 40 93 1 11 50 14 98 1 24 13 77 17 95 74 18 57 83 9 72 40 26 27 26 87 40 47 84 36 7 13 9 47 58 10 11 8 76 61 62 52 74 39 69 21 14 88 78 49 97 51 89 75 78 68 14 71 15 98 59 22 64 68 22 22 30 33 83 6 46 
45 59 20 36 28 41 50 68 19 0 17 22 41 44 53 9 58 24 77 9 83 51 73 4 73 47 34 58 82 93 4 79 4 24 16 32 17 18 53 37 18 70 59 12 67 12 73 25 88 2 34 24 54 59 28 79 59 14 90 93 59 94 73 63 71 41 48 40 59 1 29 30 23 41 94 90 53 67 16 94 22 2 18 28 14 98 7 25 64 49 18 24 96 43 87 19 84 35 59 44 88 89 74 12 30 68 54 35 87 22 29 61 77 99 89 91 49 49 16 14 98 86 90 94 30 29 13 14 17 25 58 5 14 84 69 44 4 24 79 92 46 61 53 23 12 95 66 62 44 82 28 94 21 70 41 51 99 54 65 16 79 76 22 45 12 91 89 17 67 21 61 14 34 66 89 46 61 56 60 57 90 88 52 11 58 93 62 10 99 80 26 31 8 0 76 20 44 18 37 11 
39 98 77 73 17 67 71 78 75 32 36 65 72 88 29 31 33 91 93 32 23 19 63 31 72 92 4 16 10 41 79 1 92 57 74 9 76 45 39 51 29 27 68 2 67 97 85 0 41 78 85 64 49 0 48 21 92 52 89 54 45 69 55 89 78 81 98 54 79 90 57 8 17 25 10 85 75 95 37 16 25 22 80 75 23 80 48 67 32 38 22 78 59 77 67 37 59 18 43 38 60 0 46 77 77 9 14 52 4 52 68 82 26 1 57 49 81 5 17 14 95 91 44 54 68 63 91 79 33 86 17 93 86 16 71 64 25 37 16 81 89 37 63 16 38 72 17 71 30 86 37 25 77 81 80 98 45 23 77 78 10 47 24 96 63 47 12 40 84 81 73 26 18 89 94 8 61 11 79 91 50 17 17 79 50 49 77 47 72 55 78 82 2 2 31 17 49 95 57 33 
76 82 11 46 71 5 6 33 69 86 76 71 3 93 50 53 94 28 53 67 35 31 1 37 33 84 6 82 80 15 67 8 97 79 7 69 36 13 54 57 99 30 28 54 76 79 60 70 7 13 37 42 44 91 31 77 75 37 11 7 52 78 16 1 9 75 70 46 88 76 3 40 7 84 94 35 63 6 5 22 71 95 64 15 38 47 44 13 84 7 73 88 38 41 89 99 16 12 97 4 40 1 96 47 37 43 34 0 49 40 22 21 87 38 88 25 85 85 90 21 44 63 61 82 4 2 82 72 66 79 77 7 32 25 54 69 68 41 21 18 33 95 91 20 33 31 97 70 68 87 91 13 3 52 47 59 7 29 32 73 61 61 80 45 86 87 67 55 28 88 25 61 84 16 33 69 99 30 40 68 69 31 81 24 36 28 84 43 10 68 68 23 29 49 68 15 36 87 22 16 
28 47 77 64 15 10 33 15 92 73 83 13 57 16 38 45 44 22 40 6 90 8 29 71 9 50 38 45 37 61 13 65 60 90 29 28 52 63 43 96 88 78 10 45 94 48 42 38 22 82 45 64 43 26 35 52 76 73 98 14 86 11 79 99 54 61 27 58 76 70 55 64 48 17 62 94 65 56 32 39 39 29 3 82 56 38 34 32 63 84 98 2 48 30 1 54 91 80 64 67 2 19 83 2 36 97 96 53 54 80 92 93 10 95 27 18 85 13 50 1 50 49 55 50 79 8 4 22 88 68 89 90 40 24 44 28 22 40 34 76 20 26 21 82 74 48 0 11 13 3 64 63 52 19 13 83 27 69 5 67 90 46 9 30 22 53 10 44 45 44 72 66 71 93 0 97 93 1 8 7 56 25 22 8 44 36 43 24 57 0 91 47 98 1 29 20 6 40 17 52 
84 89 70 7 35 70 4 28 23 65 87 79 90 10 39 86 98 34 10 55 34 54 55 84 55 84 5 61 24 74 13 9 15 35 68 50 6 25 79 81 42 18 61 84 28 52 70 78 87 33 34 73 87 89 58 42 25 15 55 50 89 21 11 4 56 79 55 14 4 86 96 46 4 9 30 85 61 53 63 48 86 49 22 73 90 80 67 16 47 74 66 36 95 29 92 4 8 99 18 65 37 14 63 94 75 46 79 37 51 94 37 37 44 59 62 34 91 81 50 38 55 68 26 51 49 71 55 58 22 25 75 60 92 90 54 67 88 85 56 39 79 94 76 23 53 90 10 97 71 12 87 27 33 66 30 82 37 37 92 59 62 67 71 6 10 25 74 98 62 30 38 42 24 66 17 30 57 27 79 28 92 66 55 25 32 37 7 21 74 0 81 89 19 4 95 29 82 21 80 44 
52 18 86 28 84 4 10 41 83 89 70 75 8 77 0 40 15 60 14 41 60 95 30 31 51 26 13 33 47 93 78 51 11 16 32 95 20 94 89 56 36 11 83 44 40 36 36 7 96 50 49 8 97 79 39 49 57 52 34 57 45 12 60 8 29 92 56 1 39 45 9 75 56 93 71 96 29 59 56 77 10 5 37 59 36 28 60 94 33 95 3 30 7 63 39 88 56 95 90 47 92 99 74 48 44 45 96 25 4 52 2 66 9 39 26 46 68 86 92 1 33 95 31 41 58 22 81 66 69 71 13 61 23 87 61 67 84 10 45 89 14 47 7 24 39 33 22 59 72 14 12 5 9 95 98 19 18 80 86 87 3 51 49 26 91 10 46 75 20 91 16 35 90 24 11 29 9 33 40 81 99 52 39 8 48 37 79 66 17 17 5 21 69 6 99 12 69 97 87 41 
40 56 28 31 80 39 12 41 24 53 23 23 5 62 31 5 51 63 23 21 80 29 94 1 87 93 13 56 43 53 98 83 61 26 66 93 18 31 34 42 84 57 66 41 71 49 47 75 12 22 96 45 51 90 46 39 35 12 47 30 17 45 66 78 24 32 71 42 63 5 84 99 15 50 93 38 0 92 13 64 14 61 9 18 3 8 9 39 20 56 21 37 54 87 67 78 20 38 72 35 95 56 87 10 59 80 1 11 72 14 75 86 28 37 56 31 45 65 22 65 22 44 54 76 31 21 6 3 59 78 39 6 86 78 17 45 58 70 8 82 84 84 20 64 73 77 96 18 42 18 35 16 62 89 44 46 10 50 49 21 80 40 27 67 18 96 64 28 66 73 10 3 9 31 67 82 60 63 0 2 34 35 19 96 76 63 94 38 66 44 59 46 84 38 65 55 35 30 83 53 
3 94 56 12 77 76 46 37 91 98 91 25 85 10 74 61 26 68 99 44 12 58 90 49 48 56 4 35 38 87 89 41 33 97 5 62 73 51 99 65 1 91 90 86 53 16 47 31 85 46 75 97 56 18 98 56 26 2 92 64 42 81 5 27 30 62 90 4 65 41 21 66 32 63 52 38 80 99 69 65 97 45 14 5 63 13 61 89 67 53 53 9 86 10 89 17 72 79 73 37 72 94 3 5 57 7 43 37 6 64 2 55 9 17 60 24 82 21 65 49 75 70 59 13 80 0 30 4 31 3 93 3 97 48 60 7 55 55 96 13 20 99 68 81 68 28 6 50 50 23 51 77 94 62 90 26 62 73 83 93 28 76 97 26 77 9 85 32 65 81 98 85 32 66 66 52 47 24 54 49 48 6 78 94 68 68 72 31 93 55 24 22 84 73 0 61 83 85 45 0 
18 43 85 51 62 3 3 9 80 58 58 80 64 36 74 32 56 98 15 50 54 40 24 90 65 24 51 0 61 48 0 79 92 37 30 54 93 86 15 73 96 73 53 60 61 79 44 69 29 60 19 83 52 95 73 17 19 76 70 32 25 22 12 69 60 94 75 5 80 90 30 76 15 35 88 76 14 33 97 43 45 17 79 97 64 4 66 84 33 36 16 58 11 80 79 23 75 54 28 7 96 58 36 11 93 76 39 59 61 36 54 6 5 85 3 70 90 22 6 23 58 74 33 21 55 64 44 82 18 72 41 14 82 77 77 75 54 68 86 67 4 41 74 62 78 29 84 68 51 90 43 62 64 28 83 71 92 28 5 62 52 47 76 35 24 5 62 30 73 49 98 30 42 24 92 20 53 76 41 5 18 36 67 34 65 50 6 9 30 11 72 83 58 0 70 35 6 32 17 79 
33 15 9 27 39 53 48 45 29 41 50 99 77 69 34 94 19 40 4 2 3 76 85 14 76 55 49 82 39 18 14 73 86 75 0 77 81 0 22 10 41 72 62 71 41 96 65 13 88 69 15 91 45 52 57 22 59 58 56 98 77 22 71 63 50 24 40 31 24 63 93 18 87 55 89 81 51 54 94 39 24 61 83 21 13 40 95 72 99 52 22 76 26 94 91 76 70 31 7 46 46 1 64 34 8 53 15 60 60 61 51 36 22 34 57 87 75 53 11 74 57 33 2 83 79 93 60 49 76 19 96 23 72 12 57 81 18 24 41 78 37 92 14 59 79 23 98 54 76 9 80 85 42 34 69 74 27 81 75 3 52 71 78 25 36 87 6 54 11 99 84 48 43 50 59 74 73 57 28 2 18 60 87 13 94 56 87 73 89 62 29 42 86 7 67 22 95 25 76 58 
76 12 7 71 62 18 46 35 28 26 37 46 87 25 59 33 33 46 7 23 61 36 65 47 43 84 69 90 61 97 49 37 9 8 60 71 26 6 6 54 85 96 1 72 21 12 57 6 59 64 29 72 52 46 19 48 30 88 38 91 37 87 80 98 95 41 69 74 99 27 28 84 23 81 8 96 94 66 3 5 82 84 77 35 31 48 83 61 88 73 5 25 61 85 23 8 78 44 82 78 71 11 14 47 44 23 95 90 89 50 47 71 35 76 58 18 24 41 79 12 15 36 89 28 74 12 36 52 8 71 82 80 34 97 79 78 20 26 69 61 29 68 32 16 45 91 34 69 84 65 82 51 2 71 79 76 36 68 80 44 39 63 76 73 60 7 3 80 34 24 41 15 93 25 31 38 68 65 59 53 30 93 56 84 17 88 12 53 8 93 49 47 56 78 72 16 85 75 48 71 
52 41 86 45 66 17 35 87 34 46 92 17 40 48 53 57 36 66 62 44 59 63 43 67 41 67 35 79 95 83 50 47 76 89 44 42 58 79 29 45 77 73 62 17 22 15 26 10 33 40 7 44 4 50 11 97 18 98 28 13 81 79 12 57 20 56 52 30 87 33 75 64 7 37 82 81 5 60 91 38 1 98 35 57 1 46 6 19 45 35 84 78 66 96 88 86 4 92 16 91 25 44 55 84 81 89 65 38 50 57 29 3 7 64 12 8 62 18 79 7 53 63 38 19 11 78 57 15 70 26 58 47 70 14 32 3 55 49 42 57 6 23 60 66 87 72 74 49 43 54 9 96 69 99 68 33 77 77 0 47 55 59 94 25 25 78 81 32 28 75 90 86 98 50 52 85 75 27 86 18 33 47 66 54 46 86 87 23 16 88 22 71 99 69 97 76 47 30 8 27 
5 98 14 3 1 66 40 28 45 78 98 30 26 16 85 72 3 72 48 19 12 22 90 11 43 39 39 43 69 48 70 26 98 84 29 51 3 21 79 0 0 77 31 26 94 16 50 49 40 50 20 53 73 10 16 16 2 56 59 23 56 82 50 54 18 31 6 73 53 37 74 53 15 57 31 61 73 81 62 13 32 82 18 57 44 35 25 46 91 37 22 47 19 24 53 37 55 11 63 60 49 37 65 16 94 96 77 19 30 91 84 14 73 3 71 17 38 96 16 81 33 90 80 4 14 85 94 21 97 57 34 46 46 99 62 40 48 91 11 78 82 95 92 7 98 15 24 88 11 92 69 97 82 1 53 48 87 47 70 84 56 56 30 2 55 44 94 55 35 5 33 69 53 77 76 51 92 0 40 56 45 61 5 27 63 58 28 50 58 50 86 66 6 16 21 61 12 15 17 47 
73 2 16 26 32 44 29 24 44 21 32 41 83 89 21 98 0 49 0 58 99 86 76 5 54 97 18 66 65 35 65 38 90 33 16 22 77 97 98 73 19 83 15 54 72 36 4 72 37 4 82 36 42 59 41 48 56 59 66 21 47 31 11 89 16 79 63 93 29 61 18 48 44 33 54 17 21 58 41 58 14 24 46 8 83 87 56 91 99 22 65 98 5 76 87 21 8 50 66 37 63 84 37 60 70 91 29 43 1 70 54 67 94 0 75 29 40 31 21 91 5 86 89 10 14 28 83 74 30 49 11 45 85 0 5 55 43 34 99 96 57 5 63 51 5 38 33 97 21 54 88 26 92 29 36 58 9 71 33 91 20 96 37 6 97 94 13 92 29 64 89 38 69 52 41 27 43 74 76 64 80 65 91 72 46 79 83 8 51 16 99 23 64 36 81 13 31 95 6 12 
11 95 2 33 99 43 60 42 18 36 59 50 53 50 75 52 81 58 60 84 74 59 8 90 48 89 4 31 36 10 95 0 57 97 33 56 92 45 51 62 33 10 13 87 12 88 91 93 46 51 78 72 62 38 62 62 79 66 93 16 28 40 68 85 37 1 94 82 46 45 44 79 7 57 18 19 97 9 64 95 12 42 19 75 32 34 37 12 0 83 80 81 23 48 66 13 49 60 47 47 57 91 78 64 1 49 35 98 58 0 94 23 94 13 98 27 47 87 39 0 22 19 33 98 19 51 63 20 12 10 67 21 1 97 38 2 46 73 1 57 73 47 80 20 12 30 47 12 69 38 64 92 57 97 90 28 48 53 48 12 63 67 86 16 64 24 19 11 97 72 68 23 71 0 43 83 30 42 47 99 80 11 91 89 60 33 17 61 38 65 25 53 32 11 70 96 35 41 59 85 
13 79 60 84 79 3 19 9 45 67 61 77 30 52 66 43 38 83 4 76 48 29 30 32 93 52 80 80 93 92 65 6 71 77 42 51 32 61 12 77 80 73 6 63 78 72 6 68 55 10 44 55 91 26 39 36 78 20 17 71 12 34 29 35 12 71 38 44 85 51 74 17 76 80 80 6 53 86 74 60 48 71 68 92 49 7 28 28 27 45 51 91 80 81 27 44 4 65 88 41 68 14 59 97 95 39 3 0 78 30 12 26 1 80 18 50 88 47 30 67 44 82 59 76 15 86 20 71 3 61 65 72 75 24 69 22 15 24 74 93 54 87 72 7 67 42 58 55 41 40 23 86 74 34 62 89 72 35 13 75 96 78 99 23 54 68 98 69 45 72 15 99 59 39 7 27 81 17 34 75 57 9 61 32 43 75 73 15 62 38 91 10 68 90 34 22 11 32 44 8 
4 59 7 64 50 66 43 31 35 77 6 93 87 19 77 82 47 2 98 9 41 89 20 61 31 6 84 94 38 28 2 94 39 62 10 89 28 5 72 64 83 31 9 22 50 38 4 97 40 54 59 33 43 79 95 27 37 79 21 75 59 76 21 98 38 84 87 18 89 11 82 24 42 43 98 45 81 3 94 22 9 53 7 53 84 2 32 21 33 5 48 92 81 22 42 71 6 81 90 95 93 24 72 87 68 70 32 49 25 27 23 35 32 31 40 17 85 72 90 19 29 39 63 11 13 58 34 19 39 24 66 84 49 38 72 17 61 56 18 86 83 42 73 68 25 13 85 10 37 27 81 67 18 97 30 31 55 16 50 46 41 69 83 42 59 7 11 20 63 29 59 99 23 32 67 48 98 4 59 87 31 40 6 50 89 36 81 44 53 84 43 46 53 26 88 12 85 99 85 48 
80 44 99 4 28 18 52 26 22 11 66 6 4 72 8 93 9 89 90 14 25 85 12 78 63 0 43 48 51 28 48 31 24 48 87 52 66 40 31 41 3 97 47 59 69 55 53 30 96 95 44 22 80 8 52 43 60 47 43 11 75 91 95 99 91 82 4 10 22 35 3 78 32 50 37 1 57 42 84 5 37 28 79 69 89 32 64 49 31 59 61 7 51 8 58 94 90 62 4 65 49 7 43 81 9 32 35 18 75 19 76 64 99 55 86 88 39 50 38 71 10 51 30 13 59 88 59 1 3 16 66 52 75 61 34 37 94 21 55 69 40 31 33 91 39 71 32 78 74 70 1 36 73 31 49 32 72 60 85 75 76 52 27 52 13 13 89 7 34 96 28 26 28 14 70 19 85 2 97 59 24 51 95 97 82 96 81 54 57 66 29 33 70 9 37 84 74 26 43 61 
23 72 87 3 38 9 22 23 11 71 83 35 22 30 32 57 27 65 11 84 32 93 69 54 54 7 38 28 33 34 89 8 58 29 11 96 38 85 19 50 9 54 37 83 85 70 40 12 87 4 48 71 97 17 26 51 24 16 31 10 50 21 18 8 50 82 56 88 19 76 38 28 30 76 12 67 98 4 79 37 8 79 9 57 97 87 60 21 3 92 83 6 13 54 14 63 36 71 51 55 99 42 36 81 70 48 49 20 4 80 57 13 60 18 70 9 5 83 82 9 75 66 15 88 20 81 3 56 4 6 63 55 0 51 37 22 51 38 42 56 70 52 69 82 70 91 91 28 74 74 37 1 40 4 41 12 37 44 20 94 3 35 49 3 87 38 26 38 28 20 94 99 72 15 33 95 59 25 23 85 99 12 87 91 68 28 55 5 25 75 99 28 10 1 83 97 39 61 36 68 
82 82 19 54 98 52 1 57 77 24 42 28 88 81 71 56 10 26 14 87 53 13 67 16 66 50 13 6 12 1 74 46 36 45 0 34 97 54 43 27 30 85 55 19 67 79 27 29 57 41 16 11 7 35 27 73 85 92 79 49 46 5 95 82 50 48 68 0 2 63 27 32 0 34 3 19 13 31 48 71 24 16 34 31 51 61 57 89 5 36 90 3 94 86 37 96 34 57 96 88 20 23 72 21 58 28 40 23 11 41 94 35 57 28 67 61 41 24 2 47 12 92 2 58 78 40 55 64 97 3 4 18 27 29 39 37 57 31 60 68 72 7 3 82 87 22 95 29 98 97 28 63 41 30 21 72 70 28 88 20 32 93 38 11 74 29 48 31 60 60 51 85 19 6 67 7 81 14 36 79 11 16 94 4 46 16 76 69 96 65 89 28 58 79 39 32 60 39 15 20 
52 18 57 71 24 76 78 5 90 66 37 53 82 31 58 81 99 34 2 96 99 43 24 9 22 16 93 82 7 60 54 59 78 64 83 3 40 61 60 31 80 97 36 14 81 94 95 80 81 49 76 80 92 53 42 14 21 87 48 28 48 55 40 26 19 23 81 11 36 42 42 16 91 31 31 72 25 78 53 6 28 81 39 72 86 81 39 59 68 87 88 68 94 80 47 13 3 28 77 91 22 19 60 66 2 43 38 28 21 43 86 1 77 25 74 15 58 13 75 79 52 15 47 47 95 94 12 50 75 89 93 97 61 53 15 63 96 6 43 70 49 30 71 78 7 97 94 18 62 69 97 15 36 96 14 31 43 78 33 18 68 26 67 81 80 83 96 28 89 40 98 90 22 22 69 81 19 15 99 82 36 48 49 72 45 63 55 88 41 88 58 61 66 25 94 98 60 91 27 1 
83 25 92 5 47 13 38 19 80 38 53 16 86 2 40 83 17 95 23 10 35 81 24 53 59 18 52 71 9 79 73 44 56 17 49 56 30 40 27 62 78 80 30 16 34 70 52 3 17 75 13 52 9 89 5 68 8 9 39 69 88 64 14 97 81 15 53 63 55 80 25 85 12 55 2 46 25 6 1 42 81 66 46 90 56 4 10 64 13 2 85 2 66 51 51 48 67 56 11 74 36 37 60 0 92 14 98 70 20 99 64 53 65 11 96 21 15 6 37 28 8 75 82 75 26 33 23 93 89 86 20 77 23 32 29 68 98 27 90 70 78 54 23 44 17 19 17 32 78 7 13 86 82 47 13 8 33 88 54 74 75 74 52 50 58 33 70 56 61 12 78 91 67 1 87 36 73 5 21 51 64 34 89 46 33 3 6 66 43 12 41 18 38 45 21 96 78 43 4 91 
56 82 83 23 84 70 59 9 27 32 60 91 66 1 89 0 4 96 18 48 8 59 18 47 4 91 95 35 35 0 26 91 82 9 66 18 80 77 27 7 10 39 99 28 41 40 80 97 36 99 97 97 10 16 96 67 7 91 2 94 43 28 37 78 38 3 96 70 33 76 29 43 15 80 71 8 21 4 6 9 3 3 6 65 71 54 32 31 98 34 25 41 15 63 19 5 18 68 75 51 44 4 94 11 85 18 20 6 74 78 67 77 81 74 94 5 80 27 36 78 13 13 72 28 76 43 33 47 63 60 98 7 65 45 71 2 15 43 60 89 21 27 18 54 53 12 59 86 39 95 16 53 9 88 33 37 84 67 84 47 79 35 7 44 80 78 98 95 21 10 84 94 38 54 48 43 66 60 29 58 7 46 63 68 86 96 6 70 15 42 70 95 77 77 91 57 7 42 4 80 
52 40 74 42 94 74 86 61 86 15 71 94 13 34 62 0 30 20 22 98 63 92 45 92 21 36 2 28 78 6 60 83 47 86 25 93 61 11 54 47 79 77 93 92 11 56 92 94 76 15 92 91 59 89 36 81 25 38 61 56 96 22 39 95 8 16 89 21 28 95 21 7 73 14 51 84 22 44 30 99 11 74 42 70 63 78 3 41 68 65 97 65 87 88 60 47 56 1 69 84 97 90 43 22 56 47 58 79 43 89 30 54 63 72 76 27 3 80 20 71 97 17 88 36 57 49 83 13 50 4 50 99 46 45 21 3 92 80 34 35 21 64 41 36 88 18 15 43 50 35 15 47 4 3 83 61 4 18 27 7 23 29 58 69 74 32 24 19 64 58 6 85 22 48 21 63 18 37 6 68 72 73 67 77 29 2 90 33 72 69 92 95 98 3 17 25 35 93 96 99 
52 2 84 26 2 57 89 20 46 96 40 19 69 7 48 50 61 90 84 34 12 28 81 62 31 50 87 66 44 35 17 96 38 1 74 92 11 64 13 57 12 53 28 33 13 28 84 26 19 20 60 31 0 94 93 32 44 33 50 40 20 68 88 10 21 63 3 32 27 16 42 91 69 70 76 34 99 60 61 70 32 73 53 33 19 98 65 64 31 15 56 52 35 45 62 57 8 65 41 87 33 83 78 55 6 54 89 57 67 2 27 99 76 80 32 95 30 49 11 62 17 68 66 52 13 80 61 73 98 55 60 31 90 38 38 96 44 28 53 11 30 32 63 58 64 95 54 95 45 17 9 62 37 27 66 50 7 28 23 57 83 35 41 73 25 79 22 70 7 27 33 90 60 48 0 76 44 6 23 41 24 32 55 61 11 21 64 19 1 39 28 84 75 69 10 0 49 84 22 8 
11 8 50 23 56 51 0 52 9 23 93 33 8 48 47 19 22 11 90 23 2 19 60 29 40 70 30 41 54 4 2 17 12 52 41 69 55 41 21 65 16 67 50 76 67 97 96 89 60 38 13 15 9 73 44 2 95 26 43 1 31 45 18 95 50 11 64 5 4 38 22 21 57 73 49 24 22 97 14 35 36 79 50 97 52 94 99 99 21 43 0 52 40 70 47 90 82 64 48 86 54 70 59 63 95 9 87 70 6 1 5 94 80 55 92 84 49 91 35 22 34 87 26 27 58 26 17 92 42 17 30 96 40 90 11 35 51 98 5 9 52 62 4 84 17 96 21 19 39 56 41 26 44 20 53 2 46 70 46 88 40 76 36 80 18 47 67 69 97 73 31 49 87 35 86 5 83 7 76 22 63 69 48 59 89 1 13 87 24 59 75 64 88 63 44 6 62 11 28 60 
36 59 61 24 46 47 81 29 6 57 51 70 78 52 29 68 53 43 55 29 54 83 93 42 98 89 1 61 53 29 21 41 40 34 17 86 82 98 67 88 7 18 10 38 22 92 6 76 87 13 57 41 48 3 36 47 92 37 8 97 18 81 39 58 15 56 96 49 7 63 38 66 33 0 4 56 92 62 84 79 28 41 21 76 44 57 75 89 46 83 38 64 16 77 22 32 86 70 81 93 33 71 11 18 72 16 74 64 30 10 44 58 4 17 35 0 26 10 41 24 46 80 88 62 57 62 46 95 32 80 40 17 51 52 35 23 68 62 40 98 72 36 9 76 53 44 29 31 6 70 55 4 50 95 19 60 57 65 55 89 45 96 6 49 48 41 24 68 55 64 18 28 0 27 56 5 23 85 88 82 8 43 38 58 38 57 70 95 75 78 36 72 74 94 21 74 36 46 94 91 
62 12 71 63 92 80 20 67 17 9 1 25 52 40 36 43 49 6 90 24 84 27 49 10 21 22 84 9 68 30 53 83 95 76 98 39 56 18 6 74 27 60 99 80 0 87 75 49 94 65 26 30 44 75 93 18 97 29 79 18 60 84 53 55 61 51 94 17 69 52 43 97 12 43 29 64 30 4 66 76 21 92 59 18 19 52 88 68 81 67 86 93 52 91 48 65 42 94 82 12 47 26 9 11 21 38 76 3 94 42 32 67 34 43 85 5 95 25 73 28 45 12 22 49 3 22 14 46 17 48 58 64 26 19 27 47 57 3 3 3 45 87 70 31 30 8 36 77 33 62 5 78 26 27 27 81 2 93 27 19 42 37 35 68 56 62 68 65 66 23 20 63 10 91 95 40 51 83 17 84 97 74 15 23 54 94 5 56 88 84 75 82 22 10 2 30 24 70 48 90 
93 20 54 55 11 1 47 14 84 64 51 82 91 66 57 45 12 62 1 52 47 76 34 21 38 37 3 14 59 3 5 53 24 11 60 35 64 8 2 0 24 53 34 15 19 92 60 83 54 61 36 53 89 70 74 79 7 30 94 67 33 51 72 57 62 84 45 78 92 47 78 17 0 13 32 71 5 93 54 11 6 90 65 96 61 91 27 20 73 21 39 7 72 63 64 86 48 9 64 40 56 95 9 8 8 94 79 65 39 34 28 45 24 45 93 37 37 21 10 10 42 1 69 67 65 34 53 65 95 18 57 4 13 67 12 73 13 92 90 52 78 18 97 54 64 43 92 53 16 54 63 58 55 85 77 72 19 31 89 66 1 47 70 66 66 83 91 79 27 81 31 57 99 80 11 63 23 55 16 39 9 32 50 17 17 79 41 88 10 31 54 11 78 25 29 96 60 20 75 39 
1 58 96 1 38 59 16 14 15 33 5 76 17 7 93 34 87 87 74 97 18 28 61 48 5 90 44 17 11 19 56 64 77 4 65 67 64 82 81 31 67 87 7 36 94 53 22 81 40 96 31 10 24 92 58 82 34 2 99 97 73 8 62 2 64 27 69 80 61 3 11 80 90 71 16 36 24 38 18 16 34 1 26 11 45 36 45 79 90 96 77 63 56 39 17 73 18 86 53 80 89 17 12 31 88 81 68 64 19 38 32 6 39 58 69 84 46 66 15 36 62 92 51 71 31 68 44 2 54 49 34 96 66 46 27 54 27 47 70 99 85 2 57 76 12 78 12 58 44 28 46 58 72 97 81 4 65 25 6 72 75 40 20 93 38 47 0 18 47 70 69 84 25 26 61 37 56 25 96 0 5 94 10 78 92 44 82 57 69 40 81 96 32 1 42 22 1 42 40 48 
64 9 32 89 87 45 27 43 23 75 95 28 69 58 6 61 2 40 71 23 32 52 72 64 54 14 39 7 56 31 55 72 41 39 62 80 37 41 24 60 16 19 40 37 77 47 51 79 87 74 55 72 26 27 36 32 41 27 39 49 59 46 21 52 38 35 32 75 76 56 87 44 28 27 82 57 26 85 89 66 59 44 38 37 71 26 22 64 54 13 13 65 60 86 17 50 22 49 77 98 58 64 43 38 43 77 95 22 14 36 88 73 80 78 10 3 4 32 67 10 46 32 75 58 19 92 8 41 94 85 91 52 1 86 90 96 63 37 18 29 74 58 2 6 36 65 62 93 49 81 3 47 14 79 5 33 23 65 26 17 2 17 21 3 4 63 0 19 1 70 49 27 29 3 85 17 68 47 10 70 81 66 17 95 97 23 80 20 40 6 90 43 75 63 46 31 27 98 3 80 
21 4 59 2 7 44 19 28 44 82 98 25 48 67 72 45 90 52 17 31 10 59 74 85 23 72 69 2 23 72 82 44 76 41 98 35 37 17 15 81 51 65 58 99 33 30 96 75 34 14 6 44 25 32 82 48 57 51 50 32 75 84 28 51 25 26 38 63 95 6 96 47 71 55 46 4 37 43 32 72 9 38 16 34 23 98 35 32 1 37 16 76 22 44 79 47 70 18 62 65 24 11 12 47 66 11 4 55 6 36 27 67 26 96 53 1 46 88 33 48 78 1 76 0 45 56 99 67 26 14 85 2 25 49 49 43 60 53 98 18 41 26 85 68 22 91 69 68 79 55 16 9 56 45 9 2 1 9 21 27 75 6 81 0 56 30 43 68 36 41 87 77 19 24 45 41 15 67 62 47 22 30 56 78 75 66 32 76 27 54 55 2 12 36 54 68 67 97 37 55 
90 76 32 10 0 30 3 16 97 65 63 71 96 71 49 71 89 34 48 16 40 55 70 52 92 76 21 11 73 10 66 16 86 50 26 86 32 29 54 81 47 69 52 43 41 54 14 30 88 14 99 28 70 21 32 62 98 5 25 23 15 91 39 1 93 17 40 26 99 94 7 46 64 12 89 57 66 55 87 54 70 38 34 92 60 18 54 58 24 31 33 39 74 25 93 67 42 33 45 93 79 5 91 43 17 80 0 83 88 40 89 58 78 75 2 38 93 8 48 17 39 34 57 13 59 2 32 53 35 78 47 14 35 38 10 4 71 62 39 59 2 28 69 33 3 71 23 96 79 72 66 70 58 75 83 17 77 15 70 12 45 69 78 80 60 88 36 83 3 75 94 5 3 15 38 58 86 14 7 17 86 73 87 96 48 22 13 77 37 35 41 35 57 19 15 17 60 52 52 63 
79 46 20 83 61 11 41 99 25 0 16 63 73 55 59 73 77 24 2 66 59 43 1 16 15 69 85 27 73 37 42 52 35 62 87 96 25 81 95 2 81 63 17 7 70 76 32 99 52 35 66 64 78 19 32 45 40 18 72 13 7 14 18 43 29 5 39 54 86 87 9 68 2 26 27 73 55 59 72 7 94 90 71 25 62 4 70 2 74 95 16 81 9 86 76 38 91 68 93 30 55 2 98 9 80 77 82 35 36 7 43 83 49 66 8 11 70 30 14 96 25 82 30 35 68 6 25 59 74 70 89 81 24 39 91 5 16 25 40 5 84 35 88 34 2 48 45 24 30 59 21 56 41 51 43 61 9 68 21 36 91 62 17 15 54 60 20 22 38 13 27 22 48 67 56 2 15 2 79 46 13 52 54 7 55 97 68 64 17 41 0 8 4 70 24 10 82 96 32 20 
9 60 43 10 79 99 64 95 53 43 93 19 95 47 26 50 96 94 67 13 36 67 74 92 89 50 2 72 46 34 92 8 46 87 18 26 39 82 73 92 26 66 63 73 13 89 76 9 36 43 74 72 62 48 16 52 98 18 76 97 4 68 5 51 56 23 29 47 57 2 91 35 68 55 9 81 44 85 42 32 80 16 4 42 17 20 46 15 90 22 12 95 91 17 98 99 92 27 98 2 29 89 37 97 44 98 30 41 35 72 73 15 40 30 58 57 2 4 25 93 79 89 40 22 59 38 73 51 65 71 53 94 60 43 43 57 41 73 50 77 97 23 92 89 5 2 47 8 59 24 53 38 13 93 60 72 31 85 76 48 56 81 94 68 24 37 25 66 62 75 95 11 51 39 0 56 42 99 16 53 23 21 43 89 14 55 61 97 40 89 97 96 71 91 64 95 28 42 13 42 
69 60 53 20 0 54 29 94 5 97 47 29 19 90 70 85 45 83 35 85 73 32 33 44 24 97 91 4 91 5 47 61 17 0 33 17 6 62 11 12 12 58 93 31 0 15 16 45 98 3 82 71 36 15 67 12 65 59 16 8 16 15 69 33 68 3 51 74 17 14 38 29 73 83 12 25 98 81 23 97 84 5 68 20 73 88 84 90 47 1 98 63 68 20 48 36 23 99 63 92 14 1 22 39 85 86 64 35 67 39 32 4 45 53 76 70 41 61 60 88 14 10 3 82 30 51 19 5 3 82 98 69 35 72 60 72 10 76 8 78 16 92 82 13 45 58 83 38 19 95 78 33 57 81 68 88 85 39 45 40 21 95 61 8 67 21 81 78 97 41 8 65 33 42 78 31 0 13 69 72 60 48 57 18 81 25 58 66 64 55 58 37 51 19 98 70 40 31 0 90 
72 8 7 57 50 38 88 3 51 58 75 64 58 84 34 39 62 92 6 26 99 64 16 50 84 14 21 76 45 73 18 69 34 26 26 36 64 67 39 67 25 66 31 83 51 17 74 13 61 80 91 61 97 59 11 33 73 84 61 70 10 80 39 44 6 18 80 22 85 20 89 62 38 73 97 41 90 71 6 52 4 50 13 1 9 76 86 83 13 47 5 23 27 45 19 85 15 99 59 0 71 1 62 10 74 59 3 16 82 10 20 86 60 85 87 69 62 25 4 27 73 10 2 52 7 21 90 22 20 49 22 44 50 36 6 76 47 9 93 29 71 13 68 31 99 7 53 13 33 9 92 6 19 94 10 78 15 0 0 87 50 74 31 52 10 37 29 9 99 22 91 70 87 59 54 38 66 7 3 99 16 95 57 88 41 68 66 8 68 19 96 70 93 79 23 56 69 4 65 20 
78 56 90 65 15 44 56 34 3 59 33 72 7 91 12 48 11 78 57 31 97 5 54 91 84 77 99 5 33 64 25 11 73 16 28 40 12 84 74 16 96 60 40 3 3 52 51 14 30 60 45 80 65 99 23 2 28 22 7 61 38 33 24 11 1 53 52 65 89 26 33 85 38 73 40 41 25 44 55 8 4 53 40 70 52 15 72 33 37 31 46 27 16 71 39 69 24 43 35 65 21 68 51 60 94 91 1 71 35 57 31 40 10 71 62 14 38 86 99 27 17 46 55 34 69 46 3 45 89 90 10 10 11 13 70 5 5 72 28 92 81 60 84 43 83 46 9 22 84 9 49 2 7 56 88 28 2 91 73 91 34 35 2 45 49 24 50 6 48 30 98 29 90 83 24 74 81 34 48 66 95 49 20 2 6 8 30 8 51 55 0 85 90 54 30 91 78 32 97 79 
63 96 8 5 31 33 31 64 19 79 82 14 29 2 16 35 10 98 95 62 5 95 47 95 1 30 87 32 14 84 11 77 32 71 83 15 56 14 80 75 46 62 89 75 65 57 62 27 7 57 41 12 5 41 8 6 71 47 38 85 83 1 15 68 73 50 83 29 16 63 5 62 78 46 89 95 4 3 22 11 13 16 24 18 57 84 76 28 83 67 65 66 68 80 34 41 82 70 71 99 85 28 61 63 74 3 10 30 6 85 42 19 1 18 89 58 54 66 38 37 33 3 55 1 36 42 95 18 12 18 17 97 46 31 13 72 86 23 3 44 8 97 64 61 15 5 19 21 71 57 58 56 13 13 10 49 55 5 67 19 75 37 17 21 20 82 45 58 5 48 2 66 45 66 27 12 72 47 33 95 56 43 4 69 57 14 18 64 71 38 84 46 27 53 19 99 35 64 57 92 
13 59 58 10 78 86 75 2 85 8 49 41 52 53 63 61 67 81 77 90 71 13 36 98 18 7 49 53 72 6 98 37 66 56 99 96 94 74 98 31 83 47 25 87 1 88 0 20 69 77 11 93 43 99 43 61 7 93 15 79 99 13 68 17 21 67 65 68 42 63 99 77 63 24 64 16 12 16 88 34 93 99 27 36 51 70 50 58 15 65 89 15 30 57 84 3 76 50 71 18 65 71 95 80 47 11 96 12 27 85 46 73 36 25 61 87 47 11 97 63 28 86 30 10 95 14 14 72 16 37 42 34 60 38 14 8 1 63 20 29 0 18 54 36 43 15 76 90 27 25 53 7 64 83 18 59 50 32 83 18 21 26 52 82 16 67 90 17 30 62 98 30 80 52 18 75 20 46 65 99 24 71 6 88 6 24 99 56 8 35 75 30 61 27 12 29 46 54 46 76 
16 97 58 48 1 29 23 21 27 40 20 51 11 27 39 18 3 91 26 12 26 1 42 87 81 6 16 27 60 14 56 28 63 66 76 65 47 51 86 75 91 59 26 55 38 18 73 41 9 51 53 35 53 47 74 86 53 42 65 65 56 21 93 72 40 21 37 87 72 75 62 16 34 89 71 72 59 96 14 68 47 19 3 52 19 77 38 72 19 4 38 27 77 31 99 17 5 36 57 77 12 19 93 98 60 16 71 19 12 37 87 12 8 42 64 27 19 55 0 90 11 90 18 88 73 69 58 78 58 15 8 22 86 1 20 47 70 43 18 34 80 58 46 41 0 63 68 72 18 20 62 81 10 32 69 36 2 79 66 12 94 74 34 81 28 54 80 98 50 50 32 82 8 31 23 9 94 92 33 64 12 95 45 75 80 66 63 82 46 29 46 92 4 80 25 84 86 5 34 36 
56 66 19 16 49 42 77 43 34 10 59 99 6 56 26 86 23 89 20 21 70 66 13 74 98 39 10 84 96 44 21 4 63 92 21 12 34 98 8 21 9 67 72 67 24 98 5 99 39 77 20 9 95 33 36 93 24 46 29 21 43 50 25 6 94 98 18 81 49 78 2 10 46 26 77 22 76 34 73 15 11 93 76 6 78 12 51 55 11 80 76 54 83 53 60 77 4 30 58 53 9 12 63 7 38 92 81 14 26 54 81 89 99 58 95 29 70 46 84 81 78 12 87 61 66 99 39 22 82 49 75 91 62 90 50 52 82 83 67 60 37 48 49 88 6 96 69 29 94 54 62 72 66 2 34 84 1 25 6 83 74 33 26 88 23 76 41 57 11 60 17 0 60 66 88 19 62 58 48 56 64 62 81 82 64 15 19 66 92 77 1 66 11 28 55 86 56 48 44 68 
8 61 68 68 80 9 87 94 19 87 3 35 50 84 69 66 51 88 32 43 66 86 9 29 66 16 15 74 16 11 42 24 25 63 45 57 24 84 51 43 72 6 30 74 90 99 40 41 88 25 84 6 11 46 87 29 14 54 3 31 66 98 7 91 61 52 0 37 89 51 32 61 58 62 87 0 61 27 42 1 4 78 59 15 24 46 96 91 1 0 22 19 98 81 62 11 34 62 48 75 65 32 36 23 94 75 24 7 2 18 61 59 48 20 26 73 19 23 16 72 23 90 91 21 71 5 84 57 67 84 32 32 16 20 8 10 95 84 69 50 2 30 9 2 3 35 75 74 58 43 46 33 33 89 54 5 46 90 62 13 74 95 97 90 15 57 52 63 41 22 13 95 4 22 98 7 9 25 33 68 21 31 1 54 20 8 59 18 50 74 83 25 21 81 67 88 90 20 51 84 
42 64 31 98 38 29 58 0 7 91 20 28 23 73 34 95 81 94 14 84 20 97 9 41 30 76 29 73 48 81 57 42 97 88 41 88 70 99 88 77 90 60 57 13 33 91 61 67 37 75 51 57 24 12 50 7 40 80 80 89 13 37 31 62 25 72 50 95 71 90 24 14 50 33 79 36 77 40 3 14 67 54 24 92 66 74 99 6 6 31 47 71 68 79 34 45 51 36 93 75 27 17 89 29 3 68 65 80 61 68 46 28 74 70 72 92 97 71 51 55 2 98 27 22 77 61 68 81 97 61 8 76 30 49 58 33 17 75 65 78 96 12 59 70 82 31 63 31 55 14 87 9 64 66 32 42 27 52 75 76 65 83 5 95 32 63 81 1 38 46 32 86 58 91 57 93 74 72 24 29 38 63 39 2 29 23 96 8 27 71 85 92 6 90 87 90 5 20 92 43 
67 76 30 77 19 39 70 93 63 47 23 1 10 14 55 92 89 52 0 16 75 85 8 82 27 47 24 32 68 16 28 87 44 10 64 63 49 87 57 64 34 32 17 44 98 72 36 39 76 37 7 52 74 15 86 2 14 10 86 34 79 14 73 23 76 90 39 25 77 48 41 11 80 58 55 30 31 44 69 7 33 76 11 59 43 97 13 9 60 0 96 91 66 69 66 43 59 5 20 36 53 62 47 85 20 55 15 3 51 36 63 36 64 74 95 7 24 9 69 84 61 65 75 27 86 41 22 46 47 43 34 52 57 34 38 29 41 5 33 92 42 96 80 6 70 75 66 94 36 87 30 49 52 5 29 90 99 51 88 98 46 23 50 3 9 40 33 50 46 18 94 88 14 74 46 84 1 64 31 90 51 61 39 55 19 20 46 18 72 34 68 70 9 18 74 70 11 59 20 57 
77 66 97 91 92 43 27 94 60 10 36 11 24 75 19 43 48 17 13 20 51 81 42 13 51 16 83 62 27 56 71 56 74 68 99 67 64 79 13 24 89 49 87 13 76 6 8 24 23 73 96 27 6 39 92 10 7 27 72 35 35 96 43 10 64 43 77 28 22 90 4 11 91 92 77 19 50 37 44 26 11 92 5 17 31 97 27 39 24 52 26 60 48 69 22 12 12 99 93 86 41 97 98 84 41 27 3 44 64 47 70 75 40 75 45 23 72 72 14 48 76 40 60 24 62 82 89 26 33 34 13 74 83 63 58 25 90 14 69 54 61 91 82 53 66 27 77 90 51 91 90 28 84 3 4 98 85 93 76 71 79 41 97 63 4 8 40 46 22 61 53 83 52 35 89 70 14 66 60 65 9 2 45 45 5 50 43 43 95 72 14 75 13 11 38 18 19 30 16 41 
91 69 77 43 56 66 65 70 84 77 88 93 79 85 91 85 35 86 80 83 58 94 58 72 57 48 42 77 30 58 70 21 28 47 16 36 65 81 59 49 58 99 95 89 84 86 26 20 72 6 55 83 0 65 55 58 65 97 87 95 7 57 16 87 57 32 24 22 65 83 24 75 82 71 64 66 9 91 38 33 49 45 16 50 10 71 60 75 20 99 70 28 56 86 15 65 70 39 40 87 74 16 62 56 87 27 75 96 70 65 81 19 11 98 21 73 69 33 49 42 32 19 70 41 58 85 6 80 77 98 68 51 14 30 60 53 9 87 1 31 52 83 51 15 81 24 89 2 58 90 44 90 61 14 31 71 52 38 52 29 88 20 80 3 2 40 56 12 27 58 95 32 93 46 99 74 71 40 28 29 30 73 71 44 39 3 15 91 93 67 72 81 39 53 84 42 45 93 6 25 
3 1 9 96 0 8 70 23 49 50 4 31 23 75 27 15 78 43 58 71 10 31 53 50 36 89 44 81 34 2 6 37 3 67 33 55 76 55 78 77 6 82 60 29 58 88 96 36 31 55 60 93 38 65 95 74 54 39 7 41 93 14 78 97 33 12 52 9 67 83 38 73 65 99 55 23 39 51 12 70 58 72 15 96 89 11 22 95 2 30 36 96 96 15 45 29 27 49 91 46 32 29 20 98 28 75 73 19 78 85 89 89 9 57 37 98 68 60 94 22 42 82 18 38 97 63 19 76 13 10 23 97 40 43 95 20 70 69 40 0 6 81 89 16 38 27 66 58 39 12 81 81 95 51 71 44 67 90 21 32 1 44 29 41 39 25 13 61 46 53 61 52 87 3 68 25 82 87 84 21 99 65 54 46 16 25 91 35 15 12 67 16 8 97 9 99 22 23 60 68 
28 73 20 15 28 41 41 10 28 77 83 79 94 37 26 62 62 17 98 30 81 65 46 41 62 8 40 36 31 52 4 59 25 77 27 6 70 68 16 98 97 0 29 91 89 55 53 4 24 3 34 5 69 32 98 83 40 38 20 71 90 24 83 68 53 10 74 23 30 42 73 79 94 3 70 84 10 75 88 35 79 74 92 0 6 91 83 47 29 3 70 72 80 53 92 33 15 66 9 97 60 34 76 55 37 98 39 48 74 79 35 5 53 27 5 59 18 88 6 0 92 77 24 24 82 16 9 50 34 18 47 94 53 76 1 42 74 40 42 0 71 77 5 24 5 62 36 75 51 94 27 95 23 3 71 58 19 80 8 5 51 7 52 56 35 53 98 62 46 41 62 17 70 20 94 75 34 82 3 85 76 82 32 52 86 55 10 57 36 70 15 87 29 67 43 65 20 93 27 66 
34 41 36 5 13 30 32 48 64 87 85 40 70 70 44 8 25 54 17 61 76 32 0 6 99 43 71 72 89 50 90 23 43 26 80 57 8 65 57 72 52 42 65 74 12 9 34 90 16 52 51 92 84 4 50 36 99 73 8 88 23 98 12 19 77 44 28 85 9 85 10 14 79 27 88 92 88 23 34 4 27 85 49 11 41 99 47 41 73 7 29 48 58 93 19 35 38 47 72 99 32 34 13 64 61 54 56 50 77 42 54 56 79 55 67 21 7 67 62 80 26 91 80 84 37 0 71 75 99 44 74 84 78 40 48 92 94 56 42 23 98 48 79 77 56 98 98 63 65 12 43 44 4 75 28 93 27 0 68 27 96 94 11 26 86 11 18 80 67 12 3 65 61 34 94 17 33 93 80 50 5 75 94 61 2 23 54 30 75 74 9 71 21 20 49 7 31 68 88 50 
80 43 15 93 30 9 62 63 54 42 13 12 69 60 25 72 83 32 54 10 6 63 33 79 35 82 87 18 50 27 68 83 22 35 76 52 44 39 67 51 33 33 63 55 93 40 79 76 72 33 38 31 96 71 10 31 53 49 49 56 28 17 39 51 52 67 55 48 58 23 51 44 8 66 99 1 7 78 29 79 63 67 10 59 38 73 42 91 22 43 99 51 60 38 54 64 58 61 64 16 36 68 12 44 34 11 45 93 41 74 25 4 41 87 15 31 60 57 75 35 0 74 86 12 65 92 28 23 53 45 91 90 13 4 86 99 67 32 93 61 58 18 65 52 5 33 83 18 42 58 53 95 85 91 59 50 83 88 25 88 85 16 30 50 72 17 1 40 1 94 1 59 64 18 11 22 3 47 92 46 57 45 41 42 88 0 44 71 40 69 11 25 38 94 27 10 11 29 2 64 
75 55 23 92 26 87 14 29 34 58 27 91 3 68 86 91 21 30 14 13 0 77 91 90 71 18 52 34 47 7 98 75 62 74 67 88 13 33 70 47 91 97 90 46 18 76 89 39 7 55 4 59 32 95 1 56 14 53 42 13 60 93 88 75 67 7 63 80 40 85 79 83 83 69 29 53 98 18 92 5 25 48 16 10 44 17 66 10 22 60 23 83 53 64 58 20 23 73 52 64 11 83 99 94 53 29 47 51 99 91 8 25 39 76 35 35 93 53 45 67 13 21 50 67 85 60 39 60 86 44 24 97 27 24 43 32 5 42 35 56 85 95 81 76 71 68 12 16 73 57 84 39 30 86 58 67 99 97 28 85 93 4 34 73 80 77 5 85 71 93 42 56 88 75 84 60 96 96 76 21 6 12 60 88 99 18 56 98 68 84 35 61 88 69 34 69 98 92 6 69 
85 0 77 25 28 61 37 24 10 14 97 68 78 58 56 77 28 12 27 96 48 62 10 37 83 96 58 81 88 16 2 25 17 31 51 45 93 40 21 55 6 18 75 85 28 83 14 57 48 42 5 96 56 15 85 92 12 95 73 52 12 28 78 81 59 81 26 4 21 99 59 28 69 86 65 50 70 79 59 70 73 64 66 82 80 4 74 44 99 47 96 63 75 26 44 35 59 22 91 81 73 51 61 43 89 78 45 11 57 4 81 83 68 0 65 0 4 39 44 55 38 41 19 66 67 63 1 27 38 92 60 11 95 73 6 37 51 51 48 60 7 82 43 76 82 8 28 38 47 73 93 38 66 64 4 33 80 57 12 18 1 24 81 49 97 88 86 0 91 86 61 99 68 56 27 50 65 55 40 64 28 34 2 94 50 58 80 30 15 44 48 17 69 30 66 18 70 52 19 61 
38 32 60 59 88 39 61 5 95 2 22 23 88 76 70 38 35 2 69 50 46 69 67 15 51 85 34 21 89 5 35 80 89 47 39 29 87 0 35 82 54 9 57 42 85 79 81 72 81 2 23 28 23 42 43 75 80 29 48 69 86 35 49 75 83 88 5 70 41 92 4 95 1 61 90 38 93 23 11 74 25 86 2 48 80 98 75 60 27 76 30 66 11 31 41 94 20 46 16 13 90 20 60 43 34 50 82 27 73 45 53 98 83 56 99 63 54 26 76 33 2 58 99 14 89 93 60 61 91 29 74 82 1 35 25 35 37 59 14 11 4 68 61 87 76 12 3 82 39 31 67 93 89 19 7 78 12 20 92 3 49 66 85 50 53 63 38 91 22 4 54 79 24 15 18 0 28 21 34 67 4 2 60 93 21 20 24 33 92 16 88 41 82 74 43 88 89 81 31 11 
38 85 90 62 0 61 15 28 34 49 47 39 51 60 32 24 80 56 9 72 72 98 65 7 24 8 47 13 42 78 24 32 63 67 94 15 80 9 96 14 11 43 53 14 55 38 39 87 94 48 11 19 46 76 26 70 37 73 83 31 3 60 63 18 79 9 33 59 71 29 73 82 25 79 96 80 17 87 20 63 88 31 82 34 60 60 57 49 33 92 80 88 4 95 6 35 4 40 94 75 21 20 9 98 99 58 31 68 45 51 31 33 82 14 20 94 74 29 43 60 21 23 48 78 18 7 13 75 47 60 2 20 80 12 19 31 70 50 99 67 53 30 53 87 96 73 82 23 2 25 83 75 1 83 53 19 90 19 46 89 79 49 62 59 13 81 42 35 83 41 2 88 23 55 75 72 28 57 95 82 83 30 10 84 13 15 55 56 34 54 97 13 55 59 24 68 92 66 3 27 
59 5 15 83 13 91 7 93 0 2 28 83 32 38 19 97 53 27 5 88 33 3 53 88 14 78 56 7 44 11 34 56 68 50 39 81 93 98 27 93 0 55 29 84 93 0 33 98 79 39 38 12 94 92 0 60 22 8 19 66 71 54 74 40 56 13 73 1 11 0 94 63 55 75 99 0 76 33 99 55 24 37 20 70 81 20 30 3 81 50 22 52 56 96 44 64 62 18 65 25 18 11 89 26 87 88 26 63 73 25 70 97 15 90 67 96 63 98 0 96 0 22 48 56 18 93 20 32 11 37 58 81 48 47 7 35 87 34 50 61 11 73 58 26 63 78 75 78 28 75 74 28 49 75 84 19 20 56 52 31 93 10 64 41 9 72 29 48 58 79 9 21 52 20 48 68 50 75 98 78 2 73 6 51 0 42 22 20 98 26 3 91 88 67 84 97 91 13 46 1 
45 7 23 49 79 23 69 29 98 68 7 0 93 65 3 93 7 77 13 57 4 68 0 92 35 37 42 79 50 40 80 47 47 3 97 79 78 66 8 76 86 68 28 79 85 83 72 45 61 37 2 65 5 55 57 93 92 51 72 94 91 4 42 91 60 39 70 38 57 30 67 44 50 47 23 36 31 48 81 44 37 35 9 43 90 18 88 82 70 12 77 13 16 19 4 28 10 26 19 19 57 86 63 7 85 39 95 68 87 76 12 24 12 73 19 54 92 7 89 14 71 66 27 88 37 84 68 99 10 87 18 19 73 34 79 11 73 74 79 60 3 92 36 15 65 56 21 9 15 10 75 87 28 55 27 65 39 95 16 1 83 87 73 8 21 52 19 94 26 51 6 29 95 42 96 12 50 70 22 66 80 97 5 9 4 32 26 95 79 95 97 62 82 22 23 3 74 42 97 52 
45 3 34 40 97 82 53 48 52 27 66 33 76 71 94 81 55 72 76 34 67 25 49 49 47 72 52 21 66 1 26 12 4 60 52 2 94 57 2 47 84 68 32 61 39 26 42 94 50 70 80 18 96 29 67 43 53 20 17 20 21 43 32 78 55 36 32 49 94 34 96 30 2 80 91 93 58 85 39 9 56 19 27 52 1 94 47 54 66 64 26 40 7 10 70 14 47 2 64 93 36 12 75 90 93 67 83 3 4 74 12 12 45 91 64 46 38 12 53 4 28 79 96 88 42 66 2 41 68 66 34 56 79 61 98 24 80 33 79 85 7 92 97 53 35 14 51 73 78 56 30 6 88 26 94 30 45 49 71 13 15 57 22 46 18 20 22 99 54 2 36 13 46 85 66 81 99 70 7 29 26 37 36 14 15 82 44 60 83 15 26 99 24 0 97 43 20 72 94 26 
74 30 40 72 15 58 5 67 28 12 96 55 1 84 69 17 19 66 29 2 81 55 53 58 55 51 1 28 23 47 6 49 77 98 73 44 57 78 11 37 91 60 44 92 44 14 61 63 32 91 18 65 98 71 23 6 22 24 86 97 71 92 98 0 91 71 97 0 50 60 37 93 20 82 37 17 48 99 80 80 42 50 45 40 22 69 98 96 45 84 46 69 77 44 21 20 68 18 20 18 79 9 11 51 91 48 68 91 99 1 71 41 51 69 34 73 38 32 22 35 17 68 4 46 64 26 66 32 96 86 50 27 47 13 79 39 14 99 30 13 0 54 7 4 23 41 29 13 73 51 48 42 19 5 88 84 83 54 16 79 92 19 7 40 84 38 31 98 37 13 64 38 67 23 42 42 64 71 55 89 75 56 84 46 61 24 30 44 31 99 75 23 70 82 15 54 72 98 5 10 
12 21 0 31 44 94 26 60 17 81 1 92 89 85 39 50 10 21 46 41 20 22 16 90 56 84 97 29 82 2 91 46 23 91 30 19 85 56 79 2 89 80 47 79 18 86 81 80 7 80 73 80 54 89 70 62 25 19 43 60 21 34 58 96 77 88 15 62 96 46 17 86 79 64 17 97 50 50 29 9 30 2 89 84 43 12 47 69 31 90 29 5 77 87 53 54 28 69 17 24 67 86 62 46 50 31 43 52 82 72 13 12 26 3 49 70 15 96 39 98 38 20 55 15 59 9 70 39 78 39 64 45 77 78 92 79 10 87 31 92 12 96 56 38 99 5 8 66 53 99 17 44 19 72 11 31 81 33 70 11 72 86 57 1 65 1 80 27 40 63 71 4 60 27 95 11 85 55 78 90 55 47 34 26 19 46 57 53 79 28 64 4 14 73 5 31 26 86 58 67 
49 29 23 61 9 18 73 94 74 3 84 29 50 71 7 21 17 65 74 48 45 39 52 11 64 10 43 91 48 53 10 97 83 33 11 44 4 84 90 78 87 26 59 89 97 66 62 66 83 37 67 28 28 71 40 92 81 35 35 29 88 45 79 23 31 90 67 35 26 9 13 65 36 24 54 33 42 16 52 26 5 19 6 85 90 98 30 72 85 65 53 74 11 84 49 94 74 69 29 52 78 94 17 14 18 23 0 12 92 52 38 97 71 97 35 61 47 65 85 33 30 91 59 93 75 8 87 2 77 68 54 56 62 72 22 32 95 22 45 39 74 35 89 45 32 24 59 32 89 96 65 71 87 24 17 63 84 56 65 62 25 71 70 39 43 92 72 91 15 69 30 89 4 19 87 89 95 98 21 84 94 38 8 34 62 25 49 98 81 66 60 6 37 30 46 33 75 70 24 90 
39 6 31 95 78 18 84 73 68 57 58 15 95 66 49 9 43 50 8 24 16 68 83 53 51 81 86 26 51 62 68 42 69 99 37 99 70 74 72 38 31 82 53 79 0 54 88 43 4 48 68 72 69 3 26 20 84 64 98 87 79 66 29 0 17 18 99 87 44 71 26 28 6 31 7 6 38 47 2 42 96 70 15 65 25 93 37 9 9 87 96 88 5 77 40 22 95 39 10 92 63 88 20 69 71 79 27 9 26 29 4 74 51 71 91 76 64 28 85 25 67 81 66 72 10 6 95 6 46 57 50 9 45 70 30 68 1 57 78 79 87 82 54 38 5 45 15 69 26 52 46 93 34 12 66 96 19 13 2 17 70 4 78 67 74 8 35 27 65 65 7 4 99 61 43 4 58 10 25 36 62 72 82 48 84 0 45 55 13 99 72 35 4 2 2 30 10 89 58 28 
55 17 32 54 78 27 59 88 89 84 77 4 56 59 4 93 11 49 0 76 1 25 11 57 27 13 87 90 2 97 18 57 14 2 12 44 82 23 85 23 7 14 27 16 25 32 61 36 33 61 12 86 38 23 43 66 88 83 56 42 32 26 52 99 80 16 43 62 39 80 38 46 94 65 14 19 49 75 55 35 89 19 21 27 94 17 93 82 52 1 25 84 79 77 83 60 93 79 74 32 59 12 30 54 30 45 25 31 72 33 66 61 52 40 89 99 9 34 81 61 36 58 45 15 35 29 27 80 8 2 64 19 66 47 25 96 92 3 28 16 36 46 78 40 38 67 39 99 1 73 60 89 31 58 57 19 87 84 99 47 38 64 18 5 11 44 1 55 47 81 71 35 80 1 75 70 68 67 70 22 40 82 63 71 40 20 90 79 57 42 26 95 58 97 0 21 41 54 28 40 
87 51 75 19 53 2 90 73 21 12 47 61 94 11 85 35 83 27 14 40 21 93 36 79 90 88 52 83 42 80 75 82 32 2 1 37 4 43 10 78 55 58 91 2 21 28 37 4 56 3 45 29 48 33 9 38 73 13 73 16 94 48 50 78 2 51 15 59 95 25 37 2 35 28 4 8 57 41 13 65 97 10 94 45 95 55 36 68 69 9 36 15 10 86 93 12 38 8 23 85 85 60 87 21 89 92 81 98 85 94 63 82 56 9 80 51 17 16 72 86 77 8 53 39 95 46 52 85 54 75 70 91 88 9 64 29 53 46 27 39 40 42 73 49 51 53 52 20 21 24 6 99 33 59 38 80 57 42 65 63 70 87 55 10 48 19 39 2 65 66 93 58 60 66 7 63 72 59 84 93 36 42 44 69 54 35 1 11 77 18 75 99 5 30 9 5 49 0 7 67 
18 0 25 78 19 84 94 91 43 78 36 31 20 81 0 26 68 1 38 97 71 65 97 76 95 58 34 96 59 41 63 77 94 40 8 13 24 2 56 20 80 92 51 52 25 4 79 93 57 69 91 29 86 40 57 81 50 91 29 9 85 45 39 79 85 47 92 62 1 48 82 33 92 85 85 18 89 16 63 47 37 6 28 23 46 85 56 97 77 38 58 14 83 97 93 20 96 37 82 49 37 16 82 29 2 68 99 91 36 63 90 74 69 18 49 68 56 6 17 85 44 75 99 79 25 92 99 73 81 34 23 18 50 5 47 52 25 47 96 62 62 38 88 83 9 37 51 65 95 68 50 91 96 1 70 21 45 22 46 26 56 69 44 6 75 91 11 0 90 59 14 4 97 2 88 6 92 91 71 39 12 73 31 8 74 53 81 19 75 27 45 83 97 41 42 24 85 53 76 75 
64 91 32 61 45 72 68 89 63 91 29 27 17 12 87 43 65 68 15 93 48 12 76 97 54 18 21 39 23 97 66 87 40 98 49 38 70 69 27 86 12 56 13 81 68 1 77 86 21 92 79 69 56 55 66 10 26 39 1 49 89 68 37 29 18 38 19 41 59 47 79 23 3 92 57 24 45 34 10 19 26 89 40 82 44 7 45 22 98 46 72 87 66 61 69 37 51 88 78 10 35 57 85 91 1 42 67 99 28 77 18 54 18 10 89 14 17 86 37 68 84 9 55 51 70 76 40 21 17 70 83 4 79 20 95 80 15 62 31 43 91 1 50 9 12 39 24 81 25 61 49 9 70 57 12 92 85 4 65 2 74 0 7 53 20 2 86 87 17 17 31 8 19 81 70 83 72 94 64 49 55 66 10 77 23 75 69 8 79 86 11 54 86 70 7 58 24 93 46 41 
63 77 2 82 10 72 17 82 66 81 31 73 47 41 50 22 16 71 83 96 57 46 2 95 16 9 53 40 55 99 34 18 28 36 52 38 60 69 20 78 2 3 51 50 45 53 24 13 76 7 61 85 5 63 80 21 25 85 14 80 85 48 50 65 36 2 4 96 71 76 74 73 80 77 75 77 82 52 90 10 11 4 95 17 67 27 38 92 12 4 24 49 52 74 15 88 76 71 36 99 47 62 25 79 39 52 56 73 4 47 83 16 51 30 85 70 57 75 15 22 80 39 71 32 14 38 73 42 61 9 94 9 72 19 88 63 23 97 89 28 44 72 96 47 55 81 69 64 8 84 86 88 24 10 73 90 0 98 84 62 7 78 23 31 49 63 47 73 60 36 53 56 60 49 3 15 82 25 80 90 9 18 31 85 28 56 75 29 54 60 43 61 38 66 45 88 29 92 13 90 
28 66 46 88 15 2 56 49 79 88 91 88 6 74 74 87 30 1 16 84 61 11 98 52 77 43 92 58 35 5 0 15 71 99 55 38 53 11 87 32 51 30 20 58 5 46 45 35 48 13 20 9 76 18 13 53 13 5 63 48 10 64 15 33 63 70 71 16 34 58 48 85 89 20 95 46 19 92 81 67 57 1 28 33 71 94 86 84 99 2 84 62 66 99 95 29 70 67 97 56 77 97 41 18 69 89 64 88 81 46 7 39 99 88 72 71 82 11 55 81 13 40 43 79 91 91 60 61 58 9 17 87 6 11 58 27 0 22 16 33 20 75 72 20 63 45 43 45 8 50 79 21 42 74 52 34 65 12 47 75 21 65 63 79 28 73 6 80 95 74 13 68 2 86 40 65 83 83 11 91 85 42 64 28 16 16 62 82 28 9 57 1 26 72 32 6 45 90 86 93 
17 52 61 19 38 1 36 73 36 47 16 21 41 80 49 58 96 63 40 76 25 49 29 51 74 13 10 19 3 96 64 72 48 77 43 38 30 80 63 66 27 79 40 69 59 41 79 7 5 19 83 30 20 64 33 94 77 43 14 33 92 30 57 92 8 1 31 38 81 46 57 60 26 97 81 37 90 60 45 47 31 80 29 52 97 63 46 74 58 12 59 50 43 17 95 51 70 26 41 51 72 98 11 50 47 45 88 38 5 85 85 37 65 15 89 62 30 35 89 40 48 0 43 91 69 38 94 39 16 35 90 40 86 54 91 85 99 79 23 56 16 61 93 81 28 34 96 58 70 37 98 70 37 93 13 7 31 59 98 47 46 41 88 32 95 79 18 46 10 93 2 26 54 48 59 82 82 7 92 4 44 43 74 82 36 39 41 68 98 91 67 45 32 55 29 79 86 47 25 96 
41 80 74 47 28 34 82 62 41 26 67 38 21 93 72 58 33 65 78 83 56 97 28 89 53 10 68 39 57 46 88 50 78 62 50 58 48 84 20 42 10 87 80 32 33 52 42 18 17 72 1 25 69 82 14 74 92 35 14 1 33 54 4 11 16 54 21 17 90 41 59 0 81 91 84 14 95 26 84 64 50 85 89 72 19 56 46 63 43 12 17 76 66 21 39 35 27 60 52 17 53 63 69 34 6 54 0 1 32 36 17 83 74 6 55 93 14 53 9 57 66 26 33 84 99 24 19 26 36 23 95 90 38 64 76 96 70 29 49 3 65 66 38 39 25 45 85 39 50 46 97 16 72 82 53 71 7 72 49 43 48 96 85 38 12 14 35 35 43 84 90 60 3 28 52 28 25 37 67 75 35 16 44 7 99 97 30 58 21 31 53 69 79 39 8 91 53 95 78 48 
31 68 60 34 96 12 62 73 1 82 49 36 50 45 95 49 42 25 7 63 8 13 33 87 52 93 31 57 40 61 57 71 30 17 6 78 30 20 52 83 54 53 20 5 98 15 6 40 93 66 3 1 79 88 41 83 33 24 40 73 85 49 97 15 66 55 46 48 75 98 32 82 51 52 39 1 19 45 41 12 63 96 66 42 37 59 25 22 83 17 48 20 66 45 88 85 0 34 33 27 32 65 61 35 69 0 36 89 46 29 1 61 25 19 4 14 78 81 37 13 51 85 34 17 30 74 2 82 8 88 9 92 53 71 79 23 23 67 64 21 96 65 83 73 37 87 88 15 20 77 29 71 62 15 41 44 41 95 26 49 83 87 93 89 10 24 64 34 91 28 55 39 45 38 12 82 77 52 98 50 29 79 21 43 46 62 87 87 58 13 88 41 53 33 30 63 57 94 49 48 
74 5 87 20 95 51 2 25 56 0 75 85 31 96 81 77 11 68 16 69 34 4 62 87 37 45 2 46 91 52 46 66 9 85 86 56 37 40 81 45 41 8 82 24 57 63 54 68 32 70 89 66 75 3 5 64 48 7 63 92 59 9 10 20 95 96 77 84 88 10 29 81 19 11 6 76 75 60 96 59 30 37 77 57 40 82 74 41 41 37 33 53 98 43 73 93 91 50 77 79 61 58 61 32 70 19 60 97 79 56 56 61 93 33 71 33 67 45 74 8 34 59 61 32 54 35 78 45 37 55 77 50 66 90 82 36 9 42 85 40 50 41 1 95 26 24 29 45 21 55 5 7 67 67 40 21 54 18 19 43 25 48 94 91 38 28 79 99 23 64 39 25 57 92 21 35 17 2 32 38 9 38 46 76 5 38 98 11 8 69 54 85 17 0 29 55 29 60 54 4 
77 45 29 34 37 50 22 6 52 54 97 62 92 95 90 49 33 88 60 93 9 15 30 26 67 59 33 96 20 39 52 97 84 82 83 22 32 5 80 37 12 77 51 4 72 41 54 57 82 14 50 91 81 33 70 1 92 3 97 64 43 2 13 27 84 49 1 68 54 82 57 18 59 8 23 84 50 29 41 32 95 44 75 29 77 45 30 21 49 79 86 44 81 51 71 65 0 25 86 7 7 43 25 18 52 0 54 54 29 96 38 25 92 13 54 21 59 84 42 60 63 80 4 97 84 27 62 84 52 48 43 11 44 69 82 96 21 36 2 51 84 40 28 28 53 34 49 64 70 92 24 85 24 80 82 8 8 45 45 60 45 88 24 41 57 6 37 31 94 39 82 79 79 62 59 85 48 9 49 18 53 26 3 77 6 86 38 14 83 83 27 80 71 51 22 81 9 11 12 3 
3 46 34 34 8 94 19 8 55 21 26 8 47 81 37 53 19 75 20 2 58 47 35 30 50 9 63 59 20 75 14 75 21 1 10 81 47 81 89 2 2 67 10 1 48 99 55 68 75 75 22 85 74 9 67 24 18 30 35 91 5 49 66 78 50 28 11 49 10 52 51 64 19 13 66 68 13 73 88 40 0 10 25 74 20 93 98 90 23 33 81 81 34 0 59 37 28 71 86 90 23 90 7 95 3 73 15 68 98 3 8 98 13 86 72 85 31 22 76 54 7 57 35 93 57 47 82 38 70 69 80 45 11 87 40 14 12 55 35 10 58 95 60 24 81 84 9 12 58 37 19 65 47 6 11 4 53 93 94 75 14 75 21 25 14 61 92 27 69 27 89 79 22 50 3 56 86 65 68 45 54 39 62 1 46 73 58 51 19 52 27 33 79 48 59 46 61 3 73 82 
30 14 62 4 16 17 60 3 34 81 0 89 20 62 90 66 88 48 18 7 1 97 92 32 97 3 78 10 6 3 93 36 18 55 41 86 24 53 41 59 34 41 48 55 4 38 73 44 39 43 51 40 40 43 24 37 99 55 48 5 58 93 94 28 48 87 15 24 40 8 83 75 50 83 82 6 22 55 50 61 99 1 53 91 96 29 81 95 84 29 53 43 74 47 23 22 34 90 98 26 99 82 53 49 65 35 55 39 43 5 52 42 58 57 85 54 87 66 2 23 47 55 66 21 54 42 43 40 32 94 66 31 76 20 80 93 7 35 85 50 92 37 44 50 47 30 57 34 96 59 57 44 66 76 65 20 18 61 60 50 55 78 82 83 98 14 76 58 2 61 8 94 51 53 97 98 83 54 84 79 65 93 75 31 69 41 3 39 2 15 90 9 93 24 92 44 90 20 2 92 
82 62 39 85 15 36 83 50 42 67 82 7 60 57 90 82 50 45 21 4 60 63 13 5 39 5 49 30 78 3 74 60 66 65 45 81 1 80 84 95 99 66 54 59 23 96 93 74 41 15 78 53 30 44 59 70 1 8 52 79 12 78 91 78 44 88 11 45 68 95 93 67 61 47 79 37 44 24 63 37 91 93 91 22 89 50 44 91 10 48 22 22 26 14 52 70 2 16 68 23 11 61 42 25 60 73 14 56 98 29 46 41 22 37 63 64 87 59 55 49 7 77 72 86 43 76 56 46 92 24 21 56 37 63 33 50 89 99 6 39 28 52 80 2 41 96 66 80 7 73 30 67 3 54 53 46 30 9 44 75 86 65 83 23 81 16 25 70 15 32 61 95 36 41 97 78 89 16 58 97 89 88 64 92 94 17 91 25 78 35 52 64 1 35 40 34 3 65 56 70 
49 17 65 86 10 14 16 0 82 74 97 24 15 61 68 9 78 59 86 56 95 38 73 48 25 13 82 28 30 38 98 80 7 15 18 17 82 34 17 64 60 66 88 75 27 57 37 57 16 75 66 63 14 39 11 91 4 93 20 86 83 70 66 90 86 36 60 20 70 29 84 31 96 25 58 75 34 47 33 50 23 51 66 89 42 77 80 46 71 52 84 6 23 51 49 61 87 9 81 10 38 17 93 86 42 3 62 28 51 47 79 26 98 45 67 40 74 47 38 97 0 22 4 75 25 53 88 65 62 21 27 52 38 20 39 33 75 53 61 78 0 92 4 98 89 71 90 64 71 80 61 23 54 65 50 80 70 38 97 84 59 24 37 49 96 28 82 71 81 44 2 33 88 6 83 78 30 25 42 53 5 55 76 59 73 78 91 43 16 40 28 27 16 17 76 12 97 59 36 30 
55 38 63 95 96 98 73 78 23 67 31 28 23 59 39 96 89 83 91 5 23 71 84 40 88 61 4 37 72 92 67 79 82 82 74 31 80 0 9 3 67 93 83 42 4 23 90 94 6 82 51 81 53 88 21 94 1 78 31 73 22 51 4 5 33 30 88 14 30 49 69 50 42 53 92 99 76 83 45 34 65 48 15 70 36 89 64 89 67 96 14 41 47 18 46 32 1 34 98 31 84 68 81 78 21 74 29 49 9 26 35 74 27 50 96 15 91 61 5 10 9 19 52 8 38 50 40 91 37 39 22 73 7 56 51 80 82 33 81 91 11 16 17 38 18 13 54 10 74 59 20 35 78 72 43 68 75 84 59 12 75 34 85 34 90 88 14 24 21 95 15 33 11 84 23 29 97 77 91 24 36 12 59 67 36 55 87 11 39 47 75 66 33 60 0 75 49 14 99 22 
61 66 7 24 50 31 5 99 8 97 23 97 61 35 16 97 90 3 61 81 2 36 47 35 97 99 10 98 65 61 20 26 27 28 2 77 59 7 77 19 4 52 68 17 87 36 15 29 92 28 10 94 16 9 82 65 8 44 63 73 6 84 51 33 64 53 63 75 13 92 46 69 44 15 87 84 3 2 13 95 82 76 90 98 85 24 16 46 68 79 19 74 15 23 60 79 28 23 54 41 67 53 11 63 20 98 47 23 52 13 19 34 41 61 84 26 85 0 24 5 32 96 80 47 19 40 79 47 15 85 89 82 38 52 45 58 50 45 82 2 10 53 88 51 66 24 29 51 77 54 56 9 50 88 8 69 80 87 68 95 25 9 29 63 61 27 74 11 72 8 65 34 61 5 85 27 30 14 30 59 68 38 68 70 27 28 39 7 68 60 55 93 69 36 8 31 63 82 42 87 
90 60 21 3 65 58 30 95 73 60 54 93 51 74 64 78 55 55 37 23 15 44 68 85 81 76 16 96 59 10 36 1 70 57 5 36 16 87 83 41 0 90 34 51 16 50 29 71 6 18 94 21 15 62 6 48 91 74 44 2 85 32 3 7 42 60 95 10 48 79 51 48 21 37 99 37 88 80 9 94 98 55 67 65 70 26 13 61 0 10 63 37 42 18 45 84 79 40 94 27 71 97 75 44 35 26 82 75 6 43 21 56 50 88 22 72 14 35 33 67 45 48 4 88 19 1 24 98 94 71 77 65 68 52 62 55 78 44 82 36 39 3 92 41 44 14 14 10 50 99 77 47 48 34 35 19 35 12 17 29 83 94 47 3 98 9 11 28 5 93 64 44 49 56 37 93 23 51 55 73 51 33 20 51 67 8 70 54 72 39 84 7 85 31 10 83 40 73 63 97 
67 79 93 68 87 30 13 10 82 68 83 85 53 56 36 72 16 58 27 88 97 11 95 82 94 57 17 34 31 80 31 50 11 76 70 98 6 83 9 88 51 44 73 57 52 61 29 68 19 56 8 68 19 3 50 13 13 19 99 44 51 82 46 62 58 16 61 65 99 22 5 2 18 79 11 71 92 41 91 64 49 0 32 69 3 35 82 68 6 34 12 58 16 10 20 75 26 33 40 77 7 45 32 26 76 43 97 21 36 88 85 86 88 69 7 44 56 41 12 63 75 77 21 92 39 93 19 66 27 11 95 86 8 79 12 85 23 61 58 59 2 95 97 90 16 4 86 73 98 51 36 73 80 9 17 19 54 36 37 81 47 33 20 56 12 32 93 87 94 3 99 96 98 96 38 14 53 77 87 3 28 75 76 60 36 46 79 91 82 17 24 82 50 44 90 14 29 35 2 23 
38 53 71 36 49 61 2 54 90 42 57 70 69 86 30 6 32 10 97 66 27 73 0 29 18 90 95 47 77 49 22 15 2 45 3 52 58 6 58 49 0 68 19 69 6 50 75 90 60 24 56 39 50 9 20 20 51 15 67 29 65 41 44 67 38 0 71 96 58 82 45 58 50 65 27 8 15 55 98 27 31 54 18 81 15 38 1 67 53 20 96 70 13 92 90 51 92 61 48 50 43 45 60 45 10 88 53 77 95 51 56 26 58 74 60 73 12 13 92 18 34 88 40 99 81 30 51 25 92 51 28 87 48 88 85 11 28 38 88 23 42 45 2 52 71 14 25 84 27 70 54 13 58 94 13 91 25 16 69 69 19 97 8 19 37 93 30 66 84 71 41 78 68 95 30 39 61 7 75 89 77 29 54 88 76 19 79 53 87 0 74 6 97 82 78 87 28 8 5 64 
79 98 42 47 94 72 87 55 31 14 96 9 44 51 49 72 22 28 25 10 29 99 68 78 33 46 17 61 55 22 77 86 21 19 34 67 43 73 74 75 87 71 36 83 74 85 55 96 65 32 58 46 83 27 25 17 25 94 30 80 17 8 19 38 79 53 57 23 78 31 50 65 54 86 1 28 23 8 77 88 41 87 35 24 14 12 93 40 6 24 72 75 84 91 65 63 96 22 86 74 54 88 92 8 74 45 89 97 53 18 38 94 5 73 71 20 37 64 12 95 40 36 71 24 28 36 40 76 59 78 51 65 67 95 25 41 40 14 91 93 32 29 40 38 54 11 10 91 75 74 86 16 10 57 92 38 46 32 15 57 11 18 22 78 65 99 71 5 14 62 50 98 91 42 88 97 53 98 88 81 72 27 49 83 36 41 73 82 26 40 39 37 10 13 67 75 13 38 32 79 
1 35 77 44 77 66 94 83 16 82 64 41 61 65 76 98 58 1 80 84 42 72 21 4 37 40 80 2 79 12 81 32 99 11 28 77 77 22 60 45 57 76 86 18 41 14 16 51 16 49 36 10 21 9 14 58 50 94 61 29 59 94 61 58 5 41 87 34 64 99 80 21 75 18 39 68 85 8 20 1 57 8 63 78 17 77 88 67 24 1 48 83 48 61 93 53 3 33 40 67 32 72 40 60 42 31 80 27 39 52 80 96 60 43 26 78 21 67 97 45 20 46 80 68 7 25 74 10 58 14 29 91 86 21 3 28 53 83 56 44 36 36 93 96 32 19 26 5 38 24 2 59 70 82 27 77 59 1 40 18 15 21 61 53 43 64 82 48 47 38 92 35 26 85 32 10 57 10 15 95 34 17 54 56 51 34 86 11 87 26 29 55 99 42 8 42 6 90 90 5 
80 35 41 59 20 25 69 29 35 37 25 70 54 31 26 6 65 12 17 5 90 98 60 90 40 20 84 98 11 27 3 43 62 96 54 34 21 24 64 57 61 41 79 67 72 5 73 90 70 42 95 12 40 7 54 32 27 39 30 90 18 86 34 80 82 88 66 56 64 82 13 77 23 92 97 48 49 70 38 71 13 85 36 5 92 90 38 71 81 20 62 51 6 48 31 41 36 50 97 53 32 62 82 56 6 79 56 7 2 46 31 15 31 67 20 75 9 10 46 43 31 60 94 89 8 78 30 97 28 79 50 60 41 84 68 47 64 24 55 18 70 38 33 53 5 5 80 66 68 27 9 99 87 4 88 48 34 71 45 62 50 95 74 92 31 43 91 47 19 98 65 42 36 50 95 93 8 76 60 76 55 69 27 94 25 67 42 11 38 87 73 41 34 48 33 66 43 76 65 14 
27 31 56 63 33 4 9 41 80 69 69 87 90 96 33 68 64 76 79 54 15 53 95 50 53 80 68 48 9 85 62 36 16 19 51 50 23 60 43 55 81 13 94 72 9 27 40 25 3 71 32 71 76 27 73 29 60 41 29 69 78 92 5 95 11 8 97 86 69 92 41 50 5 87 74 67 14 66 44 18 38 76 41 66 4 14 48 16 7 77 85 85 69 42 32 32 50 29 18 71 22 11 74 79 98 48 46 13 67 91 83 57 67 24 23 23 38 71 91 45 49 76 30 70 70 63 3 73 44 21 44 18 33 70 98 83 71 96 96 38 39 31 95 7 55 18 82 45 42 74 42 43 2 25 13 25 40 16 98 84 38 94 55 23 65 5 6 36 1 55 74 93 86 21 52 94 91 34 91 33 60 34 76 15 59 90 40 99 58 38 35 96 32 42 71 49 47 30 85 1 
85 11 94 23 32 46 69 76 32 61 9 45 47 38 60 6 80 0 57 38 90 44 87 74 87 10 24 34 40 9 87 77 73 81 53 5 79 22 81 64 35 43 9 82 33 69 40 65 21 49 3 63 94 42 37 81 53 61 67 45 23 55 23 96 88 28 53 20 50 87 84 38 82 93 72 15 14 65 80 35 14 35 98 60 30 87 41 35 49 61 80 24 68 55 72 8 83 25 28 86 64 12 76 46 57 48 13 71 13 45 58 80 33 56 40 63 44 34 50 45 95 30 21 15 38 93 23 21 70 52 59 35 16 35 33 74 36 47 45 49 92 56 29 77 12 70 92 8 4 42 5 51 25 26 66 63 71 89 36 42 93 96 77 10 83 10 36 19 9 33 69 54 89 50 31 54 72 24 14 28 66 20 31 43 98 97 6 70 39 43 64 84 91 41 46 26 3 82 46 13 
16 67 67 5 17 98 59 42 74 74 70 93 46 54 36 96 3 95 18 42 38 82 79 81 23 25 7 79 8 5 92 76 72 11 33 42 61 45 84 36 19 6 81 17 60 17 13 16 12 32 58 2 66 89 35 42 15 43 21 75 48 13 3 73 76 36 15 37 81 51 73 52 9 6 21 70 24 87 38 88 19 96 91 37 38 26 79 5 21 0 80 22 65 35 95 41 23 62 79 5 13 4 9 22 11 31 44 87 18 82 75 89 31 18 26 69 97 6 26 70 58 58 92 24 93 39 65 16 1 96 73 66 53 83 41 64 66 37 3 84 20 78 25 3 49 3 24 46 61 50 16 20 8 61 96 1 52 13 69 6 10 43 72 63 26 65 79 44 3 82 80 23 12 5 78 61 60 2 59 22 4 28 94 12 41 90 65 93 3 34 99 13 77 24 28 55 89 59 99 92 
93 79 67 6 36 97 19 97 51 31 19 55 59 65 67 0 55 84 45 58 19 45 24 48 21 4 56 62 64 55 7 57 87 26 15 23 24 87 72 75 18 43 83 29 8 2 81 63 87 26 74 58 23 50 6 96 54 62 59 70 70 66 80 9 44 47 84 68 34 57 96 4 52 79 33 61 81 14 76 20 93 2 78 68 52 37 65 59 99 24 29 21 42 61 30 86 9 15 7 95 24 3 0 76 34 85 89 67 0 66 88 45 68 18 13 73 55 78 32 7 54 13 28 96 75 11 35 36 78 42 31 2 97 83 30 83 69 20 50 21 38 90 66 6 9 31 79 64 10 63 23 16 77 52 13 4 15 0 40 93 42 23 47 39 7 29 74 76 49 24 97 87 67 63 46 76 94 77 92 56 41 16 73 70 20 38 74 87 38 14 80 32 89 79 23 96 8 97 72 10 
73 69 97 40 84 95 68 31 73 61 39 14 29 64 84 1 2 10 88 92 76 20 76 65 51 99 62 59 48 34 69 22 56 19 62 92 14 83 23 39 96 15 5 25 79 89 78 34 51 18 26 27 90 55 93 41 6 55 52 55 41 74 29 49 93 43 42 59 26 17 99 22 32 4 99 12 46 29 98 97 47 76 77 89 31 70 30 38 77 83 45 70 9 74 72 54 17 66 13 44 83 64 18 68 21 18 32 19 47 30 68 47 6 45 36 38 67 19 28 96 54 73 19 63 47 91 17 16 57 82 60 40 47 31 60 20 49 92 39 48 74 59 95 81 57 84 71 24 3 51 21 57 24 40 20 23 83 89 39 40 71 52 32 70 83 93 90 84 37 81 32 12 41 80 45 98 16 68 74 19 19 47 76 95 39 48 18 22 37 9 14 8 61 47 79 96 92 21 32 29 
3 17 41 96 49 38 46 65 6 20 84 25 20 12 20 59 60 90 82 49 0 96 9 13 95 40 62 87 62 94 17 17 63 10 65 12 1 11 77 7 83 13 33 3 25 5 63 37 96 97 38 48 45 48 61 93 88 75 80 50 70 49 19 85 12 84 98 13 95 75 72 31 89 57 34 66 63 49 4 11 98 42 59 96 42 72 89 31 48 21 33 70 71 53 55 35 89 5 0 37 81 72 68 22 30 2 88 93 4 44 56 2 39 67 50 81 91 39 64 91 61 98 61 84 3 69 71 92 74 71 29 7 43 97 81 73 52 22 18 56 66 26 10 57 93 61 39 85 52 3 76 65 53 90 1 56 11 72 1 37 43 30 97 39 80 78 64 32 0 35 40 19 61 2 76 7 15 67 44 68 23 72 85 28 14 87 85 25 59 86 15 55 68 12 46 48 42 10 80 43 
97 72 14 11 75 42 18 90 62 14 10 85 86 96 13 53 83 50 30 94 88 45 1 57 9 47 57 52 10 90 47 59 62 13 70 37 55 40 80 17 54 42 54 93 38 68 46 73 70 76 20 59 22 21 68 83 21 25 35 83 15 34 42 30 47 13 19 3 5 99 20 60 42 75 53 32 95 51 6 17 27 26 76 1 99 96 85 20 74 20 55 41 7 98 71 54 63 91 57 68 42 30 28 36 57 33 69 52 84 27 69 64 5 98 65 4 46 50 77 72 23 32 14 82 30 37 36 45 80 94 14 23 76 94 11 33 28 32 37 64 59 58 28 64 56 46 21 55 48 98 27 23 30 93 5 13 31 42 58 11 88 24 86 64 19 50 49 99 82 86 15 42 44 44 58 53 42 79 60 42 29 87 66 12 81 71 77 64 65 87 75 5 12 14 69 31 64 18 82 98 
56 97 40 53 93 51 6 35 82 66 78 64 5 96 76 86 67 53 50 85 92 78 90 4 44 12 87 60 82 69 58 39 67 51 92 60 2 50 48 36 68 26 0 73 22 28 12 41 33 14 78 26 92 69 30 36 33 18 96 15 87 7 6 6 58 50 67 12 0 15 48 20 93 49 94 67 77 58 60 63 72 39 89 65 60 19 53 93 89 2 60 29 9 67 35 19 17 54 31 70 21 79 90 66 80 36 33 10 94 94 73 67 85 62 84 45 33 37 90 75 91 50 4 52 17 91 71 87 98 2 9 19 34 51 38 14 88 71 76 34 17 1 53 54 15 37 51 49 27 41 76 70 92 80 23 61 23 94 0 21 49 9 93 83 61 31 49 1 2 78 87 72 79 41 78 47 30 30 96 57 71 24 80 15 4 3 29 79 49 81 1 98 91 94 33 4 77 83 57 31 
13 44 3 92 37 82 39 68 64 87 77 35 63 57 3 19 60 84 99 62 65 0 60 56 46 46 12 23 81 69 6 94 66 10 38 3 44 30 71 8 69 49 95 33 6 50 52 19 34 51 81 0 3 93 8 1 39 21 76 20 42 83 14 8 45 5 12 41 35 35 1 4 84 48 89 43 99 42 62 85 45 95 85 1 88 46 2 80 19 31 0 61 66 67 22 11 24 86 4 59 21 5 15 58 5 5 53 4 99 67 42 44 62 27 97 2 25 52 82 44 83 35 58 49 54 80 12 78 18 68 89 91 25 4 49 30 61 2 87 60 69 29 57 83 8 54 86 34 6 20 30 41 7 88 90 13 20 54 43 38 22 32 30 47 89 31 30 50 34 17 11 55 46 20 91 6 74 29 40 33 49 71 74 9 59 17 74 32 23 18 70 46 2 52 45 91 84 27 42 70 
44 5 25 42 25 16 49 99 45 89 32 47 12 59 8 24 76 82 56 99 52 78 97 55 31 95 46 15 22 40 37 19 45 62 61 70 31 62 22 28 4 6 27 16 65 35 92 93 70 0 93 74 79 42 29 62 37 28 29 12 68 66 31 14 80 44 36 11 7 58 40 11 65 19 27 30 55 72 76 77 72 69 3 51 11 85 65 1 13 94 13 33 60 96 99 41 40 36 4 47 94 96 58 11 16 38 94 23 10 70 52 34 91 55 38 2 40 3 55 5 98 20 39 10 16 90 3 57 26 8 56 73 4 15 84 20 5 78 95 67 0 47 1 91 3 39 46 95 95 1 1 93 22 40 55 90 82 59 47 9 67 4 82 23 71 18 44 28 49 39 95 49 39 48 41 42 88 39 37 35 40 90 80 14 82 35 5 65 94 4 74 13 60 8 37 31 26 33 59 27 
24 6 77 63 55 70 57 95 9 95 30 1 85 10 68 20 45 73 85 92 29 59 57 90 19 94 21 45 27 33 73 52 39 2 67 46 72 25 41 33 20 71 86 57 33 54 77 79 27 14 23 57 73 80 99 92 27 20 90 54 5 15 58 97 17 26 43 41 51 85 26 23 8 12 32 42 67 62 21 46 76 96 55 2 28 54 46 55 27 88 10 32 3 20 29 20 46 25 13 49 10 39 24 18 52 57 60 71 71 33 17 99 81 73 1 10 79 0 65 6 88 27 91 92 48 72 64 46 97 78 96 7 69 20 78 73 29 90 44 0 76 14 0 57 39 53 67 18 53 85 77 42 12 68 34 60 40 50 7 38 80 55 97 50 75 27 23 5 18 20 57 94 34 9 3 73 63 71 43 16 8 20 10 20 40 96 33 81 47 40 71 27 95 68 29 22 96 53 79 66 
25 37 60 11 46 15 36 9 38 79 78 46 52 40 67 92 37 0 73 84 92 96 63 39 65 93 61 13 98 41 31 23 78 43 34 76 58 70 38 97 1 68 43 53 8 62 98 45 14 71 29 6 20 45 45 37 38 59 50 36 0 33 59 30 76 45 58 34 67 96 31 20 64 27 74 25 41 24 70 56 47 52 14 67 97 12 4 35 71 6 71 23 39 82 53 15 79 11 2 46 60 33 66 76 12 92 1 54 16 72 62 64 76 76 31 73 88 88 60 59 94 83 82 34 17 87 49 96 51 51 42 11 37 60 39 1 5 41 7 73 65 69 37 41 46 21 66 34 9 78 46 55 61 28 89 78 68 91 26 19 94 68 82 83 80 21 85 85 14 92 59 79 62 48 72 8 21 90 94 82 68 40 38 81 21 79 11 89 70 37 8 17 57 42 0 90 63 37 75 78 
30 86 9 44 87 82 4 60 72 50 43 93 91 33 26 12 12 38 53 35 27 13 4 37 55 4 27 70 94 54 0 76 41 10 20 80 92 76 40 16 26 35 61 69 68 88 33 33 78 86 20 57 51 24 94 6 80 21 29 74 76 29 2 69 39 22 49 83 50 41 52 29 77 13 98 45 53 32 30 83 70 50 41 22 26 87 80 59 9 9 85 37 39 88 58 30 62 59 14 13 0 66 94 77 31 92 75 37 76 5 20 47 8 61 21 86 49 1 97 10 63 83 99 54 23 9 36 85 68 50 50 68 68 44 98 52 89 73 89 65 30 9 64 90 23 85 77 24 39 26 86 2 9 37 8 84 46 44 70 14 47 72 82 67 69 80 19 58 5 60 75 36 70 40 26 45 25 55 69 16 34 7 70 43 44 78 80 90 23 50 56 22 74 38 89 95 71 9 53 28 
69 81 64 91 21 43 36 98 50 57 15 84 16 37 80 60 16 60 2 91 62 58 13 88 49 54 84 72 63 89 0 85 70 17 28 43 12 17 94 14 26 61 51 43 98 83 55 14 43 58 57 57 68 22 97 69 77 81 93 92 23 94 77 93 63 58 89 27 75 83 93 1 44 44 96 42 27 52 9 22 62 66 31 30 41 29 52 18 62 45 10 85 91 40 31 6 98 72 33 25 55 27 26 99 23 23 93 51 27 54 25 89 73 57 71 14 38 23 32 52 69 94 38 12 34 21 19 84 93 52 9 0 31 88 51 55 11 44 58 38 99 35 79 24 44 50 38 82 74 22 87 95 16 25 7 51 98 26 87 43 31 97 43 14 85 94 69 48 90 79 38 41 67 17 65 11 67 3 46 93 25 33 88 42 10 96 45 8 74 32 51 5 81 46 20 66 40 41 14 30 
73 4 24 40 21 89 51 89 93 49 82 70 82 23 64 92 71 61 52 45 46 55 3 27 1 75 94 93 16 60 76 41 17 0 81 38 89 85 79 34 86 14 57 69 37 21 13 8 83 18 5 29 25 8 8 79 83 54 72 52 67 0 93 84 0 27 22 42 64 2 28 2 16 85 23 5 59 37 65 42 7 70 23 84 31 31 63 14 38 88 18 5 88 64 89 41 43 11 35 7 65 63 9 33 49 33 38 8 22 55 2 81 26 77 65 57 60 29 23 98 69 42 3 9 6 92 50 49 56 85 8 21 1 69 7 50 54 97 10 28 53 12 9 79 41 27 88 1 8 63 0 77 5 55 86 63 0 89 64 56 74 72 77 75 94 84 77 48 82 87 77 87 51 38 18 44 65 6 46 25 69 98 2 27 5 41 90 5 30 7 61 56 79 91 84 73 27 61 74 61 
1 3 48 4 41 66 49 59 24 47 36 46 97 39 73 2 32 15 8 62 22 69 70 54 60 54 79 40 68 53 1 21 8 50 25 2 68 26 61 93 73 97 39 70 88 64 25 20 31 33 34 6 54 5 12 15 59 91 7 79 97 8 0 5 58 26 59 79 4 20 72 30 70 63 0 10 79 25 83 10 10 17 68 65 22 80 32 34 24 39 13 73 47 14 30 58 92 90 37 96 62 61 78 84 24 79 95 55 56 30 17 19 47 86 84 22 18 16 8 94 7 73 19 54 87 50 64 31 92 53 80 6 14 58 91 90 89 38 45 98 68 63 17 15 1 53 89 19 69 97 66 76 23 85 82 10 87 47 94 79 0 26 86 67 36 29 57 26 67 55 76 35 18 45 2 19 98 44 90 19 93 56 95 16 94 29 79 81 28 73 61 81 51 99 48 87 80 57 65 47 
12 41 34 82 86 36 53 84 32 44 3 26 52 50 42 46 32 21 80 60 46 93 41 97 92 41 85 72 99 50 71 63 44 5 46 30 93 51 67 26 95 22 4 0 25 46 98 57 20 78 17 66 71 11 16 15 4 53 39 55 55 10 19 99 67 17 82 13 68 1 91 16 75 95 68 0 93 66 57 13 97 27 32 20 90 0 36 94 53 27 50 60 38 21 12 57 90 46 22 10 47 13 26 22 8 46 75 54 65 84 19 62 11 51 34 53 3 70 48 8 98 50 69 88 23 81 97 13 79 20 23 26 33 2 0 94 0 27 0 65 12 19 79 75 23 14 29 26 36 29 35 86 79 56 26 54 37 24 67 16 96 42 94 81 44 46 75 45 74 75 62 38 47 94 13 70 8 42 96 96 71 83 83 2 39 9 56 28 85 75 96 81 18 42 63 14 89 90 11 15 
18 74 53 65 68 66 87 28 61 35 76 84 19 59 87 58 21 95 39 58 71 35 40 41 78 55 55 19 97 67 34 15 93 39 32 13 57 19 93 70 7 69 55 26 81 94 36 2 89 75 60 12 63 52 53 41 59 61 12 57 28 98 24 73 37 9 86 46 80 79 17 87 0 72 65 81 66 2 35 7 77 96 20 92 0 25 33 12 86 97 21 66 95 97 39 32 6 77 79 39 56 48 78 57 20 44 90 38 46 26 45 75 74 17 68 74 95 53 38 81 51 59 0 46 57 91 31 15 69 62 54 77 10 85 86 82 29 77 72 27 3 17 2 77 87 22 3 82 28 42 15 31 53 67 77 10 59 60 78 28 74 84 5 36 69 92 18 98 21 90 25 24 60 80 53 99 54 56 81 82 50 48 13 4 16 43 66 27 55 44 55 30 29 12 66 98 56 37 49 77 
27 74 53 39 6 6 38 61 15 19 95 65 20 61 69 88 4 88 67 59 32 74 41 13 86 8 12 95 45 61 24 24 87 78 64 46 84 2 7 99 74 54 17 46 15 38 34 19 26 1 31 59 27 72 72 13 32 36 60 29 49 85 54 89 63 70 35 99 72 94 51 98 48 68 44 64 6 30 35 85 83 18 96 10 91 20 76 75 57 36 5 58 21 11 47 36 81 82 36 5 76 39 4 77 59 0 41 17 83 28 2 66 47 98 29 90 19 5 65 28 93 22 86 67 85 34 3 66 68 91 24 97 30 80 74 41 80 67 59 63 95 61 82 94 60 63 84 31 68 2 59 13 24 97 80 62 31 36 80 52 27 4 49 10 84 75 51 17 94 10 32 41 24 66 36 84 29 20 67 49 74 26 63 51 75 43 13 59 79 93 11 59 50 12 69 34 87 72 3 33 
35 36 74 59 54 10 43 84 83 62 33 57 40 96 8 15 92 73 74 71 67 85 82 17 97 51 3 36 76 59 21 11 47 96 70 1 58 65 85 93 27 19 3 67 67 11 82 59 37 57 83 4 94 65 73 44 17 28 32 45 87 54 56 34 2 26 36 12 43 73 6 70 44 9 89 12 72 23 71 9 80 54 13 27 20 38 23 89 67 55 34 6 61 42 41 63 20 29 76 63 54 34 85 99 43 74 11 15 97 34 25 30 89 90 9 61 29 32 50 48 87 36 54 49 78 47 64 50 28 92 13 83 26 98 82 69 24 45 85 73 79 62 3 20 4 12 81 85 44 83 33 84 71 40 85 1 87 49 51 68 42 64 51 68 14 33 90 90 30 27 64 9 89 67 30 93 32 11 31 28 47 64 12 18 56 97 20 44 99 71 12 41 88 15 61 54 0 51 97 30 
78 61 39 19 80 21 65 64 85 96 93 32 60 57 50 69 7 22 65 6 46 29 99 86 44 12 40 44 16 37 74 94 50 65 66 31 87 31 95 24 27 40 56 39 98 58 8 57 33 73 15 79 2 14 65 98 78 57 42 94 47 68 41 49 86 7 80 25 38 28 49 17 68 57 8 18 15 17 75 0 42 42 79 97 56 96 95 87 6 90 81 53 58 74 2 44 81 35 21 71 15 70 40 35 27 49 54 95 18 81 95 60 24 75 57 32 23 5 71 29 95 5 34 53 79 89 50 13 24 71 36 91 94 77 26 21 78 32 16 96 14 64 56 90 91 66 74 14 23 46 96 18 3 30 23 82 19 25 47 95 49 84 86 43 61 13 16 39 45 33 87 11 49 95 53 40 61 80 54 36 78 50 54 81 33 30 15 52 7 63 0 56 47 38 99 60 3 16 51 1 
1 38 64 50 33 18 90 47 50 96 83 28 99 90 9 32 72 24 36 79 39 88 36 86 27 87 98 30 3 49 31 56 87 96 58 73 66 0 20 16 49 55 44 48 97 5 32 69 81 20 49 21 9 37 59 88 24 58 18 80 59 2 36 99 50 47 72 16 47 44 84 96 99 80 96 97 85 28 18 18 49 67 91 10 56 51 98 81 61 68 61 20 22 49 71 72 96 43 40 96 87 24 44 39 4 41 88 41 69 6 60 70 26 3 32 82 6 82 63 67 51 76 40 73 78 11 98 26 7 38 22 94 63 67 85 19 8 73 13 29 32 25 52 58 28 84 40 35 67 56 54 70 32 46 95 62 58 93 89 17 32 63 63 47 82 49 18 42 74 31 72 6 56 76 64 37 12 5 72 31 13 78 1 97 25 97 60 83 42 49 0 26 64 63 73 47 64 44 89 39 
75 13 45 84 89 10 21 54 67 45 85 32 23 87 29 48 36 89 31 30 90 83 57 7 99 30 54 63 26 95 54 2 9 0 38 50 62 59 4 81 4 90 13 27 29 42 76 17 84 59 47 26 95 4 33 46 87 39 9 13 35 16 67 44 16 5 94 30 16 51 11 72 41 76 0 22 18 28 39 54 39 86 33 86 43 18 32 82 58 94 95 93 10 15 89 78 72 35 8 89 86 19 61 79 95 13 1 65 93 40 72 85 79 57 71 22 75 56 4 33 50 51 78 12 66 19 90 39 55 50 80 93 21 41 73 68 55 74 85 0 15 57 85 94 14 57 68 42 65 72 75 15 75 6 79 42 25 21 33 32 71 13 26 44 6 99 12 13 25 97 14 40 7 99 86 21 8 54 63 73 78 91 40 54 49 71 48 74 92 81 59 15 46 85 59 52 36 71 66 61 
21 80 54 28 31 40 49 40 47 65 65 77 8 58 83 57 29 31 83 22 64 42 89 10 79 49 63 15 72 81 29 45 61 83 73 44 75 75 36 22 40 2 0 0 60 35 9 41 67 44 63 31 87 5 42 18 6 57 86 30 38 15 76 51 98 49 95 73 24 32 48 16 86 0 68 46 35 77 87 54 22 3 86 61 60 80 31 66 89 17 96 27 84 72 78 82 74 25 8 98 57 8 67 43 60 35 41 95 13 81 50 87 36 88 48 96 68 79 14 57 49 10 36 33 35 66 68 9 91 28 59 1 36 26 96 96 14 90 43 79 23 45 66 59 33 66 7 53 97 21 62 46 31 98 32 18 16 0 79 8 80 39 61 68 17 9 64 31 99 59 10 74 5 28 33 90 46 92 44 44 13 58 42 97 57 26 15 73 26 95 33 58 86 46 26 3 56 42 87 7 
2 49 34 59 78 67 1 24 60 45 20 25 4 63 22 13 41 90 38 68 37 24 78 23 70 5 78 78 47 65 38 1 15 72 60 45 91 62 69 3 59 42 29 15 57 3 80 98 93 71 18 30 95 97 53 17 2 84 48 49 49 38 51 16 62 63 61 53 77 83 9 89 25 38 4 82 93 37 80 87 8 51 17 3 48 23 72 50 7 20 51 8 10 54 25 72 70 38 26 47 21 87 88 98 77 45 80 70 82 13 57 90 16 27 45 64 2 69 66 61 42 17 69 52 24 46 25 94 85 3 93 6 90 82 5 67 27 37 89 61 2 47 3 18 26 48 82 80 69 48 41 11 18 10 64 94 57 89 88 42 92 33 0 34 15 5 1 94 95 90 55 97 89 58 68 67 58 50 47 80 51 88 91 21 51 55 15 60 96 55 54 40 88 54 74 56 12 27 2 7 
18 58 56 59 68 24 79 79 27 26 59 30 67 2 51 18 58 18 78 54 73 84 95 13 38 21 69 50 49 72 9 19 82 18 78 2 94 57 33 21 36 44 3 3 47 6 73 5 24 3 11 49 87 58 63 77 32 84 28 81 56 89 0 90 7 30 45 54 40 78 75 76 23 31 31 22 37 56 79 62 59 90 11 98 1 26 75 33 11 55 66 19 45 66 10 4 48 7 58 88 37 86 16 12 17 99 34 54 55 13 68 14 56 32 12 9 58 88 94 69 95 60 89 40 26 51 97 74 58 7 15 47 45 31 60 62 31 94 69 86 60 89 53 16 21 17 25 80 57 71 1 53 31 90 45 57 93 42 83 51 50 50 99 47 82 11 10 65 57 31 3 17 72 56 85 94 26 10 26 83 81 79 36 64 70 82 73 15 76 9 19 78 59 18 26 41 81 88 58 38 
19 62 56 91 70 41 37 96 4 15 80 37 95 68 2 17 50 75 32 27 84 51 57 44 21 83 37 54 71 48 93 42 10 49 86 80 42 23 77 46 91 9 36 38 77 38 7 80 65 91 59 2 95 16 98 16 0 87 23 23 35 16 66 45 17 52 78 59 27 7 58 70 16 94 8 45 84 15 25 49 59 84 3 54 53 1 22 53 89 45 76 76 61 94 74 78 46 52 38 26 11 48 96 27 42 5 24 26 72 50 27 31 86 83 37 39 36 60 44 77 5 73 54 67 67 28 97 14 80 87 92 43 35 88 22 77 45 46 55 70 48 35 1 35 18 91 26 54 51 71 32 56 96 38 75 63 66 73 29 98 60 21 41 96 10 63 25 7 9 33 77 10 68 31 45 38 22 23 44 73 46 28 29 42 66 57 6 32 30 35 30 42 9 23 90 19 86 16 26 48 
1 56 58 21 87 55 11 9 78 55 82 25 84 63 19 50 20 25 35 2 13 65 45 22 41 35 93 27 3 71 75 56 27 85 77 14 40 88 75 19 44 9 96 80 25 15 82 45 93 17 0 6 35 45 80 76 32 73 3 88 96 31 44 24 16 22 90 57 62 18 28 58 27 76 38 52 91 21 50 84 38 2 42 73 47 22 1 31 47 5 19 44 88 64 68 56 86 10 65 0 28 93 59 8 21 97 12 13 18 14 49 9 16 92 34 15 66 36 47 14 93 66 58 33 82 78 89 20 88 7 21 69 52 80 29 74 77 41 87 48 56 88 9 24 80 43 40 47 31 87 13 76 5 71 9 88 49 51 8 89 58 29 10 10 9 39 84 39 33 23 39 41 12 48 65 44 43 5 43 75 44 56 3 50 27 13 90 28 64 98 70 22 80 80 32 89 72 69 80 5 
92 19 46 4 67 11 49 63 69 92 90 13 49 93 15 28 6 5 57 70 56 27 44 36 59 29 25 31 98 6 88 90 77 34 95 97 98 96 60 67 88 50 32 89 43 0 18 2 5 27 24 61 6 69 97 65 50 75 49 48 33 37 90 10 24 85 7 22 33 19 41 74 69 25 63 65 25 33 67 31 60 91 44 66 12 94 84 62 69 33 62 54 22 53 64 46 90 24 68 24 43 61 98 65 87 13 30 64 47 49 47 7 92 92 26 57 86 10 19 7 95 34 61 17 87 77 64 29 1 84 53 97 98 3 62 85 17 44 1 64 93 49 23 85 41 49 42 79 11 14 38 6 0 99 24 87 28 40 68 30 76 22 79 74 77 93 11 94 37 13 58 30 62 34 67 55 83 62 34 95 28 72 53 28 23 77 67 51 69 35 33 46 9 12 72 87 57 36 81 94 
49 92 76 63 26 44 18 61 6 52 56 86 76 10 14 51 39 81 2 61 68 88 59 78 52 31 65 10 67 98 4 68 90 81 31 68 77 49 30 35 53 38 21 81 0 35 32 92 68 87 53 88 75 12 66 27 95 83 89 15 82 94 35 24 27 67 93 4 68 75 39 74 13 12 55 66 47 40 58 67 27 11 55 2 75 74 81 22 57 71 89 39 17 25 64 44 44 9 0 12 84 39 86 49 51 94 15 50 34 25 69 13 36 76 15 63 50 48 86 60 71 27 51 88 52 15 84 96 76 84 61 12 75 47 62 78 93 29 80 79 55 49 92 43 78 59 7 80 8 45 40 31 24 92 20 77 59 56 25 36 93 86 48 68 86 62 99 79 44 79 59 99 81 3 94 59 63 53 91 23 50 32 54 75 76 74 52 35 83 77 23 76 64 24 96 2 86 95 81 30 
27 92 81 8 96 28 19 59 81 10 82 32 94 36 7 70 63 11 6 98 40 81 74 56 5 70 58 92 18 92 74 45 84 8 53 32 36 24 43 69 86 25 1 81 14 60 3 29 23 9 79 64 43 53 72 48 75 83 92 93 75 19 90 11 27 95 44 15 19 87 84 58 65 38 39 31 98 42 12 22 4 91 38 47 96 62 47 71 45 40 17 20 59 59 32 86 55 76 53 26 15 37 84 80 27 75 11 26 70 75 0 74 66 90 73 62 52 20 86 98 12 55 18 71 14 2 9 69 78 62 96 46 52 80 26 79 8 90 57 78 17 57 52 84 99 77 98 52 49 36 50 62 91 20 33 58 23 95 27 53 57 75 99 61 8 78 93 16 20 50 94 37 60 98 21 59 27 72 11 28 8 13 90 52 34 76 10 57 71 89 62 80 65 62 42 25 40 35 41 60 
37 87 97 97 37 71 9 64 43 72 92 3 86 35 7 72 63 17 29 86 7 91 66 24 5 60 49 97 47 42 57 37 29 7 86 66 30 95 82 25 68 26 28 6 61 36 78 76 5 59 62 12 2 81 88 60 41 37 57 41 31 15 78 60 74 64 78 4 12 12 29 32 39 9 38 52 97 68 29 3 79 91 67 33 72 56 93 66 93 51 7 25 18 37 37 92 53 68 48 65 32 29 97 71 38 87 24 36 7 5 39 86 96 6 20 21 62 13 87 8 16 46 85 34 35 74 78 88 94 78 6 27 7 3 50 46 43 74 34 50 79 73 37 28 31 9 49 46 74 88 54 91 86 91 77 21 17 8 9 12 86 67 91 94 71 41 92 66 68 26 16 99 99 5 27 82 66 28 28 41 16 34 84 2 25 13 75 95 21 37 7 60 4 50 54 27 91 46 93 59 
72 62 59 23 67 38 5 86 67 86 79 35 20 63 90 98 28 65 93 50 2 52 62 7 2 16 34 93 14 28 5 38 90 64 13 9 2 70 47 21 56 26 57 77 41 47 27 70 12 20 72 67 72 34 74 26 2 8 71 16 88 76 6 30 92 19 92 47 89 39 68 46 66 77 75 59 24 2 29 89 74 53 56 98 87 82 24 89 42 95 57 31 24 63 13 16 34 57 63 24 97 32 22 15 61 49 74 38 3 56 27 77 9 35 75 49 69 99 90 11 46 0 94 70 63 60 87 50 17 50 74 14 34 48 81 96 97 8 86 0 64 65 29 25 0 4 74 21 55 17 32 1 17 27 24 80 87 11 82 56 13 56 71 0 56 4 48 5 12 34 5 28 99 34 54 51 90 80 72 45 97 56 99 14 83 23 47 22 86 29 79 51 38 2 3 94 58 51 0 71 
37 57 99 88 92 5 91 34 86 63 80 83 20 79 98 55 54 45 30 40 74 61 91 12 15 95 59 73 98 59 96 88 16 96 76 60 53 68 95 39 83 27 23 55 58 21 63 12 18 93 4 44 6 47 57 21 94 68 46 45 27 43 33 95 91 61 8 44 29 55 84 65 82 59 20 92 32 35 4 50 80 60 94 86 7 3 59 2 71 6 47 50 49 32 98 40 93 6 36 75 61 20 40 95 79 12 87 63 48 43 13 28 3 60 67 62 15 26 64 39 32 63 41 33 95 39 25 89 45 62 64 58 34 56 53 66 20 92 29 68 35 95 49 90 55 16 53 22 94 69 61 79 33 3 12 80 42 90 21 40 52 37 98 38 93 4 4 14 96 34 34 84 29 35 74 36 3 27 58 98 97 72 29 82 27 93 62 69 83 36 61 87 73 60 26 67 16 82 33 12 
16 19 96 97 55 71 33 10 50 44 60 99 16 89 33 43 83 48 64 18 84 26 58 57 38 36 76 54 18 9 18 35 81 15 32 36 38 18 98 88 62 59 40 78 0 73 73 83 21 37 54 5 15 12 63 53 0 39 59 18 1 78 53 82 93 38 70 83 56 68 71 70 27 11 48 28 37 21 63 58 10 69 64 26 33 79 31 33 18 91 52 71 69 57 53 14 95 23 97 3 92 20 73 71 84 73 51 21 46 67 79 57 36 95 35 70 74 66 55 45 57 7 16 78 65 70 44 12 45 41 16 89 62 41 61 98 15 12 19 13 31 50 70 68 46 5 90 20 24 45 17 33 5 34 12 70 56 56 34 1 50 2 91 64 96 4 62 11 68 81 76 0 83 47 68 29 4 10 2 80 55 19 14 60 53 78 82 61 34 69 63 36 71 6 0 67 10 14 30 30 
47 7 30 31 6 50 60 62 60 62 95 16 34 9 28 39 87 63 1 73 84 16 10 55 74 62 75 84 77 57 66 24 16 97 55 74 47 68 89 8 82 84 76 16 93 56 56 32 71 57 5 55 25 15 63 99 78 38 35 7 47 1 31 16 98 39 90 98 7 79 6 89 15 34 6 60 90 14 92 62 23 98 69 48 65 32 47 95 22 34 2 70 35 86 86 86 25 28 84 84 60 42 73 75 76 31 36 18 45 80 32 68 30 2 68 96 34 15 43 57 1 98 79 89 84 65 75 61 45 11 45 5 53 70 33 81 54 69 99 99 1 84 20 32 86 88 28 72 56 23 29 57 21 60 46 57 25 73 18 23 84 15 28 89 86 61 70 92 82 22 91 84 6 63 16 92 52 96 16 60 19 46 69 93 58 68 50 36 41 21 59 78 36 87 67 74 1 38 66 83 
60 10 19 66 73 35 10 77 83 26 89 55 24 59 48 83 27 50 19 20 71 78 98 60 17 66 34 18 4 53 54 16 15 73 82 88 61 44 18 44 22 7 51 47 18 99 82 45 2 53 66 73 31 16 33 0 82 20 71 38 25 25 54 40 50 88 80 11 32 98 8 7 58 59 54 76 11 36 74 13 89 92 38 72 8 24 24 43 96 95 81 21 20 88 13 23 76 93 34 61 44 94 68 54 6 74 82 69 62 8 34 3 0 72 27 61 48 51 56 44 47 89 17 19 77 82 42 6 76 29 67 72 75 87 78 81 13 60 50 75 69 36 78 21 61 57 34 9 8 90 6 7 80 75 27 9 58 21 15 86 2 34 58 78 21 36 11 86 48 14 61 17 50 91 91 11 48 77 21 9 68 79 16 0 54 95 9 12 17 25 50 71 11 8 49 85 96 61 71 45 
27 33 14 77 76 57 89 77 35 62 86 55 93 2 55 47 98 16 12 15 93 62 38 5 23 88 90 71 1 61 68 28 46 83 57 75 92 46 52 27 60 38 82 53 40 89 53 38 6 17 5 51 31 44 56 6 84 98 78 85 12 46 65 58 81 22 85 74 21 37 1 33 75 36 39 68 25 44 6 83 61 64 35 92 60 43 99 44 42 29 81 54 75 98 64 57 72 50 83 93 39 36 79 15 72 18 35 50 62 41 85 75 57 20 67 17 64 18 13 6 47 46 12 75 44 76 84 69 78 67 62 18 3 93 85 28 11 20 30 25 13 15 0 23 88 20 92 52 90 6 10 38 4 74 65 1 2 49 70 81 16 84 51 71 78 88 99 41 8 29 19 73 97 19 96 85 91 89 89 82 47 99 72 51 73 37 4 27 86 74 8 54 59 11 25 89 99 25 30 59 
6 49 85 55 21 81 40 12 22 29 46 21 80 70 73 53 7 29 33 45 4 93 99 15 5 77 4 56 2 34 68 60 36 53 16 57 34 56 21 9 38 20 30 18 90 55 24 98 85 57 95 41 50 47 56 7 24 60 64 78 46 32 38 34 85 6 43 71 15 65 32 53 85 63 71 75 18 47 25 55 4 73 96 55 20 52 62 44 64 78 22 63 62 12 97 99 19 41 71 86 58 55 39 95 18 62 22 89 62 0 96 66 73 93 73 93 97 88 89 14 66 11 29 81 75 26 80 94 19 3 80 29 59 71 24 29 86 47 70 48 99 67 66 72 12 40 17 9 80 6 75 98 69 4 79 44 83 60 91 54 63 23 84 22 47 60 4 33 59 74 33 58 41 99 82 53 39 99 15 71 57 42 70 78 99 49 75 82 9 66 88 25 41 72 47 88 85 3 73 44 
78 6 55 19 6 37 25 97 89 92 69 46 34 39 77 33 40 52 67 50 70 56 75 11 80 74 52 65 78 25 62 56 32 17 27 90 54 4 39 95 96 8 94 83 99 71 68 40 75 88 42 45 44 69 8 24 43 60 42 73 86 4 81 70 73 9 60 27 65 99 75 14 60 69 49 11 92 17 3 67 5 45 12 1 14 20 78 10 33 20 35 71 76 17 41 49 78 53 28 43 52 3 57 64 72 6 76 64 76 31 31 33 77 95 35 43 68 13 5 1 33 41 72 61 58 65 10 88 18 38 31 22 42 41 39 66 99 15 83 27 98 66 61 75 62 96 71 82 9 76 35 94 69 59 55 79 24 17 67 42 55 51 16 49 92 55 16 43 22 99 71 21 65 32 48 79 80 19 61 89 48 96 35 17 7 42 49 31 59 16 25 66 19 42 16 63 97 32 7 72 
83 78 93 0 62 41 80 42 61 93 83 61 42 70 30 49 12 79 81 23 48 58 89 67 0 57 31 50 41 90 22 24 20 15 25 82 8 57 76 69 50 59 30 44 81 13 94 45 92 27 20 92 85 9 60 38 19 43 88 60 33 62 85 53 29 62 87 37 71 15 59 21 26 41 18 7 54 12 52 47 91 72 39 28 33 51 66 52 94 6 65 79 20 2 84 49 64 23 87 35 38 46 8 64 87 26 23 94 90 75 41 33 99 32 62 33 36 80 37 82 39 54 62 59 56 98 61 20 22 48 7 12 46 68 29 85 46 52 79 89 28 72 74 79 57 36 64 93 69 2 75 60 8 89 19 65 40 80 37 62 80 97 26 78 65 55 64 63 8 95 52 88 68 27 67 25 15 32 70 36 86 97 96 94 87 68 59 27 48 49 41 81 46 19 59 63 75 75 26 83 
71 79 23 91 58 90 16 25 22 38 62 60 35 10 55 74 78 66 53 79 15 46 60 13 66 71 76 41 47 3 76 70 34 99 61 44 41 29 69 16 67 83 76 2 94 83 29 72 2 82 51 69 29 63 83 47 35 59 88 34 14 16 4 48 67 65 92 60 94 14 76 13 97 5 67 91 40 96 16 42 79 67 64 60 83 47 7 18 58 47 4 25 15 60 25 34 77 70 94 23 84 23 36 33 28 3 25 68 0 93 63 31 60 27 91 43 26 98 13 36 97 69 61 12 29 39 46 6 9 40 29 93 63 65 26 43 21 3 64 73 96 27 4 9 6 95 4 84 45 70 72 42 39 86 54 69 25 52 27 34 92 57 27 8 74 5 51 47 61 15 20 57 94 24 18 52 71 23 36 16 93 9 10 84 47 16 53 72 68 33 6 13 90 85 21 16 42 24 64 3 
40 36 13 86 61 31 39 32 6 75 1 51 36 63 36 83 80 41 7 48 74 13 13 64 50 34 33 93 11 49 96 51 85 61 89 46 93 28 31 99 56 84 3 44 47 39 80 27 80 87 28 55 53 41 71 3 28 4 96 39 5 45 42 91 6 31 89 51 12 72 3 68 56 6 64 56 45 44 83 77 32 63 32 85 57 4 40 37 60 89 28 66 34 70 9 92 53 98 96 65 23 51 85 31 9 50 87 6 94 23 83 78 86 16 15 95 20 56 32 32 45 60 98 31 82 59 75 88 10 71 53 33 74 91 64 83 41 52 89 87 75 73 66 13 41 81 9 13 89 93 45 34 6 96 65 88 55 93 76 65 64 82 98 91 73 15 74 66 67 16 5 94 89 23 7 82 5 68 95 46 62 40 81 68 36 98 8 44 91 85 61 8 19 60 99 44 75 25 62 94 
41 67 88 82 91 47 64 48 16 59 94 78 52 75 46 40 26 6 84 17 91 46 25 62 58 24 6 85 2 68 31 43 88 19 78 79 66 42 79 82 54 73 12 6 1 10 98 27 17 83 96 60 81 22 23 91 98 81 28 0 2 59 96 90 30 74 21 48 16 0 31 22 25 95 28 26 6 79 5 23 14 2 83 95 76 58 38 74 40 66 75 94 77 71 84 7 97 5 55 13 57 38 88 82 34 68 61 92 47 18 15 61 20 50 8 48 61 46 23 53 64 50 47 41 73 31 48 70 88 56 35 45 94 23 79 80 92 40 24 39 11 39 1 31 42 61 80 3 8 55 8 72 57 55 66 30 86 66 52 26 22 87 23 69 11 2 1 55 95 26 46 6 17 99 89 11 61 21 66 69 28 74 93 85 29 59 15 67 78 67 93 0 7 68 21 70 23 23 25 70 
49 23 28 18 23 69 30 84 91 96 5 71 71 50 57 52 62 24 20 40 44 65 92 51 34 14 21 9 37 98 79 38 73 7 56 96 76 86 32 19 35 89 91 6 40 0 58 54 24 30 94 68 96 86 71 82 0 44 91 89 42 22 27 68 29 36 64 57 74 49 29 9 38 20 67 78 72 78 84 96 60 78 17 56 17 88 90 69 33 81 11 27 3 90 95 84 26 12 94 53 61 23 62 99 95 82 30 67 12 14 15 72 45 32 29 14 73 71 83 6 5 94 85 8 85 33 45 63 45 39 16 6 14 31 57 9 65 39 28 77 6 43 49 51 76 30 17 49 2 0 7 7 47 92 67 84 25 64 99 22 55 68 80 69 99 38 30 64 77 58 41 35 2 42 86 30 73 3 79 27 56 38 34 55 82 53 91 60 18 90 82 73 58 63 95 9 53 25 73 30 
36 66 66 38 9 4 20 34 60 51 61 68 89 47 23 71 0 14 31 18 56 14 44 15 29 39 24 82 16 50 64 52 68 30 42 77 87 62 63 99 13 76 67 2 23 42 26 24 8 57 94 64 23 90 31 52 81 8 34 98 58 99 2 26 81 45 56 20 7 71 19 73 48 38 75 71 32 53 47 40 11 94 5 86 36 88 39 18 96 25 16 6 76 70 33 10 15 41 30 75 12 2 48 60 92 75 84 25 29 83 65 40 29 22 78 66 11 17 84 59 95 52 66 71 22 51 81 38 92 64 13 56 66 13 69 58 88 5 35 17 88 1 9 18 75 88 84 38 57 20 98 4 72 16 76 94 67 9 84 11 73 49 67 91 62 88 2 3 93 37 20 82 90 82 52 66 22 88 4 31 8 54 36 32 70 64 78 89 73 63 0 99 12 20 42 27 8 44 30 2 
34 2 36 24 36 40 90 58 28 47 90 88 53 78 72 24 42 50 13 67 13 14 66 78 86 9 57 94 5 87 48 39 41 84 64 78 24 6 88 4 5 30 44 59 8 16 83 2 67 48 70 32 14 36 62 0 97 19 95 3 58 43 42 0 80 6 30 56 65 18 13 70 1 57 29 9 26 64 12 45 13 82 77 27 70 92 80 68 11 75 71 22 70 65 74 2 72 4 11 89 74 24 59 75 33 41 37 59 5 49 4 18 83 34 98 5 26 78 73 89 5 96 11 27 62 37 82 86 41 93 75 68 69 86 43 2 27 32 14 33 81 18 3 16 4 53 22 82 83 47 72 40 96 35 68 58 73 2 96 66 47 23 34 16 61 30 18 89 62 84 74 96 55 29 64 59 35 38 42 18 86 66 59 82 53 79 92 78 81 40 45 28 15 31 96 76 13 66 17 76 
51 43 24 6 73 88 17 8 27 59 78 65 77 37 99 83 68 91 61 1 83 58 81 98 90 77 26 3 44 44 31 95 87 55 53 60 96 70 20 75 82 51 40 11 40 39 94 9 82 56 10 17 14 92 67 56 21 93 12 65 37 43 12 25 51 17 37 99 88 10 74 22 61 66 33 1 57 28 62 91 36 25 8 2 69 75 59 90 68 71 8 6 66 72 83 17 90 72 68 30 82 42 4 95 60 37 49 17 17 11 8 53 88 16 8 57 43 67 48 64 38 8 22 56 80 5 74 22 77 42 52 12 37 8 7 97 46 56 67 15 20 75 21 8 44 29 18 87 96 18 51 86 26 73 42 58 30 68 81 60 63 85 72 52 94 31 1 92 40 68 7 60 44 80 20 40 9 38 27 57 56 31 43 82 56 38 93 39 58 74 99 21 11 23 25 5 54 27 97 94 
95 57 54 91 37 27 31 47 65 59 56 74 42 52 8 50 90 1 89 0 75 40 74 87 63 99 44 18 26 94 12 74 51 19 65 40 98 97 39 63 8 96 37 50 48 46 52 90 47 42 90 75 34 64 14 98 16 58 16 94 52 80 68 55 51 34 96 49 31 35 13 39 31 2 41 79 0 45 21 0 39 64 75 74 80 41 72 96 99 88 91 4 20 11 59 72 45 55 21 28 91 34 19 74 89 12 6 89 58 27 89 97 91 16 71 72 57 95 20 9 83 11 13 56 23 72 28 20 80 49 49 71 36 68 97 77 81 3 66 91 31 8 88 74 76 12 98 86 7 19 95 43 82 60 99 57 32 27 78 12 28 79 35 16 99 33 93 32 88 12 23 71 72 64 46 48 76 44 86 83 15 33 26 98 93 77 55 78 56 85 42 85 16 78 1 16 63 47 0 3 
59 24 75 31 88 21 31 16 17 18 99 33 3 78 83 97 55 90 75 64 28 17 49 44 47 2 12 62 49 13 66 60 37 93 91 77 14 75 93 83 45 44 68 48 74 51 97 30 94 72 46 22 42 95 18 41 49 31 56 51 44 22 11 33 15 55 62 81 30 55 16 27 99 85 27 74 88 25 56 82 97 2 56 91 49 75 33 50 58 89 1 2 63 13 87 30 68 49 63 50 4 79 77 55 16 4 81 5 81 89 39 79 43 96 22 44 23 7 95 81 48 96 35 63 61 22 45 29 71 8 31 27 40 60 34 8 17 68 65 98 9 5 29 5 53 52 1 76 11 96 9 60 45 44 23 6 18 69 88 89 29 19 68 21 32 54 82 49 74 47 47 84 4 29 41 57 81 42 85 92 91 46 4 36 90 28 94 8 49 82 49 30 54 69 52 86 24 34 87 50 
33 86 86 38 15 27 95 48 22 33 93 13 79 97 1 22 77 95 30 78 30 32 9 36 1 13 22 77 99 61 28 32 47 66 70 63 94 18 63 16 3 56 81 82 54 82 56 83 77 39 62 59 71 71 95 24 36 69 54 35 30 82 19 30 0 42 45 94 60 8 62 15 65 43 49 71 77 6 6 7 45 68 66 68 91 62 92 79 83 46 14 66 80 86 96 81 28 41 27 88 1 90 55 18 85 4 41 63 10 48 70 55 68 88 23 12 2 68 91 86 14 58 52 47 44 0 28 72 93 55 12 94 97 67 13 35 23 54 98 34 54 20 41 75 60 17 87 63 85 30 49 51 40 53 98 84 53 78 8 46 34 72 92 83 91 57 18 15 64 68 1 18 40 42 93 1 59 32 64 44 63 65 48 3 70 46 40 75 25 0 73 11 25 65 46 68 23 17 35 87 
85 36 57 78 79 3 31 90 35 95 87 50 12 35 6 82 81 98 57 58 50 30 69 27 47 16 96 22 33 31 61 70 68 19 0 99 74 31 89 61 78 28 12 90 63 70 24 97 20 33 55 70 15 25 98 63 93 46 85 78 77 47 48 97 18 49 96 92 80 38 53 59 66 17 1 82 39 78 79 59 11 34 82 27 11 32 42 56 78 79 34 55 78 83 5 96 84 1 40 16 91 46 27 10 15 29 92 55 59 71 66 70 57 48 49 21 80 43 77 10 23 12 66 53 47 71 2 83 24 42 99 68 40 27 78 56 8 70 63 67 93 29 37 50 30 39 23 10 82 1 73 57 65 39 11 64 62 13 47 38 7 46 6 48 25 84 4 33 54 67 0 99 48 90 50 78 81 73 41 63 26 14 21 43 5 84 7 19 97 54 57 4 1 16 52 26 0 8 12 7 
27 12 6 76 54 8 54 35 34 47 51 12 61 24 56 18 8 63 37 5 70 47 61 71 63 14 49 15 74 61 22 2 26 81 78 32 41 84 20 27 84 23 40 45 47 48 16 7 63 53 64 33 0 25 56 63 91 6 79 18 19 53 20 97 86 50 82 80 86 2 7 70 25 99 68 24 99 84 83 63 89 47 96 90 24 5 5 68 11 36 86 82 42 6 80 80 8 14 60 94 16 20 17 93 71 85 69 71 21 52 86 10 51 34 52 27 39 58 95 2 46 33 85 88 91 17 69 99 31 81 46 99 53 63 44 25 0 13 48 21 17 86 31 20 20 84 99 60 94 47 14 40 80 51 81 24 20 2 23 3 35 21 2 89 84 98 66 36 63 14 57 80 0 41 52 72 77 52 84 23 51 99 15 31 50 96 7 71 50 31 74 86 4 29 75 41 27 93 77 91 
7 87 23 59 28 28 31 57 80 68 80 83 67 95 66 69 44 74 40 46 5 67 32 61 48 59 2 75 52 80 18 11 67 42 70 47 70 54 4 2 22 36 85 41 83 51 10 27 25 3 26 82 22 58 44 70 70 98 45 22 78 64 86 97 58 56 96 28 62 52 82 36 88 67 77 24 70 40 3 48 43 29 30 65 88 26 87 10 25 32 32 55 48 18 5 58 27 1 38 41 54 20 78 94 39 7 70 62 47 74 10 90 3 92 7 43 19 94 53 96 79 38 51 79 8 56 38 87 10 28 29 16 1 59 62 40 66 33 54 14 7 64 56 62 57 16 6 28 62 11 76 41 49 79 73 10 88 63 97 98 91 26 66 92 85 28 85 52 61 39 18 20 4 26 35 13 42 93 93 5 4 21 98 6 0 23 16 88 86 13 38 78 40 4 22 77 33 7 81 46 
47 51 19 3 78 54 68 72 47 13 29 3 34 80 9 86 3 77 75 90 91 13 20 83 70 42 60 3 50 94 1 49 45 72 4 23 78 24 48 25 37 77 81 23 57 42 9 61 20 84 3 11 50 23 94 20 65 6 75 67 0 28 68 46 1 72 21 79 48 69 57 85 99 90 60 8 32 70 21 52 6 24 63 8 47 9 28 65 68 55 84 68 84 53 66 37 77 40 68 26 61 77 63 12 67 24 21 0 94 42 4 52 19 68 61 18 29 41 83 97 97 20 18 33 73 36 22 2 76 90 28 90 68 44 2 87 68 23 39 14 18 44 66 37 12 27 55 93 21 91 91 18 63 61 3 36 97 25 90 74 15 19 64 35 63 18 23 83 42 62 97 12 6 15 49 70 95 56 64 16 99 7 34 62 68 37 50 65 14 41 91 29 12 7 65 27 26 40 62 20 
2 59 32 61 74 33 31 21 41 47 37 93 6 23 55 74 12 58 92 26 51 35 56 63 95 73 42 73 13 4 93 67 15 77 80 41 62 64 63 3 11 0 96 70 24 4 96 36 62 40 63 13 76 71 28 23 96 70 96 61 26 89 80 41 18 61 82 80 25 45 83 88 98 32 58 22 88 55 10 50 95 25 15 23 48 43 46 44 65 42 5 43 83 86 84 53 99 18 33 24 16 69 12 14 53 23 88 41 30 50 91 25 76 58 1 76 53 99 21 18 94 78 61 77 64 97 31 63 15 16 39 31 85 4 97 38 27 37 31 9 88 22 34 16 32 87 92 85 87 13 3 81 44 16 10 8 65 93 24 33 10 63 64 47 19 14 38 98 51 69 7 91 44 94 7 76 81 52 62 20 17 17 1 61 86 64 22 51 57 46 84 19 61 1 67 33 67 57 31 70 
26 39 62 22 33 21 99 14 73 13 35 91 82 88 4 20 52 26 24 62 24 60 81 38 61 0 71 80 57 2 51 36 41 65 58 74 38 9 41 12 22 28 55 57 68 59 77 73 38 1 35 62 62 68 0 75 69 71 8 26 26 11 62 67 76 73 94 14 82 87 78 57 67 85 14 87 97 43 60 35 97 47 49 11 16 50 38 37 73 46 63 51 57 78 19 85 51 65 52 33 4 82 42 71 68 56 58 65 52 71 52 49 18 1 60 86 51 98 23 77 97 39 28 6 69 99 92 20 16 96 5 20 78 48 43 46 56 54 63 8 77 15 9 47 17 21 34 20 72 9 49 69 48 78 75 17 29 19 89 46 15 47 18 94 95 14 92 3 20 8 64 97 23 25 96 40 47 30 13 19 92 62 40 92 92 15 62 22 87 51 20 2 98 90 48 45 56 93 1 76 
1 17 25 24 42 22 17 89 4 82 60 96 44 0 41 89 68 3 63 55 54 35 9 5 25 10 2 34 3 3 62 56 20 40 32 15 62 1 4 18 83 17 67 80 69 8 69 37 11 84 44 17 19 6 22 96 16 77 30 71 80 45 79 53 85 11 68 99 65 24 17 48 93 36 80 63 96 1 52 7 85 97 25 56 55 99 53 23 76 35 94 9 80 25 14 65 88 34 64 53 10 34 54 4 22 34 67 19 36 19 26 73 68 3 30 75 55 83 98 83 70 44 44 51 69 58 68 58 44 85 11 55 71 65 11 93 52 78 12 40 49 91 13 70 46 43 45 1 78 96 37 49 40 81 52 62 92 72 20 88 57 83 43 28 1 54 74 53 84 86 93 86 29 58 56 76 2 53 29 32 49 66 33 90 0 37 52 44 10 24 32 67 59 28 48 60 82 22 65 19 
60 10 5 90 69 13 18 23 66 47 55 16 66 41 58 18 78 62 62 40 86 94 8 45 22 8 58 57 30 23 28 42 34 33 32 55 46 2 78 64 2 85 80 20 26 90 38 57 52 0 97 90 46 57 36 21 65 46 30 47 21 58 42 7 43 26 62 89 29 40 53 31 26 86 51 4 76 89 61 29 41 11 19 39 68 7 12 86 5 42 85 27 0 27 86 43 54 49 84 35 41 90 66 19 28 69 24 4 10 37 85 3 48 57 42 69 16 7 7 22 49 44 1 2 24 87 97 30 36 82 65 78 24 83 49 52 52 73 8 14 63 94 17 63 51 11 32 19 18 91 41 68 88 42 22 12 82 19 42 70 53 59 0 77 42 50 29 46 23 38 60 86 84 77 50 87 40 34 6 59 78 48 27 66 42 49 30 76 20 24 47 74 83 47 51 77 97 33 75 73 
23 35 11 7 64 13 46 4 48 52 63 78 52 42 96 47 43 26 23 64 50 22 38 85 70 41 14 67 26 89 92 49 24 4 8 40 17 54 44 17 7 60 95 11 54 43 58 98 69 34 14 71 56 4 8 26 45 22 46 72 11 90 73 87 94 82 27 12 88 24 81 47 84 77 59 38 72 69 88 42 55 2 65 12 6 26 90 4 0 88 28 12 79 1 51 25 35 79 37 24 3 19 71 39 48 82 29 20 4 18 14 59 72 32 71 79 10 14 35 10 2 63 22 33 16 74 59 52 5 48 28 60 19 51 99 19 86 80 92 90 98 6 49 23 90 21 54 0 35 89 11 89 4 85 23 20 11 34 24 16 82 4 28 54 56 79 73 42 60 65 84 10 24 33 33 14 54 87 67 41 28 30 83 32 15 6 5 79 92 29 47 74 86 76 28 94 55 54 88 15 
19 72 78 43 5 11 58 12 51 77 53 79 7 36 12 22 94 17 1 86 98 1 13 36 77 93 30 84 47 70 0 67 42 30 10 0 41 20 12 44 97 17 24 56 54 88 79 0 57 32 39 55 85 52 44 62 45 26 47 93 97 99 12 39 29 74 91 22 47 3 67 96 21 91 53 27 79 84 27 88 68 66 43 54 70 39 16 68 66 15 13 63 14 25 54 95 99 46 18 46 1 37 43 22 80 48 49 11 32 29 99 0 47 94 54 18 34 23 86 0 38 99 15 5 24 21 52 75 19 70 74 21 59 69 95 39 17 45 50 49 26 49 49 73 96 56 91 30 79 29 82 69 28 49 74 4 22 79 32 42 49 6 15 61 75 10 0 44 7 3 93 33 4 94 7 0 50 50 30 81 80 64 51 60 13 77 17 36 56 49 30 58 7 45 19 34 55 71 78 15 
74 23 48 31 17 7 31 20 10 14 1 42 78 4 2 44 34 71 80 42 20 10 52 79 7 71 13 14 95 91 29 21 66 30 52 84 89 36 56 99 50 57 41 28 14 96 72 48 67 4 42 40 66 95 19 25 18 33 40 13 76 21 87 43 51 91 79 41 27 35 92 77 44 86 58 58 82 82 58 1 39 1 41 5 48 61 31 66 46 23 80 74 44 19 17 96 10 48 89 38 83 33 67 80 19 25 90 1 8 49 55 47 2 96 4 50 9 87 16 7 10 48 82 7 67 51 55 30 0 44 68 35 77 35 15 49 13 6 2 73 7 57 20 61 6 76 11 67 64 79 75 26 80 57 33 47 60 88 29 12 84 49 48 14 85 15 15 50 73 17 23 32 75 95 93 81 23 56 48 87 36 75 66 16 84 51 15 45 92 97 57 28 46 57 42 83 73 9 33 98 
27 8 31 2 3 76 35 27 33 35 66 21 11 84 89 95 36 4 92 28 1 50 56 0 7 51 83 32 60 17 31 39 25 14 41 81 90 28 8 75 64 26 96 27 11 85 22 99 42 15 27 95 17 35 95 76 38 79 9 51 48 92 90 25 6 84 6 48 12 66 76 28 93 24 55 56 62 30 55 4 97 34 51 14 69 99 90 60 30 51 63 78 43 5 55 1 41 62 2 6 28 78 34 73 2 42 29 64 72 84 20 69 18 24 35 40 23 25 52 53 77 67 83 72 72 90 74 14 52 76 72 33 54 6 6 8 0 36 73 72 72 45 93 91 69 28 83 92 6 35 97 35 2 32 7 26 23 33 92 27 9 64 60 15 23 67 76 23 3 49 48 75 46 93 18 16 74 53 60 80 88 58 67 42 42 26 21 17 60 13 45 21 30 5 89 5 24 65 80 27 
66 80 55 12 74 25 28 48 79 41 80 19 51 47 14 93 25 35 63 37 0 8 59 82 65 0 87 90 17 20 69 83 0 76 47 74 54 28 22 33 69 2 4 20 1 18 13 27 53 28 64 6 36 75 88 54 27 28 96 44 48 17 27 48 94 27 75 48 55 97 33 24 52 37 44 5 56 9 84 61 38 49 67 26 76 8 80 4 36 76 48 36 46 28 36 40 55 11 40 10 61 25 86 65 62 30 70 70 39 55 84 77 56 51 4 32 11 36 88 99 65 89 35 11 17 24 3 24 35 95 86 48 20 72 13 34 2 36 57 93 43 41 23 51 44 79 35 56 15 24 7 32 13 43 43 82 19 98 6 54 93 92 55 65 16 68 52 18 56 9 63 99 2 86 2 46 65 38 54 33 62 62 65 75 57 61 57 76 59 15 82 53 59 37 70 75 58 22 45 14 
83 8 66 85 95 20 84 12 58 38 45 20 52 11 47 61 72 56 89 31 71 24 36 30 61 59 57 71 81 2 38 65 11 56 2 58 76 86 70 35 77 16 55 29 79 55 43 51 11 32 34 35 56 23 17 70 34 75 41 15 77 79 32 88 87 87 98 64 73 69 99 50 37 6 32 16 61 75 19 25 59 5 60 68 80 77 90 14 52 31 82 82 63 66 22 50 53 21 66 27 90 65 29 79 24 61 47 85 88 66 10 48 23 22 68 4 0 58 70 4 41 52 86 56 19 9 59 72 30 25 51 72 43 81 3 67 42 50 4 31 68 67 31 91 89 51 47 89 61 18 94 2 70 32 59 41 93 70 66 23 95 17 47 90 98 2 57 93 52 62 24 72 81 7 64 70 10 63 60 71 81 6 73 4 90 84 97 84 54 63 59 2 81 59 92 31 61 2 24 14 
64 0 38 45 59 2 67 69 18 79 40 51 85 66 7 28 2 5 12 57 20 71 11 53 30 3 85 44 5 9 10 21 10 48 18 69 3 86 91 21 65 31 72 3 49 32 31 52 37 95 61 9 66 72 63 49 75 48 93 33 9 3 6 71 51 25 93 54 63 84 27 80 67 52 83 17 84 66 21 73 61 82 82 80 54 45 81 81 45 74 66 55 29 73 78 32 50 71 39 13 7 66 45 75 18 29 44 2 47 65 27 9 99 10 41 5 7 22 86 53 48 5 60 77 30 90 9 80 62 0 45 69 67 90 96 37 71 92 92 19 9 19 28 8 81 21 13 89 43 52 94 91 57 6 68 87 96 29 19 10 30 64 32 49 6 80 86 78 73 30 49 82 50 77 91 31 50 56 72 93 8 66 84 17 24 4 56 21 85 75 83 67 91 15 16 50 96 55 80 69 
85 29 3 87 58 94 71 8 3 43 1 11 62 37 81 86 41 37 59 78 65 43 46 8 58 62 10 6 69 90 27 7 19 31 94 77 77 17 85 80 61 38 44 75 75 25 61 68 14 73 47 31 16 93 40 26 7 50 33 29 93 60 36 12 43 82 90 21 0 75 53 13 14 97 88 41 74 1 10 89 74 9 72 42 54 64 69 13 15 2 42 8 14 30 72 58 13 62 31 65 90 84 30 56 34 70 97 8 71 59 49 98 20 22 40 74 86 61 88 53 63 82 13 30 65 86 40 30 0 71 95 90 55 77 98 89 47 48 50 18 7 99 68 80 73 61 54 60 22 94 65 38 29 79 68 94 17 60 24 17 31 71 60 38 48 58 80 95 6 82 65 66 81 86 46 7 47 0 67 21 47 84 59 76 63 79 70 80 39 46 50 22 69 10 61 17 68 93 64 27 
75 81 93 8 67 39 15 66 91 34 88 38 19 47 66 82 27 36 15 18 34 17 41 3 27 54 72 47 47 36 74 74 70 67 82 37 6 98 56 50 32 44 88 51 91 55 86 70 43 53 41 30 70 82 33 97 88 58 44 35 46 19 61 16 38 43 6 45 93 62 47 78 6 35 81 49 42 19 72 38 72 13 68 42 47 53 91 35 11 88 22 58 59 83 26 97 78 32 94 24 46 41 2 4 29 83 54 23 3 78 61 27 91 29 22 38 83 65 25 46 5 47 56 64 82 83 14 60 67 60 84 66 54 38 70 83 74 76 6 29 54 20 56 97 49 30 35 84 96 12 83 1 11 39 18 93 74 32 6 94 44 42 60 98 81 82 81 55 59 40 36 13 60 92 11 61 75 98 98 71 63 81 72 74 72 42 68 47 26 26 93 71 68 5 69 1 87 3 8 46 
43 44 12 55 89 75 68 64 25 66 35 40 99 59 15 72 54 35 71 80 61 64 51 81 21 21 83 8 24 43 7 19 88 71 26 29 98 94 93 75 13 80 16 12 91 31 84 45 18 7 26 31 23 77 12 44 50 47 53 26 91 12 45 79 83 23 60 33 18 53 8 83 33 24 95 76 7 32 22 25 39 48 56 63 77 21 7 80 68 12 6 59 76 52 90 11 75 50 44 45 55 53 28 88 29 76 17 37 8 39 62 47 39 71 62 68 92 22 48 60 86 55 72 63 59 62 74 86 65 19 84 20 24 12 61 53 40 78 90 48 69 5 48 8 28 62 76 20 84 77 32 23 32 4 86 91 19 12 77 84 31 61 56 7 26 17 61 18 47 3 67 16 8 67 24 36 81 53 8 66 30 41 89 14 97 27 5 68 39 34 4 23 48 61 30 26 30 91 44 78 
47 63 94 55 30 71 44 64 76 4 82 6 97 23 72 95 50 77 63 89 63 20 64 63 81 95 89 63 38 34 41 85 97 88 93 80 11 89 96 87 93 78 45 91 1 17 38 51 46 53 92 61 73 57 25 6 4 14 70 94 0 11 80 50 51 25 82 62 14 78 49 7 56 46 50 57 63 88 60 9 94 52 71 67 61 48 74 17 62 44 12 63 7 44 13 59 69 95 21 83 73 23 42 81 69 45 38 85 33 98 94 79 2 17 47 16 65 73 33 80 17 97 43 76 41 8 35 62 55 9 97 80 84 40 61 53 37 51 38 22 49 85 2 3 54 49 71 72 22 57 52 91 54 47 19 48 7 55 10 62 16 8 42 0 0 55 53 37 6 44 59 7 29 13 62 35 62 34 7 36 91 59 79 45 58 99 45 65 6 56 79 22 16 21 22 68 76 27 57 34 
23 68 41 52 82 4 88 96 38 47 33 81 59 64 78 17 63 24 35 21 80 14 43 48 36 17 16 64 97 73 51 20 93 92 25 75 48 65 72 38 12 57 19 71 21 98 41 37 22 76 58 54 90 54 54 78 23 70 95 72 95 46 93 88 90 70 16 91 35 88 29 99 45 1 71 18 51 64 55 25 40 66 31 82 72 85 61 47 7 8 20 54 6 13 94 96 35 10 39 70 50 69 69 95 22 92 66 25 8 73 50 48 39 81 83 63 18 44 11 25 4 31 31 10 96 25 6 31 88 46 53 38 67 74 86 41 19 52 66 27 25 68 28 17 1 11 80 19 55 91 96 11 22 27 21 70 4 79 1 92 77 6 31 96 81 69 37 0 21 55 79 46 23 7 63 24 18 44 95 25 87 91 36 62 70 9 32 27 89 86 19 66 92 2 63 25 71 52 77 44 
60 57 91 83 16 6 60 35 50 7 60 90 51 49 52 21 58 84 0 47 22 72 66 15 74 81 92 98 85 70 42 45 79 85 81 95 92 41 30 94 0 43 84 51 44 36 25 2 73 25 2 95 97 68 10 24 1 55 74 86 77 16 32 56 54 13 3 46 6 86 92 6 29 77 58 73 13 83 27 38 60 29 34 58 97 96 34 98 51 8 85 28 76 69 36 30 82 40 28 40 26 21 46 55 50 56 80 15 91 7 54 52 37 88 62 86 84 96 37 36 4 74 16 32 43 53 63 77 93 43 17 19 64 15 26 14 72 58 30 63 65 84 67 54 24 29 93 8 77 82 96 81 56 13 14 51 18 29 80 11 72 49 82 89 64 8 55 88 66 37 4 83 73 71 90 97 53 83 58 30 65 54 64 73 19 30 76 89 59 56 0 83 5 34 24 21 94 80 62 12 
17 66 48 43 89 38 40 42 73 98 25 38 5 41 63 76 71 39 66 82 47 18 17 52 53 42 25 99 22 87 12 91 5 60 34 95 50 27 89 23 77 66 13 82 7 76 11 78 67 77 12 14 47 30 18 0 72 43 52 46 83 64 89 88 76 76 35 26 3 77 49 80 43 62 15 51 90 26 81 57 55 94 71 2 76 89 55 48 84 7 46 19 23 87 60 99 63 95 25 18 72 26 51 16 40 66 19 30 44 0 39 51 46 10 53 22 51 8 22 87 67 68 7 90 8 67 89 71 14 66 42 39 92 93 55 84 11 26 14 7 26 53 58 73 15 11 95 18 72 70 6 39 38 65 30 98 32 71 22 98 38 64 37 82 9 44 67 20 70 81 79 49 87 37 74 54 0 21 73 24 91 31 64 82 96 46 80 80 17 2 78 7 18 16 90 27 12 57 99 83 
38 78 84 77 67 58 32 20 79 57 44 71 88 60 5 84 6 85 64 76 40 94 83 58 62 73 86 75 30 37 10 21 68 94 50 35 52 82 7 83 39 52 6 79 64 11 63 23 49 79 99 89 74 34 47 36 60 85 11 90 23 73 63 43 67 14 30 71 48 38 7 40 42 13 19 6 77 35 29 26 14 80 15 40 15 14 77 75 0 40 17 75 14 33 18 33 99 0 5 99 38 12 39 80 77 11 87 54 98 68 32 64 49 99 5 64 14 82 91 66 74 8 93 88 93 63 22 92 63 79 92 2 43 83 34 20 46 73 27 44 42 11 9 91 11 14 7 77 48 50 95 22 10 88 63 4 3 37 96 66 16 40 20 59 24 7 31 70 80 10 67 74 22 28 17 85 42 24 14 42 26 9 64 37 49 79 93 52 16 41 70 84 82 43 95 58 50 27 80 82 
89 47 57 63 75 74 48 69 51 62 11 77 23 28 66 72 59 59 76 76 1 99 60 35 42 56 93 44 35 73 26 76 73 83 40 0 58 40 70 61 3 33 38 78 13 57 51 73 68 79 1 69 78 13 56 72 69 1 16 56 75 43 33 0 78 25 0 88 65 22 49 20 56 40 99 21 49 2 46 17 81 47 39 60 61 95 84 82 97 1 91 24 96 24 24 26 1 24 15 66 47 16 87 55 8 86 76 57 88 75 75 21 22 14 33 35 61 18 18 58 71 9 82 67 85 58 93 86 35 60 4 34 77 91 89 37 29 17 95 69 92 22 91 67 36 24 2 97 94 72 8 65 33 42 84 70 1 78 8 88 90 13 22 19 4 63 57 86 80 52 55 25 74 98 44 62 75 46 11 69 71 19 87 4 14 71 75 67 1 83 55 92 48 77 11 5 92 68 91 24 
72 98 49 98 97 93 12 72 92 24 93 63 95 80 19 9 52 46 76 53 82 83 97 30 12 9 87 4 29 78 29 54 77 30 52 26 24 65 98 68 41 43 83 36 24 54 98 28 1 26 33 35 10 31 65 22 92 53 27 73 83 8 27 12 38 80 38 14 97 88 82 90 32 17 26 8 72 76 36 73 3 21 8 65 4 25 87 96 30 66 70 66 74 49 78 13 81 17 27 30 57 62 20 89 79 99 49 51 75 37 76 30 59 36 95 63 14 83 12 96 1 34 62 76 83 41 41 17 10 20 47 67 82 68 9 14 67 58 17 42 96 94 73 7 82 68 22 96 3 34 93 5 20 7 33 56 48 26 73 58 46 20 78 81 88 87 47 55 97 64 50 93 10 75 52 93 95 75 41 99 61 86 56 82 94 41 38 94 67 11 53 65 31 31 98 20 70 45 27 67 
62 77 13 72 52 65 65 48 92 59 99 54 97 55 36 91 48 74 86 67 37 91 84 68 74 35 40 96 80 68 63 94 45 28 67 50 94 84 50 86 43 49 92 41 56 28 84 4 54 22 23 91 13 7 60 39 42 0 35 75 20 51 69 66 79 36 68 25 73 18 64 68 67 56 61 75 85 46 79 39 68 2 31 34 61 43 25 4 95 61 31 16 12 0 34 91 89 2 69 62 20 33 82 39 89 44 14 74 90 45 66 10 99 49 96 60 44 22 16 39 35 47 55 47 48 89 90 89 43 11 3 15 44 85 6 34 29 72 60 71 17 78 34 68 27 30 29 23 4 97 63 39 45 70 38 45 12 81 34 55 92 89 23 37 74 29 23 56 2 35 27 71 14 13 40 93 96 21 17 52 18 32 92 63 2 82 60 14 15 94 22 8 83 45 97 10 26 72 66 28 
7 45 0 21 11 92 67 7 13 84 59 31 68 3 47 70 38 7 37 53 54 11 13 89 8 62 51 34 34 69 15 94 67 15 67 78 59 34 37 72 70 48 55 90 52 54 61 42 14 50 95 68 61 61 9 69 23 61 3 10 30 18 56 97 85 23 27 96 10 64 20 32 13 28 23 17 82 36 59 96 86 6 16 99 67 78 68 43 39 23 5 21 94 61 71 31 36 98 28 46 15 0 31 80 28 54 97 11 90 8 59 28 14 28 27 34 6 47 77 97 22 34 70 68 95 41 52 31 92 32 30 59 32 61 39 61 67 88 24 9 96 35 89 62 63 16 96 69 15 25 18 89 59 89 58 6 30 62 90 74 94 20 33 26 33 24 39 52 12 63 61 8 51 50 71 14 18 19 36 85 45 54 26 56 95 84 63 78 98 53 52 92 25 38 71 10 62 10 62 75 
26 75 35 77 25 58 43 95 30 79 32 27 86 58 83 81 95 46 59 93 51 64 86 76 54 9 86 16 19 48 43 97 75 31 26 0 41 70 47 71 49 79 98 87 90 82 21 85 80 80 78 32 96 16 60 50 25 99 19 97 99 14 46 75 45 73 27 39 43 75 10 44 6 61 32 96 95 53 81 75 85 12 59 34 28 72 84 6 71 55 55 70 70 1 45 67 74 73 6 17 0 69 14 6 30 46 55 25 51 88 52 88 0 64 22 81 36 59 39 7 66 94 77 36 47 75 56 22 48 14 91 48 83 5 6 65 3 61 42 6 2 95 95 54 11 69 35 47 80 26 54 47 72 83 35 20 58 91 94 6 6 37 6 41 95 65 7 98 78 49 57 80 96 4 35 7 25 22 6 6 49 12 53 21 96 88 93 6 32 87 65 38 25 71 79 20 36 38 70 67 
40 79 47 36 83 82 96 9 57 54 15 6 67 20 79 15 60 25 21 92 12 86 82 89 10 62 61 98 52 84 65 92 63 13 81 99 47 29 8 4 83 75 62 50 47 94 65 7 19 39 52 83 25 34 73 87 48 86 86 1 22 3 93 38 16 26 37 16 55 97 72 39 24 87 41 71 81 59 30 0 98 82 83 75 69 8 63 17 47 1 70 69 4 16 7 21 42 96 89 98 93 61 37 17 0 30 40 81 89 23 81 87 5 17 15 26 77 78 96 24 79 66 46 83 82 5 56 25 2 97 75 47 11 12 65 11 94 57 93 84 80 26 23 38 95 38 64 73 16 60 49 47 79 47 83 61 53 91 38 7 89 13 54 52 77 71 63 72 29 8 56 9 35 31 99 82 70 64 55 38 76 57 86 7 4 21 69 9 12 59 16 53 73 23 5 2 94 21 26 23 
29 34 85 16 66 84 99 36 0 6 74 29 63 12 36 20 85 57 81 50 17 50 3 42 73 61 96 67 82 23 43 63 57 28 80 23 64 31 11 17 37 86 46 53 50 34 25 36 92 58 38 61 8 41 55 33 54 3 53 88 26 96 52 36 76 84 59 40 15 71 9 4 9 7 57 11 42 82 99 86 93 37 99 1 31 6 35 85 9 88 74 36 36 78 72 12 62 83 4 29 54 14 33 15 21 91 27 15 25 26 1 18 64 52 72 95 58 59 32 68 99 58 56 35 36 28 99 50 63 3 79 70 69 65 85 43 8 64 10 85 91 64 56 7 16 28 54 75 87 86 95 38 45 51 73 33 31 72 84 94 27 15 64 49 32 2 44 40 66 54 26 9 18 82 16 87 62 70 62 1 9 9 39 6 60 64 39 91 36 75 37 15 43 2 16 75 56 12 16 22 
67 94 84 37 28 0 76 90 23 90 43 84 99 82 90 59 46 81 2 34 57 40 1 0 94 70 27 50 82 43 24 1 89 8 91 17 9 67 59 84 58 54 68 57 88 10 69 34 91 71 20 0 11 74 0 5 44 28 55 78 23 32 80 65 40 71 34 1 90 46 85 48 0 5 58 89 15 27 75 59 98 48 59 10 22 12 67 18 92 75 96 67 7 28 32 47 99 67 49 90 13 86 90 65 92 48 54 59 75 30 70 26 78 30 88 52 94 55 70 86 82 18 53 89 47 38 89 98 5 38 88 70 24 31 35 68 79 42 80 7 24 50 33 2 32 21 6 26 28 28 12 11 46 18 0 93 56 41 92 13 79 32 83 56 63 70 76 95 12 56 2 36 59 87 90 91 60 48 18 88 76 82 51 23 52 4 68 8 45 12 73 77 45 8 33 60 79 61 55 43 
18 9 32 77 48 74 20 8 23 38 49 51 73 0 26 25 56 95 86 2 7 59 31 4 68 64 65 99 77 20 94 47 82 78 24 30 53 45 39 28 35 40 31 8 40 58 86 49 53 72 3 12 83 34 17 51 50 82 2 27 54 97 75 36 27 51 67 80 48 58 60 84 98 92 44 90 50 82 91 55 54 94 19 90 28 36 41 78 18 96 58 25 45 33 13 72 84 32 5 85 90 65 21 40 9 65 83 11 0 74 18 6 69 38 96 49 74 90 80 45 86 38 70 83 71 35 55 7 68 60 92 58 78 13 51 39 31 86 51 31 60 69 37 81 59 34 83 34 24 63 31 62 1 53 45 72 88 52 31 56 65 24 67 43 37 18 34 68 56 85 51 16 7 89 50 66 75 85 52 51 48 83 65 49 36 10 73 77 14 4 33 79 28 0 74 18 70 9 38 26 
46 90 95 53 31 97 72 58 82 76 9 82 60 74 31 48 36 56 77 50 60 11 82 41 63 56 11 34 65 49 12 12 91 59 17 22 56 41 32 90 18 41 72 30 67 55 30 55 11 8 58 24 19 40 17 34 96 28 68 14 29 33 78 21 92 47 95 49 89 28 91 59 21 64 89 41 19 19 96 83 79 6 7 98 46 76 33 95 4 53 61 85 38 39 6 31 86 54 32 27 34 23 86 7 87 27 48 59 47 97 42 26 3 1 77 2 77 62 49 33 67 10 18 6 49 77 37 87 31 21 67 17 44 53 24 84 33 73 95 32 22 37 58 25 90 87 79 67 1 28 0 69 38 70 75 39 47 64 79 30 85 46 47 81 51 24 17 84 49 12 16 71 49 27 48 39 66 28 58 68 56 10 89 47 81 16 86 80 80 17 11 17 63 10 50 15 34 68 51 35 
80 20 6 82 47 55 73 13 35 32 33 43 42 22 90 75 90 29 56 22 46 67 39 62 29 42 29 16 10 80 51 42 0 10 76 99 65 50 65 0 34 98 95 76 73 86 52 63 67 60 86 13 27 77 27 8 71 56 76 33 37 28 76 89 38 52 89 55 54 54 7 88 4 2 17 77 40 69 93 7 29 31 73 8 8 0 68 80 9 45 13 46 25 41 87 15 46 76 70 0 82 77 41 87 31 58 16 72 27 9 31 8 40 56 68 1 9 36 33 18 33 98 64 58 40 3 73 38 80 95 38 62 24 79 1 56 89 18 80 16 79 63 76 72 20 96 73 29 85 6 47 18 4 63 29 96 66 54 34 98 50 25 13 26 56 14 34 46 84 14 14 16 30 91 88 50 39 61 31 24 19 30 43 23 93 24 72 11 78 6 10 80 31 75 7 88 89 41 86 26 
8 0 42 38 43 30 40 83 43 71 7 62 53 2 37 46 78 9 9 57 16 71 37 99 46 96 39 88 38 25 66 98 26 8 36 21 90 28 4 33 51 64 47 4 66 84 2 45 94 11 54 62 35 43 13 81 40 53 21 30 30 87 80 8 47 16 30 37 96 34 22 47 50 69 51 17 6 5 14 0 68 20 14 3 63 79 85 55 32 58 37 15 46 17 23 45 33 5 83 81 92 57 28 42 27 31 11 33 36 25 85 57 45 51 60 61 30 97 16 15 56 54 30 54 71 5 99 57 11 34 90 3 92 71 97 19 2 9 4 91 34 89 48 32 92 60 45 22 58 13 37 14 19 19 20 91 77 19 0 40 54 90 43 46 61 92 17 16 1 21 59 88 62 59 20 54 19 17 28 77 30 18 43 50 89 63 93 66 35 45 6 89 87 1 87 1 94 4 17 95 
77 28 35 91 87 55 97 58 24 25 36 55 95 31 57 85 95 50 3 30 47 62 71 34 63 10 35 9 66 4 57 43 84 92 86 71 0 83 30 24 60 18 31 56 49 88 93 96 90 48 78 37 10 49 24 74 11 11 35 77 16 92 72 0 85 58 24 37 93 6 61 6 76 45 14 25 85 7 74 76 55 52 65 66 54 41 92 65 53 27 95 69 72 67 21 9 78 97 46 71 55 59 29 31 4 43 9 90 2 35 18 10 87 35 28 41 77 20 59 30 99 54 51 71 21 24 80 51 74 78 75 81 38 4 65 94 48 26 36 50 61 54 60 48 42 88 42 71 60 1 53 12 55 56 83 28 80 16 80 6 94 7 88 84 11 53 79 59 79 15 62 40 22 74 40 16 15 82 87 27 35 40 39 42 48 23 23 80 91 55 87 37 62 27 22 73 80 53 85 11 
68 99 3 42 25 95 10 40 30 97 68 65 89 7 60 37 82 83 18 73 38 57 11 0 84 85 25 16 38 62 79 58 61 82 53 87 29 63 79 59 61 47 25 2 7 85 92 89 20 62 15 58 19 78 10 55 15 87 23 53 50 2 63 63 36 16 50 65 80 30 25 93 29 2 47 36 87 91 78 59 53 45 69 24 23 79 79 38 18 2 43 68 56 58 32 92 75 34 58 7 16 35 52 98 37 51 86 76 43 64 35 96 61 4 73 36 35 52 26 53 7 69 74 63 80 58 56 55 92 66 14 61 1 18 59 38 69 97 14 64 62 49 61 75 53 86 12 40 38 38 93 97 60 67 61 40 25 69 47 70 87 13 83 88 31 94 78 52 91 92 17 5 93 30 81 98 16 93 38 54 83 31 4 43 51 17 35 28 86 82 50 73 95 33 13 78 27 91 31 19 
35 48 24 28 78 57 26 94 50 16 0 86 99 4 29 50 21 65 79 59 99 29 84 95 15 49 73 42 40 4 13 27 4 90 55 82 47 33 28 50 1 29 36 1 85 17 51 59 82 82 70 82 64 7 29 79 56 54 73 49 11 87 76 15 29 84 50 76 17 78 78 71 59 14 72 45 32 75 56 66 58 26 0 74 33 81 5 42 36 78 91 47 17 67 62 46 3 64 75 73 43 5 44 2 20 16 99 4 91 7 22 1 34 23 27 19 4 32 13 92 63 4 39 80 24 54 79 27 18 6 0 13 11 44 68 83 12 19 39 56 27 62 57 13 37 85 84 93 69 98 86 32 2 77 13 78 83 44 58 54 2 58 67 13 55 87 97 19 7 88 75 34 50 85 99 87 70 83 81 39 81 19 72 36 96 37 14 80 33 72 86 35 83 53 48 90 93 97 9 0 
86 37 86 88 22 85 76 44 68 9 35 2 28 59 38 76 48 4 8 81 77 94 16 12 0 17 2 93 66 63 93 4 52 31 45 74 16 21 70 36 82 6 90 62 65 28 38 14 33 99 47 62 93 16 26 45 33 28 38 51 43 83 8 96 14 53 22 82 26 93 71 8 99 61 22 16 42 12 82 75 11 30 89 57 46 15 2 31 95 41 34 90 24 42 86 91 95 61 73 73 54 96 81 5 58 55 21 0 68 56 27 79 38 68 88 36 83 91 67 30 84 53 20 60 96 7 51 43 20 77 69 74 73 50 79 31 58 52 83 26 8 10 57 98 78 46 34 13 89 53 43 73 7 64 33 55 23 37 50 43 14 19 69 87 22 48 71 80 52 54 6 13 17 15 11 47 61 46 61 50 99 56 75 58 20 9 13 95 46 16 90 12 35 59 99 9 59 70 89 64 
77 47 77 94 15 88 41 76 34 54 79 86 11 54 44 83 15 10 31 13 26 21 25 13 33 25 23 44 47 64 8 76 64 85 22 79 26 64 7 12 70 38 98 81 93 95 17 8 5 48 74 83 21 99 48 6 76 71 51 76 88 59 52 4 97 75 35 23 91 42 35 61 33 86 95 26 81 12 86 38 12 60 73 33 12 21 40 88 45 43 64 85 54 69 89 51 96 76 26 87 18 62 0 3 0 95 29 33 59 68 71 71 80 44 57 92 17 49 81 62 92 97 47 46 66 88 50 62 64 76 1 35 90 2 38 42 49 20 75 61 88 46 84 68 42 41 13 12 42 94 74 86 43 74 33 62 14 35 24 79 63 78 66 6 80 4 48 81 76 24 42 64 22 27 85 17 20 98 29 63 44 55 49 87 29 34 49 96 21 26 75 85 4 93 43 36 97 91 69 74 
67 64 90 42 91 75 59 63 25 88 26 69 95 28 9 77 14 58 73 36 36 0 73 92 93 16 80 90 59 50 16 27 14 59 69 57 34 80 20 12 20 99 33 15 79 42 92 93 53 17 81 89 17 54 34 10 22 14 1 82 16 69 61 30 28 82 39 15 14 60 27 34 11 60 1 90 55 94 83 8 11 17 49 81 71 83 91 46 50 44 80 66 14 93 49 94 75 88 9 89 48 88 75 11 1 76 1 56 22 37 16 86 54 65 67 77 1 58 75 51 3 55 17 69 48 18 63 75 7 25 16 7 13 91 19 66 20 20 74 42 9 90 80 63 8 47 93 61 58 68 12 61 24 81 30 24 52 45 0 59 70 16 66 36 60 85 2 80 58 29 22 67 71 3 31 79 2 76 92 60 44 56 73 20 90 55 45 42 1 45 1 71 13 67 7 73 5 10 53 63 
39 28 30 62 83 13 42 37 89 86 98 86 43 23 6 33 79 3 75 80 0 76 51 66 95 59 39 0 21 45 63 12 73 94 74 8 59 68 45 1 55 43 87 98 67 45 83 98 1 58 78 1 34 29 67 29 40 59 30 13 4 45 77 29 91 4 37 51 72 82 52 79 78 91 29 97 88 12 95 89 70 25 91 56 6 10 38 47 69 20 12 25 65 90 54 57 46 91 60 70 26 64 50 4 55 31 53 43 44 0 33 66 25 76 75 31 38 13 30 60 33 43 85 98 85 40 7 83 83 19 53 9 83 3 65 90 35 18 34 31 18 19 49 95 47 24 27 85 37 57 97 22 52 83 73 89 23 80 72 58 52 26 68 35 81 33 26 68 4 12 99 74 83 1 70 82 25 97 19 15 6 17 37 11 0 10 0 75 43 25 33 95 51 1 82 32 87 60 53 43 
72 52 17 7 5 87 89 31 36 9 46 95 26 35 6 78 46 58 53 41 83 38 88 86 40 70 71 79 31 24 22 55 28 91 63 34 31 52 65 19 13 63 14 91 50 72 69 96 31 22 89 66 61 77 53 53 48 24 84 31 0 58 86 28 49 49 62 32 54 79 52 67 42 66 59 93 91 80 41 74 3 83 40 16 60 45 21 60 21 57 91 21 15 78 50 16 79 64 49 33 44 1 53 86 19 12 31 10 92 25 84 47 8 77 15 20 74 88 81 96 45 72 69 12 2 19 29 82 84 78 15 28 31 68 66 50 32 50 13 77 75 49 76 35 26 44 55 1 84 36 49 30 61 18 42 15 90 23 49 26 1 65 54 84 85 72 35 70 74 0 99 49 49 27 84 28 71 92 81 56 80 30 38 93 0 32 9 90 56 58 16 9 75 22 94 13 47 81 35 21 
81 34 23 30 61 7 58 85 51 39 93 32 21 31 25 22 15 86 12 23 45 81 33 72 55 79 85 2 60 20 24 93 6 47 75 68 6 34 5 10 25 98 42 47 81 19 21 48 6 33 72 3 66 57 75 22 36 13 24 48 85 0 41 92 99 16 12 6 2 69 68 28 19 10 27 0 29 48 0 87 33 72 90 52 29 18 74 17 83 50 65 68 3 58 12 2 27 24 60 29 45 28 9 64 90 88 16 20 88 17 59 22 89 2 74 71 20 0 88 3 2 6 23 5 16 36 8 43 12 20 25 10 49 34 74 39 23 91 11 11 8 71 85 49 73 11 72 45 11 13 0 66 19 75 71 87 63 79 31 76 52 56 86 1 42 12 92 17 3 4 29 63 27 66 13 52 30 37 49 93 50 49 59 21 24 31 9 88 62 40 16 14 48 54 15 90 66 60 8 22 
64 89 85 43 55 98 47 85 36 96 31 38 45 90 60 21 21 21 9 84 61 77 98 61 83 66 51 50 78 59 72 94 48 9 37 56 8 84 93 96 80 24 86 77 15 46 98 88 67 60 72 80 89 23 41 73 41 45 23 19 4 47 13 5 56 2 61 16 86 6 64 18 31 51 95 98 49 45 86 69 57 11 1 47 34 95 20 27 40 95 98 96 42 11 1 50 13 14 19 51 21 83 21 4 86 68 2 36 13 88 57 71 51 58 70 85 5 90 64 45 85 62 42 79 25 95 29 38 10 48 41 31 84 62 87 70 82 89 58 96 29 15 19 81 26 89 18 31 31 83 29 16 97 23 95 23 18 76 61 80 25 55 11 9 69 50 31 52 39 90 0 69 57 71 2 35 12 20 67 43 55 48 11 53 71 6 76 41 34 89 22 59 96 85 20 66 36 4 70 75 
94 70 96 3 41 50 39 5 71 58 48 78 6 59 31 77 17 59 70 51 49 92 63 45 78 35 63 14 39 33 41 33 3 90 89 96 40 28 1 63 86 1 42 92 60 73 21 29 85 43 33 34 36 96 31 66 31 95 32 23 28 73 8 32 15 97 80 56 25 82 71 63 83 13 7 96 39 80 77 24 24 10 10 60 58 41 26 42 36 10 65 17 35 73 49 51 23 81 59 48 15 30 64 99 96 71 47 35 52 76 11 76 87 21 88 97 62 66 39 51 76 56 68 11 82 69 62 5 50 73 53 66 4 69 17 0 41 16 87 93 92 98 21 31 71 61 29 33 27 20 36 55 77 4 66 11 73 81 16 76 54 21 94 10 91 11 62 32 27 1 77 71 99 50 3 22 11 84 56 90 4 44 45 33 49 63 44 74 96 60 2 3 82 96 13 25 59 28 57 38 
29 86 10 81 36 13 3 99 49 11 89 53 56 86 87 57 49 83 83 46 44 86 49 78 82 14 3 42 94 12 80 76 98 42 57 86 7 12 85 56 76 26 10 84 12 49 93 61 32 76 59 28 62 60 58 97 27 61 91 21 25 23 97 23 66 6 9 73 19 46 82 47 72 92 31 84 93 24 98 77 52 9 58 15 70 16 64 49 30 55 70 55 78 20 31 96 26 40 22 97 39 4 44 11 48 27 48 93 3 46 70 56 7 28 23 77 45 87 26 27 42 49 82 72 69 13 69 95 6 43 45 45 47 89 8 95 69 56 88 72 2 10 28 62 39 3 39 36 90 18 63 84 19 97 57 88 11 78 35 17 21 80 14 68 22 22 15 91 79 55 15 33 65 96 95 56 99 87 44 90 57 59 26 76 57 83 16 68 61 51 37 34 84 51 2 58 73 69 1 52 
24 16 38 42 64 33 50 64 20 95 6 77 6 32 5 63 68 21 31 81 73 68 16 9 71 18 67 45 40 68 49 16 36 87 10 1 73 61 17 93 8 75 23 14 59 28 78 27 50 61 9 75 82 77 36 53 47 3 50 87 71 52 4 7 91 14 60 64 27 77 10 87 52 85 2 64 65 32 91 67 45 52 42 79 29 78 85 77 33 35 16 56 39 20 16 31 87 76 47 66 6 57 54 10 42 8 74 8 92 66 75 89 70 70 69 0 0 54 29 86 41 45 42 81 18 58 64 57 87 11 23 93 69 29 3 63 89 30 23 81 96 51 71 18 73 92 18 25 46 99 11 87 45 6 20 15 16 84 72 3 48 47 48 69 77 4 32 18 34 8 52 82 11 75 0 84 67 71 61 13 70 73 52 67 31 73 34 47 9 58 3 57 6 51 26 35 7 11 53 93 
71 5 75 82 80 28 18 99 99 79 12 21 4 17 41 35 42 75 35 51 34 38 61 92 41 39 27 49 50 32 94 21 90 70 55 22 98 73 22 49 53 86 22 9 55 63 97 97 91 32 1 77 70 14 69 11 53 48 12 4 32 7 77 22 29 33 97 79 6 19 28 11 57 50 21 13 66 70 62 9 2 63 86 72 77 7 35 31 7 0 87 39 59 64 14 40 49 11 19 56 82 99 19 91 1 92 56 19 62 19 28 64 34 14 88 12 73 76 95 80 28 34 72 39 50 38 79 0 1 50 8 35 49 27 26 2 72 83 22 34 54 50 51 88 17 91 52 90 19 47 23 47 33 47 38 84 85 17 36 86 19 44 21 68 23 99 23 95 34 45 82 88 47 33 77 64 76 29 7 96 29 82 95 62 29 34 98 66 3 34 4 23 78 77 43 54 76 66 49 11 
11 31 51 59 16 28 75 93 10 34 89 91 16 84 5 97 70 4 15 74 90 19 97 21 96 40 75 73 7 24 36 70 8 87 81 24 68 57 17 30 43 58 21 12 95 78 9 65 34 25 91 25 44 88 46 93 81 73 66 40 49 54 62 57 93 44 82 13 53 51 43 96 62 16 8 57 95 70 74 81 95 66 6 91 6 4 84 87 29 2 79 79 56 42 36 2 86 70 15 91 22 59 87 84 27 48 93 74 18 67 56 65 33 14 56 40 71 93 79 0 47 11 79 56 53 68 58 91 38 73 82 12 84 21 48 12 69 93 86 87 61 94 52 46 9 61 38 32 6 18 32 53 29 64 9 34 84 67 25 74 93 7 87 77 28 87 89 50 81 28 37 94 22 42 40 83 55 79 15 61 97 0 66 78 16 76 12 0 95 89 74 88 96 13 18 76 53 7 26 34 
87 16 28 10 10 68 93 65 47 61 78 96 61 44 26 29 72 38 29 68 27 55 8 75 69 26 4 22 86 82 8 73 50 88 83 60 56 29 77 56 42 55 4 55 0 31 84 24 21 65 44 1 20 53 76 41 31 32 15 17 15 23 43 65 11 78 78 20 59 55 28 1 11 32 56 63 15 40 87 37 57 32 38 78 37 66 71 20 51 87 90 66 62 33 83 26 11 61 98 71 17 26 24 80 58 81 43 74 73 82 63 31 14 53 61 3 19 32 76 22 71 66 88 34 99 24 12 62 37 10 85 54 36 10 34 46 91 29 72 16 12 35 99 78 88 60 82 60 45 10 34 16 76 23 2 27 99 14 89 36 24 75 43 60 37 77 7 80 7 79 96 19 67 96 49 7 8 31 19 53 41 54 22 69 29 24 96 28 39 38 16 63 13 59 24 50 89 83 30 96 
14 78 67 33 26 16 41 87 0 12 40 93 66 14 63 47 39 11 27 78 49 44 93 14 3 69 16 92 52 98 40 19 77 59 52 55 28 45 42 28 58 35 73 76 49 88 24 88 0 51 18 49 47 64 64 3 33 32 47 38 31 88 57 60 99 61 15 27 7 58 7 17 45 81 93 94 69 69 35 21 21 5 71 20 69 87 23 3 71 71 41 2 11 50 62 10 11 30 90 70 40 97 87 85 30 81 79 52 50 66 73 23 72 96 44 93 35 19 96 7 90 89 9 53 91 24 64 3 54 6 73 94 55 61 79 86 94 10 38 96 77 63 20 1 60 16 94 47 35 43 54 78 84 16 31 76 40 47 31 46 53 4 40 9 17 71 47 63 33 37 60 10 0 32 63 12 0 10 12 87 53 66 65 37 82 49 65 74 48 96 20 2 53 12 63 70 83 62 86 17 
99 46 79 51 30 95 16 30 5 28 17 58 94 35 47 29 36 65 3 84 61 76 38 14 88 1 37 24 63 23 93 14 21 24 66 51 19 82 33 24 10 2 34 56 89 82 85 25 47 41 62 60 17 0 27 57 54 16 81 69 39 26 84 12 51 2 15 70 84 48 95 46 2 29 2 92 63 40 17 62 81 79 75 50 32 2 7 86 18 41 55 9 67 91 73 70 93 88 41 29 88 88 75 90 69 30 34 85 70 4 99 3 35 74 5 67 28 12 53 98 5 61 59 73 52 32 43 46 72 36 27 12 76 3 55 46 85 89 31 7 45 82 62 81 57 67 48 37 79 54 36 37 67 95 10 19 80 5 17 52 94 45 17 70 0 72 16 37 13 99 44 59 82 6 40 91 73 40 28 4 94 64 41 61 12 3 33 92 61 2 96 55 99 13 77 99 37 46 36 3 
45 80 62 79 38 54 22 63 94 51 68 41 67 61 54 31 17 39 23 30 42 72 37 41 37 14 41 75 60 29 78 58 62 92 89 52 46 12 16 92 15 36 33 34 49 40 66 66 79 89 48 21 13 85 15 51 52 8 78 64 37 8 22 51 0 64 4 98 28 20 90 43 56 76 77 5 68 43 24 47 85 24 21 98 10 36 1 14 44 79 78 33 39 53 85 39 17 89 89 45 61 32 40 17 60 17 74 28 13 50 27 50 75 48 0 37 36 2 51 32 33 29 66 73 82 3 64 51 92 54 96 53 38 36 22 98 6 48 78 71 51 5 21 26 6 73 15 42 75 66 75 61 47 93 86 30 96 50 81 40 56 30 45 94 18 19 44 24 67 22 95 18 28 68 96 34 42 11 28 69 29 55 82 77 0 68 59 96 19 92 36 27 22 33 74 41 52 18 17 20 
41 65 90 21 33 39 7 27 2 35 97 32 43 79 61 43 0 20 40 19 12 28 98 35 62 72 28 14 91 97 86 84 62 29 5 48 20 12 27 22 47 76 6 42 8 67 86 8 39 26 79 52 6 77 39 20 50 19 35 93 16 73 77 31 2 82 31 74 46 58 97 45 35 55 88 43 75 74 3 14 52 82 18 10 59 57 31 61 76 18 6 45 91 83 28 46 17 59 20 63 17 69 61 4 25 49 47 52 75 2 66 27 84 85 37 96 94 68 9 23 86 16 68 30 51 96 76 21 55 48 36 24 18 97 29 95 46 28 47 21 31 65 0 67 50 90 63 97 58 73 20 97 41 88 79 92 36 7 13 43 55 50 67 25 99 48 20 46 29 19 19 12 85 20 79 87 10 43 36 20 68 56 69 61 44 0 53 32 7 19 75 63 21 95 40 20 43 61 18 24 
32 90 36 69 62 16 9 24 11 45 44 31 2 66 92 98 66 97 31 26 68 58 89 41 53 29 14 49 42 84 73 27 74 62 48 36 30 57 60 93 55 57 76 57 75 20 7 93 17 90 19 38 49 60 31 54 42 45 3 84 30 29 63 56 91 12 45 73 69 5 66 24 14 42 33 89 62 93 83 31 83 2 21 84 63 53 91 5 98 94 41 80 75 57 89 18 69 34 91 90 91 9 67 6 51 52 47 65 45 30 49 81 85 70 65 0 23 56 5 74 3 98 6 30 55 95 49 76 81 92 19 73 54 86 31 5 38 78 23 36 9 72 17 46 94 34 46 18 43 3 44 98 53 2 28 61 98 29 37 31 74 56 4 28 94 35 85 33 66 8 21 75 32 38 73 27 24 19 97 67 74 93 65 27 95 46 88 45 75 26 77 49 34 33 77 29 21 15 14 87 
23 35 14 8 25 87 87 49 58 84 69 32 29 34 59 24 80 48 70 8 26 47 9 60 80 39 41 1 54 7 40 29 42 54 37 19 41 24 69 99 60 38 31 89 24 43 66 57 91 36 65 17 35 74 29 67 13 23 21 19 30 61 49 73 16 86 44 9 63 13 61 75 3 44 17 28 87 83 85 30 71 2 99 6 28 81 73 94 4 94 13 34 8 62 59 76 1 4 85 64 69 98 91 25 95 8 53 34 43 90 65 14 44 64 20 72 97 46 66 1 92 80 88 0 94 99 76 95 55 14 11 25 64 3 50 59 63 55 94 7 97 59 21 41 75 94 13 73 40 80 26 32 12 14 85 6 66 13 54 21 27 65 98 92 20 48 3 36 55 97 43 52 8 16 93 36 62 59 61 54 39 39 87 3 54 24 61 72 37 15 93 17 33 92 9 5 92 64 41 48 
14 36 0 22 5 46 10 67 5 71 22 96 11 61 99 17 37 12 89 74 28 34 91 13 26 52 18 71 17 12 19 31 48 71 5 5 17 16 73 74 39 47 70 2 60 21 19 97 34 60 71 14 47 15 27 73 67 97 44 36 9 15 67 10 87 73 15 56 41 88 31 80 87 53 35 47 75 54 44 61 67 68 75 14 83 54 39 50 51 36 87 61 51 6 23 90 31 38 47 72 79 30 5 66 83 40 66 10 46 10 71 65 78 98 31 61 52 71 64 4 7 3 17 10 9 40 1 41 78 0 65 57 82 22 76 17 14 42 28 13 4 51 78 83 50 10 96 54 33 12 58 92 15 27 2 25 67 55 18 98 7 83 7 89 58 83 7 72 77 87 85 82 38 16 17 40 78 65 95 11 78 5 3 93 33 57 70 0 13 40 50 72 76 58 62 34 93 21 58 71 
8 96 53 46 12 22 39 90 87 86 53 65 91 8 11 24 65 33 77 30 74 27 3 2 37 17 36 31 38 46 2 46 42 7 44 6 29 35 48 68 21 1 34 13 9 97 89 27 82 66 57 8 46 12 10 83 81 98 66 19 45 68 17 87 27 62 46 8 97 94 77 71 96 63 84 57 12 73 84 94 92 94 3 90 58 65 25 40 64 92 59 9 12 77 48 40 91 94 0 40 89 77 11 37 92 47 94 4 21 31 99 65 25 54 7 35 19 32 75 35 76 87 96 89 16 97 81 7 91 33 99 32 11 11 21 55 58 16 60 31 99 11 48 24 17 55 11 88 40 87 24 16 26 20 57 42 17 90 1 61 24 0 45 87 63 67 42 74 35 54 57 86 17 6 62 34 13 73 23 53 60 47 22 86 19 31 80 89 22 81 50 98 34 47 85 49 66 79 23 1 
86 33 87 3 39 49 38 4 75 13 10 35 12 32 74 31 63 54 20 37 88 22 35 74 70 72 23 36 52 47 90 90 32 29 93 71 31 83 27 6 96 37 93 8 69 67 92 85 74 12 22 14 35 58 88 57 30 11 93 34 10 83 24 42 65 70 65 96 53 93 54 50 30 47 10 52 67 2 37 93 15 59 7 2 69 47 59 52 58 4 38 21 40 63 63 5 33 81 53 38 26 7 88 56 54 51 60 21 53 97 14 20 9 73 22 30 20 33 82 31 38 21 52 78 36 67 35 21 48 88 59 74 95 0 83 49 51 43 23 4 93 89 25 2 63 99 32 83 33 67 14 23 88 18 53 24 86 88 45 34 76 56 61 23 56 44 24 59 39 47 64 32 37 41 86 52 92 71 87 77 38 2 52 78 72 5 2 58 93 99 45 21 55 6 96 64 2 21 23 93 
