400 400
99 23 25 90 92 56 39 8 57 80 58 45 16 22 19 51 49 93 15 84 73 85 1 78 39 12 28 98 45 9 22 96 84 99 86 28 55 26 36 64 6 46 9 74 69 28 26 18 74 93 55 99 30 56 77 22 20 57 20 65 18 94 61 2 94 0 82 1 78 18 18 84 65 79 10 86 8 88 56 34 81 11 33 12 19 62 34 39 19 6 56 90 52 70 92 98 70 27 52 48 97 70 84 14 49 46 0 9 35 57 43 16 68 28 80 88 42 66 79 14 24 36 4 29 58 48 27 80 75 79 80 73 1 64 87 51 62 88 60 97 97 56 66 65 36 98 5 79 17 85 93 41 21 49 22 31 97 50 11 73 81 91 98 83 7 85 86 69 25 46 67 74 54 85 40 91 83 45 70 0 30 15 94 3 16 16 86 13 18 97 38 52 88 36 35 95 74 21 17 51 19 84 26 74 21 18 17 56 63 39 9 46 54 3 1 22 71 88 35 90 37 74 42 26 62 29 73 88 2 90 40 21 26 18 47 47 36 64 56 51 3 65 49 9 20 3 31 91 91 19 33 28 45 27 6 59 8 80 48 10 22 40 84 49 58 83 48 46 48 4 97 3 69 99 65 89 2 48 33 45 67 18 73 64 46 32 24 54 64 72 17 86 12 53 35 22 36 84 68 36 40 17 92 10 16 57 51 18 5 84 63 25 3 89 89 1 21 13 7 85 37 76 23 49 29 59 71 66 95 91 54 35 9 46 97 25 55 49 96 13 85 59 38 40 0 79 93 21 45 1 58 82 77 82 32 59 93 55 77 88 99 31 75 8 30 73 85 85 74 33 50 11 93 88 4 45 20 97 67 65 50 77 47 28 59 31 39 4 39 16 92 90 99 20 98 29 45 35 67 19 
69 17 82 14 58 86 59 78 84 78 95 34 56 94 14 67 26 53 72 17 21 16 7 21 36 57 50 81 44 17 52 65 35 87 31 93 73 43 23 9 21 18 96 29 12 62 49 90 68 73 59 89 89 18 10 78 75 13 11 72 30 16 37 17 3 21 62 28 64 37 38 37 55 86 19 20 0 68 62 68 93 22 58 82 40 20 12 68 33 76 40 16 92 29 85 95 50 0 23 66 37 13 4 45 51 23 65 52 43 27 20 36 49 30 70 42 3 35 10 36 11 2 4 3 83 42 50 86 42 25 52 79 91 8 76 42 83 41 46 78 21 19 14 70 49 37 64 4 72 74 93 83 28 97 38 12 91 88 50 33 13 2 65 4 63 41 99 46 35 45 25 56 64 91 78 66 28 43 22 52 69 15 35 98 65 73 62 56 13 12 42 27 66 7 83 81 0 34 28 35 80 5 43 96 48 22 14 77 65 37 81 86 52 17 84 69 42 98 26 56 62 68 35 81 27 70 62 79 5 42 67 85 47 10 33 48 32 48 77 49 37 58 36 41 75 72 11 70 23 89 26 85 9 13 66 36 83 29 67 88 71 34 25 71 97 59 19 81 59 96 31 48 54 19 89 82 43 52 52 66 41 30 52 50 95 70 38 78 51 6 19 75 92 44 46 89 55 17 71 66 65 2 14 71 73 56 53 16 8 57 83 50 39 87 52 34 9 91 13 61 49 32 36 41 28 34 31 84 3 2 50 68 56 17 39 81 73 45 97 81 54 32 83 94 71 36 80 81 79 45 94 28 29 82 69 58 16 52 94 71 6 44 39 14 61 30 95 34 27 45 68 82 77 51 28 1 87 8 34 66 6 28 46 35 62 68 93 78 20 39 1 27 84 40 93 97 22 89 84 50 
34 4 84 63 55 12 16 95 72 50 13 78 30 60 14 92 28 59 22 0 99 23 79 35 15 73 84 38 62 20 40 48 24 24 63 80 36 80 75 8 82 40 39 65 0 53 57 80 64 32 81 15 7 60 50 23 33 87 61 47 7 53 47 32 77 11 12 13 43 39 73 77 31 64 42 32 17 52 64 34 84 45 49 91 6 52 66 91 39 79 39 46 32 86 78 9 49 42 74 44 33 48 22 65 64 16 49 34 68 13 68 4 59 69 48 17 21 14 60 60 94 51 59 26 38 37 88 39 32 62 84 17 62 58 82 27 74 83 61 95 49 81 99 60 50 99 77 72 14 89 84 60 41 43 38 31 33 26 70 65 41 6 82 3 64 17 82 91 52 95 38 1 76 89 61 27 89 90 51 55 80 35 15 21 79 5 52 12 32 74 29 25 33 11 80 49 80 63 40 33 58 78 86 35 20 48 14 9 38 65 64 70 52 31 43 31 36 95 95 20 22 24 45 55 88 26 4 20 41 97 5 99 27 92 86 47 40 52 56 30 17 72 53 22 3 96 53 92 44 1 12 66 77 10 73 17 36 29 38 77 26 95 28 6 87 67 53 79 19 62 62 89 86 15 11 42 63 16 34 7 69 98 25 47 8 50 16 96 80 6 25 58 2 6 64 41 25 70 21 44 84 35 85 22 2 48 64 65 17 50 73 86 1 50 85 61 1 2 58 81 8 35 91 10 93 56 52 18 78 25 15 14 60 0 36 62 1 1 79 18 3 52 56 4 3 42 18 56 44 28 37 52 63 28 15 9 36 19 27 14 96 42 28 56 95 17 70 48 70 49 66 73 54 74 30 9 16 0 65 60 28 54 65 43 34 32 52 71 51 80 37 47 74 18 55 21 35 77 69 5 
78 87 30 84 62 12 93 78 12 10 91 40 64 8 84 99 40 88 70 43 20 59 42 95 77 49 68 64 78 38 21 56 77 52 93 39 64 86 70 29 97 13 69 61 21 5 12 13 94 34 8 66 94 2 61 23 51 82 88 81 20 9 89 97 61 82 89 78 69 11 7 18 24 28 31 97 86 44 10 32 78 70 98 24 72 12 48 75 94 36 56 66 45 45 63 59 28 4 89 97 15 48 67 39 28 98 36 14 94 98 98 73 68 97 97 40 9 45 15 55 33 23 21 79 69 36 90 97 41 31 46 8 79 13 0 7 11 88 74 6 87 72 31 7 21 80 0 82 78 15 37 11 91 10 42 60 47 84 57 40 15 3 0 46 68 0 54 31 89 80 89 76 52 20 83 74 53 35 56 31 3 46 42 94 56 37 54 55 21 11 95 37 66 96 83 34 96 89 17 37 69 7 13 74 79 49 0 32 84 8 15 87 6 58 81 63 47 87 18 68 98 66 57 16 62 41 2 10 82 20 48 4 79 13 30 58 14 30 43 51 90 58 90 97 68 24 12 15 11 82 36 62 48 93 30 62 86 33 25 69 5 25 73 36 38 55 94 5 85 89 8 27 48 98 76 68 74 88 84 86 71 20 0 71 65 30 34 52 15 59 21 72 84 46 8 74 1 3 79 38 44 39 17 92 38 94 61 64 34 97 50 57 69 2 29 34 85 63 86 0 22 59 73 58 57 81 32 10 36 64 48 81 3 18 25 93 64 38 58 98 35 60 56 4 63 85 39 48 0 77 0 74 89 25 32 46 59 16 57 95 80 57 28 84 75 6 29 91 44 87 90 80 48 98 36 63 35 27 63 35 5 15 61 94 41 93 92 0 9 49 47 42 59 28 26 86 34 7 78 78 
95 20 10 95 18 47 10 53 74 25 40 31 40 1 25 81 46 18 33 55 19 33 49 78 61 27 65 95 35 95 25 30 15 88 77 33 35 39 38 61 64 78 93 4 31 70 38 77 88 23 84 60 56 34 38 69 61 55 16 96 50 42 78 65 82 7 50 17 46 88 30 10 18 23 67 49 94 57 78 34 32 15 94 89 49 85 58 62 40 27 11 43 69 41 8 3 49 11 20 47 99 2 58 70 26 77 19 72 86 50 58 18 65 53 59 66 38 70 28 30 97 39 73 18 81 34 21 82 45 93 29 96 95 39 66 73 68 38 97 54 88 56 25 5 9 36 71 99 58 99 29 55 91 55 25 24 89 98 6 34 43 87 30 91 27 49 64 95 87 62 2 27 70 79 32 79 15 3 30 74 54 11 81 45 66 59 21 55 57 79 41 1 67 24 92 94 73 8 41 60 22 43 87 92 22 19 23 90 74 53 64 28 17 97 26 83 56 47 91 14 27 32 67 94 56 11 40 29 71 81 89 94 77 28 38 51 47 62 41 21 67 5 2 84 55 28 68 11 75 59 77 54 43 96 48 0 7 40 81 31 22 71 25 51 51 63 2 51 77 44 72 45 1 26 29 56 54 49 20 30 8 97 36 4 94 85 4 53 25 85 84 99 8 61 50 12 77 53 63 54 49 87 99 50 14 81 59 68 30 79 50 91 28 87 95 74 24 99 28 1 36 64 1 97 78 51 9 55 56 72 61 57 59 13 8 73 46 19 94 76 50 96 67 78 83 14 53 59 65 33 61 54 97 62 51 27 65 12 34 74 84 48 31 95 61 91 21 7 10 67 35 60 63 55 91 47 69 44 6 87 77 19 41 26 81 92 6 47 4 40 73 40 88 4 87 1 96 8 60 6 
75 96 19 39 3 10 38 72 6 96 11 35 16 52 61 49 96 67 48 0 60 21 92 48 26 80 2 74 40 62 32 68 58 51 59 61 13 97 86 19 45 97 6 13 50 68 63 46 87 11 99 99 85 43 0 63 75 2 37 16 64 69 84 23 21 43 36 86 92 74 58 89 72 64 3 74 84 18 72 24 81 71 23 66 67 23 29 42 25 66 58 42 36 94 17 9 89 53 47 33 28 5 23 52 22 78 26 6 96 98 30 77 22 6 44 41 81 25 83 7 92 94 1 80 40 18 41 30 71 40 63 51 46 38 3 20 16 81 26 12 32 9 42 6 15 38 47 96 63 82 55 7 76 8 39 17 26 80 99 98 21 14 1 19 53 57 39 21 38 17 86 22 78 28 80 93 66 27 42 81 10 49 89 38 58 80 55 36 61 54 34 34 21 88 5 26 45 96 47 35 65 33 10 44 13 90 89 31 18 83 13 80 33 54 18 43 34 26 79 47 32 66 33 53 6 90 79 51 86 79 38 52 12 48 48 78 91 37 9 61 21 74 41 6 28 11 1 15 37 80 62 22 98 96 75 4 86 7 7 25 86 98 29 50 98 77 28 89 14 90 50 87 64 43 93 45 55 94 60 44 27 74 66 77 22 94 34 61 1 93 38 39 91 67 89 90 96 70 31 10 12 82 98 28 77 43 25 84 38 37 29 17 12 47 94 86 93 80 47 46 74 85 85 17 4 27 7 0 49 91 63 61 25 13 41 2 56 67 87 46 4 68 63 68 67 10 55 61 42 54 7 16 92 93 34 48 72 93 49 21 84 12 82 61 77 23 64 33 42 3 32 47 23 95 67 90 57 22 51 0 29 11 68 21 56 2 69 28 48 70 49 84 34 83 46 11 58 10 45 53 
65 77 0 88 24 19 78 34 42 82 86 23 45 54 96 1 9 17 29 57 88 30 41 22 65 39 86 75 1 83 28 66 12 80 54 88 0 85 22 42 19 60 17 64 15 13 65 76 30 46 85 70 28 26 93 93 18 31 68 19 14 49 86 26 29 92 14 29 29 89 23 48 49 40 12 16 5 29 92 36 75 77 6 55 56 51 48 74 82 69 45 48 18 31 74 99 76 41 29 5 30 52 54 31 45 18 0 50 48 92 38 75 22 45 83 30 48 31 56 83 52 1 31 22 33 58 22 61 99 3 66 81 7 20 64 52 91 64 55 91 9 93 18 31 90 1 61 39 85 17 74 37 70 5 12 55 63 86 16 14 89 83 47 96 55 12 1 46 28 56 37 37 1 56 68 92 9 81 83 94 50 57 32 21 14 96 76 30 82 93 44 71 28 44 19 83 56 20 82 36 28 71 74 82 79 94 26 89 76 61 83 78 18 67 51 84 63 80 14 45 73 11 68 53 55 40 36 63 12 70 99 41 42 73 75 21 68 1 10 96 62 46 74 32 13 26 16 29 6 83 26 31 94 95 36 49 35 24 64 47 95 63 40 37 89 15 10 57 68 73 5 82 19 79 14 84 57 83 13 15 66 40 98 60 87 34 61 22 59 25 21 54 88 14 43 77 29 53 86 50 26 91 32 97 23 47 82 80 30 95 96 48 87 46 8 74 81 69 48 40 94 70 46 34 84 89 12 65 94 50 15 73 42 48 70 65 47 52 97 29 0 45 77 87 92 85 14 25 6 62 65 0 32 63 86 68 4 50 34 98 1 49 71 95 49 94 12 48 98 9 77 98 7 6 38 99 91 52 24 49 14 41 1 99 56 88 67 60 38 1 10 39 3 34 34 4 28 46 53 26 
8 82 77 15 89 67 66 32 19 42 82 85 35 83 84 91 71 4 3 10 57 13 1 60 47 88 65 27 34 70 6 94 52 83 61 41 2 27 74 21 69 56 58 56 91 95 47 63 99 2 25 56 16 26 69 15 14 86 95 1 56 1 95 60 36 9 2 38 36 28 11 58 36 21 14 27 16 14 42 67 68 67 76 36 94 97 52 60 83 99 61 91 52 9 51 88 70 5 78 6 85 41 16 21 62 83 1 31 49 43 50 17 11 26 54 57 75 58 17 58 9 31 49 61 92 53 1 62 58 79 20 96 72 37 17 34 72 70 17 21 14 68 90 77 46 44 86 22 54 3 80 63 86 82 24 30 87 25 44 97 56 65 93 28 54 63 15 78 33 32 99 99 0 89 76 47 86 62 21 40 18 1 56 56 35 80 39 22 58 83 72 14 0 65 95 6 28 10 84 14 42 83 13 43 25 42 42 11 56 63 3 74 16 11 83 4 92 22 78 2 57 50 68 58 16 63 64 96 25 49 10 68 84 76 63 9 18 57 72 74 72 28 1 88 39 84 44 83 58 23 37 15 25 6 25 93 21 90 42 47 91 52 15 75 80 30 37 98 87 61 73 59 41 26 99 33 62 96 68 20 19 6 87 96 64 13 42 85 55 84 32 46 88 99 73 69 81 62 67 68 76 92 79 17 18 31 50 32 27 71 52 98 77 92 94 41 57 36 78 12 72 11 10 61 62 35 30 44 98 97 64 74 42 96 91 12 27 94 45 6 65 49 4 94 41 50 35 98 39 13 62 11 76 72 72 91 8 54 87 58 4 3 32 46 99 75 58 78 21 3 36 86 5 40 80 46 43 67 97 82 33 59 45 61 84 70 52 44 24 39 54 28 43 86 26 94 13 37 25 35 
92 61 21 97 54 54 96 97 73 93 31 6 4 76 68 40 98 72 36 23 64 90 3 7 76 82 53 90 19 30 25 63 44 98 61 98 4 57 47 30 50 30 36 6 58 56 47 57 81 83 32 45 26 87 52 2 69 57 44 40 40 21 4 84 72 17 34 76 74 33 6 76 63 95 34 73 3 81 30 84 17 14 29 43 2 33 97 23 43 42 16 83 15 72 19 87 89 53 16 15 38 74 91 1 21 25 74 25 59 57 61 28 71 43 23 25 76 20 1 71 14 17 54 30 89 25 69 30 30 85 45 68 12 88 21 33 65 48 10 24 5 24 4 28 67 27 6 43 48 7 15 14 76 21 44 17 47 66 47 77 3 44 98 15 32 19 1 97 67 11 74 24 35 30 5 2 58 11 98 6 70 65 72 46 86 69 63 85 35 62 15 38 6 13 6 90 84 7 39 4 70 65 28 6 96 33 60 54 96 10 12 66 75 84 64 14 53 27 51 88 41 18 79 99 31 85 89 68 92 29 72 62 46 52 20 42 38 33 96 34 43 8 53 71 45 17 37 98 97 88 39 90 7 18 90 90 55 79 10 47 60 82 61 7 87 34 49 25 19 98 59 14 58 64 37 3 82 74 2 31 63 93 21 22 11 11 64 66 43 75 65 55 9 78 14 96 64 16 21 83 14 33 98 72 97 35 28 31 62 30 62 77 23 36 99 86 99 15 4 42 90 21 50 52 99 64 48 64 32 70 99 98 55 49 71 4 37 51 36 99 81 50 76 56 38 27 94 38 94 98 80 85 71 82 89 70 99 37 86 31 59 86 30 66 87 53 71 24 4 7 75 37 9 51 45 48 30 39 86 25 89 18 62 60 53 51 82 52 40 69 83 0 7 65 66 94 18 37 71 22 
96 46 11 58 50 56 6 80 95 44 57 36 14 19 48 67 70 31 71 11 52 55 63 59 20 81 5 91 19 76 65 67 75 77 25 25 33 83 57 81 79 15 17 46 34 18 13 57 49 37 20 1 92 83 12 64 64 17 55 35 46 73 55 73 50 32 98 83 68 55 16 47 70 86 93 57 4 59 14 5 96 34 6 40 69 18 56 85 87 64 73 85 37 80 58 87 12 8 22 80 64 91 80 86 77 25 43 33 36 9 38 84 95 44 76 64 14 33 2 53 97 75 91 86 55 49 25 19 10 47 52 26 38 32 12 67 9 8 0 46 17 38 82 13 34 59 29 48 92 31 54 41 58 45 27 65 46 52 85 8 51 89 34 42 21 47 9 82 7 62 80 24 0 63 89 35 22 71 35 66 2 41 7 13 38 86 78 37 38 15 45 41 4 80 83 77 79 45 60 86 7 40 62 59 55 4 94 77 75 82 43 29 75 2 42 14 88 21 51 78 36 96 72 93 28 55 70 7 0 30 45 59 23 60 19 78 64 65 8 39 99 51 20 75 6 63 41 94 36 92 25 24 40 97 17 21 4 88 28 57 70 26 16 93 86 87 24 50 53 32 41 52 35 13 27 41 76 68 88 64 12 13 89 5 62 58 26 66 46 6 75 69 32 92 62 70 79 38 72 84 70 65 37 6 79 16 47 7 37 87 72 1 52 13 58 14 71 84 33 70 43 8 39 27 52 53 98 84 92 22 68 14 88 57 20 67 26 20 26 15 7 98 16 12 63 75 26 35 11 59 57 54 20 96 34 72 1 84 56 45 6 25 60 94 34 80 13 60 52 40 75 12 38 92 24 2 19 2 89 82 14 46 89 34 94 23 58 95 7 15 41 13 92 1 60 78 33 73 39 38 
13 14 2 4 58 78 58 29 80 99 12 94 45 1 80 91 76 39 38 35 6 79 48 50 32 8 28 18 34 19 8 99 34 10 3 44 40 13 26 20 12 38 67 9 91 47 0 19 38 91 54 44 70 54 46 55 15 27 25 49 46 85 48 80 47 4 77 87 17 3 7 82 93 74 91 36 74 44 55 12 35 61 9 57 15 7 64 30 34 41 79 81 26 80 13 25 84 90 12 53 45 20 35 38 46 79 26 72 75 33 85 62 94 46 19 10 53 36 92 88 29 72 21 56 4 34 81 40 77 46 93 22 18 81 13 16 60 39 89 87 25 26 49 19 72 20 81 77 56 74 17 86 46 38 94 2 25 27 42 2 73 35 24 43 68 89 60 28 29 49 67 54 75 16 25 99 37 7 28 45 81 98 31 79 88 77 81 13 57 75 15 82 62 92 26 31 81 38 11 62 87 79 68 14 95 94 65 32 1 93 78 34 91 61 13 80 91 46 45 0 21 61 82 83 53 60 14 86 98 78 49 37 57 17 51 52 11 16 37 64 62 67 50 5 80 63 37 23 61 83 23 82 44 58 18 49 18 84 87 69 62 36 6 19 54 10 24 17 26 13 34 40 80 84 46 60 0 83 84 61 66 59 96 62 17 14 63 88 98 51 57 13 39 15 32 93 25 8 63 4 21 49 44 53 33 42 14 33 26 50 47 44 9 43 59 79 9 74 67 59 77 24 72 17 91 57 62 17 65 25 21 39 74 17 92 60 60 58 93 38 8 40 82 70 35 93 1 44 68 68 4 45 44 76 62 35 33 25 4 51 2 77 90 29 95 34 89 7 93 34 45 53 27 27 75 14 73 76 59 41 44 63 86 40 91 1 28 77 78 32 80 80 10 70 61 57 56 2 64 49 
89 9 3 16 88 78 82 61 55 41 2 51 56 41 44 48 94 72 77 72 56 57 4 18 79 66 75 35 68 91 85 57 0 88 25 41 18 60 2 25 1 57 77 58 50 73 58 44 45 35 16 53 92 20 72 71 38 99 6 59 91 43 68 43 83 46 84 2 6 39 27 7 96 56 17 98 29 27 42 26 62 10 80 6 82 52 29 21 51 36 80 42 79 48 86 63 94 22 17 0 61 44 60 57 53 29 55 82 57 49 9 19 59 41 78 42 93 7 15 96 95 47 91 27 47 29 42 42 51 59 94 13 55 6 22 8 36 30 91 93 31 52 64 91 45 94 85 38 2 52 86 97 99 77 24 46 58 66 40 10 77 87 75 33 93 49 41 81 79 84 26 11 88 43 54 33 37 91 23 91 95 10 41 94 39 65 92 98 84 33 60 13 20 35 46 65 84 88 47 16 24 25 79 65 68 85 98 58 76 22 49 23 84 90 17 23 8 9 73 44 94 33 57 14 68 4 32 5 44 31 21 20 56 0 85 77 85 84 35 13 58 36 36 94 79 5 69 87 66 43 83 61 76 40 27 97 96 11 54 92 42 75 13 51 27 98 28 64 34 15 77 44 3 65 38 82 22 8 69 40 3 4 1 31 45 81 80 41 92 34 86 87 9 99 38 88 49 18 52 84 85 81 80 88 98 71 71 20 79 92 61 34 97 14 65 94 95 46 87 40 32 73 27 42 72 17 30 74 35 35 58 72 16 90 60 15 61 83 87 92 76 48 26 25 15 44 71 62 90 58 54 22 32 81 16 56 50 99 30 85 34 40 57 2 31 70 17 44 53 5 37 81 5 63 58 20 7 29 35 49 88 89 24 72 23 92 80 73 43 63 59 29 3 68 32 86 90 49 83 44 
6 20 77 12 35 36 84 95 65 19 96 5 61 20 29 84 65 62 57 8 25 68 90 80 89 22 19 79 23 2 75 30 74 53 94 9 89 78 4 6 50 1 64 63 73 45 47 90 7 56 51 32 77 41 65 66 63 84 97 38 86 73 68 12 26 14 21 67 45 78 73 95 31 89 10 4 35 9 47 42 65 98 27 42 39 92 60 54 76 58 92 14 31 13 26 57 27 99 76 72 77 1 19 8 91 81 65 26 90 64 20 56 62 47 50 53 39 11 7 67 69 51 33 52 16 11 61 96 11 37 20 40 38 92 1 29 73 18 7 16 82 28 72 44 75 74 97 67 37 56 86 6 59 20 10 28 31 71 24 42 8 96 83 47 88 36 28 14 54 36 30 36 16 54 80 43 28 29 62 18 37 49 76 48 69 87 76 0 58 52 95 67 49 30 66 89 66 94 3 20 82 85 56 50 39 88 94 20 69 56 38 6 57 14 54 26 1 83 27 60 35 74 79 36 4 45 26 70 91 81 42 26 67 98 28 58 38 74 78 7 83 68 65 40 35 19 67 88 54 46 0 90 20 79 26 24 76 52 46 20 34 88 46 53 38 26 11 76 1 42 35 84 10 0 24 97 71 91 86 26 89 86 16 9 18 42 85 94 47 83 66 33 71 64 38 61 91 49 37 92 91 72 76 54 24 52 51 96 44 89 22 85 76 38 47 94 32 32 40 31 68 7 16 91 71 54 53 14 4 42 6 47 67 34 53 91 87 57 87 83 46 9 68 74 99 15 20 32 0 13 15 68 72 32 59 43 86 12 58 90 7 16 90 74 51 43 65 38 52 5 21 51 14 41 25 14 57 98 98 57 11 13 77 83 45 36 78 84 1 88 26 8 5 16 34 8 12 99 98 64 
4 71 67 71 12 93 37 21 91 35 30 2 0 7 37 98 96 15 82 97 4 8 57 61 77 91 69 89 42 67 5 99 38 73 22 2 18 59 24 9 94 54 63 46 62 52 44 10 67 26 7 23 35 16 36 12 59 57 53 53 76 10 4 66 83 26 69 1 85 93 62 31 99 77 78 61 29 22 71 49 1 30 24 36 98 61 0 9 18 5 63 95 15 67 61 51 46 82 52 31 75 67 63 75 96 93 88 78 67 12 27 68 94 51 56 93 64 56 2 35 13 17 30 29 37 43 80 83 26 84 66 53 51 81 80 0 74 69 78 42 33 57 62 27 8 19 72 25 75 27 60 89 44 42 70 33 85 50 16 63 34 35 17 38 16 97 38 43 18 68 37 51 25 99 31 85 18 3 10 46 30 70 87 27 64 57 60 50 59 29 65 93 64 82 83 32 32 73 27 50 41 64 54 18 16 85 4 86 88 66 32 19 89 71 98 53 28 58 55 87 87 21 33 3 55 68 88 87 94 15 90 35 32 44 6 0 81 10 86 69 76 71 40 65 42 38 71 71 49 26 10 88 47 95 92 55 64 80 42 10 47 84 45 31 80 3 31 61 65 18 31 42 89 23 59 31 14 82 54 63 9 17 51 8 12 95 63 28 27 58 38 75 42 36 58 23 91 90 84 57 60 67 99 49 43 10 32 9 93 39 72 54 56 75 62 20 71 78 1 50 36 91 77 30 79 36 5 71 26 42 28 38 61 79 87 4 41 71 13 86 62 37 40 18 65 55 91 88 85 44 38 73 35 16 55 15 4 61 38 30 3 66 20 16 97 59 73 38 30 38 77 93 76 69 63 93 24 54 81 61 98 19 34 86 87 90 53 91 3 91 73 58 9 93 74 6 52 47 96 35 
86 73 80 14 43 43 59 19 50 40 81 0 11 67 86 99 9 91 42 12 82 16 70 91 61 97 49 14 96 46 1 34 71 81 48 14 24 7 86 26 99 67 27 11 86 65 62 96 57 4 8 91 72 31 35 34 28 84 0 24 82 53 11 54 34 59 68 10 19 54 37 70 73 16 81 60 81 95 56 90 0 16 34 24 99 69 10 27 53 62 4 88 15 15 42 49 26 62 60 97 69 97 68 42 65 1 54 98 97 62 89 49 79 75 25 78 44 36 58 49 50 14 37 66 81 79 15 59 94 27 57 63 76 77 5 41 30 12 40 79 74 81 80 53 8 6 84 52 94 42 53 44 8 43 10 89 74 78 0 68 5 57 31 34 86 89 27 17 1 67 48 75 0 29 81 8 35 65 12 29 59 66 73 67 9 36 8 83 14 8 52 71 18 35 57 56 24 85 73 25 52 22 53 5 3 34 13 38 51 78 19 62 44 44 81 5 80 89 40 46 49 44 70 67 80 27 24 4 12 49 82 17 23 87 22 26 73 87 64 76 65 35 38 61 80 19 66 60 60 7 59 9 3 29 77 83 56 53 40 21 54 74 38 78 61 12 4 86 99 21 62 65 8 52 78 88 71 45 1 31 4 60 40 59 41 69 43 49 74 83 70 29 9 60 7 22 72 63 8 72 36 22 89 45 74 67 85 97 64 86 28 20 98 20 80 91 42 75 93 16 10 63 97 19 76 4 41 48 20 1 72 8 75 61 5 49 81 91 46 97 29 26 18 80 98 50 23 40 25 16 9 35 32 6 54 8 63 47 56 35 0 29 43 75 42 1 24 23 44 22 73 25 0 91 5 50 93 81 91 18 97 52 53 29 10 59 37 73 58 94 60 58 75 56 33 17 57 9 93 1 
83 66 78 83 9 84 85 2 65 76 72 14 80 77 44 91 36 81 16 46 27 77 4 54 33 89 72 42 98 17 95 33 35 73 68 96 9 53 98 26 82 22 41 62 99 37 5 87 18 22 33 98 51 89 52 36 78 76 78 28 45 73 61 80 98 29 28 8 82 26 34 16 0 27 79 99 64 36 86 35 58 71 33 61 60 37 97 38 66 75 66 11 0 79 44 99 60 72 59 95 51 45 11 51 73 42 3 89 79 89 76 89 61 9 51 73 99 48 12 65 76 30 28 76 62 24 27 22 97 38 17 0 84 29 51 9 71 54 50 2 96 27 92 9 88 43 82 87 91 46 4 19 77 85 48 91 9 75 13 6 66 31 6 50 12 10 11 35 16 61 38 64 88 30 25 77 25 8 64 68 54 21 88 83 6 36 26 15 63 40 74 29 23 32 31 35 94 42 22 63 4 12 27 92 94 53 69 19 13 86 88 19 59 76 55 17 64 81 32 79 21 58 9 44 43 92 31 37 35 6 0 39 18 80 83 13 33 5 32 98 43 72 17 2 0 72 19 64 54 3 44 27 14 5 24 57 97 7 46 84 13 99 23 84 79 59 97 64 16 81 62 59 54 79 13 6 4 84 71 10 39 67 37 5 24 61 62 21 21 61 6 34 60 81 18 39 92 67 55 8 1 17 19 7 48 84 13 52 20 36 62 12 3 52 17 27 65 32 1 86 93 7 21 53 40 91 44 33 11 99 93 12 68 13 71 16 49 84 21 70 21 35 82 76 87 51 56 5 83 57 91 76 16 64 81 56 8 77 41 19 28 35 83 96 0 6 65 49 90 38 71 63 25 5 92 13 57 48 70 40 5 61 69 73 26 50 29 86 80 23 5 8 58 40 57 10 46 74 11 88 
64 83 4 89 88 96 54 97 96 24 38 53 86 59 26 64 61 7 50 41 30 7 2 88 47 11 98 45 85 62 33 49 45 89 38 85 85 93 83 81 17 73 86 55 32 12 19 93 20 21 87 50 28 89 91 27 0 41 72 37 3 58 86 0 47 76 86 33 21 21 66 91 46 53 46 30 17 18 23 37 39 62 40 20 3 83 47 3 24 20 92 80 30 78 80 77 7 18 62 80 91 29 71 37 34 70 67 51 88 43 41 79 5 81 99 9 16 99 64 92 71 57 72 1 87 5 78 46 75 41 27 67 22 98 56 56 68 76 59 8 19 0 88 76 33 39 37 49 90 54 42 61 63 66 62 50 23 93 49 99 34 76 18 56 74 26 64 95 2 23 3 73 24 43 2 9 35 91 59 25 97 53 87 60 19 1 63 95 94 12 94 80 40 64 88 66 42 52 61 97 76 17 22 52 12 76 61 47 68 72 73 17 25 12 78 97 13 93 92 60 57 38 40 97 54 29 63 96 81 77 93 9 46 68 13 58 44 75 6 64 99 31 82 25 43 12 22 8 5 14 20 14 52 61 11 6 90 26 54 23 55 0 85 1 68 98 12 12 25 18 77 25 1 59 2 96 71 24 56 28 90 77 42 94 38 5 52 80 83 6 55 91 6 92 44 26 91 56 39 68 26 68 45 27 27 47 75 50 23 32 30 65 9 24 59 99 81 63 31 16 70 86 7 28 79 4 55 22 60 46 42 39 14 88 18 93 87 94 95 63 78 77 28 87 1 40 38 34 3 69 50 25 7 10 6 38 14 13 60 26 11 55 65 77 43 84 70 82 30 17 45 8 46 74 47 99 66 85 33 21 6 35 99 65 45 57 4 11 22 16 90 33 71 55 10 66 91 32 49 73 
1 94 81 47 20 80 46 38 17 31 60 75 66 11 41 64 68 45 75 90 13 17 23 85 25 85 51 16 17 52 42 70 47 75 17 67 56 15 58 73 46 18 49 12 29 42 76 49 87 4 39 52 73 14 37 98 99 41 67 68 93 9 90 92 84 7 12 40 22 70 66 20 88 67 32 69 9 61 70 48 17 9 52 90 75 90 89 26 83 56 46 28 17 36 21 1 95 33 94 69 3 12 89 43 79 73 64 40 34 34 40 3 95 92 46 22 34 35 48 17 43 94 46 60 82 19 13 77 52 7 46 7 19 87 50 50 60 66 90 47 52 82 50 47 27 96 21 61 83 69 31 26 15 29 38 97 48 52 26 52 11 24 59 31 11 61 81 71 27 24 18 31 6 21 78 85 17 99 47 53 20 78 31 35 59 70 84 7 74 62 11 85 86 70 16 97 31 50 20 10 26 91 41 84 12 71 70 81 22 17 34 42 47 18 29 6 40 65 65 14 79 76 51 65 98 20 14 81 70 86 91 96 77 84 80 41 7 50 23 29 19 9 23 18 79 4 24 19 21 41 33 0 69 37 17 67 57 31 48 79 17 91 75 47 27 7 88 34 10 63 15 81 25 90 0 4 94 76 24 67 70 9 67 39 46 84 59 55 67 7 34 85 51 61 84 78 69 72 65 31 36 80 12 13 71 64 17 17 41 93 85 11 55 4 2 53 41 61 9 8 21 43 45 24 5 29 2 74 54 19 57 42 0 21 55 23 86 24 40 79 18 77 42 25 82 44 78 23 58 87 83 79 31 29 3 36 10 57 62 64 77 71 6 77 92 61 52 78 38 92 9 56 70 51 33 4 96 11 27 54 99 10 85 82 91 40 18 2 97 32 66 74 3 73 3 95 86 55 26 24 
0 35 32 70 39 17 74 87 29 53 93 80 15 78 62 7 18 32 9 67 64 75 42 67 0 97 14 39 5 92 15 5 80 0 27 19 17 53 6 46 6 51 78 73 81 40 80 51 24 89 18 88 17 12 7 69 10 74 60 15 66 76 72 46 28 99 17 45 4 75 44 62 26 22 35 7 15 16 58 39 57 29 80 74 41 87 96 3 61 56 18 80 84 42 26 12 93 96 10 97 71 6 59 98 80 47 57 95 63 68 87 72 97 67 47 90 6 95 94 20 51 64 0 88 7 78 52 0 74 62 50 46 20 61 96 1 8 5 48 23 73 35 96 22 54 95 13 61 90 7 81 93 71 33 33 30 11 86 83 38 0 33 84 21 46 32 74 55 37 22 30 63 58 26 37 12 21 50 25 63 9 6 9 33 39 42 63 3 80 98 41 81 31 77 54 78 61 28 85 98 2 15 13 60 94 51 25 67 53 50 31 63 9 92 48 0 34 11 55 15 62 96 48 93 25 54 23 86 82 60 37 36 28 50 97 22 53 74 89 7 76 72 22 37 16 70 38 51 33 45 18 95 94 18 41 19 72 16 6 6 77 95 42 5 45 91 79 51 17 68 58 94 93 32 31 9 2 21 12 87 19 82 83 13 0 24 32 24 92 90 30 69 85 25 26 83 68 5 34 86 26 44 80 19 28 63 80 30 37 93 69 56 27 52 69 28 28 53 4 21 44 35 42 81 12 21 64 80 26 50 66 4 46 98 23 74 14 56 56 51 1 26 7 28 30 28 56 11 81 61 84 77 48 78 11 12 99 75 44 26 78 63 30 76 61 6 51 75 14 59 78 15 85 37 43 68 17 52 79 99 65 15 28 65 93 39 77 93 67 73 71 97 36 53 73 98 11 24 25 25 
36 56 92 21 93 36 41 11 40 72 62 57 87 42 22 33 82 51 26 1 24 97 98 61 2 71 11 14 48 88 39 84 44 32 57 90 20 99 53 12 23 15 69 11 57 91 44 91 94 22 92 18 71 90 31 73 14 94 39 62 35 79 46 79 63 3 21 35 54 74 47 78 89 16 41 99 59 37 42 53 59 35 23 30 77 7 55 91 53 95 5 88 26 51 20 41 7 41 76 61 68 75 91 9 91 32 8 2 69 51 7 80 38 30 62 67 89 18 11 43 65 16 83 91 20 3 32 27 97 60 40 65 35 32 26 78 16 35 80 86 38 39 66 28 21 29 95 11 99 6 6 64 75 89 7 95 45 39 74 94 51 14 11 86 98 37 16 15 24 96 1 14 35 19 42 56 0 90 19 99 48 25 15 23 67 22 18 64 13 92 58 64 59 69 2 57 6 18 72 83 66 25 97 53 45 40 10 97 30 81 49 30 59 64 54 26 39 24 42 52 69 0 69 28 21 71 37 79 42 10 62 8 87 60 62 84 52 24 82 34 5 31 64 16 47 18 94 86 95 36 91 64 36 60 44 9 83 81 89 25 91 51 34 31 63 48 15 15 24 97 49 81 80 14 98 28 84 92 14 79 29 5 43 17 17 87 27 1 21 68 26 64 19 12 95 35 60 11 50 36 8 0 18 41 66 16 69 50 8 83 30 89 41 25 7 58 65 86 59 86 54 38 50 25 50 46 60 63 9 11 99 69 63 69 10 29 85 79 79 94 15 61 35 8 39 42 18 4 80 78 42 34 68 92 12 70 90 72 85 51 35 37 21 50 6 83 79 92 63 11 38 30 24 73 90 63 68 8 19 48 86 61 35 6 6 47 77 96 71 62 0 59 99 21 9 6 4 41 98 19 
4 88 1 28 61 91 44 29 0 63 30 38 25 65 45 31 64 74 79 35 36 79 46 88 52 56 94 9 49 44 80 53 32 82 33 93 25 77 75 77 41 5 68 18 70 65 49 86 39 80 73 27 60 20 15 64 28 9 73 77 5 6 82 37 88 15 83 65 45 58 95 86 63 63 4 85 28 5 71 19 85 96 46 97 16 14 62 96 75 87 73 81 93 7 18 33 75 53 99 20 11 94 58 26 9 14 63 89 71 86 8 56 83 6 6 99 20 68 96 96 55 21 77 49 81 47 82 56 53 33 28 64 79 38 43 40 4 6 29 75 93 37 83 28 96 89 79 16 9 27 64 17 49 93 18 82 93 0 90 46 86 70 62 17 8 5 58 64 64 87 39 9 77 74 37 73 16 16 41 25 44 58 42 45 3 12 79 96 13 69 42 51 39 57 20 99 62 78 63 78 66 54 87 95 80 24 20 96 93 13 74 89 23 68 34 27 81 65 23 46 34 18 49 25 75 69 24 89 48 39 68 66 45 7 13 25 32 33 74 77 98 0 66 22 20 52 49 1 17 72 99 3 42 48 28 69 70 4 11 18 95 79 36 40 86 49 17 70 34 43 99 32 43 17 6 64 69 55 17 38 80 17 93 22 17 21 44 87 77 55 57 72 86 45 64 24 94 34 95 80 77 46 65 73 64 71 37 85 27 6 76 59 23 69 81 93 43 77 32 20 32 42 45 18 87 61 43 34 95 90 14 25 88 31 98 52 3 35 38 30 41 14 41 17 35 74 62 78 52 94 51 84 36 96 55 76 9 50 10 5 92 76 82 80 8 80 33 11 67 23 93 8 89 34 77 24 8 91 3 60 86 54 97 74 2 4 50 11 6 12 68 98 89 50 78 97 82 63 8 49 
38 53 10 27 87 87 52 47 31 7 60 69 13 57 43 15 13 46 78 19 58 99 17 99 1 47 96 84 63 56 33 1 9 43 81 48 83 85 48 14 92 8 83 5 17 78 72 30 76 2 1 87 1 70 86 55 17 35 91 32 91 24 34 53 20 15 53 55 0 1 69 44 61 4 1 78 34 73 8 11 27 61 98 81 31 36 36 49 71 27 81 15 3 67 20 75 34 73 30 86 27 51 30 88 55 31 19 42 56 79 53 36 41 3 17 72 91 5 73 63 84 7 30 87 74 50 63 61 75 45 47 54 97 78 95 52 61 14 94 70 93 99 58 34 54 75 7 46 32 80 61 16 39 91 55 14 93 70 75 20 16 74 27 13 4 22 17 18 88 64 40 33 15 98 68 70 25 27 16 57 59 29 25 99 72 32 65 17 3 92 37 71 66 16 36 71 90 53 89 78 69 29 12 85 27 32 55 4 11 23 61 22 52 38 21 76 70 38 93 25 30 82 48 49 99 84 20 89 90 61 20 59 42 84 44 21 68 51 25 79 26 38 1 78 76 75 54 98 65 99 76 96 82 24 45 81 9 17 22 99 78 42 10 20 78 55 41 46 58 18 25 85 56 79 15 84 6 22 82 71 21 58 19 3 35 64 84 96 33 59 95 11 1 5 83 32 12 76 78 23 94 56 8 50 87 75 86 93 97 69 64 71 79 36 74 66 0 11 62 86 22 57 49 23 15 33 55 79 61 86 54 56 42 14 58 29 90 45 74 39 66 38 10 97 26 37 64 79 0 26 65 22 36 14 97 3 47 5 82 61 91 89 17 85 3 27 14 45 24 88 85 90 78 47 40 5 36 4 84 88 30 1 10 18 15 60 21 15 17 56 76 8 45 45 45 48 24 59 94 49 
99 31 91 29 30 31 86 67 87 22 55 70 23 18 88 39 30 10 6 47 66 82 55 63 79 52 63 3 11 9 4 62 40 48 91 71 79 30 90 19 52 97 89 28 67 77 67 97 39 25 44 57 59 51 20 38 3 84 93 66 93 50 80 86 98 24 9 29 54 51 48 6 48 89 86 16 19 53 65 58 30 10 68 89 13 88 79 69 24 25 35 70 75 16 8 73 40 17 2 46 68 3 4 68 92 91 84 11 96 2 22 27 12 90 68 77 30 48 46 55 73 34 77 0 2 85 73 94 2 27 40 22 82 44 90 75 35 27 38 84 29 60 11 93 50 79 70 81 79 69 88 4 55 65 4 57 2 29 51 56 9 43 78 91 39 68 18 27 47 57 11 76 69 22 21 72 53 92 5 85 13 45 89 68 62 46 77 64 27 80 20 88 23 98 32 62 18 50 89 18 59 0 94 81 74 16 53 80 60 58 65 25 55 6 45 17 4 22 81 84 2 1 72 77 51 4 39 21 7 81 39 18 33 86 99 60 54 4 40 66 14 57 91 69 15 88 86 72 10 67 56 64 20 80 41 23 37 32 97 96 13 36 14 99 74 14 59 80 18 51 46 33 8 89 54 75 77 41 47 39 8 55 3 81 36 44 4 73 29 53 69 94 42 35 93 16 1 52 97 20 55 95 5 63 85 59 91 62 52 38 2 61 94 57 94 82 54 50 55 83 4 76 77 46 11 23 14 13 75 11 85 83 7 42 98 44 53 89 6 6 80 60 19 74 18 65 56 72 15 63 7 19 91 84 17 54 59 32 19 87 43 56 70 2 50 68 46 56 58 5 62 38 17 33 64 35 98 72 59 65 87 18 37 30 55 54 84 14 86 56 1 82 12 71 36 63 40 35 19 50 
92 33 88 9 18 4 97 68 76 8 33 15 27 22 45 82 77 29 96 15 37 98 49 50 21 86 65 61 73 36 63 65 69 3 74 39 7 71 7 35 80 92 50 7 67 95 41 44 77 89 11 14 87 61 64 61 99 81 74 72 17 38 37 38 41 11 77 49 83 36 84 15 81 87 74 48 82 15 44 59 4 55 26 44 16 42 5 15 24 79 39 41 69 76 80 11 88 9 12 23 46 48 90 79 35 64 27 18 31 71 29 87 78 7 31 47 50 88 14 74 20 54 67 89 30 99 52 70 9 64 45 7 13 35 86 48 51 65 18 82 36 48 70 66 55 53 13 57 42 28 31 62 82 51 3 64 50 56 35 59 20 80 18 33 68 4 34 19 69 52 54 57 52 24 24 60 77 89 17 71 17 1 85 99 52 89 64 54 97 51 14 17 83 84 3 51 89 89 23 10 41 77 20 46 1 96 58 30 85 27 2 55 80 39 54 32 28 70 39 25 73 5 95 57 89 50 60 30 39 83 93 32 60 13 78 13 61 88 96 98 16 50 53 96 89 8 81 18 30 20 95 56 25 42 13 14 92 73 45 31 9 38 64 21 3 94 35 16 83 83 14 99 33 68 47 22 28 28 92 58 48 40 14 25 82 79 40 75 5 37 58 66 27 22 87 82 17 74 98 52 57 12 3 90 80 50 65 60 31 57 19 31 49 85 57 32 17 49 59 74 86 17 40 65 40 27 47 9 2 97 13 11 61 16 2 42 18 19 2 49 28 73 81 78 11 90 10 80 39 21 54 77 38 46 94 30 73 93 91 27 90 4 39 51 72 93 45 43 12 0 92 40 25 25 70 88 15 32 68 6 53 74 83 92 20 77 74 46 70 66 73 12 22 64 64 47 9 61 90 73 
13 82 66 39 60 36 27 27 69 48 34 74 22 69 18 95 99 93 41 21 11 66 34 33 31 50 80 92 11 22 66 25 5 32 16 17 20 95 44 89 43 30 16 18 0 34 65 99 27 6 20 38 24 6 24 7 56 56 0 20 79 66 97 36 50 13 53 70 60 49 12 4 80 28 74 80 62 39 31 42 97 51 32 21 10 56 29 66 65 29 38 44 47 35 32 49 0 85 19 61 86 83 17 66 63 43 98 78 82 29 20 31 33 52 52 43 61 33 61 26 62 0 22 61 35 54 10 88 91 82 49 77 17 18 44 81 61 42 11 43 24 31 74 57 35 78 0 48 12 61 26 26 61 48 88 49 2 50 37 45 84 38 23 2 56 67 35 17 61 46 12 85 77 38 94 64 16 94 13 80 8 39 7 21 40 47 22 94 97 59 40 82 49 63 36 5 82 71 22 95 17 86 81 46 24 27 62 93 22 27 73 82 19 80 55 59 27 78 53 77 89 93 11 39 8 47 44 90 18 19 86 87 5 19 85 82 46 47 75 20 75 0 54 46 81 10 5 60 40 10 89 29 56 0 68 64 99 65 7 69 84 93 56 41 64 93 75 62 41 50 83 68 51 89 14 84 99 71 96 39 81 86 69 89 38 89 54 38 54 61 7 90 6 16 32 22 9 7 84 2 10 19 70 13 9 36 49 8 7 45 0 41 83 21 30 74 10 36 64 17 49 71 7 7 39 39 29 1 99 66 3 9 85 26 74 94 62 23 55 22 20 7 15 4 28 45 30 90 34 94 7 83 17 15 91 57 54 72 10 5 38 13 14 24 91 88 18 6 63 25 28 84 32 95 40 60 92 70 3 26 64 10 10 81 25 53 90 32 25 0 37 64 66 4 88 57 44 58 63 8 
84 43 44 68 38 84 81 31 54 84 57 70 94 19 3 20 72 46 4 50 98 41 14 64 97 54 74 42 12 89 2 48 85 46 17 23 30 98 6 36 34 16 58 28 35 61 0 60 7 4 62 58 98 76 22 95 30 48 89 94 90 43 95 75 41 64 98 23 14 5 59 48 73 69 76 8 31 77 20 90 33 82 48 31 10 23 79 92 71 20 87 61 16 34 36 57 98 87 33 12 44 92 60 17 62 88 77 45 17 98 35 51 32 36 34 43 59 65 35 82 86 74 96 54 8 84 11 58 71 44 70 67 89 82 84 3 71 14 0 88 64 87 91 96 23 26 91 82 91 27 65 77 53 61 83 62 45 47 20 69 91 43 36 32 25 73 87 48 87 87 89 51 27 80 47 50 6 39 33 98 18 50 27 71 63 11 85 8 58 58 29 1 53 66 86 78 39 25 79 78 65 68 81 92 48 28 42 55 19 27 5 89 77 32 13 40 43 50 1 53 8 30 7 61 48 93 92 39 18 71 17 83 91 98 75 39 79 70 46 50 97 51 92 27 84 5 67 79 55 20 85 16 51 92 29 99 85 21 39 55 44 8 91 87 7 66 27 38 88 73 88 86 77 80 13 61 37 32 92 45 53 77 61 4 69 90 55 6 64 46 14 60 55 5 48 14 23 75 52 12 0 92 98 77 25 63 90 62 95 83 7 48 12 20 4 34 11 12 40 27 58 54 87 13 11 35 79 35 62 31 47 15 76 97 44 1 12 35 15 59 70 75 60 82 95 64 16 58 28 9 85 87 15 25 52 27 12 32 14 75 15 13 42 91 62 86 44 74 73 60 33 95 35 93 30 30 10 98 41 38 7 78 77 75 3 82 54 16 66 68 43 33 81 85 25 43 23 69 69 97 
81 2 92 16 48 74 99 10 73 92 0 32 70 78 7 74 12 61 42 78 29 85 11 62 70 88 57 45 10 26 42 43 81 87 60 29 61 11 91 86 55 91 19 25 21 26 51 33 40 93 63 21 78 27 84 0 15 41 46 77 20 40 21 1 79 33 82 93 96 73 79 51 64 50 76 38 77 80 71 17 73 35 38 52 14 74 4 81 68 2 59 88 43 32 89 74 17 71 67 13 96 99 64 12 49 92 50 26 72 74 95 98 9 86 2 75 12 6 56 80 9 67 68 4 99 57 78 16 80 98 81 28 97 97 41 46 90 43 25 14 17 72 64 78 10 66 53 23 25 10 3 86 29 24 90 81 33 20 49 66 18 31 94 67 28 87 66 70 31 43 37 48 15 1 79 78 68 32 1 93 94 56 79 24 32 21 57 66 93 6 32 64 37 26 31 66 14 49 88 97 92 25 97 8 79 76 86 99 61 39 44 55 47 23 31 80 96 88 46 89 47 78 5 84 56 37 2 22 38 91 19 31 68 69 39 99 45 77 98 6 68 42 14 15 17 97 47 13 38 45 55 85 23 12 69 32 1 24 54 40 67 26 71 87 47 62 87 92 39 85 51 59 28 17 26 45 66 74 11 4 19 18 89 95 30 11 27 32 87 33 72 54 11 43 41 58 5 28 3 96 14 6 7 94 75 33 39 41 7 2 46 79 20 87 74 3 50 53 35 37 38 59 43 50 2 85 60 59 65 15 7 31 73 14 25 48 99 17 42 7 71 40 86 92 27 12 47 30 65 82 19 3 41 63 5 95 0 66 6 65 33 65 97 7 31 74 7 30 43 49 37 15 89 75 59 69 87 6 99 4 40 18 8 81 33 65 28 33 83 34 51 17 51 48 76 82 74 83 12 70 
85 50 85 26 77 96 95 65 2 46 21 42 17 29 75 50 95 3 36 78 89 87 47 40 87 23 22 61 59 34 31 44 36 68 70 14 64 18 31 18 64 52 60 33 34 35 36 81 90 72 59 79 59 59 71 46 82 45 59 93 32 43 89 68 11 60 34 28 30 17 46 46 22 59 80 56 46 16 37 37 88 48 68 99 7 92 45 42 37 56 35 69 99 25 90 63 37 76 43 19 94 89 65 16 0 97 24 47 13 13 36 53 61 4 52 21 48 49 15 86 6 2 7 5 79 49 68 68 26 11 87 20 53 5 88 53 2 12 52 68 77 88 21 90 45 26 63 93 75 78 31 81 33 91 87 12 40 7 33 66 71 72 38 76 77 26 29 32 90 34 0 67 74 21 10 19 99 73 65 75 52 48 56 37 39 95 49 32 3 34 98 74 7 37 50 36 15 31 68 58 17 68 77 92 42 87 63 41 61 28 16 65 29 25 2 68 20 3 52 23 38 51 49 45 40 51 81 7 35 2 65 52 70 95 96 64 82 60 58 43 40 74 60 69 51 62 90 72 66 42 47 4 45 97 1 85 0 34 45 35 36 10 40 59 5 36 75 40 48 33 35 89 60 96 10 11 58 52 83 24 95 83 80 92 80 33 78 32 68 23 68 56 85 60 67 43 48 43 83 97 76 18 38 88 66 0 0 25 53 35 1 0 18 82 92 50 15 22 83 35 45 3 92 83 15 11 78 63 54 13 12 83 31 2 23 50 3 23 75 8 11 76 8 81 10 0 32 26 23 67 61 20 22 5 3 37 69 33 52 23 46 17 58 30 71 82 80 26 57 55 34 68 83 42 2 94 95 86 20 18 53 33 38 27 91 94 16 60 79 20 35 26 37 94 56 61 28 36 87 85 
43 22 6 26 16 8 20 11 46 40 29 51 26 20 78 69 66 46 29 45 66 64 71 56 10 79 17 38 15 4 76 58 26 34 85 43 94 57 6 40 98 36 91 76 8 69 45 74 15 26 71 33 90 43 89 53 22 6 43 90 63 71 0 41 5 37 36 99 95 43 39 45 79 82 21 87 3 18 13 70 44 84 4 86 79 93 91 54 52 35 44 15 58 44 56 64 34 93 15 29 36 7 74 67 89 47 6 93 65 19 63 61 55 19 47 35 13 39 89 17 26 85 32 84 29 40 48 15 85 16 44 73 23 18 92 64 17 98 9 82 69 25 43 25 44 43 60 9 34 49 26 60 34 10 44 15 51 45 83 88 61 27 62 36 98 6 52 15 5 62 50 26 87 45 51 31 88 63 41 22 64 67 34 50 30 79 18 33 76 1 21 89 28 35 77 78 42 29 94 99 91 96 25 78 41 77 62 82 40 55 56 5 74 91 55 4 22 73 37 98 74 59 87 55 46 64 33 88 45 79 87 37 27 13 67 69 42 29 3 82 84 59 39 59 50 47 15 72 20 53 22 47 64 61 54 10 77 39 99 23 71 38 60 98 3 79 19 45 61 22 80 97 34 19 8 36 66 24 61 39 77 83 38 93 45 44 3 22 83 54 45 54 93 57 5 96 89 24 42 50 99 74 47 33 93 56 21 12 32 82 3 9 66 41 2 11 37 57 85 20 12 83 27 5 92 32 53 81 8 47 31 7 21 31 92 15 39 14 79 71 96 82 32 62 75 86 25 12 43 63 84 55 46 11 12 38 95 66 72 4 65 3 63 87 86 56 54 25 70 33 96 18 67 28 33 94 14 10 58 10 73 42 65 71 6 30 62 53 48 34 57 13 89 21 0 76 29 6 1 51 
91 50 69 58 30 54 4 97 65 62 7 38 57 24 62 15 54 24 68 2 58 78 16 99 51 68 75 80 75 29 31 66 31 52 77 61 7 81 58 72 96 65 62 5 90 24 20 96 0 40 51 10 18 67 10 21 87 37 1 14 18 84 81 49 37 10 63 44 43 21 68 39 39 82 44 81 7 16 29 7 9 80 70 79 99 80 1 87 69 54 1 88 39 34 89 28 44 52 24 88 26 92 79 17 74 76 50 33 44 79 93 53 12 63 33 11 95 86 98 64 40 52 52 31 86 94 59 83 98 83 23 76 75 2 93 2 78 95 35 23 27 80 28 39 43 13 50 38 99 1 55 92 53 7 23 91 53 83 74 52 66 97 28 94 52 74 48 30 69 35 5 96 16 34 35 11 47 86 50 99 39 5 91 92 64 14 35 70 49 62 22 68 59 2 62 63 76 62 94 98 97 51 94 65 85 82 77 85 20 79 36 59 84 27 3 0 93 38 70 43 0 44 11 12 47 25 75 75 87 21 73 36 73 20 2 10 2 79 47 74 58 83 33 94 10 36 46 4 26 69 99 27 13 62 91 12 39 66 40 26 40 65 14 13 85 16 23 39 47 23 13 5 6 46 51 17 34 98 73 61 19 24 40 32 86 31 97 25 49 89 3 89 54 69 54 92 38 30 31 85 53 97 43 59 95 94 76 30 44 1 43 63 25 35 48 63 66 97 40 67 86 95 57 92 65 11 84 3 41 68 40 46 65 83 6 60 30 34 42 74 36 85 90 13 20 38 29 38 87 69 58 25 17 15 17 82 78 54 37 72 22 77 18 87 61 24 99 43 59 42 17 47 79 7 60 52 97 89 42 36 11 0 61 28 67 31 62 98 85 99 70 7 28 40 46 41 17 97 84 28 
91 54 75 23 13 87 27 11 77 69 99 40 22 61 68 89 92 30 87 77 81 9 36 61 2 34 3 19 31 39 47 75 93 22 98 7 9 25 70 38 46 69 78 68 82 98 10 26 80 49 55 61 11 91 75 13 77 78 32 61 69 79 36 63 53 86 22 62 11 44 53 57 13 83 78 48 82 88 74 62 37 30 76 48 73 51 13 3 81 45 64 50 24 52 65 29 38 87 92 1 31 97 58 97 80 88 97 62 76 71 77 66 53 53 66 79 56 80 34 37 77 50 39 2 2 5 31 92 44 75 93 28 24 3 77 5 92 74 19 20 97 96 86 51 1 5 82 57 37 16 46 14 66 38 68 20 43 52 12 39 27 57 67 52 60 44 9 4 70 28 25 68 25 63 71 78 68 53 36 5 21 34 72 39 72 40 11 67 92 23 7 72 80 26 76 92 23 85 97 93 65 22 13 90 37 84 21 6 89 9 63 62 43 35 1 16 76 12 35 20 87 42 92 19 21 68 12 44 5 61 89 71 35 3 13 72 39 34 30 29 43 94 91 87 81 45 55 57 9 42 78 97 85 22 68 58 91 32 54 96 93 95 19 28 98 33 53 90 67 83 19 63 77 62 50 59 7 57 68 69 99 98 18 36 21 86 46 64 19 0 12 12 96 32 93 46 65 46 36 84 29 7 47 59 70 49 70 29 58 38 50 58 89 68 46 62 55 45 26 26 45 38 38 93 22 83 92 87 81 80 24 63 40 71 22 62 21 92 91 79 82 42 89 71 62 88 85 17 33 11 43 30 2 34 76 24 69 68 64 51 0 88 66 40 59 88 2 32 32 46 64 66 40 53 90 2 41 75 72 26 87 15 57 41 1 33 17 23 53 81 74 53 21 40 94 33 80 48 65 64 
94 29 30 34 35 20 89 28 48 61 55 87 28 12 28 82 97 45 5 50 79 31 55 0 71 1 33 3 50 99 67 96 80 49 83 15 22 72 96 70 85 51 57 13 15 37 47 12 82 52 14 61 83 69 14 6 71 47 61 21 46 80 69 79 30 52 46 52 24 42 74 61 93 83 27 8 20 74 72 54 27 38 68 62 8 82 69 31 29 82 4 28 63 73 7 93 26 53 97 2 96 23 64 41 6 91 2 78 65 26 32 44 65 52 59 73 34 80 4 64 62 8 44 25 81 51 70 59 56 19 62 4 42 78 46 0 69 0 30 86 26 63 83 91 15 42 16 2 22 20 66 84 80 10 62 14 13 84 73 21 4 87 26 98 65 24 51 86 24 81 25 2 96 8 46 12 2 62 14 24 35 32 60 15 94 74 81 59 59 7 80 15 94 6 13 12 82 64 50 58 98 75 61 94 35 59 58 37 21 24 13 56 56 26 24 2 52 5 61 11 64 42 78 11 0 92 23 35 8 25 93 58 53 6 53 88 65 11 78 39 36 43 95 44 21 71 47 74 77 60 37 93 54 16 4 55 60 79 42 20 5 35 79 58 94 84 98 11 95 28 50 83 72 98 28 93 69 27 19 98 87 57 92 42 25 96 49 37 28 91 57 33 78 88 43 24 72 93 36 20 22 86 3 46 84 83 39 54 10 11 4 50 20 96 92 45 45 93 34 73 84 43 6 14 32 1 39 56 94 75 76 68 13 32 14 50 15 6 56 26 17 60 76 37 57 20 34 2 13 68 75 49 63 33 15 95 86 54 52 80 81 80 49 47 12 15 97 80 21 53 6 38 65 34 27 22 6 61 76 71 81 3 72 45 36 87 92 22 42 96 55 75 29 56 22 41 71 19 73 93 
24 79 83 90 65 11 64 23 24 41 94 58 96 18 55 33 6 99 7 0 96 14 75 25 22 50 18 94 21 92 39 46 23 74 88 41 85 4 16 62 97 11 20 94 81 27 79 87 26 86 87 74 53 15 99 75 65 70 21 86 14 12 84 89 87 72 30 24 29 99 86 26 62 58 20 43 85 99 31 12 38 70 86 91 85 38 66 50 60 40 37 74 52 73 15 39 46 46 16 75 45 2 53 7 61 74 2 46 73 33 10 63 4 49 54 89 87 73 92 99 13 81 73 65 54 88 57 52 86 73 79 83 27 33 42 88 7 45 87 32 30 49 48 86 98 2 76 37 75 20 36 40 1 61 58 7 2 67 60 40 40 91 76 19 24 18 8 83 15 47 68 98 48 16 84 47 18 12 36 46 32 73 38 85 86 96 45 88 63 5 29 55 96 5 75 73 75 35 56 43 34 76 41 82 92 25 81 63 38 18 61 22 91 99 8 77 96 53 18 11 10 47 67 58 4 42 83 79 29 92 22 63 68 15 45 13 41 27 76 31 45 89 53 88 88 13 17 36 18 87 48 80 34 67 39 90 61 74 22 90 66 96 53 35 12 50 0 5 77 28 36 74 17 41 14 57 55 32 94 25 71 94 6 6 61 97 48 22 71 70 64 38 67 17 25 79 67 25 84 97 53 72 71 22 13 86 79 20 70 25 46 41 71 52 99 32 49 0 6 72 70 70 10 89 39 87 20 7 64 56 56 69 28 27 91 94 65 23 14 87 48 60 81 20 64 32 4 65 32 63 38 55 85 0 44 25 88 65 84 52 21 40 22 2 67 65 96 85 88 10 24 89 23 5 9 87 38 65 5 22 28 43 77 14 43 74 91 83 39 75 88 12 15 62 14 34 27 62 19 68 
25 96 57 48 1 18 87 91 35 92 66 64 87 43 30 83 17 73 66 8 48 54 21 15 68 87 49 96 50 21 16 75 17 73 75 70 43 62 62 78 7 28 94 46 23 24 29 93 49 96 1 97 2 74 12 71 62 14 19 64 35 35 39 4 60 66 74 3 80 88 81 87 68 76 34 92 52 15 85 2 63 38 51 66 13 64 89 27 30 60 91 17 95 82 21 55 48 47 58 28 36 91 68 56 67 54 48 20 69 85 74 33 24 25 51 89 41 92 16 71 52 7 40 99 89 61 6 89 61 16 69 49 7 37 5 75 43 54 47 13 91 21 98 15 98 1 4 40 45 72 63 49 79 4 48 20 17 54 9 78 22 31 27 29 68 33 56 64 39 55 77 30 28 27 98 27 80 54 67 25 79 82 74 58 86 74 31 4 80 92 82 2 23 62 31 44 95 40 8 86 95 37 68 24 64 18 51 96 25 70 21 4 52 47 14 91 21 45 95 1 38 29 3 61 91 34 5 38 74 65 76 22 2 45 46 18 15 49 14 92 19 35 96 23 82 11 14 55 8 9 56 46 91 59 60 82 46 17 73 72 83 49 94 85 46 92 56 62 41 70 54 60 58 3 36 92 66 50 48 74 12 4 73 3 16 33 37 62 50 10 34 85 60 81 23 58 73 79 20 15 1 27 27 59 30 63 4 96 66 4 22 78 8 95 33 24 80 70 38 31 81 25 68 93 6 91 51 79 22 24 46 24 51 74 35 33 37 91 81 55 95 3 33 56 51 66 32 31 37 71 14 70 96 83 63 54 26 66 33 49 90 32 25 93 6 12 26 95 4 7 51 51 63 36 7 14 3 40 45 92 63 60 14 11 95 77 65 21 95 50 22 38 82 99 31 40 12 10 88 68 
69 39 19 32 75 79 46 30 71 44 74 34 56 88 97 51 17 14 72 13 64 95 51 99 94 34 91 58 44 79 26 14 18 98 98 46 29 97 28 0 41 3 86 97 43 83 48 61 97 72 26 13 19 77 64 14 63 56 24 8 35 3 74 6 1 72 4 30 69 32 82 10 87 68 59 31 3 59 44 0 32 70 65 51 99 30 17 62 38 42 70 73 45 96 31 98 69 35 80 38 20 62 1 59 82 12 42 85 72 86 37 4 56 2 55 55 84 25 70 22 67 92 48 64 89 79 62 58 67 42 48 87 56 49 46 38 14 89 23 86 27 60 90 36 14 97 91 51 22 13 73 41 6 73 5 95 53 67 5 20 61 53 59 17 55 57 7 69 46 30 55 26 42 97 62 9 46 5 60 69 19 85 10 25 59 68 72 64 35 77 84 49 82 95 18 37 52 26 58 51 8 65 77 3 62 39 12 9 96 24 30 15 9 40 92 68 60 64 84 48 93 68 97 76 63 67 65 68 93 24 19 54 89 96 57 4 87 21 13 83 45 43 99 6 35 43 27 96 8 11 44 53 32 93 29 95 60 47 15 6 71 34 60 12 30 69 16 69 42 81 53 87 24 4 93 12 99 20 60 59 84 56 13 16 49 94 11 61 41 79 67 64 13 79 77 96 0 45 65 42 27 70 29 3 26 75 15 26 47 27 85 31 83 98 47 32 93 11 94 86 90 13 51 55 45 80 51 45 25 17 40 52 39 21 56 66 96 23 44 96 51 29 79 34 80 27 67 25 90 13 11 32 78 14 87 75 94 39 21 20 8 13 72 99 34 80 17 31 4 61 79 55 91 58 89 23 37 8 48 27 73 11 11 4 26 99 79 72 90 52 44 98 65 69 49 0 49 67 83 53 
28 62 60 71 72 50 94 10 10 94 89 36 6 1 40 84 0 19 8 42 24 53 92 89 22 41 41 71 8 24 77 37 38 37 60 11 39 7 73 2 1 62 38 59 63 78 95 15 49 4 57 73 9 1 15 31 43 56 54 51 33 31 40 71 21 53 34 12 60 7 14 61 22 4 73 37 34 68 53 84 24 62 9 33 64 24 16 59 81 71 10 14 54 3 37 75 56 24 40 16 83 6 29 5 11 54 95 45 75 48 81 51 62 91 85 78 15 53 37 96 24 0 62 79 3 52 6 11 76 98 79 11 5 60 17 16 15 12 13 42 12 95 93 26 86 30 57 1 84 94 50 8 94 64 39 49 16 98 12 44 96 91 56 1 4 25 69 71 89 83 13 53 30 58 79 16 89 88 69 73 83 19 33 29 36 25 31 4 23 43 49 19 87 57 73 43 82 42 14 23 77 79 76 7 37 7 23 26 96 93 51 31 64 37 60 0 62 43 57 85 87 6 56 26 63 29 69 97 24 35 20 1 14 48 9 51 55 84 30 3 77 81 34 94 70 47 46 32 90 3 69 29 61 78 55 76 7 76 73 83 11 45 85 77 45 94 81 53 78 11 56 8 44 43 54 15 90 0 99 80 56 69 62 17 47 17 94 6 46 19 90 9 17 75 87 62 21 68 15 51 31 24 11 75 67 65 42 9 18 42 41 74 63 3 43 10 73 37 68 19 9 58 28 26 85 67 40 6 87 56 10 18 32 21 46 99 87 40 8 5 34 1 31 97 5 74 59 78 64 28 49 73 86 29 51 72 49 91 30 36 99 40 7 31 14 5 82 1 45 42 58 32 44 41 29 49 15 89 79 79 17 80 4 55 9 55 79 58 47 10 47 98 2 54 30 16 11 12 69 8 
7 79 40 51 20 70 52 88 11 83 67 80 63 72 35 72 79 15 83 26 77 30 77 31 36 7 0 47 71 69 55 78 1 96 81 21 18 85 9 29 68 29 61 31 53 96 56 32 63 91 11 92 21 88 24 57 47 24 56 18 45 11 49 46 59 82 20 77 68 81 58 36 10 19 20 63 68 28 96 31 19 59 76 92 47 0 49 94 76 5 64 73 68 65 20 28 48 92 5 16 73 16 4 84 35 76 99 3 4 47 87 23 6 63 15 5 15 16 99 43 73 16 16 94 81 88 22 29 80 79 97 54 95 2 90 83 78 89 38 35 89 77 10 47 92 26 53 7 94 4 2 20 20 19 14 2 7 88 83 40 67 81 94 15 35 36 50 13 77 88 0 66 66 11 14 10 89 19 18 83 23 72 55 44 91 69 98 51 57 81 91 77 14 37 92 49 25 42 15 2 82 15 21 0 26 87 11 15 6 81 51 81 53 6 25 97 28 75 48 37 57 91 14 71 80 58 73 5 52 88 59 87 3 32 87 82 19 50 49 77 31 0 59 37 59 36 34 39 12 34 76 21 25 43 44 57 53 17 14 58 57 73 45 61 6 84 95 77 35 44 55 66 97 66 3 56 2 89 47 66 23 23 87 0 18 84 57 24 1 23 82 59 49 27 72 7 11 19 84 46 63 91 65 12 57 20 68 12 10 15 78 85 91 18 86 61 2 95 85 55 19 67 66 68 46 90 75 10 9 11 8 25 3 73 37 12 46 58 24 8 25 55 93 16 25 79 30 27 75 15 34 46 35 1 14 33 91 41 43 1 52 52 78 55 77 15 20 75 73 96 83 99 3 77 67 28 8 97 7 35 65 42 81 52 95 47 85 86 88 81 39 41 33 17 48 62 33 68 38 58 
17 73 57 20 2 25 49 11 74 8 98 91 50 80 43 97 79 29 84 68 10 75 9 95 45 9 57 30 30 47 88 47 21 98 67 23 75 68 86 49 77 37 41 79 69 84 77 48 65 13 16 27 88 77 22 33 87 32 15 17 31 4 16 4 2 83 28 77 52 66 78 81 3 71 60 24 8 37 73 73 50 41 53 91 19 75 76 58 59 92 27 91 96 43 47 50 78 75 79 30 94 57 11 49 29 24 74 89 61 99 62 12 40 15 55 11 43 31 69 54 23 96 97 71 91 45 73 70 72 52 52 18 62 16 68 43 40 94 32 1 45 46 65 85 14 20 97 57 4 18 63 27 67 13 51 58 58 24 80 82 29 33 1 91 49 21 86 89 67 18 42 12 64 8 97 78 80 46 87 84 17 3 64 84 16 67 94 26 91 75 8 20 60 9 63 61 30 49 50 97 67 44 9 84 4 59 14 85 57 54 21 74 9 37 10 25 4 5 51 96 32 59 68 44 21 32 5 51 33 7 1 53 51 62 37 56 21 3 93 31 9 66 5 18 4 68 43 60 25 46 8 57 6 77 53 27 61 58 30 94 65 31 47 68 94 36 24 67 92 69 50 1 36 56 20 40 76 15 0 1 62 9 10 20 38 63 99 51 21 29 97 38 13 97 6 59 33 83 78 77 52 29 31 88 85 51 80 13 18 33 14 32 94 24 52 32 87 51 35 60 33 32 50 98 29 56 57 15 91 35 92 44 64 23 84 1 26 17 14 97 50 28 29 96 4 34 80 91 37 15 51 70 47 1 68 77 10 77 44 53 13 36 49 29 12 34 83 90 3 97 87 5 78 17 1 82 51 81 26 88 96 77 11 95 31 31 72 93 9 16 46 74 5 96 3 69 82 86 59 85 
36 47 90 66 64 43 0 67 24 26 7 72 56 18 67 87 50 92 32 11 60 30 85 65 26 40 34 60 79 94 97 15 93 39 33 9 82 33 76 6 60 83 78 16 54 98 55 4 90 39 15 50 69 52 16 96 92 2 8 71 48 6 38 41 45 71 50 80 57 78 86 69 14 17 37 68 15 92 72 5 83 39 7 52 91 75 0 35 78 9 7 78 67 97 20 64 69 22 44 78 1 83 47 67 0 84 35 67 28 59 24 11 98 31 15 41 7 16 76 37 77 35 15 44 33 87 8 54 62 5 32 15 88 31 82 40 15 17 59 95 76 83 58 26 66 73 67 25 41 95 62 18 31 30 14 64 17 75 18 79 80 2 94 68 33 28 60 0 45 19 95 21 2 5 99 20 78 66 46 20 14 60 90 45 90 5 9 60 80 79 91 12 81 38 80 66 66 40 66 12 11 61 85 13 66 85 85 96 3 31 68 17 92 59 14 34 16 23 94 48 54 38 60 87 76 92 53 42 32 19 6 95 32 92 8 50 29 45 47 32 77 67 2 21 26 16 7 94 92 54 42 46 92 2 86 68 94 39 62 78 59 69 73 43 13 33 94 94 79 93 78 8 60 80 81 87 49 88 33 41 42 76 39 86 30 25 6 25 65 69 55 76 90 81 19 55 14 65 49 45 58 79 53 19 60 34 58 9 75 91 2 69 67 41 56 98 19 62 75 36 83 82 12 73 63 83 80 78 49 81 23 7 61 29 78 21 15 36 82 90 28 84 60 47 77 16 97 96 30 24 32 14 7 96 87 70 32 20 0 33 1 24 92 62 5 71 35 20 59 17 63 39 53 75 87 31 43 36 79 73 61 64 87 68 12 27 90 96 47 91 29 0 67 74 63 72 97 98 44 56 
68 59 96 73 34 35 56 77 71 36 3 84 52 90 4 64 69 95 13 68 86 42 69 53 68 84 77 65 34 73 22 2 33 70 76 19 5 84 97 28 20 52 13 24 94 17 41 64 12 54 32 50 48 53 3 17 37 32 34 72 6 8 26 91 78 54 10 35 39 59 64 11 11 77 36 6 46 77 70 11 83 54 61 31 8 17 0 97 49 35 69 55 43 96 46 22 50 9 57 89 68 73 1 80 2 89 38 49 66 8 60 49 14 73 32 74 90 33 72 40 68 41 47 11 89 46 85 40 55 95 81 75 68 34 55 23 23 93 72 41 53 84 90 20 57 23 94 0 56 66 40 76 60 39 87 1 37 73 93 92 20 75 20 40 61 75 63 85 21 87 26 26 71 69 46 81 92 93 81 0 11 73 76 23 64 15 25 2 40 18 46 60 45 66 1 7 94 64 92 15 4 70 93 75 39 92 8 83 85 41 35 48 66 63 72 31 79 49 33 19 67 79 32 65 98 85 72 92 1 16 7 5 86 52 33 78 44 41 61 81 35 49 82 1 12 54 32 91 55 17 63 74 49 47 39 47 32 63 39 33 79 98 39 18 50 72 96 47 65 9 80 0 10 62 54 23 16 38 66 23 56 81 98 57 28 37 4 60 1 95 46 32 93 37 50 95 61 98 94 26 60 75 79 70 37 85 93 6 23 12 29 31 93 27 88 22 17 44 34 18 39 32 50 32 69 53 80 30 51 74 9 63 49 40 34 87 25 79 93 0 91 74 32 37 2 72 11 19 17 45 89 56 30 91 41 51 96 21 34 0 95 95 63 97 35 97 36 12 29 81 12 20 55 96 57 9 69 68 28 86 66 69 42 48 61 83 99 57 56 33 57 4 28 73 1 15 70 89 27 99 
70 92 72 25 40 81 35 9 50 15 47 68 85 42 16 98 77 67 7 34 1 17 90 81 90 43 97 12 32 76 12 2 20 36 79 61 17 14 22 19 82 22 87 19 64 55 69 93 23 76 27 76 45 69 57 35 12 6 48 44 35 12 46 55 48 78 68 17 44 43 37 26 17 76 97 81 32 66 26 55 95 54 31 40 75 40 28 88 47 76 32 34 40 31 41 40 9 10 57 53 5 46 32 22 23 29 55 55 48 81 62 43 87 45 83 63 37 11 3 36 39 87 70 31 70 12 71 79 74 81 85 79 27 69 53 2 50 60 9 98 93 23 41 33 68 77 48 6 40 51 42 32 38 65 63 9 77 87 40 51 68 77 82 47 46 87 2 49 47 11 47 92 35 41 25 55 70 73 13 10 24 8 42 15 73 58 24 50 45 16 1 65 46 35 64 44 22 66 93 21 30 41 13 17 34 39 72 4 12 38 14 37 46 9 4 19 67 80 21 64 96 74 29 42 9 45 39 83 12 32 4 42 25 17 11 59 56 83 15 21 21 82 58 19 91 14 90 10 94 11 26 90 37 55 85 46 0 24 81 64 56 85 58 34 3 69 93 11 5 61 32 26 43 42 98 34 56 88 96 50 52 22 93 89 29 30 36 81 54 17 46 62 55 4 96 10 26 42 21 31 3 6 9 46 0 7 32 57 48 80 59 0 2 4 89 31 34 77 64 88 47 10 3 2 67 51 12 93 45 85 76 0 43 85 98 44 45 30 53 93 10 64 93 64 69 82 47 3 12 12 44 59 74 47 61 41 98 25 86 96 10 14 96 6 52 95 50 97 77 55 42 40 19 87 4 88 21 4 44 33 16 88 92 90 87 53 84 85 30 22 33 41 37 30 99 89 25 49 86 2 
56 80 94 75 67 99 16 88 55 60 22 23 0 14 13 87 20 49 24 50 72 58 43 9 88 42 98 65 43 36 19 99 16 14 27 35 65 95 23 20 55 97 43 55 64 8 94 84 58 18 86 82 76 82 91 64 24 41 29 20 29 49 71 45 15 98 32 80 45 55 0 0 53 95 7 17 3 1 53 13 72 39 95 48 73 38 65 50 31 94 70 60 95 93 57 62 44 89 42 89 97 94 90 50 89 49 19 45 3 72 10 75 63 58 23 89 96 40 39 80 87 9 40 34 2 50 97 98 91 39 88 88 86 30 90 27 79 9 24 34 33 35 9 49 93 85 38 41 25 77 73 64 38 66 99 92 16 96 91 7 35 79 48 73 9 38 1 40 48 25 75 33 12 36 34 57 73 72 51 51 1 24 15 39 90 14 84 58 62 27 18 50 6 66 23 67 4 24 59 52 2 86 38 66 75 72 24 48 97 75 51 98 51 19 90 42 85 74 52 48 53 70 98 59 36 21 78 41 98 37 45 52 24 83 18 99 8 42 99 5 69 3 3 21 74 45 15 59 71 67 7 24 90 57 35 26 79 13 67 29 3 65 33 79 0 51 30 8 46 81 13 15 84 69 88 58 66 55 70 38 75 29 62 65 87 98 91 18 63 11 47 66 28 80 97 28 83 27 37 29 9 2 97 45 23 37 56 90 93 26 28 20 55 42 85 42 92 28 12 56 91 59 74 19 91 72 0 27 51 89 56 12 43 5 58 67 43 66 9 88 92 89 60 99 83 45 94 76 25 6 84 69 18 58 40 9 82 40 36 86 29 45 98 73 2 56 92 45 74 1 85 66 42 45 18 25 42 12 1 20 18 85 89 36 96 29 98 30 22 86 16 51 83 15 76 86 23 68 83 98 
21 21 16 63 66 34 89 61 46 42 81 17 80 22 5 76 3 55 6 25 94 23 77 29 90 5 15 13 74 51 11 47 72 28 11 38 14 52 51 13 46 84 82 26 6 87 2 10 95 61 87 89 36 16 18 26 22 86 39 48 37 3 95 9 83 58 99 97 62 51 10 9 35 92 35 94 32 90 56 79 51 43 68 87 60 38 65 82 76 4 30 13 7 77 74 90 36 74 40 50 77 50 59 64 95 47 10 79 37 66 58 40 62 78 79 22 68 44 56 45 0 38 10 8 15 85 50 3 11 90 54 40 93 13 56 40 12 19 19 49 85 29 41 47 7 72 21 75 16 77 72 17 15 83 77 83 20 27 86 83 70 40 75 63 6 83 3 18 2 74 20 40 3 13 87 62 86 61 89 54 38 62 71 6 97 0 89 69 80 75 4 50 68 79 65 26 14 20 96 17 94 16 57 49 82 96 63 68 57 52 22 48 66 46 54 63 46 95 84 78 22 88 28 42 19 45 68 34 65 65 3 11 33 60 60 15 8 23 35 18 28 58 66 94 56 72 58 54 19 94 33 41 83 13 84 54 59 4 88 24 69 91 36 55 3 48 22 12 24 58 82 52 68 48 46 24 72 56 30 91 51 63 84 86 77 68 40 88 73 81 12 94 24 0 1 28 1 24 92 25 82 74 29 2 74 27 26 98 84 8 89 87 72 73 25 1 94 65 89 19 98 53 65 23 6 67 3 7 91 47 84 25 21 13 27 47 40 5 45 76 13 86 15 37 59 40 90 5 58 79 24 56 85 42 79 91 9 82 50 52 29 34 77 2 47 56 1 87 13 46 16 78 84 31 16 44 72 6 1 30 38 78 86 75 20 18 18 81 52 68 33 82 2 62 36 1 70 38 40 83 
36 56 61 21 40 29 17 12 88 70 94 78 48 80 53 20 50 71 1 3 91 34 37 45 48 25 46 18 15 38 53 52 47 67 25 87 96 94 99 36 64 93 14 65 25 67 85 28 90 87 31 81 73 20 26 22 45 24 92 61 15 46 65 62 65 42 49 61 36 0 98 52 93 64 17 70 32 3 98 22 90 81 56 63 1 34 37 47 59 30 8 74 28 73 36 93 15 37 6 3 37 56 55 82 21 73 52 53 76 3 27 18 84 83 33 38 70 71 85 29 1 45 55 81 70 43 74 37 80 80 40 17 89 47 99 10 20 3 15 48 58 94 18 43 30 52 33 0 23 18 29 76 63 36 57 85 79 83 22 59 15 14 28 4 61 27 66 34 82 81 34 41 76 53 36 6 5 69 6 80 39 87 56 54 23 65 39 2 0 61 61 15 75 89 72 88 68 38 22 2 20 9 43 48 62 31 54 19 0 12 99 39 99 7 45 22 24 84 76 24 97 37 91 24 78 63 13 98 2 87 0 74 96 96 22 10 27 28 29 80 40 80 19 91 87 65 13 63 1 41 87 99 30 79 23 8 94 88 58 48 76 10 22 24 6 96 35 34 24 16 14 16 97 85 7 36 2 72 0 56 13 39 55 43 70 30 3 65 19 13 65 47 24 88 71 82 84 6 16 61 75 82 77 72 20 37 60 74 9 60 30 75 52 37 70 22 68 26 39 39 39 57 86 63 45 57 46 81 16 14 94 91 49 72 15 21 61 75 95 22 88 78 97 40 15 20 14 35 46 6 74 85 63 12 1 60 70 99 41 38 65 36 81 14 60 96 87 21 71 83 95 59 13 93 51 80 13 66 16 11 72 42 96 87 55 49 47 77 48 88 67 66 76 48 32 88 44 20 61 67 
55 57 79 68 2 30 0 67 96 68 78 20 11 74 59 18 76 6 95 76 47 62 42 75 62 75 64 6 95 25 25 50 82 4 70 84 35 70 51 83 39 81 56 2 56 15 20 84 74 67 60 21 81 3 48 43 78 12 1 25 90 26 75 72 83 97 9 70 19 12 53 10 94 61 12 2 29 84 86 3 3 98 76 36 1 24 31 31 37 32 56 27 11 83 51 46 80 12 16 52 77 21 62 23 83 75 77 12 11 15 15 15 13 43 3 15 67 35 46 56 19 3 35 82 38 39 28 19 3 44 71 80 18 33 3 1 60 32 13 24 47 80 91 61 75 94 28 42 81 74 51 1 29 38 83 68 77 64 39 81 60 62 13 78 47 69 79 60 1 44 84 49 76 27 10 51 21 90 46 3 64 49 56 46 87 91 66 65 55 57 98 68 19 63 46 18 32 78 78 86 74 14 35 3 41 97 54 15 87 52 70 3 1 26 1 89 17 19 6 25 76 56 45 47 71 43 66 4 73 44 42 48 59 29 3 52 78 57 67 65 62 37 20 63 63 74 4 33 45 62 10 74 70 55 21 42 50 39 46 24 36 40 24 47 69 27 99 47 36 67 64 98 4 36 14 20 10 70 5 8 33 67 82 3 74 3 45 24 95 43 48 31 83 72 78 4 51 77 51 88 96 15 38 53 4 52 25 66 23 30 74 8 97 56 11 71 12 9 95 7 4 96 38 88 20 68 44 72 97 96 12 94 63 50 99 67 3 24 34 78 6 60 86 3 17 49 26 81 58 73 40 63 21 78 3 42 98 47 66 95 95 78 41 11 28 40 78 83 16 64 61 22 77 99 77 46 49 3 27 59 29 67 74 50 97 29 44 47 77 10 42 24 40 36 35 69 28 66 4 45 
82 66 67 59 65 97 5 66 0 84 26 81 3 0 84 0 30 28 99 59 91 42 35 31 30 71 52 58 89 57 3 71 75 23 83 92 20 88 59 72 25 85 54 28 37 38 81 19 18 80 30 9 74 66 93 4 89 97 63 30 54 18 1 81 41 36 74 61 77 33 86 2 70 40 82 7 30 63 79 0 44 9 62 70 27 55 75 68 52 90 98 59 8 52 40 2 88 14 15 65 47 1 67 69 93 50 77 75 65 8 76 61 69 38 32 97 45 59 17 97 49 16 56 9 68 49 11 56 63 79 74 63 80 41 32 26 43 61 1 61 69 29 22 39 67 6 88 12 65 5 62 66 73 70 76 41 19 39 50 83 18 24 46 51 17 78 77 13 40 78 74 61 8 48 52 27 55 40 92 72 98 54 39 71 24 67 65 44 58 67 79 77 91 25 80 60 55 57 73 47 87 99 9 47 0 61 75 55 54 19 79 4 73 18 27 49 37 44 45 96 11 24 25 2 1 5 15 9 14 40 56 1 40 17 49 40 31 76 47 37 95 26 41 20 97 20 21 34 65 67 82 76 43 59 31 97 16 46 6 30 86 14 84 78 32 85 70 15 61 17 52 8 96 45 80 93 65 1 79 30 20 62 59 16 21 90 13 90 36 71 20 74 85 4 53 69 89 23 84 2 41 88 62 37 33 94 82 51 96 61 81 68 75 40 84 49 82 97 39 18 20 59 93 6 16 98 27 5 21 12 60 14 52 22 3 86 17 85 37 65 99 70 85 74 63 70 23 45 19 62 16 40 74 61 98 90 59 25 47 32 89 7 47 42 82 2 80 51 40 69 68 39 39 53 65 54 75 89 0 95 3 16 35 77 77 33 19 88 10 67 20 0 26 19 42 8 74 22 11 14 
43 79 5 82 85 70 37 60 11 89 55 15 57 42 44 86 27 16 74 38 83 46 38 9 66 32 70 40 6 81 6 49 13 11 83 98 81 72 58 93 61 66 60 18 8 56 56 88 72 30 26 7 77 16 69 95 48 39 35 6 72 93 55 37 4 38 35 85 11 46 30 24 64 42 95 72 51 51 12 75 82 38 83 11 6 4 58 6 95 45 12 67 38 67 57 42 58 44 79 69 42 62 93 6 56 88 31 7 92 43 35 26 34 70 37 40 74 47 47 69 92 59 88 30 79 45 72 37 42 51 58 84 65 3 91 22 44 22 81 36 65 16 62 99 86 51 92 60 98 39 81 90 50 70 20 81 67 44 18 9 47 28 94 13 32 85 35 76 7 16 64 24 85 26 24 71 29 16 84 27 7 65 69 9 35 41 91 55 85 61 64 32 90 58 45 74 43 32 50 2 1 14 27 86 92 3 9 21 71 93 0 30 11 69 39 98 10 82 53 47 96 18 79 38 28 77 12 24 61 14 26 62 80 5 0 72 60 10 45 31 55 45 61 66 66 53 17 28 87 70 75 35 40 6 73 69 35 37 93 97 51 71 59 31 77 60 55 37 22 0 21 29 97 34 48 15 87 65 43 27 87 70 62 28 29 88 97 64 25 90 61 77 61 73 60 90 85 16 80 7 68 1 88 18 35 36 33 75 53 29 54 41 51 16 69 80 4 66 97 30 8 58 59 21 31 71 12 16 87 92 75 8 45 16 78 80 4 11 7 58 92 61 51 44 78 20 76 34 38 73 16 98 32 27 19 15 99 83 84 38 75 11 46 72 27 76 5 32 88 12 42 32 74 45 76 4 65 53 90 55 78 59 53 62 86 24 78 85 8 14 24 35 25 22 8 5 99 13 89 39 
77 83 71 51 28 0 7 45 5 98 52 83 57 57 46 43 81 76 81 41 42 57 77 19 31 37 24 82 2 65 21 79 0 45 31 28 97 90 25 2 88 77 37 97 34 35 41 68 63 74 9 5 31 38 25 14 75 1 97 77 19 70 57 19 15 40 48 64 30 73 66 71 3 56 68 37 91 61 5 55 35 67 12 18 5 37 33 81 91 82 10 10 52 67 29 20 59 29 84 90 55 3 61 58 59 81 47 50 43 53 57 78 72 70 49 77 59 82 10 50 16 21 60 68 40 42 88 0 71 25 42 26 28 55 36 87 36 84 89 31 89 47 62 61 69 11 90 28 45 1 31 61 74 91 29 14 85 70 66 57 95 60 35 75 67 72 62 56 56 3 87 45 2 49 6 71 12 48 52 57 49 83 18 23 26 0 90 12 22 56 21 17 69 56 92 36 28 6 44 36 9 32 81 64 33 39 87 46 88 39 3 89 74 74 13 1 26 55 65 48 63 86 65 32 94 9 21 75 67 65 11 28 49 45 92 83 36 80 81 76 71 84 66 46 10 31 99 36 86 16 84 49 2 1 82 48 62 55 23 81 20 35 10 70 80 54 5 68 86 86 45 58 22 11 56 33 94 7 21 80 23 58 29 77 59 63 25 74 70 49 55 91 84 65 13 16 72 18 84 58 56 81 16 78 44 24 63 38 31 37 18 54 95 0 31 6 15 57 80 86 58 88 29 42 5 42 10 77 12 46 36 68 28 4 98 72 29 62 63 12 99 81 67 46 33 50 52 49 59 85 87 17 73 16 59 30 58 21 8 70 20 96 38 0 52 88 24 81 50 87 94 1 69 13 47 2 63 52 3 23 89 90 40 14 6 52 44 64 25 4 86 45 0 76 45 5 65 70 38 67 
57 84 69 78 97 68 33 13 72 36 88 61 79 80 75 85 32 72 2 10 76 40 55 29 17 53 34 34 75 72 1 84 57 22 63 6 91 96 19 15 84 7 77 63 88 4 1 72 76 55 34 53 95 90 82 12 95 68 46 70 92 0 54 49 22 69 56 13 17 27 29 2 87 58 17 27 62 70 51 39 25 86 44 73 28 78 85 23 46 84 45 38 36 51 40 58 21 48 24 90 75 5 44 62 63 14 41 77 84 93 16 62 79 60 35 7 90 72 82 36 8 27 27 44 30 67 3 3 15 27 94 42 84 38 57 47 52 98 24 37 91 93 51 70 5 86 29 96 58 11 84 67 38 11 11 69 30 66 72 45 45 18 40 29 57 97 76 61 95 53 50 39 98 1 61 55 87 91 51 98 2 36 65 93 99 28 14 30 95 38 27 40 57 67 70 66 64 98 27 12 3 78 51 53 79 64 9 19 55 12 17 10 0 34 3 0 62 17 30 9 7 9 2 64 77 72 30 41 22 58 5 78 88 8 83 19 73 92 38 28 5 7 38 57 41 93 57 56 62 39 65 70 49 67 34 78 91 65 71 66 75 77 96 63 85 79 82 58 72 73 39 29 80 77 38 74 23 96 30 85 87 47 55 88 15 90 66 6 7 38 24 34 15 20 49 52 0 83 11 24 56 2 5 89 31 43 15 54 91 45 40 31 92 47 19 59 89 38 18 96 76 42 82 43 63 31 95 15 67 58 91 75 12 96 16 44 91 31 98 83 28 90 66 73 38 85 32 27 23 50 76 51 45 58 46 60 42 94 27 9 4 18 84 17 14 53 61 57 84 59 92 13 2 58 86 40 44 70 67 19 73 43 23 18 54 69 30 48 63 57 57 68 75 93 85 41 46 98 98 83 
9 43 48 11 1 34 51 97 56 19 69 29 14 92 99 20 61 81 68 77 38 77 45 65 71 82 6 69 80 57 4 89 52 52 1 53 38 4 51 95 75 72 76 90 64 28 10 77 9 31 54 0 8 51 65 31 33 24 53 65 33 57 7 85 10 60 90 48 64 41 95 40 65 72 82 29 52 44 7 61 75 61 61 84 13 79 67 98 3 20 64 88 78 71 73 40 83 63 40 47 57 36 39 22 60 73 4 12 18 11 25 45 24 39 81 89 18 49 88 73 69 4 61 99 27 34 39 10 49 80 9 58 68 49 81 28 74 85 92 92 48 17 90 72 8 71 62 26 20 2 99 42 6 12 41 85 98 81 95 48 13 56 6 81 57 39 61 32 76 53 24 24 22 66 49 31 38 63 9 10 17 9 52 75 73 46 60 72 79 7 20 92 63 78 25 21 70 86 5 46 91 81 23 65 48 72 48 86 87 58 48 4 19 1 79 92 47 91 64 26 98 36 70 13 15 47 86 85 33 91 83 76 73 6 93 21 30 42 59 17 0 7 73 71 60 4 63 7 95 80 85 45 68 7 11 83 54 97 20 39 41 56 67 14 62 61 87 45 3 46 14 55 53 88 78 66 44 93 73 92 73 11 37 42 70 0 77 25 98 50 16 39 58 84 5 20 45 92 65 0 90 32 7 43 20 85 9 64 78 35 56 4 98 46 98 20 46 27 97 96 29 14 87 87 50 92 60 95 36 77 47 26 9 6 22 29 91 83 46 21 70 54 77 68 52 75 41 51 55 38 47 84 52 87 24 2 79 84 49 16 61 48 94 23 54 16 52 97 0 50 19 70 57 96 91 9 24 32 60 31 70 60 67 75 47 91 29 78 27 31 94 89 79 41 12 86 57 16 83 57 
19 54 80 76 3 23 37 79 55 50 10 77 10 77 4 9 21 86 87 48 17 34 37 48 75 1 34 32 70 70 42 41 24 74 17 79 97 6 58 4 56 20 81 18 98 38 27 19 24 67 67 93 1 57 41 76 10 28 60 32 98 54 73 74 28 42 6 25 1 64 81 57 85 63 28 35 53 55 6 77 22 25 70 75 34 63 3 45 91 16 29 41 70 55 68 51 97 74 28 98 90 10 8 75 25 36 62 78 43 68 7 18 94 77 93 80 92 49 25 84 65 7 77 87 62 45 38 11 71 67 10 62 77 70 89 2 6 52 80 1 20 87 19 66 16 65 47 8 66 24 44 31 83 74 18 45 71 57 57 43 76 19 5 53 89 94 7 47 98 39 48 71 26 20 37 94 37 36 54 3 13 51 86 96 25 56 94 48 65 51 91 41 22 48 46 11 95 53 10 93 92 10 64 70 82 54 16 19 90 23 74 55 74 12 52 51 69 46 99 34 49 43 76 71 91 74 34 86 28 44 80 72 6 96 95 89 50 11 60 93 34 35 48 60 47 0 63 68 98 15 3 99 58 31 70 1 5 56 88 85 52 20 10 59 16 5 48 19 68 60 12 55 47 60 15 47 13 79 15 63 46 18 63 4 1 85 5 59 42 45 44 94 17 6 5 86 11 5 5 80 66 17 35 13 29 2 60 94 33 76 58 79 46 73 35 0 58 41 59 0 38 55 47 56 62 52 42 25 58 99 57 76 16 44 89 97 99 2 92 32 78 2 64 76 75 99 28 33 40 87 86 31 95 85 87 9 89 81 34 47 80 44 23 48 88 65 97 87 67 41 72 97 43 36 25 18 35 54 4 28 93 42 11 88 27 98 97 16 31 84 16 63 80 91 63 20 56 60 60 75 
2 32 72 45 20 98 16 55 4 20 35 97 14 46 86 41 96 35 9 79 71 25 42 51 17 5 72 25 18 32 1 20 64 25 17 36 23 85 91 27 57 79 25 71 77 63 64 26 98 74 5 22 99 48 73 68 5 45 94 75 77 47 95 93 72 65 29 48 2 73 27 60 4 4 31 81 67 96 7 18 22 65 40 21 65 13 42 70 11 36 46 40 35 93 34 7 10 15 7 13 40 35 25 44 39 56 78 59 4 37 29 26 2 69 0 67 34 42 90 97 30 88 38 65 33 24 24 44 39 84 9 32 19 34 76 10 42 6 21 47 44 50 25 46 71 25 66 6 19 56 3 49 96 93 66 29 17 43 25 9 27 34 41 98 20 69 8 63 76 30 62 72 80 87 70 52 65 36 10 36 44 65 38 40 59 4 22 28 99 47 89 26 34 30 24 54 52 85 17 80 67 79 52 47 19 74 51 36 63 13 72 7 31 10 0 42 15 74 70 66 21 60 93 55 42 69 10 46 54 79 26 21 59 30 21 78 5 24 14 68 90 38 27 21 49 79 63 16 53 85 82 75 45 27 82 40 97 44 86 3 24 65 25 83 95 98 13 52 74 79 20 64 17 48 85 18 27 48 34 33 34 17 60 31 96 42 23 93 39 62 97 63 27 74 98 22 24 63 75 98 42 47 63 11 47 0 82 27 1 16 60 87 85 20 18 82 14 94 27 53 56 24 16 83 50 66 57 74 29 84 25 71 32 40 35 31 40 17 58 41 85 18 28 71 90 99 5 57 93 32 10 49 9 79 84 11 45 93 38 75 78 63 98 62 3 85 93 95 54 4 89 40 22 17 63 65 68 68 22 61 52 84 62 13 63 98 25 61 92 63 88 70 26 38 84 81 24 29 28 78 
33 17 70 8 35 33 73 55 53 47 17 58 31 31 71 47 30 96 60 74 59 48 44 37 86 80 70 62 9 99 93 95 16 63 3 3 49 28 59 54 75 28 12 58 11 84 57 41 80 17 15 92 17 11 29 56 43 0 70 5 51 63 0 67 79 3 23 28 83 34 82 10 62 95 20 73 31 78 67 63 47 34 55 17 98 37 25 41 89 95 98 40 59 98 59 38 53 82 18 36 16 0 98 30 47 19 56 78 49 23 42 48 9 49 65 7 86 90 1 75 38 99 15 97 50 75 87 3 9 57 92 26 57 42 56 57 61 12 87 10 87 29 11 49 31 76 8 17 19 9 93 9 61 60 58 63 87 45 18 97 2 10 23 11 53 31 20 66 96 8 29 35 89 40 84 20 68 93 38 39 54 83 48 67 95 6 30 83 3 49 80 57 11 3 69 16 86 41 83 82 49 64 18 39 4 54 11 24 47 49 64 2 84 64 21 80 71 52 63 74 1 43 84 64 98 53 81 84 94 16 19 96 80 89 87 36 43 98 60 43 0 76 97 84 41 18 16 64 70 79 38 23 74 22 88 72 27 69 9 74 85 28 22 17 69 9 53 12 7 65 55 7 42 52 44 83 71 60 47 93 40 37 17 66 12 5 91 91 26 0 17 63 80 39 80 49 48 85 61 8 50 69 15 44 73 59 27 96 20 26 90 12 16 59 78 80 16 69 23 42 21 41 57 1 80 89 2 81 74 16 89 24 85 56 69 10 68 48 7 88 27 49 52 95 8 82 75 24 4 98 18 25 91 75 79 24 64 81 5 90 97 46 14 34 54 35 45 22 36 4 62 15 53 14 10 61 49 37 37 53 87 55 30 79 82 9 3 98 43 60 88 92 6 54 79 12 42 24 35 78 
28 49 45 81 64 55 94 65 44 31 18 31 38 0 10 20 62 13 70 5 25 58 49 83 12 28 96 54 4 31 84 32 80 29 65 96 36 11 13 80 94 31 12 32 32 74 4 94 40 74 51 65 32 0 49 97 81 45 51 85 28 36 70 60 65 35 9 54 99 22 34 93 6 98 26 90 73 82 84 65 9 87 30 93 39 31 90 20 76 42 58 56 30 28 69 47 63 78 1 62 52 88 56 58 86 34 48 11 68 84 76 77 71 59 71 63 90 61 35 19 55 93 27 85 21 96 85 37 74 86 99 27 74 7 37 13 93 86 76 62 70 5 91 94 16 62 9 6 76 44 77 31 38 57 69 59 53 54 96 80 40 48 59 67 7 96 32 53 34 8 67 5 65 58 51 81 73 60 40 49 4 69 80 42 26 49 54 80 55 2 60 96 2 71 15 10 67 99 15 2 59 82 59 25 40 62 6 13 22 98 14 78 68 95 73 94 96 27 26 52 81 38 0 84 9 67 94 29 66 61 83 25 43 42 2 35 56 61 1 78 59 15 56 79 62 29 74 59 8 0 63 90 91 15 74 0 82 20 81 0 81 64 25 76 58 80 11 14 41 12 44 52 80 1 32 42 82 58 53 91 58 16 33 1 31 59 2 65 79 83 65 12 0 43 88 58 23 51 25 16 16 69 68 96 70 52 90 5 10 44 48 69 12 81 22 96 92 24 13 71 60 79 35 60 22 23 70 97 74 95 65 42 65 33 38 87 86 29 44 96 25 92 17 89 25 40 37 17 16 51 40 28 30 75 40 4 50 11 53 77 58 18 19 75 51 10 15 89 91 59 38 16 4 7 57 81 99 95 51 68 46 43 96 28 19 37 84 21 0 37 98 58 55 70 34 58 80 1 0 71 
60 38 39 16 97 96 98 97 43 49 17 89 92 13 69 63 2 53 37 2 90 35 13 97 5 47 56 37 48 8 8 60 46 47 77 95 44 27 44 87 76 61 29 20 27 50 36 29 4 73 32 46 60 45 44 66 44 52 3 44 60 64 56 58 11 33 53 7 60 98 47 88 11 28 61 38 78 97 68 82 22 52 81 82 97 25 0 93 77 56 37 37 20 93 95 83 79 48 91 91 98 90 32 62 70 45 52 48 42 20 83 16 24 64 98 21 89 99 66 18 7 55 55 27 1 2 10 32 2 53 23 53 95 7 15 65 52 67 14 46 40 49 62 64 13 13 38 54 12 4 24 71 12 79 98 13 33 60 45 35 66 20 88 61 28 3 79 80 23 45 79 15 94 41 79 59 54 69 65 18 74 89 89 38 20 39 51 53 0 96 88 18 68 29 31 96 84 10 29 7 55 8 22 1 49 54 12 56 23 29 26 49 18 16 87 90 7 90 95 59 38 36 77 7 65 9 3 49 71 32 9 27 92 83 80 94 89 45 50 13 74 76 14 93 44 2 35 4 44 31 63 83 67 41 90 84 50 93 85 21 78 46 0 70 30 33 16 71 78 66 36 52 95 51 97 91 5 85 95 49 16 59 32 35 52 22 71 2 68 56 75 98 3 28 20 85 13 37 56 43 55 93 47 50 44 97 94 1 82 41 50 50 0 83 37 52 57 8 6 25 64 34 75 67 14 96 4 27 33 61 22 88 54 69 91 50 66 37 51 48 78 1 50 31 36 87 35 46 95 42 23 12 28 99 79 42 95 84 21 28 97 43 68 51 64 59 53 31 48 4 31 27 57 82 58 46 69 93 92 17 87 67 29 15 66 8 9 61 44 82 41 93 77 62 96 42 73 49 25 22 
5 56 49 15 38 7 13 60 52 57 77 40 24 6 7 91 66 69 4 63 51 46 56 81 8 5 75 81 54 0 3 12 8 4 27 99 63 92 11 16 49 88 56 73 46 15 64 12 84 21 27 88 67 36 69 27 41 96 60 47 48 16 59 56 20 38 7 84 30 18 52 79 6 60 5 4 75 21 17 12 42 96 0 61 32 21 88 73 69 1 21 17 17 32 25 89 71 33 25 53 51 77 85 10 89 90 14 65 11 83 29 54 80 29 15 64 2 56 38 71 57 11 88 26 43 65 15 66 98 93 20 2 22 5 64 12 95 78 29 58 14 58 12 46 39 80 10 93 36 0 64 93 11 4 19 7 69 86 25 20 79 45 22 54 2 86 18 49 16 47 8 82 57 72 28 48 52 91 41 88 91 5 81 55 61 52 14 30 39 39 50 70 37 24 76 39 62 94 89 79 93 49 13 50 21 94 98 74 85 91 62 28 48 44 35 9 48 49 92 39 89 94 10 26 19 38 17 33 33 58 64 26 7 78 29 29 72 27 3 9 71 17 37 19 13 73 29 62 22 73 1 63 67 63 41 38 2 59 72 35 17 88 13 77 66 42 6 90 22 61 99 93 78 37 12 92 10 93 54 84 18 7 48 86 71 41 76 25 0 0 60 70 89 73 47 7 16 5 98 38 66 97 83 44 34 95 36 96 41 42 33 59 50 33 97 73 74 26 98 27 78 10 97 67 83 96 27 51 1 25 41 67 22 24 63 9 72 52 57 65 94 90 76 96 23 74 21 98 52 19 77 30 81 74 98 17 22 77 68 23 2 62 42 76 38 5 37 10 57 95 27 4 37 4 52 61 30 26 11 82 45 88 12 79 14 62 96 36 39 64 11 93 78 53 70 17 10 59 79 20 
54 7 24 44 63 28 57 93 54 68 27 52 8 39 31 22 54 27 10 45 43 21 39 22 26 61 91 36 20 22 56 27 81 32 71 44 61 80 89 67 48 16 71 8 8 2 82 14 81 92 59 25 65 50 99 43 11 42 79 84 64 88 11 46 20 34 90 33 14 32 53 14 48 24 74 8 27 56 22 8 0 34 85 17 84 36 60 48 78 91 32 43 79 95 41 0 81 31 85 47 15 38 61 16 63 87 24 42 43 99 2 95 33 88 12 69 76 24 17 55 15 49 50 95 44 91 47 25 74 32 72 90 23 85 6 38 72 82 80 67 81 82 62 66 70 74 36 47 98 53 54 14 3 4 61 99 47 60 25 73 44 49 63 67 35 21 5 59 56 85 27 37 20 89 56 42 64 92 89 14 45 95 80 0 51 93 0 50 53 77 24 98 26 87 65 13 61 23 73 17 60 0 6 80 41 62 23 57 6 64 72 4 12 4 4 63 98 56 14 51 33 38 1 12 77 19 25 90 94 98 59 54 50 66 87 92 80 10 49 87 26 73 43 38 78 47 2 28 4 68 31 89 58 33 1 35 4 27 78 98 77 37 52 80 55 39 24 36 1 73 75 28 99 18 66 29 17 20 57 73 88 40 63 98 25 64 34 29 43 64 27 21 1 32 53 57 23 77 45 77 50 72 5 1 42 23 30 59 96 87 33 36 28 96 35 53 60 21 35 4 85 14 77 86 46 30 95 22 7 92 99 9 64 56 11 6 79 41 66 75 81 99 12 61 47 99 66 59 20 1 15 5 16 44 43 14 74 39 36 33 31 35 95 48 91 58 54 23 51 20 50 32 71 14 45 70 13 12 30 33 65 97 90 81 42 34 48 68 25 84 54 8 72 49 56 15 7 11 90 58 
83 41 43 7 55 88 77 21 52 59 54 18 9 97 51 51 31 99 19 56 36 25 64 8 74 73 75 33 84 66 44 67 59 87 26 14 27 56 35 80 15 42 50 76 39 1 27 22 53 99 30 89 24 46 49 51 19 76 84 3 42 28 23 53 67 49 68 95 5 55 27 73 49 29 1 40 82 29 62 35 80 92 76 56 39 77 7 10 54 92 14 48 72 89 2 40 90 22 87 48 29 14 73 79 43 74 19 25 55 34 13 35 26 89 92 17 19 99 80 73 43 94 73 16 35 75 8 25 49 95 73 79 9 46 58 4 73 29 81 28 63 46 64 42 36 8 11 7 59 91 80 3 37 53 71 72 81 79 98 30 26 23 9 35 22 19 91 95 49 24 23 12 71 39 6 59 47 18 66 7 9 98 62 47 51 33 19 84 64 69 15 90 45 76 77 67 96 68 62 97 44 37 61 15 77 68 74 76 86 40 83 95 38 45 94 42 30 14 78 94 35 45 84 80 22 61 47 70 81 61 67 26 51 28 93 80 96 68 56 34 60 40 30 51 37 24 93 68 90 23 14 26 69 99 6 91 12 6 13 46 67 80 24 70 60 17 50 9 37 7 43 98 99 25 49 36 2 94 56 92 17 71 70 86 22 77 29 86 35 42 84 54 22 8 25 35 78 75 44 15 82 87 65 81 13 66 70 15 60 26 59 30 49 30 16 71 59 46 10 94 40 94 48 15 55 73 50 33 1 94 0 83 33 18 65 98 84 87 65 45 13 25 27 15 7 43 86 66 41 48 12 34 43 12 49 98 38 99 83 39 45 35 22 30 5 39 29 90 26 94 87 92 19 14 7 26 9 45 44 51 94 56 85 89 21 86 39 59 37 22 98 82 9 72 12 15 12 93 5 90 
88 44 34 59 58 41 38 67 39 82 70 85 91 7 74 64 93 13 23 30 87 21 64 96 45 29 63 57 22 20 0 62 64 34 22 74 28 12 42 19 46 64 4 89 72 78 53 65 91 76 48 78 49 12 26 95 41 90 4 64 62 4 26 27 91 0 53 71 12 95 42 11 12 46 0 84 76 54 1 19 30 49 97 32 62 75 27 55 17 31 71 80 88 98 59 31 50 12 54 15 60 96 26 72 94 78 8 70 32 9 89 15 11 38 47 25 65 26 80 83 9 52 15 97 2 74 80 4 86 86 71 98 34 49 70 28 28 30 50 60 40 91 27 3 29 74 80 95 0 60 30 10 64 45 59 18 71 92 75 57 30 46 8 65 96 78 93 24 61 96 36 53 87 64 56 17 90 36 64 43 48 46 53 65 91 64 35 14 8 62 71 39 9 31 4 57 62 49 33 23 45 21 76 33 85 32 2 28 20 18 71 20 16 76 37 59 92 73 73 1 35 96 92 96 28 96 53 90 97 38 13 43 60 89 28 97 73 82 25 45 0 96 65 68 24 3 27 17 28 0 18 63 96 10 12 24 58 17 14 55 56 27 50 16 68 78 65 41 12 91 86 64 39 4 32 64 7 59 33 87 59 3 2 56 13 14 32 23 32 47 30 40 26 81 56 95 11 21 88 24 64 27 88 4 31 21 20 90 80 53 77 92 56 31 48 21 46 80 96 30 79 26 70 6 59 26 53 71 99 93 95 16 20 35 72 3 56 44 45 89 97 74 81 5 6 81 78 52 13 74 82 93 52 52 51 12 30 4 83 81 97 30 97 70 65 21 25 74 65 71 63 62 45 96 19 51 77 49 55 42 23 37 35 28 41 86 40 23 42 75 5 92 5 54 14 22 76 39 96 41 
10 11 56 8 7 27 59 36 77 15 79 52 4 66 80 98 5 20 21 47 47 78 91 52 33 5 75 61 45 23 54 7 35 62 15 94 90 75 83 67 42 14 71 98 32 52 96 37 24 70 85 72 48 28 76 33 34 3 46 31 27 1 38 14 63 54 60 5 81 95 24 75 9 96 73 42 0 22 31 24 92 68 48 92 97 77 78 31 80 24 62 7 77 52 73 93 6 34 98 39 29 23 14 91 19 88 85 19 10 16 95 54 85 96 98 34 73 76 65 53 53 79 13 30 83 86 23 42 72 74 81 2 97 96 45 68 36 30 87 98 98 34 52 35 30 2 69 55 79 86 9 84 65 22 66 1 60 42 43 33 16 24 87 13 20 84 33 8 66 20 6 64 6 10 0 89 13 21 44 44 8 5 28 73 79 46 26 40 88 69 25 56 94 64 69 66 48 2 75 14 74 81 78 33 92 30 22 57 52 66 1 60 24 81 85 3 27 12 43 16 81 20 24 27 84 94 94 32 48 69 46 75 2 77 60 94 59 82 3 63 0 4 75 24 85 61 28 65 25 23 33 58 44 57 86 80 3 32 13 4 53 11 31 55 40 91 2 0 25 5 63 25 10 39 2 47 52 82 64 29 5 97 87 1 55 25 82 58 9 47 14 62 58 45 18 99 36 20 51 61 77 66 39 39 5 41 39 9 23 3 90 80 1 30 34 8 55 16 66 65 15 33 79 73 78 97 24 15 69 75 28 99 42 67 38 99 60 77 61 35 81 51 16 34 81 50 42 37 18 8 54 85 41 85 58 72 83 35 39 4 10 67 3 4 87 94 4 47 71 17 83 4 68 51 38 50 53 80 39 23 41 45 8 34 30 66 6 65 1 45 22 64 65 77 20 52 71 24 99 95 
93 34 99 62 85 38 12 38 70 51 13 11 48 21 98 78 88 4 96 41 2 18 57 67 95 78 71 67 54 22 14 48 57 13 10 94 3 74 85 74 77 98 37 25 20 35 55 60 92 51 53 46 21 63 65 69 41 36 88 47 58 2 95 67 15 57 14 71 31 99 97 60 49 34 37 21 22 93 81 66 96 87 64 70 50 29 39 43 17 27 90 27 29 86 95 96 95 61 67 27 12 16 39 61 51 77 83 25 22 16 43 18 55 7 88 5 88 79 0 5 6 91 32 87 77 79 36 72 40 55 51 4 72 43 66 75 20 1 52 42 69 95 12 25 54 53 82 94 32 83 99 91 26 83 30 3 15 66 27 55 74 31 60 46 74 78 21 46 31 25 40 0 72 52 77 26 5 12 20 90 47 71 33 73 54 63 28 69 82 7 77 56 38 89 54 64 19 27 62 50 52 2 2 24 55 32 50 12 44 22 54 43 45 87 68 99 3 96 21 37 3 50 93 94 91 47 10 10 74 73 12 78 75 14 2 82 98 4 95 94 26 1 37 71 89 5 22 44 53 95 81 57 45 26 3 36 25 13 98 99 86 10 77 14 77 31 96 27 35 43 22 61 45 59 84 86 17 58 82 70 54 63 79 51 89 82 40 14 96 38 65 34 1 94 48 30 25 97 57 12 40 79 73 37 91 9 23 60 67 5 30 73 20 10 25 61 92 65 27 40 55 92 27 8 38 75 90 15 72 0 27 65 79 52 2 22 61 78 82 81 83 65 6 56 75 31 17 19 48 45 12 56 89 39 16 28 66 7 95 91 7 23 56 38 75 58 13 89 36 95 22 72 60 28 28 87 12 97 59 12 42 71 68 32 62 85 12 28 44 7 71 51 82 27 89 10 38 2 51 26 
50 73 50 62 53 78 50 17 28 61 30 70 84 98 54 46 35 18 26 79 26 98 82 8 25 24 18 15 78 69 42 28 94 92 43 0 23 45 17 51 6 47 73 90 98 80 36 85 98 14 65 76 12 99 85 90 23 55 5 2 77 99 82 23 44 77 23 67 22 41 70 80 88 95 70 38 75 58 24 26 25 41 2 37 40 39 27 64 47 85 18 76 84 52 99 28 82 23 47 4 16 69 37 4 65 59 95 92 18 19 70 95 60 25 32 0 64 12 16 63 97 86 39 33 91 39 14 73 14 13 29 30 83 66 86 0 26 81 44 96 52 15 91 12 92 75 13 56 87 81 72 36 68 11 70 11 2 36 84 68 49 65 50 32 84 89 32 10 22 29 58 75 96 49 87 88 76 52 96 64 34 68 0 54 32 22 17 86 58 1 55 8 18 5 92 2 94 77 12 17 6 22 44 2 23 31 90 0 84 86 16 70 7 68 76 39 91 93 25 1 46 32 61 64 38 6 67 84 83 31 53 41 6 97 43 29 81 85 29 17 23 97 39 30 66 15 69 57 60 47 10 6 79 72 22 69 78 41 6 13 25 59 54 31 9 49 60 42 34 42 59 9 39 50 40 57 65 61 14 25 8 77 83 40 1 5 9 31 47 15 44 72 27 50 55 88 99 67 82 85 9 41 94 1 91 34 58 8 48 25 85 8 54 68 48 55 25 58 86 72 25 82 96 4 32 51 44 31 19 26 16 80 67 62 33 10 49 44 70 97 21 55 5 75 75 54 30 1 64 68 25 41 50 74 46 82 25 90 65 96 17 33 29 36 95 14 99 44 10 69 93 31 77 99 58 4 5 40 5 69 8 83 10 10 57 8 92 34 99 9 83 68 42 64 4 90 78 3 86 89 
25 80 72 54 79 83 58 84 23 64 5 84 99 15 94 56 76 87 42 75 48 25 95 91 89 99 33 68 55 19 9 32 99 33 86 78 16 44 14 40 60 19 76 59 87 70 67 63 9 10 38 58 35 85 1 25 84 34 45 91 53 6 23 5 39 61 83 8 58 50 0 18 69 76 30 56 46 97 19 56 7 9 66 95 94 67 72 31 53 69 74 6 75 50 11 66 11 47 26 69 97 26 40 18 54 22 75 1 19 46 9 79 8 27 26 54 94 98 37 47 19 12 5 46 62 69 12 25 16 91 47 65 69 87 83 24 9 10 77 80 9 38 11 17 65 37 23 59 87 61 58 6 73 63 52 87 32 17 12 0 8 59 17 77 98 1 53 7 63 30 40 72 68 51 41 33 41 65 44 28 78 2 87 3 18 39 90 2 8 2 3 68 14 72 98 12 73 51 72 89 34 64 61 2 15 55 88 8 72 84 37 50 87 24 53 57 15 95 59 24 49 14 44 63 87 42 28 12 94 0 1 28 64 15 82 31 22 70 40 94 55 29 44 94 5 49 3 20 96 62 96 45 29 41 9 68 83 37 32 29 89 86 57 5 1 92 36 23 14 28 69 21 57 65 67 62 14 70 35 62 85 83 7 14 76 68 34 12 57 66 41 46 52 51 51 5 95 40 80 9 68 49 31 78 14 98 92 80 69 79 42 6 15 50 20 91 70 6 55 28 24 97 74 29 0 78 34 95 70 67 56 90 16 87 20 83 38 13 63 59 44 6 65 59 8 37 51 78 43 6 6 67 55 33 96 7 63 83 54 85 50 11 75 18 50 96 1 88 61 65 47 5 23 12 65 83 49 68 13 44 74 72 64 82 57 60 89 20 95 44 5 97 55 32 16 57 80 17 46 41 
34 93 47 57 58 12 92 59 80 6 4 6 78 68 40 35 80 30 7 28 26 64 25 33 48 41 90 29 59 36 70 93 82 17 3 92 81 95 51 13 53 7 72 31 75 12 18 8 94 77 36 20 41 61 5 90 3 96 71 14 84 41 59 18 11 62 62 92 10 14 58 63 73 82 95 49 94 65 9 41 43 97 13 36 58 19 78 13 67 49 79 3 43 39 74 54 1 36 98 63 2 8 27 76 90 74 77 37 39 86 78 34 83 91 23 93 62 53 7 29 55 38 85 98 77 59 4 31 95 2 94 98 11 21 74 53 95 51 90 87 89 68 73 72 12 96 17 74 2 24 56 57 15 41 7 92 0 11 23 47 65 70 45 28 91 71 82 39 22 72 78 11 93 51 35 57 0 53 83 54 29 39 63 44 32 70 89 84 81 12 32 98 34 77 27 78 49 9 69 23 33 47 87 78 50 74 35 2 27 71 56 9 62 19 53 95 41 42 79 74 7 63 73 93 93 0 71 94 61 40 17 94 39 56 25 90 31 12 44 58 83 1 19 46 72 73 93 14 67 24 40 26 88 13 20 81 65 43 27 26 84 44 73 23 53 98 65 84 62 10 94 46 63 14 44 87 39 37 53 58 13 94 85 1 59 57 34 25 52 61 3 36 58 76 12 11 26 29 95 89 91 41 87 54 55 31 94 94 20 47 53 33 93 90 87 53 99 21 78 51 35 33 40 45 10 4 56 88 33 3 29 77 44 16 83 52 99 77 46 19 77 51 5 70 41 92 23 40 65 53 44 0 87 84 97 49 88 53 37 73 8 19 50 5 87 86 57 87 63 55 58 40 7 15 11 0 7 86 93 73 92 37 25 79 21 23 80 61 28 69 86 89 88 89 94 76 75 3 15 38 
58 73 31 17 89 94 18 48 80 11 73 24 48 51 3 21 26 35 34 54 5 20 95 93 61 41 21 36 44 36 27 55 62 58 72 3 52 42 51 84 5 77 9 5 28 64 26 54 0 12 60 57 85 56 50 46 97 24 83 94 60 10 1 22 20 25 25 24 68 29 8 73 6 69 31 34 86 9 40 86 22 0 95 7 8 45 53 58 21 88 4 82 98 5 56 70 30 34 94 98 63 55 24 21 24 55 55 62 16 47 0 38 99 95 45 8 93 51 18 14 39 22 96 90 27 5 60 9 39 55 60 54 62 36 75 38 43 82 1 59 29 1 98 28 97 95 88 42 46 6 56 86 80 5 28 59 10 88 69 49 95 29 55 57 17 30 96 60 12 49 19 41 50 17 21 99 65 10 41 11 68 50 49 49 55 77 8 65 18 77 66 13 58 21 23 75 3 71 87 15 20 7 8 70 76 81 22 41 91 15 5 12 65 6 61 72 36 69 89 54 99 55 19 9 28 42 37 83 13 24 50 85 31 10 56 60 92 30 1 35 45 58 47 63 65 8 35 1 30 25 7 81 32 26 90 13 21 27 96 86 4 47 72 35 9 80 95 1 62 49 89 59 7 36 22 72 97 10 25 27 87 32 8 19 11 50 84 84 30 33 22 34 80 46 21 41 26 17 43 40 18 32 0 25 20 74 50 17 84 75 96 71 60 56 43 71 7 79 7 37 12 29 71 92 76 92 34 54 61 29 95 31 13 95 57 33 21 59 3 6 86 99 29 46 8 24 69 15 4 76 4 16 6 27 61 34 71 47 88 85 28 83 16 41 30 25 26 52 84 29 10 71 81 39 69 89 16 39 56 20 67 60 88 25 39 49 59 10 48 0 95 76 83 12 17 66 37 44 18 74 
25 28 97 6 19 66 47 87 57 3 59 25 15 48 2 54 49 14 17 98 14 12 74 97 76 44 63 66 88 33 92 65 13 89 24 85 55 71 72 13 75 32 90 42 32 44 97 81 58 14 79 72 78 6 22 7 50 85 73 90 71 65 55 84 54 79 21 61 3 94 26 30 78 16 72 10 61 21 43 71 87 23 44 66 81 66 73 83 3 98 73 74 15 80 11 21 12 32 82 15 78 9 97 8 77 69 18 90 91 62 62 30 37 6 96 70 24 21 53 27 71 78 54 86 58 65 7 22 49 42 37 80 3 34 88 32 56 59 23 99 73 85 29 62 43 78 32 67 51 37 46 23 15 0 61 73 17 69 96 19 63 85 99 18 72 39 50 80 98 73 79 23 10 60 85 5 38 69 24 90 6 71 65 21 71 26 47 41 47 43 60 10 80 11 28 4 50 79 84 1 4 15 24 15 28 10 72 66 31 97 8 38 68 73 59 91 0 58 32 47 53 44 10 34 55 90 90 6 21 27 59 26 42 83 93 22 45 65 89 77 14 49 15 34 75 26 26 27 85 10 26 38 55 36 24 62 79 15 20 0 94 79 78 88 63 71 11 8 89 52 37 55 1 52 90 28 31 16 55 68 78 82 58 85 70 83 48 49 50 68 50 44 0 28 32 63 52 43 23 93 47 61 48 49 65 38 77 48 6 85 16 37 67 27 22 37 10 70 87 12 91 89 56 91 69 40 6 21 36 81 66 83 94 67 84 12 5 14 60 64 99 29 1 66 8 23 55 18 46 42 30 89 83 38 32 53 30 90 26 66 71 93 2 18 60 38 30 17 52 42 33 51 23 86 69 31 10 25 1 8 19 31 49 55 21 81 8 4 71 34 22 42 79 24 60 91 63 42 9 67 
85 94 71 60 81 40 92 43 17 93 51 89 77 0 44 50 33 4 54 4 38 77 98 70 53 11 61 16 53 70 36 90 65 7 51 46 47 95 89 17 88 92 58 65 44 2 16 77 6 22 33 96 99 31 66 53 94 28 21 0 50 57 42 67 16 93 65 64 88 6 33 29 50 91 46 94 45 62 23 3 37 8 99 88 92 18 93 86 98 15 86 0 24 81 68 41 74 85 57 15 92 42 44 94 33 90 89 30 5 64 33 94 73 84 82 65 2 76 3 52 43 42 53 19 23 73 60 49 10 69 64 2 11 60 97 96 3 38 26 60 54 11 54 27 96 88 44 50 64 48 3 7 90 8 27 65 33 39 14 43 61 79 98 72 91 47 21 94 37 99 6 91 11 12 71 7 1 15 57 17 15 12 25 57 72 4 22 57 95 37 1 56 68 51 81 59 98 2 6 35 1 12 26 12 77 97 71 78 65 81 95 32 45 72 90 70 28 12 27 24 1 80 80 69 31 61 29 29 15 35 16 69 99 95 33 28 44 5 58 9 38 6 42 83 78 84 53 59 96 33 83 98 13 15 19 45 29 48 26 96 35 43 65 87 38 99 15 82 56 74 44 46 80 38 29 10 22 35 21 70 68 56 20 33 72 40 78 53 88 5 49 76 0 67 63 38 18 30 72 74 4 16 20 36 54 1 99 28 88 20 99 56 77 71 90 1 11 20 54 52 77 55 28 77 22 43 67 40 73 40 66 30 8 38 18 15 40 69 43 28 90 94 37 19 66 79 72 77 51 78 81 29 33 9 58 8 4 26 0 30 66 19 60 26 57 30 41 49 0 85 78 42 79 67 13 45 98 85 75 49 63 56 30 48 18 89 8 22 67 9 52 33 28 64 11 37 95 53 87 47 
90 17 89 21 36 2 67 34 87 94 35 2 50 18 2 20 59 11 43 26 72 47 11 52 64 22 89 59 75 28 58 17 45 47 39 81 49 58 67 88 52 55 42 54 25 96 75 84 59 70 10 31 17 21 35 33 43 77 92 71 5 50 40 3 49 79 36 50 37 56 90 41 11 32 96 36 29 23 72 88 93 82 72 62 3 59 96 98 36 40 21 94 43 62 49 92 93 85 95 31 41 85 24 4 70 72 92 99 95 64 39 40 98 63 3 53 23 51 52 11 91 25 57 86 87 6 31 81 92 26 64 85 11 40 42 33 13 34 32 8 51 24 49 49 39 4 3 14 7 7 26 50 84 83 37 72 90 20 5 34 46 21 71 9 61 13 43 74 48 27 35 99 3 36 0 43 92 55 57 99 14 35 49 99 71 38 71 13 58 28 47 56 1 18 18 62 32 13 89 32 92 76 83 48 12 83 43 56 91 52 55 5 88 56 4 59 95 27 72 5 7 71 14 8 89 84 23 73 97 64 5 41 40 40 89 52 24 32 8 67 85 15 72 25 71 77 36 18 4 8 76 12 79 90 72 20 74 95 46 23 59 3 16 99 44 58 3 20 42 63 87 27 30 59 4 2 88 40 72 45 0 48 9 79 90 81 52 16 29 50 91 88 53 8 40 97 66 95 17 60 11 4 88 41 16 44 95 4 85 68 1 85 68 10 17 11 44 21 27 73 71 71 13 24 79 5 22 97 1 91 9 12 96 97 5 64 94 1 20 79 21 22 16 89 84 33 52 28 6 80 53 77 3 67 54 34 72 76 83 25 67 92 89 15 90 95 31 36 96 52 15 17 26 83 58 10 17 11 91 75 43 44 53 46 11 7 80 36 35 63 13 54 55 3 22 97 98 53 33 46 
57 0 15 83 84 25 94 53 88 85 80 31 29 33 29 93 92 61 81 79 76 94 86 84 97 8 33 47 13 19 45 71 19 60 54 55 38 0 60 26 85 41 10 67 26 91 60 71 53 41 50 81 87 36 65 85 96 99 84 10 18 30 33 89 42 87 97 80 88 57 7 25 50 69 92 77 60 4 48 65 97 50 47 85 39 12 22 87 63 6 49 33 88 82 23 31 22 20 63 62 29 22 87 80 91 32 9 4 36 9 69 34 11 16 71 50 81 93 90 96 51 39 30 92 74 5 75 96 77 38 58 6 13 97 38 4 29 47 8 18 8 30 4 20 98 75 22 31 20 12 28 23 4 10 15 78 15 42 74 92 81 84 50 46 81 89 50 63 88 11 81 97 93 85 69 91 12 91 23 32 56 3 7 60 13 23 38 28 17 64 72 98 48 22 96 81 63 47 44 52 10 77 49 55 14 18 46 26 61 21 58 17 24 66 77 89 41 67 69 58 31 41 9 31 16 5 65 79 4 61 31 66 39 32 21 53 2 68 80 64 41 90 33 66 8 63 7 1 30 77 12 14 18 21 97 86 78 62 66 35 24 49 1 63 82 75 68 84 95 0 0 36 43 34 54 51 49 62 5 79 39 17 45 9 90 43 96 68 57 14 55 81 63 57 96 45 32 65 82 27 17 82 15 60 68 70 64 17 84 69 49 23 86 46 84 76 41 32 96 99 46 52 32 10 61 29 55 45 46 89 24 63 24 39 24 92 61 40 62 45 9 63 20 47 61 5 75 3 89 71 54 36 75 86 46 36 15 53 33 61 43 57 77 19 97 53 63 10 93 25 56 54 40 28 1 2 85 76 57 75 99 11 11 27 97 9 15 65 14 49 78 9 6 55 28 55 8 92 66 53 
69 74 7 10 2 8 64 40 36 73 15 88 84 78 15 33 87 30 50 1 79 29 11 38 36 39 45 97 83 11 50 53 37 10 15 92 70 79 32 7 52 47 95 88 25 62 73 64 92 76 65 24 57 28 62 93 20 7 90 3 71 93 8 60 55 23 52 25 54 84 84 58 83 31 46 60 93 72 24 38 0 42 62 57 22 24 50 94 83 93 98 54 38 58 15 93 82 67 70 36 4 7 95 39 38 93 52 84 17 28 22 17 22 84 74 45 60 77 39 43 70 89 98 60 48 13 53 82 32 75 18 88 82 65 80 73 59 32 57 28 60 79 46 35 15 20 80 75 49 71 18 19 13 16 79 13 81 84 95 66 12 65 6 94 31 86 67 42 70 76 70 31 55 16 18 70 89 50 45 38 21 16 10 86 32 41 99 66 26 46 32 90 12 38 84 95 25 4 37 95 80 7 78 88 24 48 10 65 98 8 3 72 24 13 58 56 7 10 22 33 56 6 75 20 45 59 15 22 15 52 69 48 60 0 36 36 48 46 1 47 54 56 19 78 22 29 87 29 39 61 14 48 68 89 20 65 0 36 39 16 40 8 64 52 60 0 88 9 98 41 8 53 98 79 83 20 60 22 49 52 84 63 0 52 4 72 69 4 8 8 20 1 68 84 53 29 36 42 90 87 83 98 92 33 29 75 53 89 98 54 41 34 69 93 86 73 66 55 78 26 15 98 79 83 35 33 12 23 27 2 10 62 52 2 96 33 30 1 75 80 56 68 14 25 62 52 99 80 59 29 58 74 27 38 57 14 71 22 90 50 76 52 12 81 7 8 66 37 10 41 69 18 10 35 95 72 87 46 4 98 75 62 72 55 52 81 69 75 55 11 25 32 64 38 65 71 98 31 60 60 
73 81 30 83 16 26 7 55 72 63 53 48 77 77 55 30 10 76 5 66 88 83 50 52 73 15 75 71 98 35 84 71 16 14 6 84 92 65 39 65 80 44 65 58 21 20 40 31 48 97 49 36 80 51 40 53 18 15 77 17 2 13 40 70 79 99 54 72 16 45 89 97 89 6 7 62 78 47 46 26 44 95 63 77 99 55 30 17 23 59 86 25 24 27 48 4 78 54 76 94 0 17 43 89 23 50 52 1 97 98 27 42 45 42 71 44 98 1 62 21 13 0 98 37 27 46 41 57 1 69 52 1 86 95 42 9 46 46 62 95 96 90 89 94 32 60 38 82 14 52 3 79 53 2 16 32 0 10 90 1 31 94 54 70 89 49 31 87 95 94 35 44 84 24 38 68 37 28 51 51 81 6 30 86 8 98 18 61 60 60 62 92 54 69 14 96 18 45 35 65 39 70 9 75 47 47 44 36 76 47 87 9 53 69 95 14 19 65 75 80 78 37 24 32 58 38 80 76 83 16 42 23 38 3 50 37 3 94 73 31 93 12 40 47 81 87 61 1 4 36 33 82 25 57 67 84 95 99 60 78 15 54 53 6 10 4 43 13 50 69 44 44 81 36 43 15 75 4 16 79 40 49 14 17 58 33 1 53 32 14 31 0 20 37 6 30 93 1 43 43 22 39 39 4 27 82 19 2 86 87 82 78 88 48 96 46 81 49 99 65 63 82 65 84 19 23 66 64 77 62 8 99 1 99 55 29 82 74 31 20 13 65 99 1 65 47 47 98 96 98 64 12 81 81 48 52 57 14 17 86 76 77 37 30 76 93 11 58 19 94 31 33 12 30 86 77 29 34 28 25 84 44 89 17 25 37 22 34 4 91 20 80 68 58 62 96 3 73 7 22 
20 38 7 32 20 94 61 49 80 89 26 64 33 16 34 11 5 56 45 9 47 18 90 15 28 4 63 31 30 70 5 50 8 13 82 80 7 95 29 39 85 56 55 18 24 89 81 29 45 27 39 92 45 81 59 25 85 23 56 67 45 61 17 6 26 51 86 85 47 16 24 84 24 32 54 48 21 36 29 67 63 68 11 60 1 23 85 39 98 93 6 43 6 76 49 33 27 88 70 26 4 47 10 80 79 65 80 0 53 9 19 16 30 31 28 31 6 65 22 4 58 81 99 16 57 1 1 36 89 72 63 45 19 25 25 98 42 5 98 95 66 18 63 96 1 43 80 7 8 54 63 18 35 62 35 44 63 36 81 52 60 96 49 79 21 74 77 16 31 28 63 98 98 27 46 99 70 78 58 79 33 21 49 20 35 36 65 99 73 98 3 33 94 53 65 67 27 42 83 11 22 47 61 20 26 59 71 96 38 81 27 23 54 29 95 90 65 60 89 38 58 44 24 4 97 41 72 77 35 7 88 58 6 1 30 32 60 2 81 50 35 60 25 90 89 21 80 7 33 21 97 44 65 21 0 63 14 24 92 50 32 32 8 90 33 38 75 45 92 8 48 28 68 73 70 10 46 2 69 32 23 66 28 40 40 28 55 54 53 47 4 37 79 12 27 12 3 54 10 47 62 58 75 83 83 97 45 30 99 14 14 22 80 42 63 72 22 18 27 27 18 31 64 97 96 44 62 99 50 72 46 13 82 74 48 65 23 93 95 23 59 61 97 91 3 60 64 78 31 91 5 1 74 22 98 70 18 12 21 68 36 20 33 18 46 81 84 69 26 31 92 85 93 90 77 48 2 41 26 85 84 32 86 58 54 37 81 24 49 2 92 38 74 26 56 20 7 40 90 86 
24 34 71 17 76 0 65 79 93 44 16 77 28 55 88 82 92 69 58 93 23 50 31 98 76 88 18 36 80 60 22 4 47 45 73 23 46 91 54 39 35 71 69 63 78 57 97 70 26 55 15 49 57 47 47 86 87 18 74 19 30 48 76 77 93 49 1 91 92 7 31 79 30 52 42 8 9 91 78 35 98 94 36 56 93 84 94 32 54 68 51 84 16 27 62 61 29 15 53 21 22 36 1 53 88 95 61 97 87 92 84 37 38 20 45 31 4 39 63 10 7 66 95 75 94 57 37 23 72 42 44 94 78 97 47 18 93 61 15 32 53 99 69 91 71 15 74 28 6 37 38 14 3 33 41 49 90 78 72 14 72 69 9 50 18 8 68 11 21 35 43 74 86 65 17 58 32 91 86 38 80 24 4 84 10 46 85 0 76 10 67 49 79 28 51 97 88 72 61 10 7 56 36 94 21 54 4 5 45 42 44 26 18 48 62 28 94 47 81 23 57 48 72 88 76 23 38 64 47 51 74 55 7 11 1 81 17 57 86 62 99 82 88 17 31 2 46 77 50 27 0 59 75 24 48 3 0 38 67 47 89 94 54 96 57 55 29 74 12 16 88 11 98 29 81 81 31 27 59 81 6 11 93 33 88 41 36 40 31 55 87 20 1 94 68 58 49 98 84 14 66 73 77 16 2 58 98 85 37 9 67 43 72 12 76 60 53 64 52 36 20 40 56 73 34 24 84 35 74 68 1 40 93 79 9 47 89 7 33 27 68 52 22 92 64 51 5 69 15 57 5 87 49 61 61 83 37 45 71 64 65 72 56 59 3 65 6 93 24 91 72 92 43 94 37 7 97 42 76 13 99 81 52 49 94 65 84 84 62 7 48 28 80 4 39 35 70 97 28 46 
89 52 91 32 99 28 40 96 70 16 61 21 50 14 70 96 79 7 80 94 14 28 22 46 33 61 82 55 58 62 1 47 15 44 32 14 72 72 62 94 40 24 16 42 38 86 39 69 45 19 63 60 48 37 6 33 98 88 40 9 51 93 8 18 38 40 32 62 64 94 57 5 70 73 99 8 11 38 30 57 58 45 69 58 83 75 43 33 16 83 94 19 28 55 37 18 95 69 81 60 15 38 17 86 11 16 46 22 55 28 31 65 26 0 75 61 28 18 46 44 53 41 63 81 96 0 52 43 21 33 55 88 71 24 26 34 41 25 8 48 53 40 65 79 92 40 92 20 58 39 64 63 80 79 96 28 31 48 23 52 81 79 93 4 3 19 38 96 96 47 96 50 39 61 81 31 53 74 52 11 13 16 74 45 48 23 25 79 71 48 84 53 79 77 57 83 48 96 31 45 95 28 47 34 41 80 65 95 6 17 58 19 86 85 16 34 8 93 65 79 42 49 84 73 78 42 56 79 90 40 76 37 20 23 71 61 55 88 8 62 6 67 33 44 4 50 30 12 95 95 43 37 45 28 11 75 70 19 54 12 11 30 49 31 5 72 45 61 60 53 23 18 20 56 14 24 58 44 88 54 40 32 43 37 60 6 12 82 78 19 94 89 49 95 21 55 67 66 68 79 19 91 50 92 99 64 68 58 9 9 64 1 41 59 90 1 66 54 35 44 73 81 33 75 76 6 30 95 24 50 26 44 41 76 88 40 41 8 50 50 17 66 3 58 26 93 11 92 47 46 88 21 79 73 96 55 80 78 2 4 28 29 0 21 57 40 13 98 49 16 0 66 82 3 77 60 96 40 4 96 39 92 17 18 18 65 26 98 95 28 54 75 9 7 96 67 47 61 65 48 
77 18 15 12 21 44 72 70 84 29 66 23 21 35 42 91 52 68 41 47 48 96 22 58 55 70 25 2 31 42 51 61 12 18 73 86 62 97 56 46 26 74 70 0 61 64 91 65 32 33 12 80 81 86 90 36 8 67 38 39 62 41 0 74 59 25 60 73 23 68 72 49 94 94 49 7 58 93 72 42 26 84 74 7 22 65 43 30 32 33 22 94 75 74 21 86 0 81 12 75 2 84 24 96 78 26 4 88 19 76 30 45 13 4 4 87 21 47 70 6 80 92 0 7 66 21 94 18 55 6 93 57 42 70 53 20 96 9 60 67 38 90 64 51 46 68 90 20 67 60 26 47 52 78 7 71 0 53 41 7 59 35 64 53 57 69 73 5 79 85 72 17 27 88 20 25 56 10 45 23 23 71 22 75 50 81 98 2 34 40 9 93 27 25 46 84 94 71 41 25 56 13 42 35 53 14 61 9 77 6 84 0 30 58 27 80 40 26 34 74 66 95 20 45 20 18 81 14 42 22 40 50 35 34 86 88 1 47 49 78 53 85 30 83 43 57 15 35 83 1 10 1 96 82 46 16 0 27 83 94 1 75 45 36 61 31 76 14 78 77 92 83 62 74 67 58 32 34 45 15 36 7 69 84 89 67 1 42 47 36 36 48 63 81 37 76 12 65 91 42 43 35 26 57 10 45 67 42 79 13 9 15 20 30 52 62 98 5 56 45 41 92 45 56 26 82 84 90 48 75 33 43 63 11 52 73 56 20 67 35 85 28 3 57 59 55 71 57 60 27 54 53 20 99 61 46 34 45 88 82 21 21 77 36 32 29 9 88 1 28 76 86 56 31 96 67 86 67 24 98 95 30 51 67 82 64 65 16 9 53 50 82 75 27 18 59 56 27 0 10 
7 28 48 16 59 44 83 45 64 8 95 59 90 98 26 72 62 91 88 71 44 38 54 71 17 72 83 74 52 83 84 59 63 32 75 22 29 11 19 93 19 14 4 61 12 30 34 26 73 74 97 69 65 3 93 82 76 76 8 80 11 44 91 26 29 19 48 58 30 67 3 1 33 7 62 97 89 48 23 14 23 72 83 40 76 28 22 4 56 31 84 19 75 27 45 4 46 93 14 76 12 17 77 45 24 92 42 65 40 65 79 15 38 63 7 66 43 30 70 0 13 54 19 40 81 17 97 80 10 11 56 23 81 86 68 57 30 63 23 22 28 2 90 18 17 97 84 61 79 54 61 44 60 32 85 94 49 82 74 12 45 82 87 26 20 55 36 2 70 59 25 99 61 15 69 79 64 6 92 44 12 53 88 73 37 25 19 39 59 45 51 5 79 38 83 52 45 19 54 68 30 79 19 92 46 88 23 11 94 15 7 7 20 95 32 9 21 3 48 32 48 51 89 79 41 25 31 39 96 86 7 27 17 26 19 64 66 94 27 13 9 34 72 81 29 4 90 2 59 91 35 59 42 76 38 84 1 70 75 98 8 82 25 25 60 96 89 26 90 16 91 51 50 63 32 32 19 74 86 78 65 73 37 8 50 76 44 51 98 71 49 6 53 26 31 65 22 73 43 64 41 35 67 44 98 51 76 18 26 14 48 91 88 86 51 38 62 47 41 12 18 43 18 23 69 49 88 44 74 84 8 16 19 76 12 69 27 88 39 5 54 88 49 42 74 0 32 88 0 26 0 70 69 18 94 90 19 34 34 46 18 43 62 89 71 74 59 50 14 98 56 68 86 5 63 12 57 47 0 9 73 0 80 94 70 74 85 42 60 19 88 31 14 2 20 37 76 31 88 42 
30 96 62 68 53 77 81 62 77 81 72 50 34 4 97 56 30 82 98 90 53 38 21 20 40 94 57 68 25 97 62 55 93 25 76 98 54 57 61 31 90 85 34 76 89 31 33 19 65 83 61 70 74 35 90 14 29 48 35 54 97 97 62 91 74 38 41 29 95 2 12 37 39 46 14 28 29 47 99 46 82 61 17 56 96 7 23 25 7 58 31 5 55 45 48 82 83 89 63 30 44 75 68 83 74 82 12 3 81 63 50 63 24 19 20 72 26 43 49 86 53 81 43 60 26 43 42 62 32 5 92 28 33 12 12 7 94 76 62 27 39 64 91 16 83 63 88 10 58 38 48 11 71 91 71 49 86 66 11 18 23 56 99 56 20 11 15 15 39 78 94 30 94 85 46 78 0 87 40 58 77 88 21 48 31 45 49 17 11 13 87 34 21 86 43 41 49 10 8 88 40 3 19 35 40 17 13 41 4 53 51 81 93 25 81 76 70 83 45 81 96 32 67 17 71 62 10 20 73 19 61 65 22 80 0 62 49 65 55 54 18 7 87 63 32 21 39 54 4 36 87 52 69 54 21 92 69 31 12 94 50 25 59 24 5 60 87 7 77 94 13 96 53 52 11 85 73 3 91 29 39 78 33 60 85 54 52 54 38 17 48 40 42 59 65 0 71 4 7 49 98 20 97 52 72 8 89 98 63 81 79 3 59 13 15 44 19 68 50 9 37 50 50 79 10 67 31 81 71 90 30 21 62 27 25 87 36 67 85 51 48 16 54 59 29 22 56 1 42 58 10 79 9 12 10 19 79 42 0 2 84 83 76 47 10 1 34 98 20 71 50 68 87 56 80 69 78 88 70 20 46 32 51 55 45 62 74 76 56 27 31 40 10 59 39 72 12 73 23 33 
44 73 53 84 81 33 53 12 21 75 84 68 7 36 75 4 50 2 33 58 29 16 50 91 75 90 15 87 15 38 20 60 63 74 96 45 59 49 57 81 24 93 1 83 29 28 88 31 30 73 89 11 89 40 2 64 82 70 3 97 8 24 9 72 50 5 69 9 54 78 42 30 71 95 14 53 24 54 84 54 27 26 66 68 18 20 84 0 90 87 97 51 63 59 75 13 64 44 75 71 74 69 1 45 65 15 50 41 21 35 47 0 61 13 68 31 86 52 31 28 92 80 79 55 39 54 21 4 50 48 75 24 17 28 22 82 96 24 75 17 59 23 18 72 88 38 55 74 91 86 3 35 67 34 90 58 41 63 14 91 11 41 68 29 70 42 63 66 66 91 35 78 14 53 2 2 44 58 29 87 44 84 22 63 18 64 22 59 28 88 3 91 30 71 72 52 13 36 18 31 27 5 9 93 11 12 47 55 70 76 42 66 60 64 82 31 28 56 90 8 44 45 0 74 68 72 26 81 60 96 65 39 2 74 32 65 38 80 20 60 8 62 79 69 26 61 0 6 17 42 15 61 40 67 88 8 91 66 42 52 63 7 43 17 81 28 82 72 8 54 32 68 16 11 37 94 72 89 52 41 84 19 55 24 86 43 32 78 61 26 82 76 33 25 93 67 53 27 39 13 81 23 82 49 35 71 95 59 13 48 53 49 67 8 73 6 3 57 36 64 84 70 41 69 95 86 36 1 66 27 66 99 51 0 49 38 72 44 49 37 44 2 86 64 62 11 70 65 20 58 30 56 28 23 26 75 61 14 76 27 42 95 27 93 95 28 31 19 24 32 56 69 35 42 33 49 5 55 15 26 13 97 34 41 72 12 16 33 27 45 61 69 40 40 14 35 68 97 55 44 
29 63 13 16 58 98 66 63 5 33 41 18 30 76 11 2 88 28 87 67 25 48 36 65 40 50 52 8 47 59 5 29 23 18 45 81 69 63 44 74 96 38 45 26 66 56 80 6 36 68 74 61 68 10 78 9 13 31 69 12 90 74 41 13 45 39 46 66 2 43 92 99 81 37 77 99 94 10 5 82 30 79 44 98 42 22 59 7 5 81 19 48 7 13 61 52 4 60 70 6 3 63 5 84 0 35 35 46 45 40 81 75 20 25 25 14 99 85 21 57 18 92 5 25 57 18 30 61 78 0 20 81 63 77 17 16 12 52 14 57 45 95 84 17 72 10 31 24 47 4 33 65 48 38 42 58 8 72 71 87 73 91 20 88 69 90 56 81 94 23 91 39 18 75 8 43 85 91 19 84 47 52 49 96 90 92 6 98 16 77 37 89 69 10 30 38 0 38 71 46 61 62 38 80 90 46 75 75 38 94 60 85 46 61 33 88 5 39 38 22 69 76 63 38 38 93 28 38 84 51 36 45 14 74 77 56 73 52 31 11 98 43 48 96 57 82 84 62 73 75 84 42 51 48 32 41 93 12 31 77 64 67 75 30 42 52 86 15 5 69 78 55 13 26 52 22 60 36 84 86 11 21 80 14 69 13 7 14 77 38 44 41 6 19 23 0 71 9 67 28 31 45 84 96 23 88 18 36 76 2 22 40 23 2 6 44 67 14 11 45 52 7 38 58 26 62 58 49 23 77 30 54 22 66 2 98 54 20 86 30 23 60 70 98 14 77 95 82 91 6 79 95 13 69 54 91 83 64 40 7 42 22 13 16 88 16 66 94 88 52 25 63 64 47 62 79 76 57 13 67 15 44 15 80 13 69 71 97 85 63 56 79 86 21 48 26 89 14 21 78 
19 98 41 83 45 55 14 22 64 27 41 79 71 56 59 85 77 82 34 63 46 42 94 84 63 42 10 5 9 83 83 80 81 76 15 27 84 30 49 48 9 42 28 81 99 39 18 28 22 52 91 20 46 38 4 9 32 66 66 41 50 1 73 31 78 89 10 62 71 59 62 80 54 90 61 53 82 31 81 4 35 25 76 81 15 80 43 47 46 9 89 48 11 14 80 41 3 90 55 74 2 17 7 8 60 20 61 42 52 94 98 87 71 74 21 38 6 64 86 4 25 27 53 36 41 85 29 97 27 84 71 81 54 30 89 14 51 2 8 3 49 58 42 20 32 63 59 90 27 97 94 53 24 99 41 17 84 71 14 64 7 38 45 61 68 35 27 19 89 35 74 38 93 17 11 77 32 22 67 12 19 14 17 95 13 58 12 50 81 79 66 41 17 63 2 37 98 30 9 40 17 83 78 11 52 89 88 85 11 8 97 82 74 14 77 39 24 42 41 58 21 7 99 90 71 1 79 21 83 88 61 1 24 40 64 28 81 4 13 93 12 62 27 38 28 5 78 5 47 19 63 20 27 62 62 50 15 41 71 51 30 85 4 54 77 68 82 58 72 48 3 37 62 31 75 43 88 53 48 87 25 11 7 4 25 69 54 40 10 77 43 92 62 47 98 39 15 33 50 40 33 5 77 95 88 4 90 76 10 38 63 35 1 22 39 26 43 45 19 6 22 62 50 37 62 49 28 77 82 30 69 15 36 98 62 24 3 53 1 65 43 16 52 45 91 43 23 34 88 94 92 62 9 43 99 71 44 80 0 26 10 70 93 46 68 7 23 23 12 76 40 8 92 92 5 35 35 28 22 23 75 14 38 84 9 37 55 53 69 7 31 80 77 76 78 98 84 53 73 48 
29 14 56 22 6 13 57 42 42 79 17 69 46 55 53 55 45 60 61 14 67 92 46 97 69 77 47 5 30 20 5 60 34 14 34 93 27 43 87 21 23 4 90 21 60 95 28 5 55 89 71 75 34 18 24 55 95 71 60 25 43 17 37 30 31 71 23 11 15 10 32 90 66 75 11 26 70 91 83 78 81 7 53 67 25 77 22 72 0 34 49 43 51 87 73 35 58 48 46 73 10 30 63 77 5 26 55 28 18 91 6 51 98 59 18 75 88 92 47 40 78 48 83 29 87 9 16 46 9 14 71 20 45 87 49 2 13 4 30 83 95 36 34 93 47 4 68 87 48 67 27 26 68 63 8 55 24 24 53 33 91 25 5 36 12 54 90 77 59 73 61 6 9 47 0 9 4 20 96 4 40 76 31 60 91 39 15 15 15 21 0 6 46 58 94 10 12 37 39 23 10 0 82 71 0 34 80 56 54 29 60 46 57 43 58 48 82 74 15 50 95 67 8 93 25 3 3 90 92 42 13 2 95 95 73 47 29 6 55 36 35 67 34 92 11 93 92 45 19 7 95 66 74 4 11 52 59 66 42 3 60 7 5 55 3 30 54 84 36 61 72 71 29 59 15 40 4 7 85 23 66 33 41 93 89 52 45 0 18 87 3 78 94 60 86 49 90 92 86 27 54 10 98 83 69 66 75 73 25 12 48 92 45 41 85 86 45 30 86 15 69 41 94 63 1 32 65 92 76 51 19 30 61 69 65 83 87 92 8 13 5 9 57 2 50 42 89 48 24 27 63 45 21 9 60 22 41 25 66 70 76 37 52 90 59 18 25 46 62 33 11 67 94 68 70 97 62 11 45 38 90 8 83 11 18 44 86 11 69 4 33 98 94 86 40 53 4 65 51 18 
50 15 86 45 83 8 42 46 71 87 84 61 47 20 25 17 64 63 29 85 19 62 83 13 48 23 18 4 88 22 23 39 37 61 36 72 69 78 18 92 17 55 5 64 75 82 82 91 97 63 76 17 25 60 82 26 35 53 82 76 27 57 67 64 70 3 88 39 81 59 83 98 14 89 14 41 71 96 32 69 59 60 38 37 72 72 15 8 25 97 84 52 7 3 68 77 6 57 69 39 16 52 89 82 93 3 75 17 52 59 86 11 19 76 0 92 48 15 52 74 65 88 78 72 91 47 1 97 56 22 88 24 75 77 6 20 32 33 37 84 92 75 48 11 51 48 55 0 16 7 26 81 95 4 5 86 3 58 35 59 81 75 35 8 52 93 28 37 26 66 73 18 41 21 82 45 22 37 45 38 97 71 71 44 75 76 31 31 34 18 42 15 94 78 75 98 71 4 35 98 22 61 68 15 82 50 60 56 40 57 94 89 28 65 33 56 93 16 39 80 35 81 47 81 59 23 79 83 79 67 33 1 28 1 68 62 4 81 19 96 38 65 85 19 83 18 27 28 87 66 8 22 99 56 3 11 31 34 94 10 53 27 63 33 80 31 96 36 12 67 84 3 84 21 22 19 92 1 48 79 67 8 53 66 64 8 29 47 42 23 57 96 2 20 81 35 4 77 23 16 96 8 19 33 81 93 52 73 94 0 52 13 61 57 32 25 65 61 25 8 37 82 56 39 55 37 74 59 67 50 75 15 10 47 48 91 92 1 65 39 53 69 52 14 27 36 92 92 98 17 52 35 51 60 26 6 50 53 65 69 3 93 84 13 92 33 4 84 86 21 75 91 43 28 58 22 64 50 66 14 19 71 49 70 31 28 29 81 81 94 2 84 39 87 49 31 72 53 68 10 
27 43 1 22 23 59 44 40 61 10 54 32 81 56 55 65 84 84 98 65 30 1 49 70 88 98 53 12 3 73 22 82 17 23 4 92 35 48 32 48 11 87 81 92 95 88 9 79 72 8 96 2 9 45 24 49 95 78 61 50 51 83 85 20 58 89 65 93 90 97 94 1 36 75 45 31 63 55 10 87 63 6 89 24 3 66 73 50 44 34 53 47 69 38 20 27 79 85 21 69 82 67 22 71 42 68 2 57 75 65 44 90 23 85 14 79 3 39 81 99 25 86 47 94 24 19 21 56 4 94 25 38 61 48 61 55 68 64 12 43 81 8 85 4 46 99 35 49 90 17 49 15 3 48 9 80 67 30 36 23 25 13 13 38 61 75 94 81 91 58 76 72 67 61 28 65 12 64 14 2 33 15 17 88 15 26 68 34 9 56 57 86 70 23 24 83 50 18 17 41 77 93 13 96 55 93 61 67 57 27 70 42 95 39 31 10 66 51 45 75 8 54 61 30 29 37 65 79 56 82 20 85 76 85 33 31 31 94 50 88 73 72 83 20 12 14 31 30 65 28 5 25 34 18 55 64 7 21 95 15 3 68 0 31 5 33 14 36 79 65 77 5 89 60 25 1 74 8 31 39 36 88 17 23 58 72 87 66 45 34 81 1 2 34 32 8 19 47 96 51 64 73 56 53 33 33 7 59 42 90 51 78 79 68 53 89 40 40 55 86 27 37 87 29 23 71 89 42 70 38 93 34 11 1 40 97 35 99 56 77 89 7 7 20 75 61 10 68 53 65 6 80 54 45 62 77 16 3 72 87 41 65 73 5 67 65 2 2 64 10 31 6 18 38 26 45 99 36 13 5 54 19 85 8 16 99 38 33 3 62 72 96 79 45 1 46 63 55 0 27 
66 83 85 36 22 12 81 73 0 95 78 54 66 16 15 83 15 5 68 70 67 40 67 46 37 20 45 0 28 97 80 94 81 65 30 55 29 63 28 30 58 59 36 77 27 51 12 42 56 80 65 75 72 84 22 9 4 19 62 32 16 94 78 97 59 60 4 41 24 85 71 34 44 7 11 71 11 23 65 19 55 30 95 27 14 69 89 71 88 51 55 56 45 34 6 56 46 10 49 70 95 72 5 91 32 68 62 43 92 80 62 99 62 9 27 29 78 16 0 18 19 55 75 16 41 33 24 88 43 74 10 39 46 15 30 78 84 45 21 28 25 36 27 39 97 6 68 28 74 68 46 93 76 73 9 69 6 34 9 2 8 20 93 6 87 23 85 23 20 58 3 97 46 83 37 44 89 5 72 64 26 70 9 2 96 19 23 54 5 85 56 65 5 49 71 44 25 8 20 97 19 23 95 65 6 32 9 96 89 33 12 15 56 21 69 4 92 45 10 49 30 67 66 87 68 90 31 45 98 51 43 17 27 38 35 33 22 96 81 11 82 93 79 38 67 0 94 11 45 4 61 75 23 27 14 92 17 46 37 68 49 32 37 76 70 72 62 44 69 95 8 51 41 87 41 8 39 35 71 85 39 32 12 15 12 27 7 29 25 96 49 26 29 87 55 51 59 69 96 80 64 4 31 5 43 24 65 82 59 37 19 51 21 84 66 33 63 25 15 40 73 64 66 2 3 73 6 63 42 2 95 7 58 27 64 53 3 30 87 63 67 7 66 88 43 84 74 6 9 89 98 82 5 64 37 9 90 95 24 32 49 19 91 59 98 56 12 2 86 99 17 5 58 83 45 1 67 19 59 28 60 57 62 66 74 51 75 64 46 99 48 47 18 40 6 69 96 18 71 82 
70 88 39 28 23 84 82 42 56 93 70 16 51 84 82 77 36 9 93 34 8 41 82 79 81 88 48 77 59 71 11 29 11 50 9 34 87 91 76 43 85 98 11 88 82 46 65 18 55 58 5 64 99 87 95 33 27 95 10 38 18 22 19 29 24 29 15 11 20 91 6 57 89 70 45 23 16 62 42 71 72 99 87 24 38 34 57 65 29 67 56 47 41 75 28 66 4 43 29 77 86 88 34 75 58 32 99 26 94 93 97 19 92 37 43 82 71 52 47 1 19 55 0 13 31 81 31 87 24 12 64 11 52 51 38 10 83 89 88 29 34 86 48 78 23 43 60 46 95 60 99 67 67 52 80 98 33 63 86 9 75 2 72 28 53 11 90 88 52 79 18 39 17 18 69 92 62 82 38 57 42 90 76 9 42 8 60 75 71 98 84 99 0 57 79 6 20 21 94 24 52 12 15 69 83 85 13 45 67 4 54 61 94 83 22 36 91 82 11 15 32 47 14 33 4 45 39 76 66 85 1 19 50 68 40 33 53 54 30 72 58 84 33 4 67 8 40 11 90 3 26 75 50 92 8 7 37 99 83 3 36 36 74 86 5 15 19 10 21 49 83 31 86 16 35 5 24 27 16 67 30 94 94 80 86 2 39 23 53 75 79 89 11 5 28 68 72 47 79 93 49 14 76 35 82 11 92 59 90 61 78 20 55 72 53 42 26 92 17 79 19 48 20 83 6 0 51 78 48 82 24 97 96 0 84 31 64 76 90 54 37 68 27 45 40 80 87 66 24 56 97 44 57 69 27 63 70 30 41 18 65 17 67 13 18 3 44 34 31 34 40 21 2 67 66 42 99 5 8 24 13 57 20 70 27 99 33 97 29 27 15 94 44 34 8 14 37 52 48 20 
39 89 41 41 8 59 36 8 64 44 84 78 54 56 0 81 55 34 78 36 61 45 83 57 79 91 72 68 95 20 40 86 61 82 28 70 41 64 30 58 60 14 88 14 70 88 95 77 74 25 13 87 70 96 45 1 39 17 69 87 89 62 73 51 44 1 73 37 17 3 47 30 69 35 44 91 76 92 68 50 17 81 38 40 30 35 41 69 52 63 56 41 25 30 44 21 83 69 58 53 72 58 83 93 45 79 84 21 23 4 24 93 86 14 33 68 49 74 37 1 89 46 94 14 28 91 35 11 60 46 16 85 56 99 78 1 31 15 75 54 19 99 47 57 13 32 25 14 59 15 15 48 61 61 15 89 4 2 52 65 48 21 2 4 20 80 58 3 47 33 58 19 32 57 76 97 90 54 11 1 21 78 1 82 91 16 23 96 19 27 13 19 48 15 24 21 47 82 24 95 67 34 14 99 44 42 48 34 96 11 87 17 89 88 51 32 5 26 28 76 6 41 95 6 8 71 79 56 5 4 51 72 90 17 23 34 59 71 20 8 82 7 77 23 48 81 56 53 7 36 29 65 30 24 72 38 96 51 46 1 7 49 26 50 66 49 84 78 21 57 86 55 16 15 31 64 96 39 17 4 75 98 21 57 75 93 48 23 45 94 76 4 44 2 54 10 52 91 88 25 48 26 32 64 42 63 29 38 2 98 94 30 49 16 87 24 61 35 99 58 30 75 63 74 30 69 36 34 60 77 11 8 55 43 73 97 7 54 88 61 52 34 91 1 2 79 77 16 66 76 74 96 4 89 22 86 59 11 20 19 88 83 28 43 26 53 93 85 7 33 99 11 19 90 65 74 21 94 90 88 23 64 36 79 54 11 65 65 22 37 84 10 20 64 5 98 17 50 36 76 
35 35 40 7 77 5 81 99 99 71 39 74 87 27 53 93 38 18 58 60 7 43 22 79 59 80 78 77 82 14 5 18 1 45 25 78 50 58 29 2 81 68 76 20 96 30 14 86 0 24 47 8 19 21 87 79 1 17 8 84 83 13 54 84 59 31 63 61 41 44 15 22 13 92 42 61 74 8 99 26 33 46 34 52 20 74 83 21 43 91 57 27 5 63 11 16 46 26 77 87 71 93 9 36 37 4 97 63 12 48 89 97 95 76 2 67 2 85 40 45 77 98 72 82 13 84 50 60 10 27 47 33 72 9 69 9 65 18 24 77 67 14 27 14 90 29 81 92 14 21 37 91 71 10 25 85 46 75 97 8 55 96 42 27 5 11 89 70 82 13 0 49 79 27 63 69 56 96 13 22 17 3 66 41 65 91 26 11 19 75 71 74 71 13 53 29 77 42 99 59 8 51 60 87 30 23 9 38 19 74 61 88 77 27 29 42 70 7 5 89 82 29 15 6 42 69 35 71 63 86 82 23 38 42 63 20 65 72 59 36 46 72 77 76 51 6 70 21 66 76 63 0 5 30 6 99 51 93 23 67 80 5 90 70 48 53 90 65 77 1 54 24 25 31 0 76 89 70 50 7 98 13 8 55 43 66 7 47 12 30 14 92 35 4 14 35 10 56 53 87 10 7 11 35 90 63 12 79 86 62 87 36 27 47 92 70 65 99 17 29 81 31 73 68 88 87 4 98 96 57 85 6 16 49 41 6 64 53 37 50 67 76 87 94 75 31 17 41 82 86 22 63 70 96 83 58 83 87 8 31 96 93 37 64 94 79 70 59 84 8 61 52 84 0 98 12 31 15 5 65 2 27 80 72 23 64 30 59 51 90 90 0 83 80 64 30 59 87 41 95 
47 2 99 83 3 98 95 86 13 0 4 67 28 84 39 51 48 21 62 52 11 53 4 47 85 20 77 44 7 18 91 54 72 91 38 27 41 33 66 6 34 70 74 14 6 13 17 55 87 80 59 98 85 15 97 70 35 26 66 43 96 57 49 69 0 87 48 41 73 14 0 59 36 74 73 43 39 90 50 26 22 9 77 7 76 74 77 11 1 95 54 97 5 4 18 5 43 67 99 16 81 99 75 70 25 0 13 64 91 63 43 13 24 20 73 0 46 2 63 99 98 18 97 3 74 67 60 69 34 59 86 68 10 13 38 35 66 3 52 57 18 95 22 94 67 95 46 13 98 9 13 48 79 62 51 5 29 11 75 16 23 13 36 33 78 26 21 44 29 73 53 99 20 76 93 87 23 39 52 73 0 17 21 80 79 24 85 61 36 12 29 11 25 65 96 4 43 17 48 24 42 2 23 62 30 68 1 5 59 54 79 59 71 52 91 3 77 29 16 65 41 45 76 67 62 72 23 57 42 23 81 84 25 56 99 7 24 52 13 35 6 92 46 30 44 38 85 73 67 53 38 60 98 66 27 12 39 50 69 33 26 2 17 51 58 68 11 34 21 24 69 79 68 15 61 64 5 46 90 24 51 28 85 49 47 12 13 38 15 34 71 41 36 88 44 94 57 55 28 30 31 49 9 51 65 71 16 22 69 6 47 21 86 32 22 33 96 36 71 11 22 42 4 59 83 1 5 92 8 86 22 40 35 31 43 52 54 59 75 24 17 22 45 56 6 67 41 2 55 13 14 78 7 70 89 42 71 94 34 80 80 8 72 16 40 15 20 94 27 95 70 96 69 67 52 75 87 94 78 42 59 44 72 18 14 61 61 38 8 47 70 88 56 42 56 48 9 77 94 88 
24 65 85 94 32 89 69 19 35 99 14 46 43 38 65 10 52 78 0 60 25 70 0 33 64 9 81 73 86 76 14 10 93 99 56 25 88 78 97 76 77 63 22 73 1 87 83 5 17 83 65 43 53 18 76 69 27 10 42 13 86 8 75 31 7 84 56 48 62 5 24 91 68 98 64 22 86 47 27 3 82 45 98 35 63 27 56 90 37 99 55 75 59 82 6 67 66 14 67 80 20 43 72 40 41 36 14 79 36 42 83 18 39 33 6 2 12 62 44 49 13 99 76 73 33 82 40 0 49 59 32 69 2 56 61 43 93 76 23 29 70 58 99 9 43 5 11 56 68 7 5 81 6 34 54 39 16 46 91 65 5 76 86 59 32 0 3 25 28 78 6 98 36 6 59 31 63 22 87 31 29 45 65 35 79 19 26 95 18 70 13 75 46 51 35 78 51 38 56 31 16 14 29 4 72 40 35 36 62 75 67 91 20 84 78 99 4 57 46 74 79 59 49 25 63 84 55 66 74 63 98 42 78 79 46 50 20 34 38 82 9 58 26 29 42 56 28 98 65 26 72 44 86 22 69 1 6 77 67 33 40 65 75 70 97 22 73 17 8 11 51 69 69 29 98 64 86 78 62 3 56 35 48 94 9 69 95 67 46 15 0 39 80 76 9 77 50 82 46 10 46 98 79 67 27 29 31 65 59 46 69 15 33 69 10 42 38 5 61 37 20 62 28 53 90 37 82 92 72 29 2 18 79 81 37 58 10 69 24 21 67 45 36 0 14 46 94 4 4 55 41 24 69 69 29 11 59 64 3 83 45 5 1 24 38 38 82 48 59 58 69 26 3 58 26 69 4 72 74 60 28 67 37 97 89 66 9 0 82 64 83 27 70 84 51 8 74 86 9 86 
96 30 64 0 88 43 21 45 15 47 5 43 15 94 93 56 13 54 56 95 18 39 23 88 75 26 49 1 12 58 87 9 40 52 61 29 47 34 26 62 82 83 6 97 78 51 53 91 5 9 86 75 0 61 16 75 88 65 76 52 75 64 61 15 68 74 96 15 9 74 29 91 58 87 40 88 38 45 79 95 6 17 23 6 79 39 81 67 56 9 19 31 25 33 98 93 59 95 60 20 69 90 63 79 77 3 67 68 0 98 15 6 68 38 64 47 77 45 66 33 55 37 16 32 22 15 26 82 62 38 54 83 80 18 63 10 73 82 30 74 81 45 80 1 84 45 48 13 42 66 99 49 55 15 82 78 82 60 12 44 50 66 80 31 36 95 41 10 77 71 84 10 68 16 11 52 13 11 18 8 77 17 9 33 84 91 63 67 3 27 63 54 45 43 37 82 90 30 92 68 53 28 30 21 96 42 26 10 53 44 70 83 13 79 68 97 23 83 16 26 10 32 32 55 27 69 89 18 99 81 86 4 61 16 26 58 10 4 20 16 48 42 99 13 21 19 62 44 2 79 23 64 11 55 71 38 77 61 56 28 94 94 33 56 11 11 66 73 15 38 89 15 80 40 28 53 11 90 98 65 21 73 29 32 80 1 23 57 14 79 86 8 74 71 16 37 82 82 62 49 20 52 64 52 92 92 6 56 34 56 21 56 29 51 40 9 4 63 19 18 43 57 78 69 28 95 58 62 77 20 11 50 24 75 54 69 19 60 25 53 16 46 61 45 49 2 7 53 65 26 23 60 83 2 81 63 49 91 25 78 64 36 28 88 63 35 9 82 95 34 87 12 33 1 9 82 3 16 88 20 94 11 33 77 65 14 92 14 58 17 45 22 5 25 62 68 60 72 2 56 
58 42 20 91 43 29 26 98 98 14 70 44 77 3 74 95 70 66 61 28 84 6 50 41 32 64 10 92 36 64 0 47 58 20 90 1 2 16 51 52 82 22 96 12 77 22 7 47 89 20 75 25 27 77 66 11 42 28 55 30 45 56 29 3 28 20 57 30 36 8 34 71 82 83 83 60 5 90 7 94 10 35 71 89 64 90 0 58 18 8 41 15 64 70 19 92 90 28 75 79 36 9 50 71 92 85 31 98 75 90 44 37 77 68 79 42 58 31 0 28 39 41 44 55 64 15 48 54 43 23 85 31 84 35 2 77 20 85 27 47 76 23 37 53 91 16 95 49 99 48 78 39 41 74 94 5 89 94 12 32 69 97 15 54 33 18 83 5 3 62 53 31 85 42 85 29 10 32 30 9 80 8 0 74 34 95 79 23 41 91 7 11 89 23 65 74 93 0 31 96 62 84 80 99 78 65 28 88 97 59 98 30 19 50 56 6 45 87 29 39 79 89 50 20 64 67 46 57 67 77 5 81 14 37 32 92 2 13 33 52 72 83 34 43 33 90 49 31 77 31 70 8 72 20 80 36 87 26 45 6 56 2 39 70 40 71 14 94 84 47 98 8 82 32 4 16 74 5 47 4 36 17 12 60 89 45 48 28 23 93 86 79 48 25 1 40 48 16 86 85 15 85 45 98 17 49 66 44 55 13 48 43 82 12 56 23 57 4 3 81 98 89 12 98 66 14 90 14 82 76 51 49 61 97 99 31 98 65 75 53 30 23 49 64 35 5 87 45 9 90 26 59 31 90 9 97 56 99 64 90 28 15 40 89 12 39 72 11 57 47 16 87 70 17 52 58 74 91 3 36 34 81 47 65 71 57 15 80 8 79 70 88 94 10 30 59 2 2 22 11 
50 90 50 72 60 2 30 86 46 85 22 80 66 70 97 90 79 12 70 39 91 40 80 38 3 10 49 57 12 23 68 62 65 18 35 25 73 17 64 71 3 86 3 21 8 0 11 39 65 33 31 8 74 11 98 29 21 47 38 85 22 58 0 88 28 35 65 53 4 29 24 59 68 79 81 28 32 92 20 97 26 51 5 52 14 56 33 87 55 71 72 78 29 72 18 57 59 35 63 16 17 87 75 37 19 56 65 51 49 37 48 27 88 5 79 54 61 12 41 69 35 66 99 64 90 17 73 50 4 36 18 73 76 93 10 95 50 28 46 51 65 46 78 6 3 9 60 17 73 2 86 8 20 85 24 10 54 97 12 58 86 30 32 14 24 94 9 26 22 7 77 88 5 7 94 8 68 6 25 41 60 63 1 80 48 25 91 2 74 55 13 60 86 45 74 62 39 35 88 14 94 17 54 99 76 48 8 44 6 85 37 67 49 38 47 97 15 90 52 89 46 65 2 84 62 76 46 53 64 34 67 58 3 21 10 31 21 70 27 28 55 64 95 4 54 94 54 21 37 58 10 83 75 12 67 37 41 13 90 57 99 10 67 54 83 77 85 5 47 12 85 3 28 32 59 34 26 65 55 63 75 65 98 50 30 17 87 23 82 30 80 33 92 47 87 75 77 24 32 24 88 17 79 16 49 91 50 28 56 57 43 32 75 42 34 5 59 22 80 94 4 12 27 96 59 15 23 88 39 56 13 28 25 92 96 27 83 99 55 92 56 50 76 31 92 10 88 4 84 68 98 40 80 25 36 92 92 12 80 84 20 45 64 45 90 60 72 73 11 79 17 68 30 93 99 74 56 40 30 40 8 80 81 41 58 69 85 2 33 65 86 53 63 2 99 53 15 23 78 26 
55 96 94 85 41 46 11 97 86 42 90 46 74 23 39 32 44 24 35 78 42 73 83 5 76 34 10 91 58 88 17 65 36 64 50 78 62 13 27 0 7 69 46 82 44 86 66 89 62 53 19 4 27 2 61 55 89 71 46 99 60 15 64 96 31 66 74 93 79 54 93 87 75 92 21 20 78 87 9 40 41 80 97 20 34 58 75 23 30 73 74 90 40 38 38 72 4 65 65 36 19 11 75 94 3 96 66 33 35 27 25 76 7 22 48 94 33 75 69 63 48 44 5 89 82 43 13 39 8 78 75 79 41 50 26 44 98 92 29 33 20 55 62 79 29 10 73 62 86 43 25 86 87 82 27 21 78 40 60 38 71 87 18 12 37 96 9 35 40 38 21 60 93 83 92 23 93 17 37 31 60 15 18 99 97 97 73 75 38 85 14 9 73 84 73 62 80 82 50 20 21 71 33 66 54 77 41 99 94 31 31 7 46 1 6 95 98 31 71 88 17 37 97 90 73 71 52 5 5 54 77 78 25 62 45 31 39 38 31 34 69 14 41 67 67 99 63 17 83 86 6 0 23 3 42 48 26 94 53 84 1 82 62 26 45 59 58 36 98 41 70 19 55 63 87 22 15 50 39 98 88 45 50 63 1 92 11 79 38 16 63 39 98 26 18 95 37 76 32 87 69 54 7 24 18 46 46 85 48 37 35 36 35 85 99 36 29 62 67 67 78 83 59 28 61 77 24 98 5 56 86 74 10 45 50 80 43 48 17 91 85 52 79 20 89 30 8 70 44 28 38 22 11 49 50 72 78 26 70 83 34 56 9 45 53 59 77 96 7 95 39 44 99 70 65 89 0 25 59 44 53 49 18 64 50 21 36 28 99 59 63 34 15 72 79 21 83 56 17 42 
3 57 87 3 79 4 44 80 29 55 76 35 5 47 99 7 20 88 36 19 47 99 53 14 24 32 35 7 41 5 50 96 62 37 99 93 93 43 73 22 51 2 9 8 1 61 15 21 49 51 40 48 3 94 14 27 78 50 86 71 55 36 68 69 25 19 62 18 15 88 93 66 42 2 74 95 15 89 16 64 93 8 64 96 54 79 23 33 81 9 56 88 98 76 9 75 96 23 46 11 63 39 29 57 93 3 52 9 44 68 25 37 29 42 33 83 21 8 68 54 70 25 94 68 1 3 95 49 78 41 12 42 32 41 99 26 96 4 87 41 24 64 30 53 6 16 37 79 24 5 85 46 82 79 66 36 34 62 37 13 3 50 55 36 43 6 14 40 10 53 33 35 17 63 88 76 31 77 7 56 35 45 54 69 24 21 5 59 83 43 72 38 45 79 74 88 85 40 80 48 93 65 83 63 81 23 91 12 1 50 20 88 95 75 57 72 96 15 83 31 10 55 69 55 86 96 95 23 88 28 71 82 93 6 97 26 30 40 39 83 90 11 71 38 86 80 10 34 95 93 17 57 0 39 64 86 35 12 61 23 40 33 57 85 39 6 64 69 46 3 4 89 66 75 27 5 8 89 91 55 82 9 13 34 48 77 72 35 41 33 58 81 66 68 19 6 26 83 27 25 38 32 66 4 59 93 9 19 82 1 75 16 62 40 50 10 69 22 45 11 55 55 92 74 75 63 32 2 46 59 79 84 43 45 41 55 90 50 74 24 3 1 40 65 41 42 27 11 16 72 22 23 80 66 49 55 30 81 9 76 41 88 13 36 33 54 91 75 56 18 99 60 19 39 77 61 33 5 24 1 29 46 77 9 64 26 65 94 8 26 23 1 15 36 37 0 90 81 76 46 
51 75 58 70 67 36 83 52 93 7 54 74 53 83 84 18 9 1 64 17 27 87 18 94 23 8 47 65 41 75 12 92 2 22 62 21 10 46 74 3 53 80 78 59 63 14 29 72 15 93 42 94 33 60 89 56 20 88 74 61 63 86 53 65 8 68 87 71 66 13 74 71 45 4 30 8 18 11 32 85 5 74 80 90 87 21 46 59 9 20 21 72 58 26 89 19 94 28 90 60 41 16 32 86 21 14 46 91 26 79 77 83 5 9 73 44 30 71 4 39 44 25 63 54 3 4 73 98 33 15 10 74 32 94 13 5 61 59 48 87 90 25 22 48 34 47 92 16 18 96 7 14 73 70 69 77 75 42 27 8 10 37 34 94 84 47 99 45 59 99 84 49 25 58 97 11 5 90 80 75 38 87 90 12 58 59 41 85 53 68 45 63 57 79 9 41 79 8 38 38 60 74 39 37 32 37 48 37 79 80 13 69 68 3 81 78 14 74 63 67 42 8 83 52 39 92 45 18 53 84 8 13 58 48 50 91 37 50 80 68 31 93 37 51 48 71 29 14 45 44 34 40 4 69 92 43 61 89 14 66 73 74 31 84 74 33 27 11 84 59 79 67 5 69 18 53 40 99 20 37 43 54 77 99 23 21 94 36 11 8 55 36 35 86 72 9 20 51 21 56 11 52 23 16 73 93 21 13 44 93 3 39 47 32 38 22 6 32 59 69 93 14 57 28 52 30 89 72 33 62 80 44 15 55 12 88 48 86 54 44 79 9 83 27 41 73 1 47 6 60 16 51 26 26 31 79 56 20 3 41 83 84 86 50 39 50 90 40 88 44 36 68 5 72 47 47 45 48 46 3 61 15 54 39 41 37 70 49 58 74 90 41 10 28 91 1 79 81 41 67 
78 30 87 35 2 34 82 47 35 81 3 96 48 9 35 89 47 6 90 5 32 80 98 42 9 41 95 40 74 89 59 4 19 99 40 21 33 74 20 20 55 23 16 3 33 4 44 80 62 34 37 94 15 35 88 76 76 83 68 50 72 79 55 43 78 95 16 64 21 37 84 77 60 53 32 45 57 77 77 19 63 14 65 30 1 5 6 77 40 26 80 65 6 87 8 36 34 25 0 55 62 85 84 74 38 17 72 47 46 49 18 9 64 83 40 17 40 98 95 80 25 27 45 83 66 54 19 52 31 20 7 45 57 92 19 95 61 43 94 7 93 12 16 9 47 56 26 87 55 73 67 32 52 13 15 18 19 34 70 50 6 30 95 63 74 66 10 35 10 4 94 3 16 10 64 63 19 90 2 26 16 70 58 68 83 73 87 54 59 9 4 66 39 51 29 13 17 40 0 27 96 94 82 65 57 46 28 76 89 31 54 5 53 12 73 88 37 12 42 48 22 46 14 61 97 96 27 66 88 27 94 84 74 28 49 31 27 30 59 16 13 13 73 66 77 46 54 66 11 96 14 33 94 29 46 43 77 73 9 65 53 55 1 79 84 51 10 63 33 21 79 46 34 4 64 11 2 18 29 13 66 43 46 12 24 45 55 1 18 64 18 23 20 20 2 56 23 64 71 56 85 50 54 71 6 18 34 8 88 63 22 6 7 20 18 31 65 73 85 36 37 55 59 9 75 14 17 50 30 88 58 68 90 12 39 96 82 74 57 22 37 79 28 96 99 46 80 17 19 65 53 9 20 64 70 48 30 40 98 61 80 9 29 71 21 20 19 56 94 28 78 84 7 7 80 59 53 60 76 25 77 81 34 50 45 56 98 76 96 48 89 77 57 18 0 31 38 71 87 85 
0 17 69 59 76 1 70 30 14 98 7 91 79 93 41 25 49 91 53 46 40 42 75 49 12 27 80 2 98 19 87 98 89 8 10 65 10 80 47 24 79 54 67 10 47 9 87 97 0 40 95 92 34 22 42 46 49 22 49 99 94 88 50 83 97 60 48 59 92 96 35 71 2 54 34 50 63 21 99 16 62 46 8 96 20 2 95 69 77 96 68 71 84 70 6 33 30 54 44 23 2 31 46 5 86 80 7 49 2 58 17 16 56 78 12 76 80 59 97 57 55 17 28 40 88 34 25 18 41 70 93 95 1 40 52 87 72 59 89 74 69 58 42 25 36 7 1 17 66 50 74 22 68 55 14 56 89 39 26 82 61 72 78 15 64 30 54 36 42 95 63 63 54 5 89 90 12 42 7 79 93 34 53 13 89 67 21 30 58 99 13 72 71 43 39 35 25 93 72 67 89 87 31 43 92 72 85 5 14 93 36 59 79 89 72 68 8 45 98 18 45 63 42 16 6 81 52 32 27 76 51 16 63 82 11 7 6 48 64 21 93 0 32 72 41 57 40 1 2 91 72 47 54 14 64 61 48 68 45 75 96 96 43 11 31 6 18 37 54 35 10 48 87 43 72 29 0 13 82 54 56 6 2 10 21 18 23 21 86 68 48 34 65 91 45 96 49 15 85 3 50 96 3 38 39 76 19 91 41 1 45 97 8 47 59 81 17 83 54 55 51 2 89 68 93 34 16 42 2 2 97 52 98 53 42 89 29 61 80 22 15 25 71 75 25 30 56 94 13 62 50 65 64 39 33 9 26 2 3 28 4 0 32 2 5 75 91 34 36 71 8 51 48 79 26 25 10 34 72 23 48 22 40 12 13 26 21 39 28 24 19 32 77 52 34 82 79 77 69 67 
0 29 71 0 9 49 78 71 84 50 94 32 72 87 97 85 13 18 77 41 95 96 25 24 0 11 58 31 88 79 99 40 9 70 40 70 19 18 41 55 20 35 88 44 22 37 30 87 7 59 28 54 7 5 78 60 16 89 91 56 68 90 96 29 60 37 99 80 7 40 87 28 28 27 72 50 64 54 38 72 65 18 26 73 24 57 33 92 46 76 49 66 67 45 96 79 82 95 11 42 36 99 70 64 26 94 66 43 1 56 15 66 27 93 39 51 50 24 95 48 53 44 15 72 90 11 51 24 58 15 66 94 66 88 10 44 35 29 87 36 85 2 2 12 48 94 15 98 18 11 47 71 55 14 43 45 25 47 22 83 14 88 30 80 29 92 24 64 21 64 0 7 18 54 71 66 48 87 17 19 98 64 42 5 78 38 3 55 85 25 90 51 65 72 31 94 65 7 10 86 23 62 45 42 17 17 8 65 4 25 84 54 41 79 11 71 17 14 78 54 91 69 5 57 41 88 3 58 47 66 45 71 28 90 65 45 59 25 63 15 3 99 21 44 78 33 68 95 99 46 49 91 67 54 0 61 94 55 19 42 21 64 65 50 7 30 47 18 55 10 34 58 10 55 55 88 88 23 36 88 21 85 31 89 92 31 50 86 86 69 80 60 86 45 10 45 27 9 63 35 72 49 45 82 5 0 22 45 75 58 85 97 96 16 38 40 99 40 78 86 61 59 46 99 56 8 96 36 69 60 71 41 61 16 75 18 69 98 16 44 8 1 93 56 70 83 96 69 23 75 7 37 86 5 36 94 65 33 30 35 45 53 76 6 70 52 77 91 2 93 35 62 94 81 71 16 64 67 86 40 94 45 77 32 51 13 27 16 98 9 51 43 63 80 2 85 32 79 76 86 
72 11 48 18 44 19 35 61 39 21 1 85 66 30 18 69 95 97 86 94 6 89 89 69 69 91 54 1 22 30 87 94 94 88 13 38 59 48 99 50 21 52 36 39 82 6 9 78 3 47 24 9 36 13 31 6 57 37 7 79 68 47 26 14 87 39 4 98 39 4 49 12 8 37 51 91 95 12 21 98 59 45 59 96 10 42 2 67 80 61 99 48 60 25 14 99 16 18 98 55 74 99 19 83 36 22 26 31 35 47 81 46 44 92 42 54 35 96 74 15 10 73 15 70 98 29 22 14 99 20 21 74 19 92 57 7 14 83 90 1 30 23 48 26 15 42 80 50 39 6 17 1 79 32 23 29 13 45 95 13 65 16 87 36 8 96 95 75 79 37 76 61 60 24 87 76 67 19 78 58 26 96 59 57 80 82 87 46 80 82 11 45 51 98 34 11 46 81 86 25 19 63 86 79 39 25 7 58 44 38 68 22 86 79 80 66 14 19 64 94 1 75 91 52 25 25 64 71 7 2 96 78 17 34 9 57 11 17 67 8 7 36 30 93 67 62 11 81 81 76 75 35 51 67 39 77 44 55 48 3 58 97 81 75 83 91 84 95 60 4 3 67 92 85 12 59 0 23 41 81 99 16 16 3 35 8 32 80 63 32 83 21 29 65 49 65 8 33 60 20 37 15 39 81 0 51 41 0 74 82 34 26 50 2 29 86 10 13 18 74 45 1 95 27 18 96 92 78 30 52 98 19 19 37 1 71 88 94 72 15 76 58 41 78 60 22 16 23 35 34 49 80 36 44 7 6 93 99 85 23 3 35 94 22 73 47 94 13 41 18 28 69 28 69 48 40 43 64 63 78 51 12 59 87 9 66 45 2 18 82 77 73 18 23 96 43 71 42 56 12 
12 37 34 40 6 82 80 50 98 96 80 49 8 39 88 69 58 34 71 28 68 0 1 86 24 49 29 95 43 86 59 55 23 93 95 81 27 28 83 78 24 64 79 32 55 68 54 13 54 77 41 22 78 95 61 2 44 90 49 88 28 60 95 3 6 43 85 33 71 20 63 95 36 43 79 92 63 85 57 69 63 99 43 41 46 4 95 90 95 44 30 23 4 26 27 10 21 64 96 92 36 11 39 73 54 70 65 69 56 22 38 19 73 34 60 19 38 55 62 85 51 44 61 7 70 88 70 43 4 18 35 40 29 74 13 36 45 30 5 53 53 96 72 78 30 84 98 20 91 12 6 42 56 67 1 79 7 71 22 63 89 58 3 71 84 69 7 81 51 64 34 56 12 6 35 94 42 85 67 33 97 73 75 53 40 29 32 99 0 55 62 42 65 17 65 1 86 24 83 90 40 69 46 53 28 81 99 70 18 66 4 15 91 31 21 31 60 5 82 61 12 44 55 77 62 72 79 0 96 14 90 36 83 37 41 11 70 93 82 89 59 38 56 3 69 77 86 30 83 69 43 95 13 98 25 75 70 56 28 18 70 18 54 5 7 48 69 78 41 3 19 52 41 75 55 10 5 42 92 88 11 35 35 76 85 12 4 7 68 32 25 90 50 80 48 58 28 17 88 21 72 7 73 13 34 29 75 39 23 68 79 34 3 15 10 89 79 66 96 0 98 74 42 1 54 90 59 34 59 99 7 31 6 80 96 92 61 24 32 84 44 11 70 47 78 33 88 58 99 37 58 98 11 52 99 17 95 10 3 54 61 10 38 19 42 86 11 4 10 43 40 54 55 63 54 85 96 94 43 47 83 53 97 94 58 48 63 53 10 18 7 71 28 97 90 23 84 2 79 46 
97 71 53 4 34 59 90 82 53 85 30 37 39 79 83 97 28 47 50 38 17 9 62 46 59 52 21 43 6 0 41 4 71 46 8 58 5 98 40 11 84 22 0 75 2 35 24 82 34 26 72 52 87 34 98 46 39 71 41 97 71 83 1 94 81 62 52 39 12 93 50 48 67 2 75 21 37 99 3 72 77 28 24 65 14 74 11 5 45 53 3 68 88 56 62 69 18 67 60 83 12 62 31 79 64 7 1 54 58 56 26 36 84 2 1 51 28 64 56 73 69 59 93 57 16 7 79 86 74 39 69 86 2 53 66 18 60 19 72 70 75 50 6 12 52 59 63 80 24 19 5 45 31 50 3 99 58 34 85 32 25 7 71 79 12 89 98 72 8 70 42 35 21 1 47 25 60 10 6 36 30 63 82 13 14 37 12 72 23 49 56 48 8 79 28 20 68 26 44 28 48 39 64 21 40 11 47 52 22 5 41 4 68 75 17 82 64 81 6 87 30 63 35 91 94 15 11 63 93 56 91 42 95 55 63 87 19 62 39 41 67 80 97 36 7 66 70 71 47 77 10 29 92 98 72 86 13 84 1 7 40 93 1 87 0 16 74 19 79 13 12 98 46 61 86 5 27 57 77 26 86 39 8 78 37 80 16 51 64 70 10 56 63 63 43 15 31 69 87 10 35 51 61 33 13 47 38 40 4 67 19 90 7 27 20 44 7 89 47 24 59 9 32 74 72 28 41 4 97 28 66 32 80 27 65 93 75 56 85 31 23 4 74 30 31 46 27 91 35 26 15 46 36 47 72 8 75 14 64 25 42 31 57 74 10 75 19 37 31 5 69 6 9 95 89 93 41 16 36 29 42 51 75 30 50 48 39 78 62 55 3 56 38 12 31 49 39 50 38 22 
7 7 29 69 54 18 62 96 86 98 25 80 1 0 11 3 0 2 81 14 57 36 71 96 1 54 97 40 56 35 63 64 95 44 33 49 62 47 97 0 97 22 80 50 75 91 53 27 45 87 42 3 23 65 51 76 71 0 69 27 87 32 43 34 76 28 36 90 27 33 90 24 8 22 74 83 66 80 62 11 67 4 66 42 21 17 19 92 69 88 72 57 72 15 91 0 96 27 42 23 13 84 0 21 6 74 56 72 6 18 36 73 75 2 16 96 72 87 41 41 27 13 50 51 80 42 3 76 21 45 52 34 29 52 55 87 78 11 12 85 82 48 58 57 2 26 5 74 65 46 68 92 11 18 95 92 60 98 20 34 95 72 68 24 24 76 64 3 87 76 88 21 76 98 78 78 25 84 5 42 82 73 87 46 91 82 38 4 33 10 38 28 83 58 53 59 34 69 62 74 45 2 95 21 1 26 51 78 62 56 72 44 29 59 42 73 94 80 29 27 91 19 55 26 77 60 85 64 29 0 90 26 2 85 99 55 63 51 85 25 59 10 22 89 69 64 14 63 97 43 90 40 14 46 66 43 58 3 59 88 3 49 66 58 87 66 65 50 17 3 76 76 13 98 17 82 62 83 98 11 78 88 51 92 86 17 36 97 73 95 37 76 97 3 86 84 69 4 34 86 7 62 15 20 60 84 54 75 68 4 86 46 45 90 91 83 59 79 80 32 26 17 61 23 21 47 7 90 51 94 29 10 56 96 30 69 80 37 96 0 41 82 99 86 24 90 70 84 69 2 16 47 20 77 71 93 77 30 83 28 76 64 39 33 12 21 54 93 10 50 45 52 32 44 90 57 86 12 93 7 15 9 55 87 39 78 80 16 8 15 44 37 32 35 70 44 9 24 89 19 
74 35 23 58 31 66 67 18 78 60 25 45 22 80 84 61 10 64 77 71 32 73 8 64 61 78 60 70 54 50 41 80 37 65 90 68 31 10 38 61 70 64 59 44 96 43 5 59 60 82 30 92 8 38 8 69 68 68 39 22 70 80 54 7 97 44 28 80 54 18 94 77 34 53 21 31 48 79 42 8 61 72 0 69 10 60 90 78 29 81 52 99 62 58 59 11 54 39 92 61 57 86 38 92 91 11 75 39 90 17 48 4 89 0 25 51 61 16 29 42 97 33 93 11 91 52 23 45 43 67 6 1 5 96 93 96 60 20 87 50 37 87 6 78 88 32 29 1 0 58 95 97 43 88 61 34 93 36 31 36 55 90 37 60 86 82 8 98 2 95 1 91 83 7 69 23 91 98 76 91 56 71 41 51 59 54 85 52 90 69 41 45 59 30 57 97 13 65 96 67 12 97 59 95 4 28 70 48 27 46 39 35 17 80 87 29 86 24 33 76 93 74 73 52 5 30 2 70 95 98 37 8 95 48 55 51 77 26 99 56 24 91 43 94 23 30 23 10 7 8 86 0 83 60 5 40 90 7 62 38 57 51 46 4 0 1 55 29 79 7 37 4 98 80 98 21 63 73 83 70 81 70 22 16 82 79 8 24 38 70 62 95 74 60 99 74 62 7 55 41 14 92 97 64 72 95 37 35 68 21 57 2 43 80 18 77 11 27 1 50 49 16 45 23 76 97 97 38 4 4 32 70 96 81 34 69 77 71 56 97 44 14 99 39 46 70 16 57 97 18 7 46 34 5 70 62 2 19 1 6 24 85 76 72 66 62 93 95 85 50 45 30 16 96 69 14 66 86 71 63 56 31 62 42 36 84 4 38 55 57 96 31 94 24 4 13 86 49 8 71 
51 53 53 67 50 23 81 68 61 5 32 69 36 46 11 72 82 67 62 37 77 10 21 71 34 77 84 72 26 45 95 78 50 1 97 0 24 31 69 37 36 53 6 72 51 69 96 33 88 10 22 65 20 43 89 6 20 25 30 47 70 25 77 21 78 74 73 54 5 94 91 41 99 49 65 50 70 61 35 59 71 58 76 43 53 17 49 74 43 31 73 13 9 2 86 87 76 60 42 34 54 33 27 6 35 93 56 57 6 44 68 78 2 45 73 7 62 75 33 5 6 6 71 15 8 57 3 37 17 45 71 24 30 98 82 17 43 38 75 50 34 43 80 88 40 53 96 55 28 29 12 35 88 83 2 96 93 5 85 62 2 8 86 85 7 20 2 50 11 29 52 45 73 32 34 13 38 30 20 66 59 33 53 47 16 8 96 9 65 33 72 68 42 10 53 49 31 7 51 42 37 56 39 62 88 73 27 26 55 48 45 15 81 50 14 97 58 62 59 24 96 83 44 38 45 49 39 76 56 42 70 45 98 10 7 39 35 35 17 91 83 62 58 64 13 24 13 23 87 24 47 35 7 91 25 53 40 16 81 49 10 4 94 61 66 54 0 1 89 17 44 72 32 2 88 97 27 1 20 66 78 20 53 85 11 78 90 4 46 24 5 56 80 99 17 46 53 17 99 94 87 44 18 19 98 6 16 25 60 88 43 38 8 96 75 20 26 18 76 72 42 81 29 74 32 98 72 38 68 71 32 55 67 51 26 66 9 42 43 69 82 39 7 91 35 35 63 14 53 39 86 47 72 67 21 56 66 93 94 34 16 79 41 36 82 67 54 91 61 49 13 43 88 72 34 76 7 97 90 12 88 28 59 12 96 32 69 14 77 15 48 46 46 89 82 28 8 36 72 69 
85 85 12 26 57 99 54 65 96 44 29 37 24 89 49 72 73 70 86 51 38 86 97 84 27 31 13 35 19 37 4 4 22 69 82 79 68 36 96 16 32 78 53 57 67 55 29 92 25 68 95 63 54 44 0 82 75 65 69 94 2 74 51 24 43 33 55 63 22 4 79 54 82 33 63 1 40 45 93 17 13 89 33 19 85 33 53 61 98 23 7 0 97 58 76 92 44 31 55 66 87 86 72 69 19 88 22 11 33 16 29 98 57 62 17 42 95 71 55 45 94 63 45 43 21 21 87 17 4 94 35 92 80 8 13 52 48 36 63 81 4 92 79 61 54 96 55 1 19 11 46 13 74 43 8 47 16 95 65 73 89 0 65 70 60 30 74 8 18 37 41 22 82 20 35 88 69 91 90 88 2 88 54 28 32 62 75 0 58 92 73 99 45 90 21 5 21 95 66 91 33 7 14 67 80 1 55 1 92 97 41 46 86 95 26 70 10 2 70 20 46 96 19 91 86 41 49 59 88 15 51 73 74 17 40 6 18 96 7 11 93 49 9 31 96 36 53 6 90 76 78 36 72 98 28 58 91 77 18 79 44 69 53 18 86 45 25 4 93 84 67 87 33 29 70 82 65 24 40 7 0 19 43 72 17 23 82 60 52 0 39 96 21 44 67 7 42 44 64 35 28 83 74 14 12 45 48 29 21 88 36 73 7 32 97 76 55 79 36 8 80 28 56 53 24 75 13 66 19 77 2 0 12 76 66 25 21 14 6 94 54 43 67 14 75 64 90 30 44 79 90 76 7 99 81 31 74 94 50 46 23 52 46 36 80 64 61 54 30 67 48 84 62 16 98 37 32 41 20 28 20 62 56 27 61 38 10 36 32 12 82 56 64 80 92 45 44 5 99 26 
24 99 10 39 67 61 28 0 2 48 80 74 11 89 53 72 27 63 60 11 28 42 19 92 22 11 89 18 68 40 44 45 40 7 36 7 68 64 59 22 65 40 96 76 29 49 0 8 64 13 19 92 55 39 37 30 2 26 0 23 19 45 20 59 4 56 18 24 72 78 46 37 70 94 65 51 95 66 11 59 79 82 4 86 73 41 68 76 19 69 51 90 66 23 49 70 31 20 94 3 50 92 93 20 86 58 23 81 76 34 92 7 68 48 94 42 41 62 70 61 83 73 3 49 96 53 19 79 25 65 82 75 57 75 95 95 86 70 28 62 56 73 70 24 21 16 18 63 78 88 76 14 61 79 63 57 84 35 36 9 52 71 84 62 98 31 57 84 53 38 99 9 11 69 86 32 85 4 47 15 93 75 29 54 55 45 64 91 32 52 1 84 75 37 46 74 21 56 10 74 94 9 36 5 30 22 89 15 26 89 31 71 64 12 78 71 9 94 63 41 46 16 78 22 53 24 48 26 80 58 1 26 20 37 31 50 11 73 66 89 62 49 61 78 13 91 50 23 85 65 16 83 81 94 57 86 19 5 13 51 16 66 78 36 3 61 38 14 86 56 3 0 57 16 79 71 7 81 46 44 46 62 28 79 57 85 65 28 43 30 31 11 96 9 99 51 23 37 17 9 94 73 62 3 41 41 74 1 22 72 45 20 35 25 99 44 63 16 72 6 47 55 69 95 65 68 99 40 5 68 1 51 41 63 55 35 56 81 36 30 6 81 50 93 59 49 37 22 66 61 80 65 16 49 12 33 17 11 25 74 80 27 26 73 42 33 8 51 66 44 81 24 78 84 17 89 33 54 11 51 67 43 68 36 92 81 21 9 44 47 35 76 26 13 50 20 98 10 71 65 
7 5 89 37 89 59 26 74 13 37 78 33 32 46 21 24 79 42 85 24 41 20 52 67 34 2 40 84 65 11 49 72 68 91 9 57 50 87 32 15 76 62 0 8 60 21 32 40 16 17 16 57 89 68 77 75 23 17 60 88 80 61 12 49 4 21 58 54 8 42 22 84 4 74 92 65 96 76 57 12 45 73 21 34 93 98 62 16 15 22 56 48 35 68 97 40 41 55 46 1 50 68 37 54 95 81 19 91 9 76 55 54 1 76 41 47 75 3 63 42 77 72 90 64 92 87 4 86 95 51 39 97 71 77 51 66 10 23 9 20 51 16 74 5 93 67 52 20 22 67 62 99 39 53 64 84 92 20 70 39 23 9 36 47 38 40 13 49 63 75 21 66 91 47 71 36 15 23 56 37 91 19 89 82 24 5 66 68 25 36 8 49 98 44 48 36 36 61 37 99 88 58 66 32 6 37 68 73 13 25 10 4 96 99 86 20 4 5 88 82 93 48 83 91 45 31 80 81 44 69 81 33 28 99 17 86 88 85 59 1 10 21 5 58 21 44 78 77 49 19 11 42 67 94 86 64 77 18 46 22 87 79 7 15 78 24 53 66 9 64 20 72 86 25 30 59 21 61 36 22 32 0 65 51 94 3 16 24 21 62 46 8 41 5 76 71 29 81 89 90 46 9 62 32 87 45 91 8 6 79 31 90 79 48 41 26 3 57 50 24 19 48 84 12 53 60 35 82 94 25 72 40 34 87 72 21 84 63 82 42 94 65 32 74 13 73 52 16 31 2 92 2 50 76 67 3 89 2 37 83 79 61 23 66 0 47 87 84 62 21 26 56 86 10 82 51 84 34 67 15 36 59 69 38 88 36 93 77 91 82 60 70 96 35 36 96 82 76 33 44 
97 11 0 36 22 35 87 6 69 55 73 58 66 42 48 54 31 42 31 22 76 43 92 72 78 81 69 12 57 54 8 6 65 61 42 87 96 30 93 65 37 66 23 55 61 72 10 44 66 93 66 42 89 10 67 19 91 88 32 0 42 40 7 7 1 1 95 97 83 40 15 20 59 90 76 20 14 38 16 80 31 82 75 20 44 42 40 88 82 24 40 24 64 99 31 18 1 78 67 84 19 34 57 78 25 85 50 39 75 66 20 6 0 47 79 44 41 71 84 23 95 25 47 11 24 30 81 25 9 1 62 28 35 71 6 60 8 8 0 83 74 72 41 74 71 72 18 12 43 3 35 90 80 34 54 4 64 87 82 73 88 96 53 24 19 59 36 27 67 36 10 93 60 3 67 31 76 38 43 71 93 30 62 73 64 68 29 81 55 11 54 44 7 8 20 78 19 56 5 39 45 67 32 5 71 52 89 99 90 84 70 83 67 32 8 31 0 37 12 56 49 19 52 8 79 72 87 50 80 44 41 25 12 26 83 35 78 24 34 20 8 4 55 75 89 63 59 41 0 23 49 1 94 1 62 73 25 1 76 6 97 17 83 9 43 66 96 21 90 30 41 51 87 96 78 76 11 37 17 64 13 67 17 59 20 31 33 46 84 61 4 82 78 87 43 22 6 40 43 96 22 37 99 9 85 78 37 49 67 55 13 32 74 82 92 94 14 25 92 98 86 96 32 16 84 76 38 90 68 34 38 90 23 38 52 8 68 89 9 35 96 74 68 70 57 12 65 71 37 57 21 75 6 54 43 90 82 82 32 50 16 70 40 91 60 92 51 80 34 61 16 30 35 36 1 92 48 18 15 37 27 89 64 33 43 7 75 25 41 7 27 9 30 67 0 42 12 52 23 46 
65 91 28 0 79 29 45 79 99 60 68 79 49 32 12 44 91 88 21 85 47 48 94 77 68 47 20 32 51 95 30 16 86 58 16 65 40 61 44 39 74 12 18 75 96 83 72 39 23 93 24 70 94 71 0 62 70 72 46 21 67 76 37 53 34 5 70 74 19 14 66 45 78 36 20 74 71 92 65 94 38 42 17 32 13 69 46 35 41 92 56 8 68 45 13 54 50 83 81 21 49 47 66 27 35 87 1 59 31 18 53 69 60 22 53 25 91 99 60 32 43 68 92 11 13 57 66 16 40 47 89 89 46 56 68 33 95 69 92 26 40 98 48 0 20 1 26 64 53 38 48 96 7 41 60 72 50 26 40 91 25 30 32 23 38 1 56 33 22 49 11 62 99 11 15 19 65 41 35 18 31 84 66 90 77 26 63 27 4 55 70 81 85 3 4 23 56 13 8 30 14 20 45 13 31 60 84 96 53 20 66 84 4 33 75 33 11 90 60 16 45 31 97 31 86 54 6 94 67 15 24 33 35 69 46 18 29 30 67 34 2 33 19 58 18 46 91 30 36 52 98 81 35 95 64 73 1 23 67 20 38 43 53 25 65 99 43 46 82 10 81 36 96 0 95 14 98 86 44 34 38 42 67 25 90 84 98 43 7 17 64 97 61 69 22 26 21 17 72 55 80 5 91 28 57 86 42 55 73 39 41 63 33 61 89 75 45 39 19 4 57 35 53 70 4 27 48 77 96 20 32 76 78 24 56 35 10 51 91 35 90 32 99 75 93 40 51 90 31 22 94 88 9 99 58 13 26 6 43 23 79 75 51 57 99 8 92 62 59 35 49 1 68 0 28 13 40 79 4 72 53 50 12 62 2 23 28 28 81 71 3 12 46 55 69 98 15 14 12 26 
1 61 27 21 62 7 35 54 87 91 78 92 93 91 55 95 14 83 24 47 6 27 60 52 34 81 2 49 47 14 27 49 28 6 70 90 14 57 44 53 48 23 45 94 66 0 89 32 35 65 79 41 45 39 46 79 21 48 81 68 15 8 69 43 67 40 85 81 97 29 34 98 4 79 92 70 32 33 2 67 99 82 61 44 73 7 75 46 7 8 15 74 69 84 17 36 76 54 17 26 84 3 24 40 34 68 11 66 1 65 86 0 99 47 96 25 54 24 71 13 32 38 88 53 75 57 89 51 12 58 77 48 13 53 88 48 73 51 14 75 69 0 27 20 47 76 45 53 0 17 19 84 55 7 38 30 16 27 34 80 38 63 28 51 69 69 99 42 72 14 17 93 66 97 14 66 73 59 71 73 76 90 57 32 49 95 14 18 75 48 98 13 12 79 16 81 0 16 23 72 82 93 66 48 42 32 66 15 91 38 40 68 80 97 52 30 45 18 48 72 67 46 37 31 77 53 64 77 69 39 2 51 32 20 52 74 52 70 41 43 8 81 63 41 31 67 71 28 86 71 0 5 69 37 36 47 90 0 24 12 39 26 15 24 46 19 50 50 90 44 94 50 25 9 91 8 77 14 36 63 85 88 68 55 77 56 54 68 56 30 32 47 57 47 23 55 67 74 6 9 18 52 59 95 61 51 4 90 65 92 53 3 81 73 58 58 29 64 78 37 94 10 37 3 10 60 59 29 86 17 38 56 21 97 52 82 0 8 73 18 0 78 21 33 4 31 44 85 95 74 23 41 37 12 45 47 72 56 76 59 25 14 67 46 63 19 80 16 79 53 34 32 84 7 17 88 38 61 73 85 88 48 26 25 60 71 24 85 79 0 96 4 66 63 50 81 35 31 97 14 
36 83 98 20 90 16 60 80 77 86 65 17 86 44 42 47 15 66 84 47 18 80 51 36 95 2 18 30 85 67 97 21 51 95 94 41 11 54 22 41 92 39 58 79 83 1 78 51 19 62 98 38 94 49 74 89 3 44 72 88 12 69 10 63 64 56 56 76 62 30 17 55 70 75 86 5 28 64 8 0 78 6 38 24 8 64 13 63 9 85 52 21 54 14 36 71 70 44 47 32 75 16 39 97 91 25 2 72 41 63 72 19 69 62 95 29 26 9 93 87 46 97 60 53 11 48 24 33 93 23 65 68 39 5 17 82 82 19 54 24 82 78 95 4 40 91 85 19 52 78 58 98 75 71 3 38 19 27 71 12 50 89 32 89 46 49 72 28 21 78 52 55 9 0 11 1 91 97 72 43 27 31 93 55 2 97 45 73 76 17 38 79 58 70 20 4 72 92 32 45 23 37 52 32 89 64 85 80 13 58 75 92 89 68 47 43 65 93 68 94 62 6 73 20 29 93 76 1 38 60 98 61 49 50 45 38 14 82 18 79 40 93 72 29 14 19 24 31 64 93 25 78 51 98 98 80 92 26 33 82 87 31 95 36 82 40 75 48 22 45 28 15 91 0 96 5 19 21 36 36 66 62 14 17 12 65 98 56 91 31 38 30 15 33 67 97 25 94 45 0 39 73 15 82 73 11 87 45 84 76 33 50 90 47 20 2 64 18 59 8 1 49 38 16 83 5 65 8 51 11 8 43 36 23 25 62 87 65 59 71 41 92 74 31 91 94 85 56 12 96 64 65 46 2 34 81 60 99 89 11 10 50 54 99 25 32 61 12 97 20 36 90 12 10 21 3 4 58 11 68 55 75 33 53 30 19 34 90 19 75 53 81 25 60 80 51 92 41 15 41 
13 51 31 77 61 52 81 65 62 44 85 69 20 71 22 50 90 8 92 9 84 45 91 61 5 23 64 49 17 80 90 30 83 21 8 45 25 41 62 88 85 48 9 57 71 84 59 61 92 51 71 28 49 14 90 54 37 54 56 6 86 46 37 70 20 97 67 45 38 29 85 75 29 47 33 0 31 44 14 23 96 85 52 45 51 94 51 40 0 7 47 87 6 36 57 78 33 24 75 23 5 13 98 35 60 83 87 91 28 1 66 76 38 70 73 41 64 24 82 65 84 29 52 42 65 61 20 50 37 95 73 42 8 23 29 68 59 17 11 87 70 78 15 61 48 88 2 13 64 84 30 48 65 34 90 82 47 10 32 84 58 5 26 66 29 56 87 88 25 98 27 47 76 94 8 25 82 11 90 46 95 72 47 61 58 37 43 5 0 28 89 10 33 15 76 14 23 15 54 0 14 81 48 90 75 56 67 9 67 9 8 15 81 55 28 91 44 23 96 96 51 85 6 85 53 35 51 28 50 6 29 64 39 77 7 15 33 26 76 53 36 84 68 69 39 96 61 84 19 9 32 23 47 39 8 52 26 11 80 76 17 61 93 57 38 52 24 24 78 52 77 66 37 97 88 28 93 1 64 64 62 97 87 9 36 47 61 14 59 94 90 28 55 35 37 46 87 13 22 18 66 51 36 3 48 76 83 93 29 48 9 92 45 97 1 33 96 15 47 7 61 89 88 68 25 25 66 64 91 88 34 57 39 71 12 39 99 95 32 29 43 94 21 40 43 74 73 39 41 72 99 2 62 87 71 39 64 37 3 55 78 38 12 69 61 76 9 60 72 93 89 67 87 62 8 30 37 33 22 78 6 21 33 68 8 56 59 24 45 62 80 23 52 92 45 13 69 54 74 93 
99 63 60 39 26 20 21 15 54 43 45 60 16 78 80 76 86 39 1 32 53 81 7 6 25 52 19 46 58 45 91 10 9 52 49 87 72 70 54 78 66 99 38 82 30 70 59 68 61 12 0 15 93 60 73 70 64 92 17 23 38 8 33 99 12 34 38 37 4 44 15 22 43 6 5 25 28 16 94 90 28 46 57 73 58 30 43 23 74 12 98 64 73 83 15 37 17 53 74 21 97 42 44 93 0 1 70 80 17 16 70 97 63 79 70 21 9 65 96 36 30 94 0 3 77 16 40 94 21 67 68 71 61 64 64 13 17 86 93 86 3 16 83 18 95 5 91 5 22 88 93 52 82 93 55 12 61 48 58 83 67 78 54 80 94 70 93 11 8 86 49 11 54 32 29 50 89 21 7 64 9 0 16 43 45 24 7 7 24 18 90 91 96 96 23 91 18 16 54 26 54 4 90 9 88 19 11 30 92 18 94 53 18 10 49 63 86 56 22 10 74 64 53 23 60 76 66 30 44 72 9 99 76 99 60 17 70 71 47 63 41 93 68 59 3 17 74 42 26 97 52 52 61 6 75 74 34 93 56 79 66 65 30 42 64 90 11 87 13 58 50 54 51 18 65 7 88 39 1 14 88 53 66 2 11 94 76 46 87 32 77 53 50 7 96 66 97 7 53 62 18 55 16 21 26 81 80 14 72 81 80 61 87 46 63 50 40 91 96 28 75 25 81 25 32 29 92 29 89 97 91 59 53 59 32 79 40 65 45 65 46 25 26 85 23 41 36 64 84 84 44 11 10 77 37 42 59 81 24 0 30 67 59 83 27 43 14 19 8 11 84 7 88 62 92 12 55 80 28 39 17 72 51 79 1 40 73 60 73 97 60 3 17 71 39 96 15 5 67 23 
17 52 82 57 66 75 69 22 7 97 13 24 69 64 55 71 56 29 83 81 78 44 37 95 67 76 43 82 33 11 58 2 15 40 60 81 67 29 3 27 27 17 3 48 33 59 71 42 88 55 23 66 51 60 62 18 88 5 53 22 68 11 24 83 3 84 65 23 14 20 50 93 37 53 93 23 12 65 65 0 72 88 67 23 1 81 93 89 38 46 11 7 9 36 42 65 72 7 88 38 28 38 31 17 91 25 40 56 42 5 56 14 46 75 89 47 8 82 36 47 81 0 6 90 88 48 55 12 8 95 51 36 33 34 53 77 59 46 85 1 3 41 67 49 69 56 48 77 39 37 76 72 37 82 62 77 83 70 89 91 65 40 79 51 75 84 80 86 30 65 40 34 58 59 35 79 16 84 57 7 21 85 79 10 20 93 39 3 63 28 94 81 21 73 84 48 57 16 86 40 81 78 26 91 38 61 71 54 97 80 61 70 65 92 32 85 85 71 40 1 52 86 34 25 59 18 73 69 86 11 61 67 90 87 10 28 48 81 34 98 13 95 68 79 39 1 16 24 72 9 77 76 95 11 1 7 81 74 76 67 38 89 86 28 76 97 56 76 30 90 74 44 37 43 75 76 96 43 52 20 52 30 97 48 93 98 55 27 25 83 94 63 72 33 91 0 82 99 76 12 41 3 8 78 98 83 6 94 79 10 66 31 92 63 31 38 62 86 65 39 21 59 2 93 44 45 45 26 44 74 39 37 77 99 67 27 35 25 73 14 35 39 97 80 3 29 18 17 67 83 56 89 94 58 34 39 55 80 65 51 54 56 88 83 56 55 10 91 80 83 57 67 22 54 47 77 35 17 94 3 0 2 92 47 12 26 86 67 58 3 18 12 12 6 95 68 13 5 11 93 
40 20 61 15 74 60 44 10 78 39 65 30 93 57 77 6 35 15 73 94 19 44 58 83 2 54 51 16 11 14 61 4 34 74 19 60 35 63 22 65 54 87 95 48 44 25 54 32 40 79 26 11 75 84 94 78 90 97 94 54 63 55 58 97 30 77 10 17 92 32 82 47 20 29 47 16 54 53 48 47 84 26 58 60 63 5 38 53 2 84 7 66 91 65 15 73 94 25 90 87 10 24 86 30 54 33 98 60 38 47 7 22 25 66 82 88 23 20 94 25 4 1 43 48 19 11 21 65 88 12 4 98 88 90 80 42 75 79 55 13 78 62 36 3 80 70 44 3 91 38 81 47 91 24 95 62 35 17 28 24 81 32 22 69 75 55 64 2 34 19 16 64 33 4 67 14 74 11 17 17 1 50 17 93 75 64 55 62 33 35 86 14 20 61 36 95 68 0 49 2 71 17 66 4 21 85 18 48 49 88 17 50 38 34 43 65 51 99 28 84 86 66 99 6 27 35 1 47 87 51 49 58 20 67 62 42 53 81 42 2 21 11 52 59 46 48 25 97 99 5 81 85 71 32 92 51 19 45 98 6 48 0 16 69 67 79 11 72 12 5 26 33 16 31 44 14 79 21 63 78 26 97 63 50 29 55 1 1 1 51 7 49 51 24 18 19 55 81 43 67 38 70 52 7 1 48 21 32 22 37 10 0 34 73 50 15 81 3 16 34 55 76 35 6 52 6 77 7 87 21 26 78 43 30 85 96 30 58 28 52 95 38 53 29 63 55 45 96 59 13 30 66 89 66 72 41 72 2 0 11 75 26 41 18 56 26 14 39 37 94 91 32 32 96 14 47 52 11 44 11 24 74 29 14 92 1 7 16 55 8 80 30 34 21 0 43 0 66 82 37 
60 25 21 44 22 35 92 74 46 36 37 71 62 66 37 7 19 44 75 27 4 55 57 91 29 10 86 29 76 68 18 89 45 91 33 67 27 77 93 25 65 30 48 80 48 37 39 20 82 14 47 38 70 4 29 99 66 15 80 95 35 50 84 81 41 69 0 68 99 94 46 16 76 94 96 25 32 35 45 66 50 92 4 72 48 86 23 67 1 3 62 37 53 98 70 94 19 70 15 70 64 13 87 41 7 83 18 91 71 15 9 73 59 14 45 59 0 68 26 53 23 40 90 28 38 12 74 10 83 89 80 99 54 67 40 62 51 10 5 74 25 15 47 84 29 92 44 81 12 70 86 35 63 77 63 1 41 89 11 24 31 92 24 85 11 16 47 62 27 5 88 52 20 35 89 1 79 85 34 91 7 20 78 70 49 93 72 91 83 35 15 14 79 39 99 91 8 99 5 35 4 94 39 76 29 80 77 61 65 11 4 73 31 83 43 81 28 15 72 11 3 39 77 82 31 29 73 39 80 31 26 36 25 65 12 6 46 89 67 11 52 72 36 83 7 80 16 35 47 40 99 50 80 76 85 11 57 58 50 37 89 76 73 66 93 85 73 91 26 92 55 78 64 91 14 23 71 30 59 19 23 58 21 3 86 6 14 44 17 16 33 58 44 7 25 37 44 50 29 23 42 36 1 59 27 67 82 99 50 93 70 73 51 43 76 90 50 42 86 67 58 71 77 54 30 2 91 75 52 72 98 47 8 51 6 88 19 40 39 69 34 61 42 37 4 18 79 54 12 65 73 70 37 51 76 67 5 67 94 10 92 44 57 52 96 15 40 15 55 31 84 41 92 78 79 97 48 58 3 60 76 29 82 65 32 58 32 37 77 79 99 21 23 8 74 19 75 66 86 31 
50 22 24 42 0 3 39 0 14 95 60 90 24 94 55 56 52 39 45 82 18 97 3 94 5 29 13 81 96 52 64 46 74 88 40 27 92 32 27 58 27 40 48 51 34 3 59 87 42 56 21 13 53 24 7 11 54 72 92 2 24 8 48 51 96 88 78 40 20 57 98 99 97 98 2 32 1 13 71 96 70 92 61 75 68 68 86 22 40 30 24 17 38 24 68 87 65 98 79 37 55 30 37 53 28 39 85 82 53 8 78 75 52 91 50 20 59 89 43 51 19 19 68 10 44 88 49 9 86 28 98 42 58 35 95 39 27 32 21 32 92 51 59 44 42 61 64 53 50 59 4 22 79 25 32 75 13 81 84 0 61 34 94 72 22 41 11 1 25 84 85 17 35 44 13 29 5 77 82 8 89 38 30 68 63 14 95 29 47 31 81 8 65 75 80 87 68 43 88 93 79 73 10 14 69 23 95 27 52 29 35 93 68 65 13 83 79 8 12 78 39 93 86 5 20 19 44 88 14 33 81 94 58 43 60 28 18 56 55 23 85 42 16 5 7 82 89 38 90 1 16 30 47 54 87 67 73 31 8 40 16 41 34 75 85 94 55 55 2 62 30 40 4 47 45 63 29 34 53 71 36 21 53 83 75 40 2 1 24 62 41 92 4 27 67 41 73 74 96 76 88 27 16 92 26 61 7 7 48 60 30 84 81 84 19 9 76 73 62 52 36 3 45 40 82 12 81 55 39 29 31 27 8 99 72 34 13 79 93 61 92 24 97 25 60 16 34 36 89 96 89 25 51 34 17 33 98 50 41 89 80 72 17 88 24 41 75 37 72 20 50 64 44 47 42 4 15 28 93 4 77 82 82 28 68 51 14 18 2 55 8 82 79 77 22 55 18 49 44 90 
70 94 7 66 93 1 71 8 29 16 65 6 50 99 87 18 50 53 88 52 8 96 86 39 73 9 47 91 10 91 34 80 38 93 47 31 94 70 40 23 86 57 30 88 56 69 58 6 22 46 11 82 43 97 21 68 58 20 60 21 12 46 1 2 39 48 33 33 70 25 8 8 82 90 96 90 59 54 49 81 53 60 63 96 9 37 64 20 57 76 41 21 74 94 23 13 43 9 98 65 34 59 74 69 49 22 59 9 77 8 90 82 20 6 30 82 43 46 2 0 23 95 74 49 89 97 15 84 6 65 50 93 24 24 62 74 46 73 83 75 34 25 57 54 31 87 36 26 34 90 27 9 85 53 10 75 50 25 59 9 91 9 2 15 85 16 41 84 89 76 11 75 2 21 30 85 60 18 64 46 9 43 7 46 96 18 21 46 43 33 55 86 94 9 54 80 25 95 16 67 72 79 42 26 52 72 63 13 43 27 11 4 70 19 50 66 89 72 65 84 5 20 23 51 30 77 31 7 72 99 74 96 31 17 22 83 41 38 48 84 65 60 88 88 31 91 54 20 63 19 56 20 92 79 23 22 56 7 29 81 6 56 77 37 73 52 73 14 90 21 51 55 81 91 43 64 82 50 84 97 69 93 69 13 72 93 87 81 0 17 62 58 25 91 48 98 43 21 64 33 42 15 41 76 7 36 40 41 86 77 39 8 70 60 21 94 53 9 75 53 78 89 12 3 81 12 53 24 33 17 58 75 33 51 3 92 87 44 85 26 21 24 34 91 85 7 37 90 68 13 96 46 54 60 1 35 72 54 12 5 24 22 32 57 73 36 1 60 80 86 86 53 63 72 96 0 80 33 42 48 98 38 47 53 98 0 40 70 55 52 27 79 74 60 88 99 48 41 60 80 
79 98 85 94 71 81 46 3 66 89 3 65 27 2 70 78 3 62 48 10 15 28 41 41 40 81 41 88 74 53 20 5 51 5 0 74 86 98 29 52 87 85 69 67 87 39 45 42 54 45 4 69 73 97 62 13 30 55 53 4 8 73 10 12 78 62 86 16 60 68 21 48 53 90 67 92 82 12 87 36 57 43 57 83 41 71 96 71 27 2 28 35 75 90 47 6 52 86 74 64 6 95 64 11 38 31 55 72 43 94 60 53 38 69 36 31 40 84 2 67 86 82 55 14 72 54 72 76 40 46 41 98 94 57 9 32 89 17 56 84 11 16 89 49 85 77 80 25 62 35 45 0 69 0 66 42 54 38 70 47 85 11 45 31 21 7 63 10 24 19 46 35 87 36 37 72 13 69 49 27 4 94 80 26 46 46 68 1 85 38 0 22 2 45 53 23 4 68 85 80 39 31 68 26 19 5 50 33 26 51 12 83 98 92 9 44 39 77 97 76 67 97 50 21 95 3 96 99 23 81 32 14 65 0 40 84 5 42 69 31 93 82 14 91 74 75 88 65 52 85 93 72 83 43 45 78 98 42 29 21 75 61 35 40 61 27 77 18 21 46 2 67 28 68 10 55 44 98 72 48 84 66 72 19 9 18 49 8 12 30 29 87 92 17 80 5 96 57 76 18 55 30 85 84 50 95 91 46 94 63 95 30 81 19 49 91 89 50 99 1 80 80 41 72 49 21 30 46 30 58 64 85 88 1 21 90 96 12 37 42 28 84 24 9 3 25 52 93 75 3 46 56 84 87 80 85 60 10 31 90 20 47 76 60 48 97 51 97 62 88 91 42 24 16 51 27 41 4 72 17 7 19 25 43 58 5 81 19 68 64 9 88 12 37 49 12 35 52 61 49 
92 53 91 16 21 94 95 62 50 68 31 10 39 56 5 97 62 86 16 82 51 78 70 15 15 71 79 2 75 41 51 67 46 94 83 67 41 79 81 91 99 65 1 38 73 7 87 35 45 4 69 48 82 40 63 49 63 43 52 39 36 55 6 82 2 42 1 43 73 34 34 72 99 88 10 73 47 49 60 44 53 30 93 87 22 56 37 37 51 41 76 87 96 35 21 98 29 74 93 2 9 80 74 60 68 36 33 67 85 46 11 91 28 56 30 50 13 19 87 16 60 16 56 9 51 29 7 80 4 53 34 65 33 60 25 53 96 11 20 33 57 83 76 85 40 7 87 5 26 74 73 87 42 29 48 93 59 7 25 15 60 11 80 93 71 5 46 19 68 18 53 25 54 81 62 46 88 49 51 67 76 24 6 18 6 54 64 65 61 41 80 22 53 60 67 24 17 14 44 38 84 49 63 38 30 78 84 71 27 87 38 55 64 96 74 70 50 38 35 63 79 67 85 32 79 53 9 48 19 53 86 3 54 2 94 84 80 78 7 59 18 45 15 82 93 89 52 43 79 39 7 10 6 44 95 37 49 4 85 20 9 72 76 63 74 70 99 6 0 7 65 18 4 80 0 98 69 52 93 0 43 52 11 49 49 6 86 98 62 24 71 71 96 47 34 22 69 85 28 69 92 45 88 49 26 40 99 47 93 92 48 88 45 11 38 46 17 76 44 79 0 67 2 48 66 36 22 35 73 2 5 66 48 45 67 26 85 66 73 30 58 73 19 55 84 9 1 53 85 98 84 38 65 86 38 84 74 13 19 48 67 24 66 67 21 33 93 7 99 19 37 9 92 8 17 29 17 18 34 55 68 19 93 86 57 83 70 32 96 89 32 16 66 98 83 87 83 77 94 34 
96 84 43 40 92 60 69 10 31 4 65 51 75 10 37 32 45 59 64 94 49 48 10 67 46 93 54 81 22 1 15 18 85 11 11 29 23 80 91 54 36 8 6 63 18 95 96 16 55 12 10 56 61 20 23 7 65 77 41 88 30 56 58 67 67 69 97 91 2 88 97 90 49 55 54 67 51 50 35 58 14 45 14 75 17 37 35 35 66 76 23 97 32 33 64 0 3 13 43 57 54 40 99 3 96 53 22 99 55 58 57 70 55 71 97 73 60 32 8 26 8 83 75 93 16 92 45 71 5 88 80 11 28 80 14 76 85 37 75 41 47 84 63 2 55 60 75 15 45 35 94 53 18 69 46 87 61 91 58 19 31 39 30 12 71 45 88 56 34 16 49 33 0 64 35 8 77 63 75 22 50 69 75 69 39 74 56 52 17 66 71 49 57 2 13 28 99 1 85 85 69 86 18 22 51 53 30 28 68 5 50 19 75 77 40 66 3 48 18 73 14 90 74 24 44 87 52 43 40 89 28 10 28 46 32 79 51 14 7 72 19 9 91 46 38 83 64 42 31 83 15 97 25 89 21 69 28 26 64 68 67 92 30 95 90 62 74 41 28 33 13 0 94 56 46 33 39 11 27 22 46 42 20 71 83 93 92 63 19 56 31 87 48 62 82 90 76 9 31 5 42 97 5 37 5 3 22 97 14 49 19 12 43 39 35 78 33 27 41 4 35 72 91 35 86 26 25 63 35 57 20 29 6 25 18 11 80 40 8 47 41 80 59 84 19 95 62 4 22 55 9 10 80 52 45 66 30 71 81 17 80 1 99 86 78 17 49 59 10 10 6 51 90 17 88 61 12 2 66 87 58 27 97 90 31 42 56 62 13 90 31 93 43 30 31 74 0 81 85 10 
43 43 13 33 60 1 94 25 56 60 64 66 39 61 56 71 55 64 85 21 54 68 66 98 99 98 24 99 31 9 61 74 52 74 7 64 28 53 89 84 66 53 2 5 66 58 28 22 22 65 95 77 34 61 27 33 11 51 84 42 12 45 68 16 19 27 80 99 81 70 35 47 75 37 4 42 95 33 16 70 50 11 99 84 24 78 69 36 81 53 30 93 50 51 9 22 78 89 21 11 11 9 58 87 46 15 29 94 0 45 16 50 8 15 87 32 93 56 68 74 62 51 67 64 2 28 86 80 69 8 92 81 69 2 68 15 69 49 61 69 46 77 20 54 44 59 38 37 67 59 63 29 10 82 94 64 10 80 44 80 40 88 61 9 43 81 77 12 82 90 82 28 20 54 34 64 13 24 2 80 83 65 62 45 0 8 9 10 40 54 42 33 94 55 42 89 36 71 2 18 62 36 98 82 90 84 98 55 9 0 35 92 18 49 38 18 57 47 80 98 53 23 31 0 78 25 89 67 49 91 37 11 79 36 45 21 20 43 76 29 96 64 22 66 65 12 36 23 59 68 73 65 91 56 65 22 81 54 89 30 98 26 93 77 14 90 51 35 86 27 16 34 43 90 52 9 2 40 84 14 8 57 31 0 65 96 74 46 2 63 29 0 41 74 30 56 65 81 43 3 60 59 89 56 50 41 17 4 81 1 70 89 10 1 41 75 97 15 73 0 30 2 52 72 29 82 80 46 15 23 49 76 34 38 32 36 31 49 41 12 2 11 1 12 65 95 39 62 62 12 14 93 15 67 17 44 1 97 90 17 72 91 45 6 81 29 43 12 30 36 24 32 99 77 96 64 24 35 79 87 47 45 80 14 64 49 10 66 98 52 35 70 95 80 28 76 9 23 88 39 
59 64 23 11 94 19 75 18 54 6 5 53 52 37 68 16 86 30 34 84 83 69 6 78 1 35 7 10 58 95 1 70 12 76 81 6 95 8 24 1 15 82 7 19 19 27 87 58 57 22 42 92 91 1 23 93 36 30 55 46 25 9 16 89 85 49 95 81 10 20 34 77 54 41 96 73 68 83 83 78 5 26 70 49 27 93 94 15 23 49 61 1 58 30 90 44 31 38 77 41 10 63 18 64 5 66 89 25 2 73 3 59 51 74 8 30 19 54 45 95 4 58 48 14 40 90 10 72 28 39 65 38 3 36 2 8 2 92 85 4 17 89 16 68 15 76 98 86 31 43 81 87 53 29 1 94 20 64 66 0 3 83 39 6 19 93 66 22 37 4 78 54 93 94 22 60 71 72 46 2 67 80 41 21 9 42 15 81 58 33 82 62 16 73 20 36 66 39 10 56 43 40 10 88 35 85 0 58 57 46 12 25 26 53 46 88 47 13 21 6 98 55 20 66 28 92 54 47 31 64 3 26 57 65 66 92 50 66 2 8 65 66 85 91 71 31 31 18 96 53 76 46 60 96 12 41 89 67 88 72 83 43 51 40 8 17 84 11 36 38 19 1 4 4 44 75 87 76 46 35 81 22 81 41 71 93 34 12 12 22 84 48 17 87 88 78 57 25 89 93 63 60 94 68 16 38 95 55 66 41 90 47 64 23 41 87 16 75 99 81 50 35 29 19 23 69 97 80 94 38 73 58 98 19 78 66 9 73 21 76 67 11 75 31 34 16 70 3 44 69 36 94 4 17 13 27 86 63 59 81 1 84 91 52 55 69 18 65 94 40 41 61 3 16 44 90 85 14 45 29 35 81 75 40 98 88 19 36 3 79 69 57 15 60 9 71 81 79 36 28 
71 29 41 27 97 86 17 82 52 14 63 88 47 38 28 97 79 99 33 82 30 3 39 46 15 0 17 49 80 5 77 3 34 18 30 83 56 47 66 9 13 81 97 60 20 77 9 99 76 43 33 7 98 25 5 65 77 22 14 9 79 43 13 65 62 43 48 18 43 14 79 56 96 28 69 68 57 78 19 86 73 52 45 71 29 50 89 7 24 3 16 3 47 81 68 61 25 16 31 20 83 11 28 31 91 97 99 49 28 18 35 1 22 32 25 52 82 14 11 6 69 79 61 68 61 29 29 38 97 13 58 32 76 86 63 67 36 62 68 64 32 55 17 55 87 94 59 69 60 70 27 30 1 88 50 62 69 80 0 67 93 10 99 69 49 15 88 85 29 57 1 62 64 70 69 52 65 28 21 25 50 1 7 51 89 58 66 11 90 18 30 35 29 81 56 78 96 44 15 26 53 16 88 18 86 57 70 3 37 43 29 39 96 88 90 86 98 8 49 88 27 79 75 56 60 31 86 57 28 1 83 81 69 23 99 7 32 21 11 69 17 92 60 13 32 50 51 31 11 0 71 38 79 47 46 40 30 32 49 58 85 32 40 6 7 91 65 39 65 28 60 82 20 20 47 5 22 99 88 33 51 59 23 83 58 69 23 41 1 24 99 38 56 91 96 15 83 62 54 48 90 66 82 63 86 81 68 60 80 56 46 84 67 69 67 78 39 42 19 92 66 18 31 74 10 27 89 45 41 43 45 32 61 79 95 99 60 63 59 93 71 57 77 38 27 44 68 18 38 87 10 4 58 93 78 68 73 19 65 14 14 10 98 75 89 93 74 49 8 85 94 79 43 71 70 22 67 38 40 5 78 2 61 36 96 91 56 21 10 21 35 24 31 86 99 72 79 25 73 88 
11 68 19 6 91 41 28 59 32 20 16 10 22 30 46 18 21 2 91 84 75 79 8 6 65 60 30 44 37 3 84 48 23 56 6 15 97 34 26 29 54 94 39 29 24 37 99 98 91 91 82 66 70 42 24 35 54 54 31 92 10 68 92 33 24 99 0 73 33 26 3 40 21 94 69 45 32 68 95 75 11 77 42 81 20 18 68 74 73 52 18 35 20 11 20 96 10 21 69 95 47 72 87 68 19 56 66 3 77 61 78 40 91 72 22 63 91 42 89 16 94 8 51 66 19 71 62 81 92 32 76 92 56 64 12 75 72 78 78 1 92 9 42 35 81 16 98 72 10 39 40 57 47 91 23 18 63 38 99 7 22 76 99 78 92 12 6 64 42 36 66 86 45 60 73 79 28 71 3 38 11 44 95 10 87 71 29 50 9 28 10 31 56 61 61 48 25 67 13 20 56 31 58 53 43 32 32 71 55 88 9 18 32 57 29 71 28 58 22 37 38 84 68 95 45 81 43 23 49 8 43 5 91 1 58 34 85 43 57 41 83 67 59 67 24 88 38 4 98 12 41 89 96 61 36 94 42 31 17 91 40 12 48 83 65 59 70 51 54 27 92 37 46 51 4 22 92 42 26 42 7 67 31 3 80 19 49 23 51 18 66 43 30 15 26 48 26 96 99 80 76 91 69 22 94 25 97 38 19 23 81 26 43 64 30 23 84 31 98 87 50 65 30 32 80 56 80 58 5 79 90 33 22 11 55 17 36 4 7 55 80 88 82 23 5 64 98 41 47 97 28 97 62 58 82 94 66 62 4 23 42 94 56 16 5 64 85 93 68 93 48 48 33 82 23 90 98 74 31 46 23 11 95 85 21 77 31 88 40 35 63 34 81 20 2 38 84 88 31 4 
81 31 5 66 66 80 57 64 54 40 62 77 52 58 14 73 87 97 13 79 84 77 13 65 97 16 55 33 56 86 89 37 70 94 55 36 75 12 0 81 53 15 11 5 25 25 30 12 75 44 92 59 73 57 25 22 25 32 55 81 19 96 70 41 91 26 77 18 90 29 51 43 44 62 0 21 40 31 34 15 27 78 74 0 87 51 22 65 84 29 46 55 25 69 96 68 47 25 86 37 54 38 33 51 52 85 72 92 16 58 7 43 88 34 95 76 85 17 41 21 46 39 76 72 60 24 40 7 49 79 97 56 69 82 7 21 67 31 66 36 90 25 31 78 59 27 54 97 96 47 18 43 87 47 67 47 23 59 7 73 38 56 29 59 38 88 81 57 19 99 93 9 24 25 40 84 4 94 33 0 94 51 43 81 50 62 80 74 22 87 47 12 95 28 72 85 68 5 43 87 4 36 49 28 13 89 64 69 35 97 70 29 1 65 10 51 28 43 25 2 82 24 14 78 4 86 63 72 91 6 60 47 95 61 76 60 50 92 30 85 90 52 15 91 17 77 94 45 20 20 47 3 96 14 81 1 0 44 25 44 3 37 91 50 98 19 62 48 12 92 86 2 44 1 45 14 78 39 11 99 11 11 54 8 25 35 61 77 31 86 21 86 76 13 36 74 84 51 75 96 95 61 50 92 62 47 6 92 39 17 43 50 28 97 10 5 32 23 83 16 62 4 2 38 69 91 12 54 94 39 2 89 0 53 81 14 0 87 7 91 57 50 42 85 0 4 43 84 80 26 0 42 82 55 80 52 98 44 58 92 36 60 81 36 65 63 51 18 2 10 9 59 60 3 97 60 60 40 45 40 66 97 82 48 52 14 52 2 10 10 94 46 23 76 35 40 91 86 58 93 
96 20 53 8 75 50 21 35 90 18 75 56 15 9 56 20 75 9 22 86 19 17 84 94 45 19 35 36 57 45 29 5 65 34 14 41 84 87 28 74 5 4 82 72 65 39 44 41 48 67 79 19 36 63 14 33 35 1 69 92 46 50 98 64 85 64 5 21 51 85 48 56 89 82 80 7 21 25 48 21 44 27 41 80 42 7 65 77 8 34 70 54 36 20 70 73 84 75 47 35 13 95 43 54 77 23 61 51 48 9 24 92 88 17 24 31 24 89 8 84 75 30 91 64 50 61 89 34 89 36 21 2 31 64 56 61 40 18 64 40 79 88 33 20 6 9 51 82 51 11 67 78 42 58 42 44 71 32 31 60 68 52 14 52 69 71 13 9 41 29 49 72 17 34 92 23 96 43 6 47 7 25 77 1 35 20 45 6 4 28 19 72 33 33 76 2 56 41 63 97 70 64 70 88 51 14 63 99 58 69 98 65 94 75 18 81 47 63 88 51 44 7 76 77 92 52 31 49 94 46 46 16 62 68 4 13 83 20 64 93 41 62 10 88 90 28 69 37 43 57 89 87 16 65 16 9 69 47 58 15 93 56 32 56 77 88 21 12 8 38 57 50 0 67 38 42 47 59 80 42 17 21 82 33 38 98 94 7 46 52 75 91 61 7 47 38 47 21 50 8 59 7 10 11 26 0 54 25 59 86 19 76 7 1 62 97 0 56 4 98 61 79 89 22 38 89 60 38 62 62 46 21 21 56 32 99 56 38 76 15 24 95 44 83 97 58 80 49 14 37 47 27 68 88 49 7 77 61 45 39 23 43 12 96 99 97 47 55 87 23 22 12 19 66 47 68 24 28 17 91 65 16 18 85 4 20 92 34 81 89 25 57 84 90 5 83 87 53 90 74 
76 65 38 95 31 86 63 8 66 32 51 83 48 21 68 5 41 13 39 75 54 64 32 39 6 37 74 93 90 65 20 19 30 58 14 13 96 30 73 62 62 24 45 63 98 66 68 39 79 7 14 33 23 98 24 30 88 99 75 78 64 95 97 46 6 64 11 2 46 85 17 8 61 14 71 11 80 91 51 11 98 17 45 74 16 21 56 56 20 31 34 36 27 84 82 85 0 94 87 46 31 56 6 44 71 30 56 3 21 59 15 72 76 12 46 44 33 2 0 54 85 87 90 64 23 25 49 75 71 89 21 54 45 79 98 68 9 6 24 83 65 39 55 94 3 53 38 36 7 91 42 92 78 85 9 53 62 58 28 85 99 1 39 97 80 37 65 42 96 89 77 61 80 32 55 83 37 46 72 44 37 66 88 67 3 97 20 65 56 0 50 7 53 89 4 33 79 70 27 75 11 4 88 92 88 96 27 25 42 99 21 79 66 10 98 69 7 70 87 15 70 37 23 23 79 27 8 10 49 88 37 13 44 25 5 85 21 84 10 63 84 84 94 2 94 44 23 53 14 62 21 36 0 44 11 31 23 72 41 25 60 78 38 56 55 95 41 77 79 52 92 15 88 39 69 82 83 93 87 98 7 8 86 7 4 98 90 80 70 31 5 82 61 95 38 17 42 80 46 21 84 38 89 72 29 58 6 13 3 93 11 11 2 49 70 58 47 61 38 17 44 95 99 6 90 90 75 32 70 73 6 54 63 95 78 93 53 84 6 9 29 69 20 83 18 90 42 66 3 80 35 48 76 87 6 18 77 33 3 99 6 9 53 21 4 31 14 9 67 72 18 96 41 90 80 12 33 74 30 36 54 17 36 82 4 42 53 33 27 56 32 85 65 37 7 21 20 21 30 87 
94 1 36 87 43 68 99 76 42 81 13 48 99 1 31 3 44 84 89 23 92 21 9 57 59 16 78 31 89 60 19 83 13 7 23 57 75 74 33 17 56 98 65 55 0 48 10 96 84 99 71 76 73 80 85 32 48 15 15 38 76 86 73 41 93 48 98 20 23 84 37 79 34 55 34 86 55 44 34 40 96 6 68 69 86 6 53 87 21 68 77 49 55 50 91 0 51 41 21 74 77 58 53 12 65 39 98 73 35 85 65 31 91 33 0 29 39 5 16 61 74 93 10 81 96 53 81 47 95 2 21 72 13 26 36 30 65 87 3 52 72 68 84 63 2 36 92 93 42 61 6 68 54 69 49 50 22 30 49 69 85 22 94 98 48 30 28 65 69 84 18 41 52 54 56 6 42 49 0 84 10 58 4 16 27 53 19 2 36 68 23 21 43 17 71 91 0 51 9 69 35 79 11 40 33 67 46 27 68 98 64 30 57 68 99 36 74 18 90 10 38 14 83 81 31 6 25 31 57 86 53 45 65 64 85 50 83 31 77 4 30 41 86 39 10 85 75 84 55 66 46 46 32 81 27 63 87 4 47 96 42 0 41 7 16 26 9 51 10 87 55 92 80 42 31 42 79 58 78 35 76 24 81 8 5 60 24 44 17 23 41 59 75 82 67 91 61 76 42 71 15 50 15 96 92 98 90 23 8 69 58 85 93 91 45 51 52 21 95 69 44 36 28 19 71 47 62 32 76 5 55 91 7 22 39 51 20 30 74 28 51 33 65 96 24 11 47 28 32 95 49 29 83 78 0 54 77 63 38 53 20 45 97 27 67 88 78 87 70 52 16 21 37 81 18 14 44 17 42 29 12 92 58 48 22 10 2 99 73 93 5 93 38 2 20 6 42 98 93 13 
3 61 34 40 95 4 54 91 22 49 20 34 41 30 34 15 41 37 66 66 82 71 60 20 25 32 26 68 83 72 33 86 85 67 78 80 72 33 24 46 34 44 80 27 27 67 42 20 4 8 86 38 32 98 58 57 31 37 77 66 9 10 52 94 78 82 27 2 15 51 48 1 47 80 28 26 47 70 46 3 31 85 41 63 83 52 20 66 89 98 84 50 60 36 96 38 71 23 92 86 26 92 40 26 25 68 52 72 39 51 28 70 36 21 85 71 73 5 90 62 55 74 64 16 63 61 6 34 84 51 72 63 43 12 89 20 81 41 45 72 92 73 94 80 46 79 52 20 36 94 34 44 68 99 12 31 60 18 17 96 21 90 11 17 54 0 37 35 94 82 59 38 7 53 71 54 84 23 26 73 17 60 17 37 11 29 21 23 99 38 72 21 80 83 38 35 36 75 22 82 58 82 72 65 87 43 71 24 66 97 97 35 58 14 25 21 95 46 45 94 36 69 15 17 4 53 4 40 81 26 74 39 60 47 56 48 90 28 72 9 25 21 44 35 35 21 9 30 19 6 24 56 75 92 25 79 45 29 72 78 55 46 69 16 45 26 16 36 6 40 45 83 61 41 71 48 63 80 30 82 86 6 90 13 98 15 44 96 44 16 74 52 15 44 20 60 22 88 48 28 28 45 63 41 87 34 41 2 66 71 36 4 77 27 17 28 94 62 24 91 30 50 43 97 94 15 10 68 3 10 48 83 56 12 76 43 98 17 97 65 88 33 21 17 12 91 45 59 53 69 50 35 72 45 85 66 12 95 35 15 57 83 50 13 47 26 8 46 43 5 63 83 91 36 0 55 27 98 14 32 19 16 68 91 13 5 10 25 52 45 92 9 80 42 23 80 68 31 78 63 
89 41 98 80 29 51 35 57 49 2 89 68 18 9 60 84 14 70 9 66 67 2 28 99 96 51 79 17 34 57 80 23 50 31 3 80 82 91 37 31 45 78 51 15 88 11 99 2 33 9 21 52 63 49 52 59 52 83 76 86 41 9 62 43 40 17 75 22 8 12 5 53 43 56 69 31 20 68 85 53 29 58 58 92 59 10 4 11 45 32 50 38 41 12 82 33 29 57 55 90 22 12 43 65 69 64 48 89 85 33 94 14 92 52 59 3 14 15 15 60 47 17 98 89 29 32 74 10 42 82 52 64 94 96 81 63 12 29 52 97 14 99 64 58 51 75 62 66 90 77 78 37 46 76 78 27 61 53 37 3 35 90 19 81 38 52 45 2 81 49 0 95 48 16 6 52 91 68 18 33 97 96 22 43 24 53 70 37 6 59 40 93 1 11 26 39 63 71 94 44 73 46 92 73 62 50 25 5 18 95 38 15 91 12 58 68 65 80 5 23 39 98 68 41 9 95 32 73 66 26 69 91 72 13 65 86 63 90 91 81 38 81 48 29 94 58 49 11 38 55 35 30 53 3 23 14 98 55 87 17 34 9 8 58 22 25 45 38 68 88 71 6 22 20 87 16 78 37 79 69 92 14 51 97 70 74 11 68 81 51 37 15 60 46 26 34 23 71 72 91 11 44 97 33 64 85 1 94 22 81 15 66 47 66 15 17 40 78 86 74 29 23 41 89 21 67 76 45 90 48 88 2 92 86 35 8 23 37 55 97 70 70 15 17 89 30 35 81 8 73 55 38 48 97 79 22 16 55 19 7 56 7 9 0 45 96 61 68 85 16 17 55 38 32 25 27 62 60 61 23 85 16 13 33 65 44 55 34 52 74 41 8 34 2 60 79 98 21 0 84 
37 17 91 28 2 16 55 16 28 68 39 13 37 52 99 2 49 6 36 1 81 29 61 67 31 21 46 30 43 46 66 32 16 9 60 18 78 16 34 6 36 26 72 73 30 71 76 79 77 64 80 10 94 93 77 77 15 76 59 58 74 25 42 42 35 3 60 13 71 47 71 7 73 43 81 3 66 9 35 96 73 15 58 19 61 88 97 76 64 8 86 90 34 28 33 21 31 45 86 2 92 9 10 17 53 91 21 71 0 8 19 25 23 78 97 84 66 46 12 30 54 98 72 88 79 5 61 10 51 99 13 95 9 75 13 14 18 86 85 70 94 5 95 69 35 44 6 1 90 18 83 45 69 55 85 48 61 99 58 64 98 23 59 7 50 72 21 68 10 59 38 4 16 86 74 51 30 32 52 21 50 87 18 71 42 3 19 55 54 30 19 53 5 31 60 56 55 34 76 66 45 15 22 61 53 48 64 35 80 68 56 83 55 26 54 97 82 74 5 36 4 76 89 9 7 2 17 15 36 94 33 33 61 55 94 14 4 58 49 36 26 58 19 33 36 74 30 18 0 87 55 56 64 96 17 23 98 35 38 86 29 71 19 90 79 65 56 35 75 57 71 53 15 91 86 52 17 69 22 17 56 77 73 20 74 90 44 24 77 82 63 6 6 82 48 85 0 4 20 75 14 91 29 29 34 15 33 51 84 56 20 93 85 45 13 11 88 57 36 65 92 99 24 98 33 24 35 33 81 55 9 95 98 90 24 33 57 10 36 94 18 9 87 3 54 0 15 94 10 51 12 54 2 88 4 35 12 39 21 93 46 82 88 44 72 65 29 81 27 66 75 45 27 62 48 33 15 63 28 77 66 92 31 20 80 87 56 92 26 29 38 72 11 26 68 35 43 98 16 70 
16 92 15 43 6 16 76 73 79 56 50 98 48 33 18 80 20 26 25 98 55 63 22 66 41 91 1 85 89 18 7 5 62 75 0 20 91 28 94 22 85 96 20 85 82 91 66 54 17 91 53 73 6 75 91 47 66 93 84 7 63 92 64 77 67 16 97 10 45 43 32 30 40 5 67 74 96 85 28 13 28 81 38 34 9 30 82 27 75 18 35 38 10 51 15 29 68 12 39 13 8 24 95 48 29 14 74 77 0 2 90 28 36 81 15 45 11 49 72 86 67 59 76 30 11 91 11 79 55 3 44 63 27 91 63 8 5 37 85 5 40 27 86 76 8 53 73 71 2 45 57 21 57 85 3 68 76 15 99 84 18 95 99 97 86 63 5 91 52 42 49 44 69 87 72 30 40 45 1 42 43 11 15 0 96 19 20 25 34 71 61 4 66 60 53 4 75 10 47 28 52 96 24 73 83 97 55 23 42 57 17 85 20 33 37 68 4 57 93 90 80 6 46 98 67 99 2 94 9 50 74 61 98 99 86 82 96 42 57 90 51 75 76 71 60 65 39 16 75 85 6 55 91 52 54 10 51 8 57 60 10 31 73 9 30 11 91 78 5 48 69 56 75 97 79 87 62 71 3 37 56 9 93 99 13 99 62 64 7 19 76 70 50 1 79 33 13 22 63 18 22 32 27 98 81 6 85 44 77 41 33 85 50 78 85 16 77 99 32 37 18 9 7 20 62 38 5 27 60 69 46 82 53 25 32 35 31 70 31 61 11 64 46 13 43 83 29 72 82 62 61 52 23 20 73 85 58 30 13 70 99 11 5 5 88 37 40 19 7 23 32 70 39 79 84 82 62 65 7 97 79 20 49 2 41 22 40 51 53 5 74 4 68 79 9 56 16 1 27 76 
76 60 46 16 91 82 50 5 0 57 2 31 30 52 34 23 26 26 26 31 83 0 88 51 79 49 59 96 51 86 24 27 98 22 95 89 57 46 47 57 55 49 88 85 53 74 8 32 52 35 63 35 35 3 38 67 53 97 15 56 36 39 83 86 61 79 28 18 77 75 27 32 76 68 18 30 42 78 14 47 13 29 82 1 33 73 68 86 22 83 42 58 74 77 97 87 8 25 58 85 0 85 70 28 5 88 10 0 18 24 47 84 54 81 85 39 54 5 77 77 40 71 87 14 48 84 53 9 61 11 46 13 97 16 42 2 56 52 2 75 29 1 59 35 83 96 74 89 1 3 18 93 74 6 59 74 42 12 83 4 24 82 17 73 50 11 27 7 64 82 82 93 83 93 80 66 89 6 8 42 9 26 35 83 84 94 57 27 58 93 83 82 27 0 7 77 64 35 84 28 17 18 73 0 11 53 19 52 59 79 94 20 5 81 3 90 27 12 17 86 57 52 20 84 4 28 62 68 15 98 96 32 17 21 84 80 26 55 33 37 34 27 57 92 9 12 82 88 25 51 74 34 3 95 19 7 75 81 76 42 79 24 26 48 98 62 29 24 18 14 14 4 41 23 96 2 36 30 91 13 33 17 47 36 64 18 96 39 99 24 33 31 0 59 31 98 22 12 75 40 26 89 96 68 64 45 22 0 27 65 65 61 83 65 97 99 83 45 91 35 69 24 18 70 84 49 68 6 62 95 98 88 36 46 8 1 91 83 1 19 48 19 80 83 84 29 83 67 75 74 2 96 98 20 66 34 22 87 40 84 82 38 24 19 85 33 72 28 68 73 99 68 44 31 52 28 61 87 96 88 13 50 84 11 71 3 98 93 90 38 29 24 29 53 95 66 38 67 94 6 
93 94 75 37 25 79 18 38 66 66 78 79 16 63 42 87 18 40 32 8 31 61 84 60 67 32 26 5 51 72 64 44 18 91 34 44 70 4 34 88 70 13 19 86 28 13 26 46 6 58 6 37 72 90 97 91 74 75 48 26 47 12 22 66 55 56 62 25 12 48 65 82 61 84 69 41 98 95 87 4 5 93 41 29 36 90 72 10 17 21 36 16 85 11 82 41 19 96 66 32 97 32 14 58 68 83 52 18 30 39 22 88 85 15 69 21 57 42 83 74 63 72 43 48 83 25 89 2 74 8 86 71 92 1 81 60 36 33 79 67 25 53 7 62 21 76 35 78 18 18 5 33 42 48 82 77 25 23 32 51 31 18 74 23 19 8 36 56 93 67 75 18 72 82 80 93 10 15 24 29 86 81 14 28 81 96 58 58 20 90 10 3 8 36 79 28 44 15 36 38 34 11 8 6 45 41 52 55 8 76 36 94 9 51 75 90 99 33 48 71 23 10 75 83 47 54 11 91 21 47 81 7 10 90 65 7 31 17 15 39 45 51 86 54 54 13 96 6 98 45 77 73 7 4 56 54 58 20 98 31 67 79 38 30 21 4 37 4 73 52 44 71 56 82 25 62 95 74 20 93 71 98 66 78 2 74 85 13 94 35 44 14 66 35 44 88 91 33 92 16 38 88 87 46 70 13 60 17 39 81 62 10 79 80 88 33 55 73 46 49 60 43 63 27 30 59 15 21 45 59 89 83 0 77 81 70 90 41 40 81 22 54 91 53 35 79 87 90 5 85 91 65 80 7 92 10 18 59 83 63 71 73 98 71 50 79 93 92 21 33 73 43 88 64 97 75 95 84 65 52 21 8 18 2 67 62 12 86 74 48 49 45 73 48 16 23 27 9 67 0 
43 40 44 83 56 93 58 3 29 75 56 50 35 74 52 3 88 17 89 62 17 90 7 90 90 23 13 70 33 32 70 28 24 66 63 80 59 21 35 88 48 91 39 83 17 43 38 6 60 27 68 77 70 28 67 60 51 32 30 36 64 53 64 88 19 79 20 79 0 56 67 0 47 58 36 65 2 74 23 14 54 91 92 24 19 11 36 23 44 19 59 60 72 76 1 91 55 21 22 8 29 42 8 77 0 96 94 2 71 17 17 77 60 61 1 32 24 89 55 20 8 66 81 80 94 82 24 50 55 46 10 85 88 70 14 41 67 8 95 38 77 12 67 37 25 68 69 50 57 76 70 18 95 3 98 89 37 74 91 93 73 1 78 13 72 92 54 39 52 50 29 29 14 96 18 40 16 40 42 25 16 64 43 63 68 94 53 5 68 44 50 93 46 80 7 70 72 61 61 76 11 90 5 78 38 24 18 54 64 12 31 32 76 75 96 96 21 1 54 41 45 4 35 43 37 42 65 9 3 26 38 67 16 43 45 6 19 15 60 35 79 44 68 7 19 16 56 92 17 10 33 14 66 68 10 3 10 75 65 66 54 3 85 22 98 82 29 18 97 41 5 28 85 25 35 56 41 91 48 10 1 82 77 20 2 87 75 65 14 40 83 20 95 68 43 46 50 72 16 99 65 21 27 51 47 62 59 40 54 60 51 7 42 28 79 96 67 55 61 33 47 96 54 95 64 49 41 66 73 57 65 38 78 92 41 77 7 1 18 61 61 69 20 55 49 52 3 68 7 17 1 6 13 7 1 30 8 42 96 81 51 62 20 30 6 13 7 13 66 77 26 79 46 99 86 47 51 90 15 58 59 69 16 72 28 18 2 37 12 99 18 64 13 90 46 19 4 5 85 22 
83 11 2 81 10 88 29 61 30 96 71 89 65 88 14 94 58 16 31 22 67 1 86 32 92 84 52 48 42 37 70 77 0 24 58 11 13 39 24 95 36 48 85 53 88 99 47 46 67 30 20 87 84 59 19 76 43 71 76 37 60 98 14 13 23 73 76 88 64 0 83 52 0 20 6 88 71 5 86 39 36 7 78 20 66 97 48 61 21 76 99 33 74 13 46 97 38 22 85 55 75 21 7 75 41 13 16 13 19 54 4 7 13 82 79 31 31 79 45 52 55 44 86 81 9 32 79 0 7 16 55 82 89 14 9 31 28 77 96 99 32 52 58 97 86 89 29 17 68 26 70 75 70 8 56 31 92 87 83 99 56 90 33 45 5 43 76 85 72 24 36 56 76 94 54 62 83 35 80 3 61 2 78 83 10 34 66 2 74 50 2 30 40 87 75 97 30 4 82 55 28 18 11 57 64 65 71 47 52 51 2 65 5 80 48 67 67 15 70 41 17 24 23 57 11 50 55 94 54 89 49 35 8 60 44 24 78 15 24 82 19 26 48 24 7 48 92 26 15 14 67 32 38 42 42 1 92 49 47 99 38 96 34 98 9 78 23 39 45 47 73 64 25 21 41 32 22 33 58 37 99 77 22 89 71 64 90 64 65 38 63 55 86 49 54 47 79 29 38 24 28 12 41 53 85 82 38 7 67 48 97 66 78 19 55 49 83 97 65 0 87 28 55 26 29 9 25 8 90 64 85 70 76 26 24 61 8 14 21 75 62 18 93 40 37 0 42 72 97 7 72 37 36 27 15 17 89 40 78 31 4 63 2 80 89 78 94 49 92 67 24 6 85 69 99 74 69 41 46 18 48 70 55 36 49 70 54 90 11 32 22 67 47 24 0 36 54 94 85 98 
13 61 4 98 30 3 24 51 96 22 69 45 92 77 33 93 99 87 84 62 71 6 30 18 82 30 6 36 76 43 86 89 4 90 39 86 46 63 89 42 85 59 39 29 88 73 22 87 12 6 50 36 64 80 6 98 62 13 86 38 56 72 27 13 15 18 51 61 81 41 55 18 0 47 47 88 72 21 27 36 80 77 72 96 9 79 95 71 44 81 61 52 54 40 65 69 58 69 82 91 10 89 9 62 36 8 2 8 30 29 45 62 59 69 58 20 0 53 92 44 87 5 97 41 46 14 62 56 83 96 48 93 85 9 7 74 18 9 34 0 39 31 62 50 1 20 70 1 74 14 98 61 20 95 54 18 61 68 74 45 16 74 90 1 84 98 27 2 7 62 2 98 93 64 48 94 36 71 48 62 85 46 75 57 93 29 75 54 49 50 99 65 76 42 19 60 40 46 14 99 60 16 50 54 32 98 0 21 21 48 83 7 46 59 64 39 40 92 94 90 94 45 7 70 87 26 31 79 25 45 79 85 14 29 91 98 79 92 19 1 92 3 60 39 62 76 78 54 68 72 44 62 70 52 85 57 30 16 89 7 13 68 93 79 49 84 78 28 76 97 81 69 52 93 60 66 70 38 21 90 63 65 5 33 69 90 42 52 58 31 59 23 51 4 3 0 89 81 81 17 78 14 38 83 60 98 49 82 89 70 72 52 36 29 37 57 19 31 61 29 15 21 53 66 25 56 19 66 89 52 84 19 18 74 2 78 73 52 60 62 22 85 66 10 14 55 20 86 86 81 67 1 54 20 68 80 28 39 46 69 91 82 89 9 57 43 40 82 47 0 44 70 37 62 32 52 17 4 90 3 86 57 5 40 30 25 72 10 64 71 80 7 53 21 68 10 64 8 92 12 
61 88 34 98 50 18 50 19 23 92 75 61 50 32 1 80 57 26 90 73 97 22 32 50 43 0 13 8 61 5 72 22 46 58 72 48 76 75 68 99 67 43 60 17 75 14 97 84 40 40 9 37 62 41 39 6 93 52 66 6 10 90 28 56 48 53 4 24 28 24 76 95 19 36 65 46 2 14 30 42 54 91 31 69 32 23 27 78 75 45 84 85 35 65 93 83 18 50 59 46 74 35 93 94 24 58 40 26 73 23 69 79 14 52 48 99 75 75 77 3 20 13 88 7 78 34 42 96 84 2 94 58 37 88 4 61 98 97 88 23 72 9 3 86 13 51 37 89 79 66 92 51 80 32 59 58 66 1 7 50 55 1 61 45 41 17 58 40 14 98 63 38 7 18 25 73 22 14 62 1 81 6 4 61 38 15 19 57 69 26 59 24 80 20 69 21 90 80 13 56 78 29 95 38 47 72 11 69 86 73 22 67 31 27 28 69 94 0 26 63 78 38 40 58 10 9 80 0 41 93 57 20 74 52 58 22 24 69 43 62 94 66 30 25 45 10 46 39 62 25 3 41 63 43 99 73 4 79 26 98 25 83 18 51 87 76 73 63 97 17 25 43 35 7 68 80 18 66 19 80 91 74 21 6 69 73 32 26 4 58 24 29 41 94 81 28 70 6 43 19 75 68 62 10 76 82 90 46 0 62 78 44 88 52 50 58 25 82 36 29 40 12 11 33 6 44 13 28 50 56 99 26 25 13 36 53 95 79 51 47 41 29 91 29 81 42 39 6 76 75 36 69 39 99 2 45 43 16 25 45 72 24 23 49 37 60 54 84 91 5 32 32 35 23 13 68 17 53 75 46 80 63 15 20 14 17 17 57 85 95 2 10 19 26 11 9 38 66 93 81 
23 77 13 10 1 78 79 70 31 6 68 64 21 83 36 35 53 5 44 38 0 98 48 72 24 12 81 14 78 74 95 53 52 60 16 5 39 47 27 22 53 96 86 26 31 74 13 84 80 57 23 32 55 23 4 32 35 85 98 65 60 46 71 64 6 87 21 97 34 48 20 39 96 58 17 28 85 30 12 65 39 87 49 94 63 54 78 50 39 77 68 51 23 39 15 81 78 88 79 12 37 51 3 33 61 20 61 46 2 26 63 41 13 13 87 28 67 66 79 58 95 47 10 70 86 77 51 16 66 82 28 55 33 83 88 47 3 2 93 5 80 57 46 45 22 85 74 89 51 53 99 98 0 9 68 38 87 72 6 5 6 34 60 40 69 0 39 72 2 32 29 34 41 27 80 63 12 54 4 16 59 4 66 11 65 35 49 4 59 7 9 65 93 21 57 62 22 96 86 76 81 15 11 22 94 91 38 58 45 94 74 56 50 41 67 16 28 68 20 39 75 82 4 68 3 62 30 25 10 16 2 91 83 65 66 77 56 56 87 53 50 14 9 53 55 76 69 35 44 41 74 71 75 30 39 31 44 69 56 55 37 10 98 20 27 64 49 83 72 36 88 23 50 49 28 57 77 97 44 73 90 70 44 18 1 83 49 45 4 57 52 41 20 51 13 47 67 62 83 92 51 71 15 53 73 95 63 50 44 7 24 34 78 68 4 31 4 53 28 8 11 81 2 83 84 15 30 3 30 13 95 33 37 62 86 10 57 1 60 1 61 36 88 91 57 92 22 61 98 50 21 61 83 23 44 67 39 74 23 21 40 18 54 77 81 92 39 90 46 51 92 7 88 32 98 45 24 72 58 74 22 79 35 58 3 79 77 94 54 0 67 46 19 21 23 52 65 14 94 11 
65 38 70 53 70 68 50 47 40 8 21 15 88 57 73 43 36 50 37 42 3 4 88 74 77 63 78 94 77 72 58 43 11 28 48 33 49 99 80 89 7 54 56 95 11 81 38 99 32 27 42 87 83 82 61 60 98 39 7 75 11 65 70 74 93 19 8 42 18 40 84 25 94 40 73 57 22 63 57 6 91 51 93 74 33 6 87 31 45 94 59 8 11 29 83 56 48 43 51 18 35 35 96 30 27 69 87 1 32 96 59 75 47 4 50 33 10 89 16 55 35 75 16 46 57 99 2 57 94 53 28 29 40 24 11 20 45 51 21 77 47 81 5 95 85 55 80 48 96 96 3 31 24 19 77 33 70 79 90 16 85 18 98 25 94 9 45 39 60 19 69 60 52 74 7 89 81 87 37 77 35 41 8 11 12 85 44 35 16 87 3 53 57 1 31 52 63 28 43 75 47 12 35 51 86 42 41 67 81 78 44 17 71 4 80 36 89 25 71 58 64 26 11 73 28 94 25 91 23 69 66 22 33 2 74 20 96 15 39 78 93 36 47 17 40 79 53 82 4 76 40 20 2 3 94 30 98 71 73 21 92 92 43 26 46 69 98 42 84 37 72 30 25 71 47 66 51 52 48 7 28 40 28 82 43 74 65 93 45 38 66 38 30 62 16 28 31 14 71 68 3 95 98 29 67 97 95 70 49 95 77 29 87 57 11 30 31 28 76 29 67 94 19 49 56 35 30 40 1 1 8 4 48 6 85 15 55 32 85 4 27 15 85 14 72 96 97 56 25 25 85 44 19 4 45 28 39 75 68 40 28 76 96 77 34 82 44 41 14 82 45 94 97 30 8 69 78 57 25 55 82 62 51 54 66 49 82 5 76 50 97 5 78 94 34 64 76 30 5 42 
12 2 36 9 84 45 31 14 54 8 70 37 71 73 91 37 22 73 95 51 75 92 8 5 38 42 69 66 72 26 9 37 28 45 46 64 42 29 78 97 38 0 86 61 74 77 98 48 2 45 99 29 38 59 34 28 53 55 95 78 81 4 15 61 49 13 25 92 43 3 41 33 56 27 94 30 56 44 30 58 90 82 39 80 41 73 8 95 28 3 73 61 7 40 22 9 53 47 53 48 2 94 81 58 21 27 40 77 24 71 87 14 5 26 46 98 51 54 93 31 10 18 92 69 58 14 78 64 13 83 12 15 77 46 74 50 25 14 79 49 37 18 15 42 96 13 93 47 68 38 30 30 57 22 99 67 88 30 83 1 13 48 69 43 94 95 45 71 9 25 73 99 43 40 93 92 54 86 39 74 25 22 4 34 96 55 53 85 85 37 38 51 85 59 46 31 54 91 2 64 68 27 15 64 68 8 56 22 47 47 48 72 69 52 58 66 7 11 3 45 48 93 96 85 53 94 16 7 85 71 23 6 98 90 70 66 99 78 40 98 25 88 22 47 92 80 65 0 91 20 97 92 13 45 77 18 39 46 26 76 17 1 82 67 92 4 34 43 82 26 41 8 15 63 55 7 95 72 59 38 92 8 30 5 53 60 24 92 6 2 21 75 55 3 42 99 8 28 94 42 55 35 50 22 50 57 29 97 29 41 36 73 49 66 79 55 78 55 47 84 9 20 11 16 76 54 16 36 34 10 78 89 98 29 11 0 38 93 98 20 86 34 93 87 0 24 42 79 79 90 15 40 62 79 57 38 85 73 74 19 35 53 9 33 34 72 34 72 17 84 44 3 18 38 91 70 14 33 1 46 75 69 86 90 48 95 28 33 20 3 52 56 8 13 41 42 38 27 66 55 
11 63 11 29 53 54 0 67 39 1 13 67 70 0 57 70 47 85 3 68 40 8 24 0 21 65 94 59 45 61 67 56 76 78 86 29 32 38 96 23 91 62 90 62 14 47 84 61 85 88 29 77 96 5 78 69 23 72 29 68 85 96 24 61 26 62 90 10 0 39 33 92 1 24 6 67 23 90 28 8 78 58 86 26 15 64 96 38 88 77 6 74 73 31 87 51 45 30 61 46 69 94 38 22 18 44 89 42 34 69 2 65 79 40 43 95 4 39 33 45 16 40 19 41 23 6 92 68 88 5 66 57 0 4 31 70 0 72 64 87 94 67 52 73 7 95 68 64 87 2 9 55 94 80 49 69 38 41 89 27 47 56 36 99 12 20 69 13 44 86 52 38 53 56 12 12 51 32 28 90 86 89 46 32 69 95 1 60 88 43 39 87 51 75 38 15 47 60 28 92 46 32 82 99 88 94 63 92 79 92 82 65 81 80 98 3 27 51 15 68 46 54 7 97 81 46 13 29 6 93 73 52 26 55 3 66 50 18 58 81 62 41 46 44 73 96 99 53 48 66 21 46 20 28 96 1 26 61 82 32 54 55 36 32 11 91 99 13 10 9 94 72 2 40 68 76 37 67 29 37 85 2 83 5 82 31 59 9 92 41 93 47 97 30 31 8 21 82 21 83 44 67 56 46 7 24 22 96 44 3 85 29 57 21 35 40 52 46 49 45 87 94 44 84 24 27 44 98 62 17 81 6 84 37 52 44 14 27 92 58 30 78 39 88 51 26 28 3 72 29 48 60 23 44 96 0 72 93 50 34 62 83 92 99 73 44 95 87 71 87 97 54 17 36 42 68 63 22 72 87 3 72 47 78 17 96 30 41 41 80 27 3 64 19 2 89 63 49 76 87 
37 25 41 54 61 83 23 76 57 47 64 60 71 63 90 88 11 21 81 52 1 8 8 17 79 62 6 95 12 34 82 49 59 23 55 73 58 30 1 15 29 17 27 1 33 17 41 44 38 23 49 92 83 9 9 63 71 68 58 35 54 40 84 14 15 92 39 73 74 40 88 4 58 15 5 91 84 46 87 23 21 88 15 5 97 76 20 69 96 30 4 51 22 41 65 37 85 56 10 59 96 50 15 54 17 20 97 1 19 37 24 40 25 91 45 23 20 17 44 16 47 48 67 69 41 84 6 78 40 68 90 89 18 5 95 35 26 93 37 97 30 13 37 55 57 35 30 77 52 74 45 52 75 65 21 68 49 80 47 42 48 37 83 19 42 78 6 20 71 95 17 53 9 7 61 18 42 91 47 46 66 92 98 41 57 72 9 59 4 56 53 52 45 36 23 88 14 30 60 38 25 78 91 86 37 52 4 79 44 3 77 62 96 28 55 5 0 64 64 4 73 69 8 70 5 84 58 72 14 71 10 91 49 53 30 38 6 86 17 2 90 46 16 86 74 71 43 26 87 8 82 60 77 43 31 35 27 41 7 93 12 69 84 13 22 14 3 80 53 20 34 43 19 50 81 45 73 24 72 61 84 6 73 14 49 56 49 76 50 8 69 14 29 6 28 3 72 31 36 25 4 70 20 75 73 1 20 98 26 44 59 62 51 33 76 0 41 77 77 91 37 98 6 66 4 86 70 29 69 6 54 73 28 75 0 53 28 21 52 54 17 11 69 68 96 45 21 38 23 50 29 60 48 35 79 5 21 49 34 91 7 40 16 87 67 69 41 96 42 93 2 59 56 71 80 5 17 1 95 92 51 24 52 51 12 83 8 85 32 94 28 91 35 97 79 54 18 72 50 60 
65 5 19 73 76 51 30 45 52 25 37 55 2 42 59 66 25 67 3 10 62 32 53 49 81 32 3 99 4 6 11 21 11 82 47 39 34 77 85 38 3 74 46 57 68 5 23 46 24 26 8 38 10 61 87 91 46 43 42 2 1 53 76 64 36 23 3 22 52 40 60 7 67 6 64 87 11 87 85 88 14 93 26 24 7 14 68 5 9 10 7 62 16 35 26 4 10 81 26 63 22 86 22 41 45 87 80 8 74 66 96 40 11 23 17 18 37 85 23 98 47 83 60 15 70 38 19 81 19 45 96 93 84 18 34 29 5 15 37 32 33 34 72 44 57 89 63 46 26 38 44 26 73 56 41 44 94 61 25 13 58 21 59 42 91 93 71 97 60 9 29 93 95 53 38 52 95 53 98 73 43 94 99 17 2 41 13 48 54 90 61 12 63 72 7 54 66 78 51 78 39 32 24 34 86 14 38 81 67 88 54 62 34 6 79 36 99 92 84 53 82 98 17 45 70 76 52 88 7 3 67 98 36 91 33 74 57 23 7 24 12 13 86 46 19 18 35 18 62 19 23 97 69 93 94 40 69 46 28 76 50 47 75 38 90 60 64 47 35 71 23 99 84 10 98 56 80 33 26 42 4 50 91 74 95 86 14 16 32 94 45 34 42 72 24 32 32 88 80 19 11 55 19 96 65 17 4 97 50 30 92 54 32 83 28 27 69 94 96 54 89 41 40 83 13 17 15 97 5 47 16 17 3 87 65 20 4 69 18 6 51 62 13 84 45 93 63 67 40 59 73 29 0 65 12 65 82 79 62 40 79 31 9 82 18 26 54 75 95 24 81 98 86 46 82 84 40 46 51 80 5 76 61 58 41 25 23 24 4 86 16 83 69 25 17 87 3 24 62 50 
48 96 48 87 42 31 71 34 77 74 66 34 50 27 44 91 52 68 67 9 6 83 44 27 60 14 14 63 38 77 13 86 25 62 73 67 45 96 54 74 70 20 60 20 48 5 64 52 25 31 13 83 67 58 10 79 72 24 95 62 53 60 48 78 74 74 98 19 70 52 93 93 24 54 13 72 11 77 77 36 61 42 19 80 52 81 59 76 5 6 38 11 67 39 41 41 13 91 13 35 95 6 28 20 12 94 44 75 23 73 11 84 16 82 64 68 63 76 45 21 82 35 84 1 74 25 43 39 69 56 27 64 14 55 84 79 1 29 54 25 2 18 61 18 52 78 39 16 6 36 89 88 71 73 42 46 50 85 37 19 93 64 84 59 72 20 90 73 49 97 50 4 15 64 74 19 42 13 35 0 49 76 88 73 49 82 71 52 67 8 71 12 73 7 24 97 28 14 70 29 63 73 33 30 37 60 50 31 73 37 31 75 14 71 48 15 54 71 67 73 79 91 86 4 50 62 1 30 76 24 12 92 49 45 22 86 5 72 17 31 10 48 58 24 71 58 91 25 29 11 99 60 2 37 17 4 99 70 35 27 94 47 19 43 44 42 81 2 14 98 85 76 98 43 52 22 1 44 47 30 55 98 42 9 35 59 13 34 30 0 62 76 47 81 20 44 75 53 98 42 52 83 18 2 26 71 24 27 67 24 9 22 22 51 83 58 63 96 44 93 49 6 69 48 40 41 92 67 95 90 9 99 25 28 53 51 51 30 30 18 54 91 92 76 95 75 86 58 23 31 3 72 89 72 21 81 66 65 49 61 8 58 12 33 38 65 37 89 95 19 7 1 63 99 30 58 26 68 68 50 99 71 22 41 95 95 74 61 61 23 74 21 34 38 54 24 4 43 14 51 
15 73 5 78 25 35 88 51 3 56 53 55 79 28 96 74 23 70 88 36 46 14 57 32 53 64 56 9 59 22 60 74 48 65 52 73 52 40 76 8 48 30 63 27 58 11 54 33 33 94 70 31 60 79 63 13 95 72 22 55 46 35 81 94 52 34 67 57 26 96 65 27 26 80 6 36 91 12 69 24 6 39 56 19 71 71 32 66 95 7 73 42 94 55 36 98 41 56 55 67 52 72 46 30 52 53 66 43 65 87 20 24 79 28 95 50 51 27 68 47 86 42 89 32 97 77 31 38 33 38 57 37 11 4 19 15 9 85 59 26 25 31 2 4 59 97 54 10 77 22 9 63 64 98 48 13 28 31 51 13 69 9 51 32 65 22 0 74 60 11 52 85 42 55 89 53 52 95 15 81 69 25 97 86 75 45 99 3 76 51 17 97 12 20 82 77 42 82 3 2 93 55 87 87 62 28 40 67 23 55 48 45 32 97 31 8 42 30 63 70 33 32 20 97 52 2 26 47 36 29 1 81 37 89 68 51 69 60 70 45 67 71 90 0 68 73 60 11 55 23 33 41 56 53 38 60 7 65 7 43 46 9 76 35 50 44 39 71 56 9 16 24 80 58 76 49 31 36 12 39 11 45 80 19 99 70 80 58 35 39 2 34 48 78 21 50 75 60 22 31 22 90 7 2 1 83 3 84 71 15 23 35 61 3 54 12 74 34 70 61 26 24 47 26 55 69 77 30 81 51 13 3 93 73 6 94 8 9 79 80 77 54 67 90 58 21 2 84 8 24 97 34 1 97 60 56 66 89 38 99 40 3 3 34 76 61 80 85 70 59 17 99 66 84 89 24 57 91 60 65 68 9 99 69 6 12 77 24 1 15 24 94 18 79 28 47 40 60 84 62 
72 53 62 38 37 51 14 46 95 26 12 63 87 63 84 94 75 61 70 77 28 46 71 46 25 51 45 65 63 29 28 35 82 90 25 71 41 39 18 88 65 82 3 53 97 87 99 73 0 21 2 28 68 25 27 45 28 72 11 91 54 91 79 88 81 4 60 74 96 30 63 13 64 18 18 61 6 17 86 6 91 88 35 59 65 62 4 45 86 67 37 40 58 68 29 91 24 41 66 20 23 81 86 39 99 4 0 57 74 39 64 65 79 51 76 45 65 32 90 51 0 79 44 10 99 25 2 24 66 20 96 41 53 34 80 4 39 32 62 13 71 78 30 51 29 58 48 46 90 90 97 42 70 93 5 69 18 7 45 36 79 94 77 32 28 9 36 67 42 50 32 65 28 14 68 9 72 68 55 15 59 5 9 29 98 66 50 17 73 48 53 4 42 83 36 70 92 25 90 86 75 74 4 4 89 72 65 13 41 21 80 0 26 90 81 76 56 83 45 82 31 99 38 73 34 75 96 26 52 86 65 27 60 69 83 1 93 49 15 34 22 95 86 48 37 19 76 46 3 22 80 86 73 18 60 7 45 56 33 49 94 98 29 6 19 12 8 13 13 23 99 35 70 38 35 60 57 12 58 12 86 38 99 59 8 11 66 6 19 51 55 13 2 84 19 21 49 27 34 62 2 86 50 25 24 37 85 33 1 43 46 87 33 97 46 93 60 64 99 79 16 7 44 18 91 15 39 92 95 26 7 49 12 57 74 88 46 11 21 48 54 19 35 39 68 34 33 28 98 84 59 66 43 3 84 35 71 76 79 66 2 86 15 66 95 90 54 42 1 75 90 8 47 77 99 15 11 84 44 62 21 3 28 64 59 13 51 30 41 31 96 95 17 63 61 13 5 67 55 59 
94 97 19 41 74 18 57 38 3 53 0 76 56 80 40 67 45 92 97 86 23 45 81 92 9 94 57 14 61 64 73 56 61 92 97 88 63 6 26 18 59 78 94 68 58 34 35 4 78 85 42 53 30 24 46 91 18 55 58 80 20 83 88 33 28 85 73 91 44 99 61 3 29 55 23 40 41 59 44 20 96 86 73 78 62 71 70 81 79 28 13 99 63 1 84 91 38 58 82 82 9 43 38 91 50 61 31 44 72 75 64 68 13 89 47 76 13 69 9 92 49 74 43 12 75 79 4 65 89 38 0 51 34 38 42 84 51 73 80 24 0 44 44 65 86 43 93 51 12 2 95 13 28 38 26 3 69 82 21 59 72 21 10 6 11 52 43 62 77 23 86 77 20 83 94 58 26 88 9 91 42 56 4 71 46 82 26 15 16 47 74 89 68 36 47 31 40 42 94 17 18 80 46 38 15 41 48 42 29 9 33 71 65 89 94 11 72 21 26 88 68 53 29 89 41 77 20 82 71 66 51 89 99 98 79 14 91 27 56 72 36 41 95 53 31 90 64 3 11 43 43 31 48 25 72 89 54 45 71 25 11 75 15 10 73 94 25 16 74 33 88 62 75 83 16 6 73 32 61 36 75 56 20 75 81 44 65 35 89 88 61 53 63 28 15 88 74 92 4 0 26 44 63 53 28 31 59 53 63 72 42 91 28 14 18 62 58 83 97 0 24 10 5 39 90 20 28 17 13 84 17 91 81 32 44 61 63 55 66 79 79 8 22 59 74 40 21 33 24 71 85 0 33 90 39 24 62 67 93 27 4 10 18 37 43 14 98 58 21 64 37 0 25 59 60 99 0 81 84 76 4 21 76 38 63 15 14 26 35 7 53 91 69 24 28 64 38 26 23 60 
42 12 12 67 72 72 19 24 6 55 0 10 77 28 48 40 95 14 66 30 21 72 21 43 96 1 7 86 27 30 98 22 43 11 89 67 35 8 91 41 64 43 52 93 23 52 33 18 67 52 49 40 24 22 83 72 76 91 58 55 73 9 77 68 72 67 35 7 27 78 1 43 73 5 36 96 57 22 15 76 74 16 69 50 90 4 22 66 95 32 22 21 93 99 89 65 18 25 25 98 55 26 41 29 31 30 25 40 52 92 69 78 60 38 28 3 42 2 69 90 86 43 11 80 95 0 97 13 77 22 63 33 48 5 14 31 35 39 72 39 84 41 17 96 79 97 99 73 51 69 63 37 64 26 69 59 79 67 25 8 41 88 41 90 45 55 73 32 47 45 71 83 86 40 79 17 89 79 43 40 0 6 78 16 85 99 28 64 66 5 72 60 45 66 2 91 73 75 75 72 21 99 55 59 39 87 29 29 18 72 69 70 30 99 38 15 99 66 31 17 71 56 29 17 22 31 60 95 7 35 20 28 34 27 39 26 14 68 7 84 92 28 6 23 28 45 90 79 11 22 48 35 78 78 4 0 9 16 47 68 51 19 48 38 47 88 16 13 8 23 50 1 51 56 24 31 53 14 62 65 88 63 52 66 41 8 18 2 24 18 71 75 37 19 65 84 59 33 50 68 56 0 21 60 56 45 91 10 11 6 27 0 69 31 18 62 39 89 64 63 7 87 90 44 59 56 81 18 41 31 38 98 31 59 58 39 56 1 49 20 7 28 72 76 59 90 38 98 79 55 61 38 42 4 35 53 12 16 24 53 99 62 51 30 74 61 21 30 63 71 2 70 51 74 99 11 17 37 61 48 44 23 87 39 27 22 92 39 90 16 92 89 31 96 71 57 57 92 39 72 
15 42 95 67 16 94 30 33 83 91 82 28 66 21 67 45 43 11 36 85 80 81 74 11 77 97 68 86 41 59 59 9 1 54 76 18 48 58 3 83 49 37 11 68 58 30 13 53 42 50 38 22 31 64 85 60 13 5 46 55 64 5 64 18 59 92 36 59 2 91 43 51 29 6 71 39 37 85 45 31 87 83 5 18 0 90 78 13 47 24 68 63 82 84 81 41 28 69 53 30 61 96 34 42 2 5 33 91 90 78 22 77 14 27 47 14 17 77 27 16 2 48 80 84 84 13 77 13 83 30 43 96 78 77 90 33 83 23 24 25 54 47 55 68 74 2 82 44 80 61 60 34 9 92 70 46 6 99 59 41 82 2 37 60 32 27 93 67 2 18 92 56 17 47 24 91 2 58 87 82 20 48 68 81 92 38 27 50 89 86 91 71 41 28 84 25 7 77 92 10 47 84 66 64 84 91 8 86 49 95 20 21 95 88 3 40 78 82 90 67 69 82 39 62 62 23 87 70 52 79 80 52 15 46 68 99 89 76 85 91 24 5 12 19 93 67 59 71 50 2 91 71 84 30 33 98 5 72 68 9 3 48 61 18 47 82 18 88 58 3 31 34 61 96 6 54 63 17 78 65 19 69 36 55 51 21 54 8 45 22 17 48 23 31 67 22 13 37 62 23 40 94 58 53 90 64 8 5 81 38 71 53 59 59 8 62 81 62 22 78 37 39 27 60 22 46 34 35 83 96 59 75 90 69 29 32 85 89 38 18 79 9 71 90 68 80 52 1 94 74 80 31 65 59 43 88 5 77 23 88 26 34 15 16 55 44 49 40 85 39 59 64 48 82 54 68 14 58 22 61 32 54 44 50 13 88 38 18 17 13 58 43 48 73 12 55 70 13 96 55 
52 7 72 52 41 26 72 8 85 94 69 69 48 13 19 61 1 57 31 71 71 41 66 71 67 78 78 37 43 26 44 95 85 16 47 27 43 20 35 80 66 4 49 15 69 21 28 23 78 12 94 1 53 12 24 20 43 55 9 86 81 54 82 67 70 81 46 65 53 33 97 20 89 99 87 58 20 67 81 50 79 27 4 85 40 80 5 83 35 15 69 17 21 3 36 91 37 34 9 90 67 6 62 56 5 1 14 77 69 48 28 0 75 32 85 15 64 43 50 0 58 72 69 31 75 57 22 64 91 83 7 58 42 69 66 47 23 80 77 44 28 5 44 56 89 82 23 53 25 74 5 35 46 74 66 73 31 40 90 74 24 97 32 66 18 98 65 41 31 42 85 11 99 82 67 88 64 43 94 41 17 99 76 15 74 94 40 57 34 30 32 58 79 16 76 98 67 94 91 50 88 77 61 88 11 81 28 75 24 22 16 93 22 44 60 48 38 52 57 72 35 41 83 14 58 11 64 77 5 56 27 94 33 40 34 96 21 62 71 97 37 39 42 59 35 2 59 25 7 68 49 42 10 32 8 20 96 73 97 53 81 24 99 14 64 33 62 38 48 85 35 85 24 30 96 11 84 7 36 91 75 85 85 85 70 46 5 66 19 54 71 0 30 71 66 95 56 80 85 4 65 72 41 41 2 37 52 87 96 40 30 72 25 68 57 95 14 15 13 85 69 85 37 0 8 55 47 64 35 84 21 0 56 62 41 11 52 93 98 48 33 80 20 10 48 30 58 62 97 23 99 18 8 36 70 68 91 17 33 26 53 6 26 10 68 19 21 20 64 71 21 97 51 41 60 52 23 18 66 20 41 66 39 2 2 9 22 46 79 55 72 32 13 51 94 82 22 67 54 87 
38 75 36 42 69 96 46 92 66 12 65 8 30 56 62 85 17 84 31 96 92 55 81 5 58 27 39 81 95 46 68 85 21 56 27 42 53 25 87 19 38 52 79 20 8 93 5 25 78 36 74 22 44 7 79 2 86 19 35 81 65 55 67 38 12 46 33 17 72 20 36 62 72 68 82 32 61 40 9 91 28 35 13 72 94 45 27 81 64 14 14 81 70 33 71 34 80 4 51 4 24 39 18 48 7 52 32 21 92 42 12 21 29 78 45 76 23 72 57 39 39 71 72 9 5 43 43 37 48 46 93 72 85 11 73 45 63 5 66 56 99 30 77 81 60 22 57 35 47 14 74 86 37 98 47 94 42 42 83 90 88 76 14 73 87 87 70 3 45 36 59 44 67 88 77 79 62 34 15 61 0 41 47 38 40 46 84 82 88 68 24 28 96 38 54 84 78 24 87 75 61 98 71 80 38 49 59 0 83 74 62 36 68 61 26 8 60 10 90 48 30 66 29 27 56 83 63 86 7 50 61 20 0 33 52 38 34 12 90 17 38 4 5 6 66 31 66 78 42 8 78 72 74 7 51 31 42 14 69 2 16 31 22 16 16 27 6 50 91 97 19 81 1 25 40 19 56 6 97 50 15 76 75 41 35 26 24 78 41 94 80 57 25 54 26 93 81 32 43 72 29 14 54 83 91 94 54 48 52 52 98 67 80 25 61 67 52 85 45 93 79 77 2 56 32 28 1 65 13 96 90 94 11 96 77 2 42 32 2 94 36 53 14 68 78 75 35 30 12 33 75 44 10 78 0 94 58 54 12 71 50 2 18 61 98 95 16 92 79 18 86 67 71 0 35 2 27 23 32 40 56 60 84 18 90 36 13 48 90 77 72 41 79 90 2 29 37 70 21 69 
89 59 36 12 60 24 14 87 47 47 27 3 59 11 21 49 48 86 97 38 63 21 31 94 63 86 23 53 56 96 22 45 56 10 58 68 34 24 55 81 23 35 36 82 98 10 31 98 96 29 89 60 2 20 54 66 6 30 71 63 78 93 60 34 55 70 2 90 95 10 23 18 45 12 1 95 22 32 94 18 13 83 30 16 3 37 34 10 67 5 25 97 50 85 84 5 56 38 47 51 48 23 21 45 35 22 41 57 7 87 75 20 70 58 88 25 95 22 87 14 79 12 11 29 98 95 87 6 34 34 9 34 57 30 80 44 53 73 1 12 60 29 32 82 87 21 7 82 95 95 96 27 59 59 8 57 55 95 15 41 82 24 75 39 7 7 84 60 32 37 72 44 66 56 26 53 29 86 87 77 81 35 4 40 95 12 50 2 60 17 95 42 42 70 33 49 30 69 61 14 7 85 59 73 93 37 79 23 23 18 0 56 54 56 97 49 20 99 3 80 16 98 22 10 20 56 11 50 77 24 17 84 61 76 10 55 13 41 78 89 59 30 45 13 86 94 14 6 45 17 39 14 15 61 24 36 69 88 38 47 64 55 83 26 31 45 81 97 86 59 38 46 41 83 11 79 30 26 37 75 43 76 89 59 90 66 47 11 6 85 58 70 41 94 96 24 39 77 73 26 88 11 24 29 95 35 8 25 61 98 52 57 74 42 68 64 60 15 76 66 0 86 36 93 32 85 18 72 62 91 98 3 55 74 32 50 9 93 27 23 91 31 80 17 25 48 34 85 63 62 3 15 48 92 9 33 77 79 5 39 22 55 94 77 29 27 79 90 72 6 13 15 90 45 32 15 93 18 53 8 80 56 76 81 48 85 14 25 16 19 17 38 26 11 16 55 90 95 97 14 
54 11 29 44 8 14 11 54 32 64 14 13 21 90 94 21 27 60 99 43 79 68 82 5 31 50 12 22 45 9 88 51 72 18 47 33 32 59 87 16 23 1 81 96 92 75 18 71 87 17 15 66 85 49 23 68 99 87 90 96 49 79 0 73 49 47 6 33 58 93 49 82 47 31 30 91 58 0 62 46 17 29 64 54 78 40 23 29 27 65 78 28 96 78 2 45 25 8 30 84 54 32 18 1 15 0 44 73 1 6 71 70 36 88 77 66 28 52 96 7 17 74 36 66 52 90 63 29 50 94 65 4 26 35 57 41 36 1 66 89 60 90 59 48 78 36 14 58 40 62 17 58 88 5 76 40 95 39 22 46 85 39 2 11 27 12 4 63 65 23 4 77 13 15 25 43 52 92 53 92 54 70 2 43 76 30 35 71 70 9 69 55 49 24 19 76 36 75 91 53 98 95 31 63 10 56 58 14 0 11 59 55 82 13 50 10 44 85 81 66 95 3 21 96 27 92 72 15 68 15 20 18 62 51 34 24 60 92 91 60 56 50 67 90 15 17 0 11 3 81 77 50 36 51 98 15 95 70 82 63 37 3 34 99 54 20 23 66 64 14 27 20 16 94 10 84 64 10 95 19 44 25 69 32 76 19 48 71 89 30 87 78 33 73 29 40 93 52 6 57 19 85 30 87 32 40 23 96 3 19 15 99 44 36 31 72 55 79 95 96 62 34 26 95 7 55 87 52 59 46 62 30 31 92 18 63 84 41 11 87 12 78 86 8 66 70 32 21 49 28 69 63 14 95 11 22 50 98 26 10 44 88 40 28 80 10 91 17 4 55 4 68 33 43 77 0 13 61 73 14 89 43 30 56 90 41 78 93 39 56 3 36 45 95 64 77 58 7 94 62 
62 51 82 48 46 59 0 11 73 73 25 62 68 7 18 11 48 48 4 40 57 59 76 54 54 40 31 64 99 78 26 14 81 9 62 27 20 14 38 93 87 15 8 8 23 78 19 23 79 75 63 88 34 39 42 40 31 73 5 31 3 31 45 84 92 59 63 65 73 1 10 12 69 70 20 44 1 91 67 32 66 31 20 0 70 62 41 54 87 98 85 91 29 82 27 74 41 91 91 66 44 53 78 65 24 51 9 77 42 29 9 61 60 29 13 82 91 6 36 78 4 73 21 86 7 49 12 48 92 3 14 88 56 45 54 32 96 15 9 38 44 18 51 56 99 65 39 90 71 27 21 76 53 42 14 60 43 26 61 35 29 27 24 37 72 30 22 68 45 31 59 90 2 10 46 53 27 37 44 99 17 17 27 70 11 41 82 55 19 43 42 0 23 18 89 95 0 11 16 46 95 75 88 49 37 86 2 65 76 98 16 93 15 43 15 27 36 49 34 7 93 28 7 68 99 96 63 99 8 79 97 55 6 85 4 44 72 6 61 48 5 77 93 72 72 60 51 60 9 37 67 54 66 74 22 65 22 86 16 82 17 14 37 24 99 93 20 23 52 81 23 9 10 16 81 82 76 33 42 38 70 61 92 88 87 15 5 9 53 22 92 70 88 81 46 39 27 66 63 79 99 38 88 9 7 21 43 35 6 85 73 29 46 66 17 33 81 75 95 34 49 39 56 37 20 3 28 99 21 43 78 21 82 18 82 89 40 26 24 98 63 98 27 62 64 97 95 97 24 42 83 73 81 39 62 54 42 90 53 16 34 84 89 68 2 71 9 94 49 33 93 13 83 72 75 99 21 22 96 45 65 31 18 98 71 32 52 65 75 58 81 9 42 70 29 96 42 38 43 43 
23 36 56 7 60 83 58 82 58 7 27 75 38 98 73 9 30 78 75 5 88 8 66 82 79 47 78 73 85 21 16 9 9 25 68 22 8 26 4 66 33 83 41 24 33 67 33 16 97 60 21 85 69 40 67 0 87 97 25 25 71 41 86 32 18 54 54 79 32 10 97 18 46 91 42 79 58 75 95 55 88 69 40 9 61 59 9 48 56 34 25 27 27 11 60 98 65 66 77 50 29 74 68 75 65 10 54 75 85 50 30 25 71 22 34 32 33 95 32 90 29 58 69 9 69 81 7 87 0 84 37 29 10 5 4 76 67 58 51 4 60 34 30 31 8 64 63 42 60 48 32 41 6 53 2 75 35 9 14 35 45 3 64 56 8 20 84 27 78 87 32 91 21 62 74 30 26 90 72 38 38 56 32 44 9 34 71 96 96 86 83 93 89 99 1 50 19 37 77 50 25 9 41 46 71 67 28 50 57 52 40 95 8 24 39 70 11 63 18 7 49 2 52 90 53 54 40 73 91 70 75 68 79 68 67 3 35 95 5 93 48 97 88 8 22 80 78 33 43 97 92 44 51 44 34 4 50 27 29 94 97 56 14 28 24 81 83 12 77 40 5 25 38 45 33 12 77 64 97 72 13 41 16 64 85 3 20 88 30 2 34 27 58 48 7 35 30 91 47 59 31 4 84 21 1 69 33 79 85 30 51 98 71 20 14 9 23 87 49 53 89 35 32 99 35 39 86 65 30 85 24 62 89 60 83 91 82 69 22 67 51 73 18 75 45 32 36 68 19 85 73 60 72 57 12 7 97 98 25 79 84 1 93 73 62 29 16 96 98 38 15 49 64 85 76 9 18 12 30 89 49 55 50 21 13 62 81 10 12 6 41 96 7 35 22 21 64 38 69 62 
29 85 63 93 70 92 54 40 4 36 82 6 92 84 79 57 98 60 19 10 66 60 7 26 95 81 47 59 71 17 73 0 54 89 45 76 81 0 69 37 36 51 43 80 35 23 37 33 35 8 95 54 69 2 80 64 35 79 76 7 48 1 7 2 90 53 31 71 5 0 61 93 51 4 26 38 79 63 23 67 24 18 21 93 73 53 9 8 32 85 15 81 87 75 35 29 28 66 53 85 66 14 78 69 70 4 59 2 20 82 69 44 1 42 37 74 95 46 82 79 84 50 12 23 25 48 52 5 14 5 90 33 19 68 54 42 25 14 44 45 96 65 41 49 7 78 23 54 76 58 33 12 8 46 35 85 46 88 90 12 45 80 45 17 0 52 59 25 66 55 22 14 20 63 64 79 93 87 85 22 97 70 34 5 16 70 42 14 10 32 27 55 64 24 72 65 76 83 42 42 38 17 9 10 32 73 41 26 12 26 48 10 97 82 67 65 4 10 80 14 94 7 70 59 31 94 76 8 78 70 2 68 87 11 79 20 36 72 98 49 99 46 11 96 80 78 13 85 40 93 99 35 52 21 46 84 68 22 44 46 92 98 66 32 62 97 4 98 70 54 47 69 0 10 17 32 89 30 69 81 76 21 68 28 42 14 64 62 36 60 60 81 59 27 65 73 24 21 71 46 75 71 67 27 81 84 59 70 67 29 4 43 2 72 23 96 87 88 59 75 48 19 8 59 46 73 32 23 46 4 69 21 75 37 48 8 73 60 31 40 41 35 35 43 7 59 39 46 99 98 74 47 18 82 59 16 8 91 39 54 47 61 76 74 50 76 83 23 36 14 16 77 1 3 20 60 62 12 7 61 10 81 61 80 15 20 49 23 63 88 78 63 1 54 89 51 30 24 27 19 
38 95 96 91 98 69 52 61 81 11 74 43 92 87 76 59 59 25 83 75 65 61 38 67 67 27 70 49 52 49 68 42 44 17 86 43 38 38 56 19 49 82 14 93 70 42 52 29 67 87 4 85 48 94 52 67 74 74 17 78 24 37 72 68 6 58 63 44 96 19 15 97 2 30 42 72 24 47 53 92 34 10 77 35 56 81 54 30 7 71 60 31 61 33 52 67 91 15 12 40 35 27 89 89 9 84 13 34 31 18 78 17 28 7 52 37 40 7 19 47 30 80 31 43 13 83 63 56 50 75 48 37 54 90 26 16 74 39 2 5 10 32 74 90 39 27 27 31 86 47 78 68 79 9 64 44 44 27 0 95 54 1 32 60 91 11 76 65 2 30 22 12 62 96 3 53 75 82 84 13 81 15 82 60 76 46 4 21 25 57 68 79 58 52 39 1 15 68 66 18 98 40 82 13 36 37 66 64 20 51 77 1 18 11 14 94 9 18 15 34 27 35 13 37 88 5 38 3 73 56 73 23 96 56 36 85 45 55 49 17 58 26 71 76 38 85 70 99 55 86 34 83 73 99 20 61 56 11 17 81 67 42 5 16 50 93 1 96 48 50 13 6 28 84 82 18 69 5 18 77 91 52 60 16 3 32 30 60 95 47 41 15 41 98 31 92 92 84 88 92 86 53 51 14 90 85 85 59 90 3 88 33 7 0 50 10 85 80 22 80 79 16 95 20 14 78 12 58 62 52 51 48 58 2 15 48 39 0 59 30 55 48 63 62 48 13 24 33 45 99 66 24 15 61 45 29 92 9 88 54 62 91 55 72 93 22 20 32 74 79 14 29 27 78 43 28 43 19 13 89 18 79 65 33 93 10 63 85 72 3 91 86 94 98 58 39 20 78 23 46 
9 38 75 37 68 70 17 63 90 30 4 8 10 70 94 55 32 9 40 4 12 83 90 58 82 48 97 54 26 72 1 36 62 28 25 30 99 94 46 89 24 50 49 86 20 43 93 53 52 33 57 64 69 0 22 3 48 71 57 27 96 10 15 58 91 92 41 90 86 87 79 62 37 28 1 10 24 94 15 76 80 72 41 1 72 15 4 73 39 13 0 35 76 67 93 67 59 86 57 97 73 88 11 63 68 12 25 92 59 40 69 91 64 62 92 37 77 96 62 68 61 14 3 37 81 49 4 92 87 61 41 61 1 52 76 70 17 1 14 76 41 83 67 5 97 59 94 75 7 8 95 68 22 51 6 55 0 62 99 87 24 40 0 77 93 28 99 10 29 14 38 22 49 57 80 47 68 74 74 75 35 69 95 57 20 1 65 72 16 64 12 92 5 12 69 50 41 69 12 22 83 50 45 84 59 77 31 27 3 5 2 38 75 49 48 47 3 13 20 19 77 32 11 34 96 80 84 89 1 96 12 36 98 9 21 57 86 52 84 89 58 38 80 85 88 28 32 91 41 4 62 18 36 73 5 85 5 89 74 7 38 86 43 36 47 64 94 85 69 30 27 79 69 7 64 9 35 48 52 28 53 14 98 41 39 3 26 44 93 1 51 31 39 95 19 87 11 65 24 32 96 51 11 17 10 75 78 97 24 30 25 29 96 76 70 35 79 97 79 24 98 83 7 89 30 27 28 41 92 53 74 88 56 37 57 67 13 35 16 89 17 42 18 65 18 40 0 49 37 32 74 87 15 81 77 45 8 57 38 53 10 64 93 19 2 51 86 67 38 2 56 56 96 26 21 66 66 74 16 56 6 90 43 73 23 72 70 84 30 8 37 92 25 30 11 27 33 49 46 72 
4 54 80 52 80 53 19 98 79 35 54 37 77 98 10 52 22 80 36 52 41 73 97 66 56 8 45 41 10 43 65 14 97 45 66 77 51 37 75 30 72 30 68 1 80 30 54 2 63 42 7 4 68 4 22 24 64 19 65 74 62 31 40 59 28 7 36 31 44 63 14 69 45 82 22 77 64 28 32 27 71 91 83 39 95 5 15 11 24 32 86 38 15 26 97 44 85 85 27 82 1 41 51 46 75 25 76 40 54 8 19 77 99 3 16 46 60 83 57 37 15 95 75 31 22 25 27 7 10 54 89 11 96 92 10 71 70 38 63 76 98 83 53 97 38 21 95 50 4 4 39 19 0 15 50 22 92 29 81 2 84 23 66 80 67 28 3 37 66 67 65 64 2 18 13 92 91 8 94 47 64 34 67 64 1 69 38 93 51 20 47 35 95 13 67 62 41 70 52 59 89 17 23 43 88 36 87 31 96 82 79 61 16 98 77 17 19 16 62 70 88 9 5 83 75 24 97 16 47 1 76 36 19 51 32 59 88 71 42 36 53 21 49 21 71 27 90 43 43 52 13 31 14 71 66 89 95 63 57 42 65 85 31 36 37 15 47 77 86 89 13 92 63 15 13 86 42 4 29 37 8 43 20 22 66 86 11 13 1 69 8 18 6 91 6 43 6 53 20 44 95 86 88 10 1 2 96 95 58 78 32 66 73 52 41 39 90 4 4 91 25 12 62 32 3 68 75 61 22 48 58 69 34 46 31 87 0 79 82 58 57 66 77 30 70 18 21 60 22 26 3 0 38 65 32 94 34 59 7 8 7 65 29 41 12 60 80 12 39 62 23 97 80 0 79 50 70 1 62 44 27 66 44 17 83 76 11 69 36 19 29 95 36 58 37 0 70 69 65 10 
84 88 59 64 88 38 67 58 91 29 2 70 47 99 88 31 75 51 0 63 22 30 59 59 40 48 11 11 17 76 21 53 64 32 18 4 22 85 14 14 66 17 36 14 68 76 45 43 28 97 59 2 27 70 13 20 18 25 31 87 1 52 41 18 36 11 22 58 48 37 24 14 6 61 28 74 37 25 69 17 23 28 72 2 98 85 22 68 62 53 8 64 57 1 34 45 12 56 4 12 45 80 26 51 41 7 25 31 84 47 48 7 27 72 62 78 58 36 46 20 90 6 36 99 7 70 45 71 79 1 83 24 81 62 76 75 69 53 6 53 52 6 13 80 79 27 58 89 63 56 61 5 63 98 57 70 20 54 42 99 55 77 76 88 39 4 63 8 57 21 14 62 80 79 42 59 58 0 0 21 56 61 79 71 59 36 94 32 90 88 83 97 65 59 85 5 63 1 65 73 22 31 35 54 10 29 13 68 29 65 42 37 27 21 61 38 9 55 70 51 43 6 0 8 65 37 65 81 38 31 6 13 62 93 67 25 22 33 45 3 98 39 92 25 12 53 16 21 60 86 24 3 92 24 64 10 14 81 43 52 12 49 17 27 94 37 4 68 70 49 71 20 89 15 98 1 69 14 75 29 0 51 85 45 76 1 7 90 82 50 94 95 99 64 74 45 1 78 13 23 79 36 43 20 51 41 74 72 7 49 2 60 0 39 5 28 40 12 70 22 14 17 69 13 81 43 10 34 73 23 57 5 59 52 25 10 46 99 83 53 0 37 13 1 28 70 81 68 34 52 90 48 21 12 13 2 7 23 88 81 46 45 38 57 97 63 20 43 15 3 49 15 92 14 68 20 85 50 40 19 54 30 20 27 94 33 29 2 57 17 35 55 14 73 13 63 88 33 59 3 
88 8 71 32 22 39 52 59 41 92 31 47 74 51 74 21 84 3 23 41 72 10 49 38 35 14 2 23 47 61 79 87 21 50 19 95 89 23 55 31 67 86 78 93 37 53 66 73 8 89 67 33 51 16 23 86 30 25 10 29 38 89 68 11 39 39 7 80 14 62 63 81 0 94 26 89 47 93 62 7 34 29 92 38 45 16 24 27 93 86 56 32 27 76 95 18 15 2 99 29 16 62 62 16 8 41 5 55 86 68 15 20 49 59 10 95 75 35 74 69 21 31 53 49 59 48 19 75 3 18 4 19 33 19 36 41 60 93 49 46 13 16 18 63 75 29 10 51 16 84 72 37 67 77 38 27 77 58 2 80 28 58 0 13 29 88 55 89 33 56 87 47 72 6 62 47 87 72 50 3 56 74 92 76 3 83 3 81 93 57 13 21 67 65 35 97 5 42 38 39 98 26 38 22 84 0 21 71 24 72 26 32 98 70 8 2 53 63 35 46 20 48 68 40 66 55 37 71 97 75 10 47 53 0 69 37 52 90 60 28 14 38 61 13 9 21 67 62 85 54 9 57 54 29 49 20 84 86 92 33 14 54 80 67 7 49 57 59 91 17 88 6 56 1 71 65 22 38 27 59 44 88 69 98 69 18 19 53 57 11 86 71 17 18 38 24 67 47 84 59 65 24 17 73 25 88 38 47 78 17 59 22 58 28 20 27 46 91 81 3 54 19 26 72 38 17 96 57 64 32 68 29 56 85 2 33 25 92 33 55 62 92 77 20 72 50 47 70 41 80 74 48 52 52 20 42 69 68 99 86 1 20 15 9 57 70 43 83 14 76 90 76 20 68 96 92 70 96 62 63 76 88 11 28 41 31 70 62 0 22 48 53 94 16 62 51 38 57 86 52 
33 77 81 5 97 29 97 67 25 12 82 54 0 94 82 93 77 5 8 29 79 56 82 73 24 45 76 62 2 63 67 88 92 48 93 89 77 43 8 55 55 42 9 7 36 91 1 14 48 9 95 27 17 78 52 42 75 29 56 77 44 23 17 36 23 63 77 53 6 37 8 13 79 17 20 68 60 73 34 9 82 29 88 0 7 41 94 82 22 50 12 66 74 29 54 49 44 31 2 2 20 10 15 51 27 36 19 40 9 53 1 44 35 89 96 42 82 90 77 4 92 89 22 18 70 76 68 15 59 70 17 31 81 85 83 60 21 2 0 82 8 1 78 43 43 74 37 77 16 14 34 9 55 56 27 26 85 95 93 44 18 62 28 51 99 11 63 20 65 16 55 25 69 33 20 12 60 58 90 76 24 24 85 80 32 13 58 17 60 3 14 30 17 42 81 17 5 97 89 22 13 44 48 82 30 68 95 90 78 37 66 3 13 4 35 97 69 93 67 29 48 81 12 65 75 45 82 32 42 24 54 55 20 2 38 50 23 85 92 1 74 59 56 39 63 91 36 32 36 3 13 36 36 77 2 11 23 36 95 65 12 50 73 33 52 11 83 27 48 76 29 74 87 37 13 2 81 49 86 69 5 99 6 41 29 60 5 52 48 0 69 61 50 42 94 55 5 29 34 53 5 15 27 44 53 92 46 34 42 32 3 99 84 61 92 13 21 49 65 70 50 34 31 52 29 77 59 34 6 94 40 12 9 67 8 14 60 55 48 54 87 4 5 71 65 97 84 39 47 1 9 49 88 92 53 17 69 13 51 27 59 91 91 20 11 0 35 23 55 35 29 42 39 86 66 57 83 50 96 82 4 57 83 92 1 37 9 22 2 12 49 13 4 93 33 67 93 68 42 48 
4 71 42 95 57 8 52 92 11 0 27 15 9 10 7 10 99 68 84 1 80 86 14 36 79 0 55 72 68 97 72 24 20 66 20 29 27 24 22 38 77 49 5 86 11 64 49 11 84 33 64 64 71 31 53 50 31 60 74 51 58 46 76 30 65 96 60 92 72 82 30 49 83 87 36 46 51 37 57 35 22 22 51 94 53 56 96 36 17 71 87 27 69 63 57 34 11 17 26 84 51 8 85 86 95 73 33 98 10 42 85 33 64 89 79 69 45 75 5 14 46 93 41 68 8 51 2 20 68 29 56 72 89 93 58 85 67 43 35 77 86 21 62 2 62 93 24 7 69 81 74 67 26 15 35 35 66 38 7 87 19 15 11 8 8 21 45 75 65 81 5 3 54 19 57 16 13 81 75 82 63 49 1 89 17 37 76 35 27 35 22 46 50 33 54 11 55 52 86 72 33 43 75 87 63 84 55 76 66 30 10 81 80 11 22 97 0 51 84 27 86 7 25 37 92 32 0 99 84 86 23 17 82 50 56 45 35 11 73 53 93 83 34 73 46 8 22 99 59 59 26 98 66 52 87 10 84 87 62 20 73 85 37 7 88 45 52 23 8 77 28 1 12 62 27 59 22 1 58 34 60 36 32 78 40 19 41 76 6 3 96 31 40 85 91 28 30 43 3 38 21 31 92 85 45 19 44 20 20 54 54 33 43 38 11 83 57 52 12 15 7 8 98 0 94 89 80 76 85 84 15 58 67 7 43 13 78 40 85 98 46 39 83 89 77 95 25 86 99 37 53 7 97 51 7 91 93 87 20 78 23 35 36 91 94 31 56 24 71 41 74 70 32 58 59 61 53 36 47 52 25 0 11 23 3 70 66 96 10 86 74 33 73 62 76 19 94 84 43 17 
77 18 87 61 76 99 22 81 87 69 85 13 21 49 88 25 19 54 21 29 93 96 15 66 10 43 38 56 80 81 26 9 51 13 71 27 64 93 60 4 15 46 17 36 95 57 61 66 63 83 48 56 31 15 75 93 58 13 50 90 46 76 0 98 41 71 77 58 16 38 62 31 36 31 68 31 88 81 49 3 16 97 12 47 64 87 93 75 52 43 65 98 71 17 48 64 88 26 22 57 64 36 88 0 67 8 83 7 42 84 11 58 82 23 58 98 62 51 73 66 46 39 64 17 8 13 33 49 91 56 6 55 44 46 7 12 7 90 71 49 74 34 7 8 57 17 59 71 68 32 37 14 23 54 83 32 19 69 81 10 77 87 65 21 33 24 85 40 66 57 41 92 91 49 53 1 18 12 24 87 44 62 53 68 16 89 52 87 58 33 97 35 72 14 8 57 38 94 50 4 51 91 48 94 92 1 47 11 13 72 50 58 34 3 78 2 44 30 41 2 15 38 89 87 4 98 96 42 92 46 98 95 90 46 41 82 48 89 45 13 61 95 71 47 51 49 1 95 31 42 50 98 80 39 85 84 89 34 78 33 80 28 28 22 26 70 5 26 59 2 40 72 98 11 19 49 13 20 96 96 62 46 95 94 38 32 30 27 66 8 61 99 88 41 21 14 63 78 41 74 81 33 46 31 96 17 32 9 37 28 58 51 27 53 45 65 37 75 44 56 35 57 55 75 99 28 90 14 59 83 41 92 68 39 75 64 57 7 26 46 87 84 98 14 89 95 31 26 23 76 34 10 33 41 86 84 70 28 51 81 63 92 73 31 83 0 95 92 7 21 39 46 5 89 13 46 36 44 25 59 72 59 22 6 1 8 42 23 88 93 4 51 37 29 34 21 81 29 13 88 
51 4 86 8 93 99 7 82 96 32 41 68 43 15 26 44 75 69 19 63 14 75 66 52 4 0 25 85 82 38 25 85 95 64 45 88 15 52 70 11 36 64 32 80 31 58 76 7 27 96 22 94 71 89 46 28 41 71 65 23 61 43 8 56 7 54 97 22 6 19 86 95 35 18 75 67 76 51 74 56 99 96 50 71 37 48 51 79 71 16 54 84 11 63 93 70 69 90 45 27 61 31 22 97 49 97 16 77 1 90 85 0 38 87 23 28 87 74 7 58 43 13 95 54 76 88 25 45 30 70 73 43 53 95 40 54 45 8 31 46 98 69 98 89 8 22 69 96 96 28 6 39 41 1 46 18 41 71 15 23 93 88 67 46 36 7 0 81 16 83 79 66 52 77 7 13 99 76 9 48 4 15 87 46 69 85 16 62 8 31 86 1 72 53 99 60 12 51 93 80 35 72 99 39 1 58 52 53 35 13 1 91 81 40 89 50 26 57 64 34 41 50 88 13 3 39 25 68 91 18 48 26 42 99 17 43 58 22 48 93 35 49 36 68 90 78 70 68 35 35 2 76 85 42 41 41 82 18 9 73 36 9 51 30 9 20 74 67 94 22 12 30 24 0 50 66 78 21 34 66 56 88 94 41 31 88 34 65 6 95 38 95 57 41 25 66 13 51 85 8 26 49 90 50 1 40 16 32 61 2 98 17 90 44 11 21 84 97 38 91 93 28 38 50 69 63 68 83 67 5 43 93 54 33 95 7 73 63 39 35 65 89 4 55 34 67 29 18 65 67 61 58 96 99 60 65 15 80 0 82 85 43 27 91 28 22 98 2 85 38 89 50 27 93 57 13 61 86 84 78 54 45 36 50 97 48 67 12 28 20 46 65 15 73 8 44 47 58 98 84 
48 87 34 28 32 91 41 45 78 25 23 84 23 11 86 72 11 53 36 91 25 82 56 41 7 16 37 54 75 35 90 23 74 24 51 6 67 45 4 97 70 27 81 45 91 19 17 2 73 53 46 50 87 2 91 46 71 28 52 46 15 42 69 89 66 73 96 86 18 52 83 40 31 17 86 22 36 55 77 61 9 23 12 48 77 55 95 48 36 47 46 51 90 68 41 8 41 89 94 59 41 30 51 72 99 37 47 87 93 24 49 54 99 13 2 28 20 97 77 56 97 75 60 87 43 1 95 84 42 90 95 83 72 47 7 71 36 54 58 81 30 59 35 81 72 90 10 45 39 39 1 36 14 61 23 58 14 71 94 56 13 42 91 85 41 99 56 77 5 14 59 88 74 46 69 98 36 79 43 28 18 97 64 33 58 40 43 25 11 89 33 24 31 77 9 72 28 65 2 33 31 13 21 5 11 91 4 48 22 99 28 41 96 92 26 55 32 69 32 95 58 65 19 42 94 80 14 22 45 68 56 29 33 29 34 45 72 90 45 95 90 73 36 86 65 62 93 50 83 25 45 41 43 17 83 37 97 50 12 95 70 68 24 4 49 10 49 22 1 94 17 43 67 5 29 84 19 75 34 2 52 32 95 47 49 31 37 98 33 49 93 3 17 69 7 18 80 8 40 33 2 9 76 21 14 57 6 85 32 92 39 37 76 35 84 25 18 21 24 51 70 69 54 39 39 14 10 71 22 50 4 77 60 32 50 26 89 8 12 74 53 51 11 29 38 95 7 56 69 83 7 91 52 14 83 43 80 93 14 54 43 70 31 55 2 34 82 92 94 46 66 47 97 29 77 88 76 84 44 45 67 4 37 71 18 20 15 98 65 81 52 8 52 36 64 54 22 98 98 16 
44 16 64 93 45 93 81 22 29 78 19 48 82 56 71 52 28 86 2 93 20 6 54 72 94 70 78 68 68 77 85 64 93 1 9 91 46 43 65 75 21 84 75 55 93 46 59 73 85 13 67 5 19 73 29 66 43 7 34 63 36 71 79 82 72 88 73 18 31 90 45 4 74 20 11 19 67 70 93 52 35 12 9 55 85 38 73 80 97 59 95 86 31 74 68 3 62 93 74 46 83 19 2 9 92 66 29 59 88 22 63 24 34 72 31 71 62 4 51 11 63 46 97 94 72 17 50 86 10 76 84 45 95 87 55 39 53 36 98 93 10 13 17 96 37 48 67 99 52 70 11 68 68 60 14 40 78 64 26 88 40 11 86 88 50 93 27 55 29 78 48 91 91 66 87 29 66 54 80 71 76 43 39 44 4 53 36 82 70 62 22 62 25 60 50 27 53 30 34 34 8 35 25 51 53 12 32 19 18 13 90 94 8 29 90 12 35 26 46 5 41 21 19 66 81 70 46 87 52 80 21 12 15 99 63 68 63 96 40 34 61 30 80 69 12 71 34 99 97 80 4 38 1 23 57 35 45 3 22 97 35 95 9 3 94 25 23 10 73 63 44 86 94 24 55 58 47 41 57 45 22 13 35 75 88 92 10 34 47 32 83 35 28 45 38 74 22 61 36 95 77 32 81 23 9 88 81 56 30 38 53 4 51 89 79 91 33 42 77 33 26 61 68 54 58 58 81 80 71 17 27 48 50 60 71 11 0 4 67 30 42 21 86 45 62 18 37 95 60 14 28 86 27 48 93 37 58 26 69 30 95 48 30 97 8 2 8 9 6 76 91 1 49 30 98 11 48 87 58 60 2 87 98 81 87 43 71 46 69 92 28 17 41 58 14 1 60 75 62 19 
51 54 72 52 36 70 63 84 58 21 44 12 60 42 45 0 38 16 46 7 61 74 24 2 32 91 55 45 66 18 16 69 24 88 21 60 58 84 44 16 57 40 80 70 34 26 70 72 94 68 32 55 42 8 9 26 99 65 23 17 83 39 86 59 27 7 19 38 43 15 6 53 7 87 23 93 13 45 66 7 13 50 63 7 58 24 33 10 89 9 27 24 48 14 83 28 73 54 66 69 69 72 22 28 11 97 22 24 42 40 84 55 90 99 62 0 23 47 62 13 56 90 37 57 56 73 37 81 27 55 50 97 79 24 25 91 21 99 67 63 39 51 18 29 50 32 82 74 32 44 87 40 86 76 97 42 1 86 24 29 41 26 78 73 51 3 64 24 55 31 88 94 83 58 76 85 43 58 59 75 2 98 15 41 27 65 83 28 51 59 57 45 38 35 18 89 91 34 65 46 17 53 92 52 64 68 38 7 26 49 82 81 48 49 22 27 14 57 55 18 69 65 63 7 52 33 48 95 67 13 93 84 19 86 89 83 54 27 42 33 76 24 14 76 25 88 3 40 97 11 10 66 76 73 25 80 58 73 76 77 87 69 13 58 55 2 41 10 29 83 95 58 59 61 34 84 49 90 76 98 1 86 65 29 11 90 9 69 16 37 46 3 7 12 61 14 14 54 76 96 37 71 54 48 32 40 32 81 30 61 80 83 47 97 12 11 87 74 80 3 11 79 58 70 43 71 85 57 77 61 53 66 33 59 14 65 0 99 99 30 60 31 14 59 28 78 70 67 52 3 23 16 34 33 86 77 57 71 34 34 33 40 1 66 99 67 83 99 66 82 82 78 13 48 38 93 26 60 61 31 63 36 47 97 69 33 26 78 5 61 13 90 53 66 8 52 33 91 4 52 
74 38 30 39 86 20 33 64 81 46 95 96 34 42 46 55 28 72 34 85 85 99 75 38 65 83 43 50 26 99 2 52 37 85 92 23 5 77 87 38 75 35 35 9 29 81 64 57 5 50 94 91 49 69 81 66 4 24 17 83 23 19 35 60 56 79 35 62 8 75 0 83 10 87 92 91 20 9 1 26 59 95 17 61 17 98 27 73 75 44 56 98 16 44 11 72 23 98 86 32 73 87 15 35 26 60 27 47 21 28 73 32 75 42 93 92 92 21 66 67 17 22 18 33 66 29 58 42 27 44 74 53 83 41 40 62 53 19 9 74 47 82 7 75 76 0 67 68 73 33 88 91 8 6 76 74 87 86 16 66 31 42 71 66 84 12 28 37 31 37 64 31 71 71 6 99 23 73 68 97 59 56 40 67 14 16 93 1 3 10 19 86 4 91 52 40 3 33 30 86 22 94 17 46 65 23 45 88 49 65 37 8 73 77 75 87 46 68 40 49 30 12 87 87 3 91 27 58 24 57 44 99 51 14 45 68 89 90 9 38 56 46 46 81 76 73 69 22 94 61 23 24 73 10 63 28 1 91 86 78 48 83 77 52 97 74 20 86 64 29 25 72 28 23 6 56 49 75 78 43 88 53 19 62 63 83 90 16 26 29 46 74 12 23 78 9 97 51 95 14 32 72 38 60 48 44 16 97 71 46 92 60 99 63 74 14 98 64 83 24 45 29 51 57 53 29 18 2 80 14 68 13 38 7 25 38 3 94 87 75 92 79 87 44 95 61 58 93 77 93 18 23 23 21 80 28 2 99 30 83 65 99 48 55 58 25 94 61 71 81 88 64 13 75 60 8 36 70 53 14 64 23 37 87 44 69 15 47 20 97 82 85 48 82 93 6 7 87 20 31 
20 8 47 33 36 7 93 72 77 47 38 41 70 75 80 15 97 95 62 17 45 96 55 93 78 48 52 37 87 72 68 7 32 15 41 20 22 34 93 52 81 31 45 52 59 26 19 8 73 81 25 18 77 32 12 7 80 16 44 67 40 13 75 24 80 68 45 55 2 38 7 36 21 52 88 32 78 59 92 52 40 18 70 69 2 34 76 83 50 72 2 42 85 77 67 66 97 12 21 0 2 80 36 75 32 76 60 63 87 52 15 79 22 37 48 25 24 76 8 26 0 62 69 86 40 36 4 37 0 77 89 2 57 77 29 41 5 89 4 92 42 71 71 64 61 71 41 37 99 49 15 0 12 36 38 4 24 42 93 24 71 35 78 80 12 8 73 70 97 30 62 39 1 86 56 14 57 97 3 9 99 19 9 63 55 99 19 80 93 12 56 64 99 35 96 12 43 69 34 40 99 96 32 53 34 40 19 44 89 23 53 88 42 14 3 49 13 22 81 6 87 38 22 86 73 18 98 16 87 32 8 39 81 40 92 67 32 11 11 22 86 16 10 28 30 14 30 95 88 11 53 75 1 75 62 74 45 12 90 85 97 51 24 78 91 68 97 76 79 61 98 66 77 8 46 60 74 28 7 63 92 61 38 93 88 0 68 34 65 10 71 62 61 95 40 5 63 89 81 94 50 79 12 28 39 11 40 66 39 47 29 31 8 19 77 49 72 45 83 37 7 54 99 69 1 91 26 16 80 59 10 83 90 75 11 29 86 3 47 25 50 28 9 11 48 86 60 72 83 95 61 90 49 60 11 2 3 89 18 35 48 28 18 90 55 81 20 41 84 67 19 87 96 80 98 96 66 10 20 1 5 81 91 54 41 55 8 96 96 26 31 45 6 2 35 62 83 7 3 20 
27 74 7 75 54 57 23 72 67 43 73 72 24 17 78 17 24 86 13 20 12 96 65 70 98 53 32 34 12 88 6 91 62 13 66 17 22 41 89 89 84 15 13 60 32 91 77 56 77 42 28 41 91 94 11 41 99 96 27 63 84 33 55 98 98 21 67 20 63 57 9 99 24 74 60 8 65 89 16 94 84 44 87 75 90 99 68 89 47 96 53 31 29 60 29 28 81 97 48 96 6 10 48 82 36 60 90 2 49 6 96 33 50 84 60 93 35 29 82 82 25 87 65 6 47 46 34 81 95 35 29 53 97 29 35 33 89 77 87 39 35 36 24 86 72 37 79 7 66 13 41 43 53 58 49 0 4 36 33 52 23 15 5 20 44 93 5 34 70 93 25 6 29 49 44 1 86 75 60 4 40 53 99 93 11 49 46 67 37 31 71 60 46 77 32 91 22 37 77 92 82 2 50 63 3 94 16 42 21 28 46 62 81 46 55 44 47 53 64 84 85 35 44 31 64 28 22 86 65 99 31 0 53 81 63 57 28 32 99 49 60 97 11 94 43 19 90 42 72 54 26 57 42 22 89 58 50 63 45 68 15 76 68 68 9 83 77 37 15 76 87 76 74 50 70 69 69 12 12 94 67 90 51 61 65 92 19 15 8 16 35 75 44 55 95 54 39 73 91 54 1 30 82 75 81 4 97 2 17 9 96 36 51 0 97 16 92 68 84 52 37 19 27 81 75 23 35 66 96 79 72 97 61 55 25 94 11 22 97 80 83 45 16 34 45 65 3 90 86 87 42 23 58 70 4 85 93 92 51 41 23 24 90 84 31 15 31 94 89 80 75 24 25 43 11 23 9 14 13 47 53 55 70 11 25 26 49 70 18 0 63 93 76 54 30 59 21 61 54 11 
41 81 87 18 24 98 41 85 12 6 32 17 62 54 29 39 81 30 62 51 82 25 45 59 31 75 70 53 88 76 16 81 57 3 51 34 2 45 19 66 51 52 84 13 6 65 5 39 95 67 91 77 44 88 88 76 63 11 29 3 87 97 84 97 0 87 31 54 32 50 21 84 54 5 49 13 22 54 52 17 21 95 46 66 83 87 94 98 98 23 1 85 20 37 82 72 25 13 27 57 16 0 93 70 57 43 35 79 97 40 48 71 35 46 89 19 33 83 69 31 6 71 69 78 60 51 2 37 17 81 95 33 81 88 55 38 31 43 69 81 83 69 52 18 16 41 89 49 24 59 81 82 82 50 12 42 53 14 80 22 96 27 55 29 67 63 20 51 6 89 32 89 59 84 59 27 77 49 76 53 60 9 87 42 11 99 84 17 65 16 39 61 95 47 91 63 10 11 14 68 52 98 9 63 34 68 90 11 69 19 16 29 80 3 23 92 2 60 9 19 76 0 81 72 47 24 87 57 87 1 77 91 99 86 55 33 7 97 96 28 68 12 58 49 67 33 41 21 93 2 40 22 2 73 46 50 97 33 59 36 86 37 28 37 75 35 70 34 84 18 63 53 30 73 2 49 6 95 70 52 97 10 74 51 84 20 53 33 5 13 70 91 2 50 28 29 37 50 64 21 68 27 74 50 0 76 99 58 71 69 10 20 31 84 72 15 56 25 49 61 90 71 4 92 73 84 74 10 34 38 31 54 17 58 56 17 34 7 27 58 28 38 78 60 74 50 27 31 28 28 44 18 99 49 11 24 33 37 34 20 75 18 26 92 76 83 61 62 42 88 20 71 78 99 83 53 1 62 36 29 91 80 48 42 81 11 67 67 48 53 39 75 71 65 19 99 0 80 14 43 
20 34 66 51 85 1 4 87 63 92 68 54 24 68 97 6 31 16 25 79 69 16 6 93 81 25 92 34 5 58 29 78 93 47 29 30 48 85 17 63 77 38 70 1 6 19 59 38 35 84 69 4 0 76 97 34 1 42 20 59 0 49 89 45 96 18 76 96 3 45 59 32 35 81 33 42 0 45 32 35 29 1 92 82 29 41 68 83 35 88 42 88 37 83 33 85 1 61 81 56 59 92 88 94 26 73 88 26 18 20 14 0 74 6 34 3 99 2 38 35 42 32 75 79 15 60 16 16 22 49 24 33 93 12 27 19 38 16 46 56 36 12 56 62 70 90 18 69 44 56 56 86 89 83 17 4 44 33 73 18 34 97 51 28 62 78 47 0 94 45 8 83 9 65 45 79 7 63 1 52 72 9 90 61 93 8 17 37 93 42 7 28 92 58 56 54 36 55 6 83 53 14 18 62 31 15 94 39 79 95 43 51 4 33 64 97 93 33 86 87 76 93 67 68 3 23 74 92 30 80 75 83 94 45 98 26 60 92 17 91 87 60 94 43 93 58 93 87 44 79 26 20 25 93 40 28 68 14 20 98 94 47 34 40 44 84 66 5 76 35 48 15 95 43 10 41 53 3 80 97 35 6 69 60 51 9 40 19 23 13 69 69 12 55 10 57 91 28 14 67 64 62 34 11 5 45 52 11 0 84 8 35 90 30 47 93 39 40 64 15 5 34 84 17 41 46 26 33 27 92 52 91 55 39 54 12 36 7 75 36 91 36 24 34 66 23 79 5 63 44 72 68 30 57 38 71 55 16 4 82 9 9 25 16 48 80 28 84 87 56 72 30 92 96 16 58 20 96 15 35 40 88 56 70 97 46 93 52 62 50 87 71 59 12 87 59 92 68 43 31 
24 67 62 68 64 78 26 36 26 41 23 66 81 79 88 78 25 82 83 40 32 70 11 91 82 51 50 27 71 45 58 47 12 72 15 28 3 41 16 29 34 40 48 16 71 36 46 49 18 81 89 50 51 52 93 86 3 95 65 74 40 23 21 5 48 88 33 51 29 2 80 16 94 28 84 65 17 30 66 35 12 7 38 15 60 31 53 63 27 18 90 19 94 63 24 42 4 10 93 33 64 25 1 58 54 85 75 71 16 42 58 80 49 96 95 61 80 49 77 59 19 67 30 13 82 7 55 86 17 48 72 81 74 73 91 80 59 66 3 27 8 13 7 10 10 54 71 42 55 48 53 75 67 83 88 2 90 96 40 59 44 12 92 70 38 83 2 49 50 5 76 10 19 35 72 81 89 96 75 97 96 80 72 64 63 12 18 6 8 58 17 5 23 62 27 61 45 30 10 47 87 38 10 58 73 34 91 14 30 66 11 27 46 83 43 62 48 61 20 8 71 89 13 94 51 93 7 49 75 17 48 62 55 10 73 80 45 64 95 75 83 6 54 81 42 49 95 42 62 67 50 34 57 16 80 60 9 88 61 84 57 10 98 65 20 71 45 65 88 40 93 71 99 99 52 93 49 48 35 63 67 37 97 24 53 30 37 14 18 98 98 75 60 49 40 81 72 38 98 60 30 43 31 81 43 36 74 44 36 61 7 3 99 57 80 4 39 17 19 57 67 69 84 28 18 77 9 43 67 59 3 97 3 87 79 98 75 5 42 11 19 1 66 70 10 46 74 49 15 45 6 83 15 43 11 85 72 72 28 39 31 84 88 86 23 19 84 98 25 78 61 96 32 27 18 42 26 44 92 41 90 50 76 57 93 87 94 17 11 75 8 95 59 97 81 82 16 18 32 93 
96 93 89 28 72 59 23 98 4 15 92 94 65 68 51 11 8 97 80 19 72 89 14 31 86 48 65 54 66 97 0 14 90 41 95 15 1 18 13 5 85 57 99 50 26 2 13 86 99 94 5 72 35 72 55 73 20 73 27 38 70 27 52 13 69 99 28 22 69 93 27 54 51 78 5 29 80 70 15 31 64 72 55 51 96 63 24 68 36 52 6 6 31 11 71 52 62 51 74 32 45 1 86 48 79 43 77 11 14 44 95 30 68 50 82 65 65 6 33 1 10 92 60 94 55 31 46 17 83 73 49 80 74 36 28 6 79 57 17 45 1 64 76 69 15 58 86 32 16 72 34 27 64 94 21 71 77 19 88 60 92 90 40 19 26 20 25 57 77 94 3 78 59 31 0 26 41 86 58 57 10 44 36 74 38 9 97 68 29 86 28 73 76 21 92 54 93 17 63 71 64 18 1 23 49 1 1 42 40 11 0 50 56 88 77 46 98 74 14 79 12 95 52 40 68 45 46 61 14 62 32 78 80 86 53 82 39 6 24 79 18 76 82 26 65 11 72 15 37 87 46 2 34 98 42 2 95 41 63 62 3 48 92 83 34 98 17 73 4 94 5 74 70 39 0 87 2 25 54 91 12 0 93 98 51 88 0 98 29 63 60 84 63 53 19 97 51 37 23 7 31 80 82 53 19 34 41 73 59 95 64 23 48 58 21 99 98 21 97 79 37 10 63 0 63 34 50 66 23 73 73 54 53 7 60 24 42 53 97 1 0 61 25 48 71 46 47 21 20 97 0 57 7 15 9 22 50 11 40 73 36 65 80 89 73 40 65 67 45 14 20 45 76 97 94 99 44 93 21 16 42 21 25 49 89 34 23 39 98 63 64 34 29 44 76 54 36 41 73 81 
56 93 27 84 91 73 35 87 66 56 3 9 30 80 10 19 66 34 10 64 49 74 99 30 71 75 84 59 68 57 93 24 3 20 60 94 45 96 33 11 4 36 72 86 68 35 5 34 21 67 99 70 94 98 1 65 25 37 24 93 47 69 70 50 89 82 96 86 30 29 50 35 17 22 21 85 9 79 19 30 98 70 1 92 20 54 57 45 91 34 91 38 3 13 40 45 95 88 31 26 17 33 13 86 56 34 71 17 65 43 48 64 65 49 56 86 3 66 83 46 52 74 37 7 39 77 4 35 66 88 13 35 21 26 22 29 12 93 47 78 88 95 94 54 44 50 92 99 68 75 45 72 2 82 80 41 12 84 28 30 72 41 65 46 67 87 75 80 33 22 10 73 69 4 27 65 6 19 64 27 47 62 99 49 44 79 42 8 16 71 38 40 12 4 86 32 43 14 64 28 88 74 2 58 30 81 23 88 53 40 15 0 2 15 1 98 46 43 7 14 66 45 55 31 1 93 63 97 59 27 25 48 53 79 6 83 13 81 71 66 21 39 18 23 54 19 22 52 14 81 67 81 26 74 64 80 19 27 77 79 6 54 79 11 86 37 46 99 18 17 17 40 8 35 15 62 6 89 67 20 70 86 53 49 12 17 29 83 96 58 14 54 64 93 65 50 30 11 1 1 81 18 93 89 53 8 4 59 50 23 32 20 9 85 21 73 55 2 56 3 60 71 58 77 16 75 79 99 87 81 0 20 99 93 9 5 53 65 16 55 88 48 28 97 86 49 22 93 52 79 96 64 2 54 41 70 82 21 69 69 54 21 89 5 66 50 10 72 16 79 27 4 27 55 54 65 5 76 58 9 7 55 73 61 61 15 84 43 88 53 64 94 75 5 99 93 56 62 65 24 
41 93 28 20 48 34 86 5 63 44 14 22 99 88 36 13 55 20 56 95 73 73 89 0 78 40 94 86 2 11 10 95 4 91 16 5 25 2 10 40 46 77 63 98 17 99 11 72 19 19 19 44 92 8 97 71 48 43 9 3 54 20 98 59 11 14 16 88 68 78 29 67 55 44 65 72 95 28 96 66 99 15 10 92 75 59 15 76 2 24 79 57 96 29 68 7 44 36 48 64 14 29 31 22 25 48 46 20 28 43 86 28 10 48 72 86 60 39 62 62 63 93 71 60 22 91 19 18 27 19 83 94 48 66 16 73 67 14 45 47 57 31 75 20 32 99 58 92 38 72 6 54 65 78 66 39 69 85 58 49 57 93 43 5 11 11 79 30 25 76 78 35 8 53 55 92 5 65 36 43 37 42 97 54 72 63 45 42 1 3 43 58 48 86 15 12 49 46 42 74 23 20 9 83 26 16 27 83 81 63 26 70 5 76 76 30 91 22 72 44 77 67 2 78 53 70 90 54 16 84 28 91 57 90 74 35 6 1 18 40 16 44 62 74 20 39 4 12 61 28 56 90 95 11 68 0 33 58 54 1 43 82 93 52 72 19 87 31 73 5 23 89 1 85 63 22 24 67 86 37 95 94 28 90 57 96 90 42 7 44 44 2 79 89 54 3 8 41 34 81 46 57 71 47 43 86 21 19 54 59 57 1 6 37 92 15 33 34 58 40 31 54 94 62 43 48 65 51 89 52 85 87 9 8 87 4 94 60 76 0 72 85 2 78 22 46 93 7 32 3 48 63 57 42 25 0 43 43 4 32 95 89 72 56 97 59 61 43 71 37 44 43 74 46 21 96 44 67 3 76 22 3 92 80 98 69 32 41 12 36 25 59 77 97 16 74 8 29 18 32 
18 14 75 92 60 49 88 56 68 91 84 90 95 76 22 45 98 55 86 62 43 11 22 21 61 90 47 21 19 17 53 37 31 81 29 43 30 17 99 98 60 84 40 7 12 63 52 62 70 90 77 13 54 51 86 15 41 34 88 60 3 94 97 35 75 78 78 5 95 30 55 7 66 95 15 30 10 19 93 80 10 70 94 64 21 32 31 14 18 19 74 22 13 23 57 88 1 87 45 48 17 52 55 83 48 70 66 58 90 59 91 52 81 37 16 54 69 47 20 88 66 94 10 32 69 19 72 70 6 70 18 24 22 25 59 22 48 25 33 90 36 24 42 69 61 58 75 82 57 95 70 75 41 32 7 10 51 32 32 58 2 50 34 76 28 45 51 76 23 84 66 11 60 8 33 73 18 8 55 75 56 78 50 97 10 10 8 14 42 92 24 96 43 58 72 71 55 23 99 78 59 65 42 71 25 75 44 43 83 52 18 91 30 20 89 92 30 49 6 72 41 30 20 36 40 93 59 48 68 58 78 80 75 20 51 0 47 96 95 83 48 13 74 30 86 63 22 16 64 81 41 58 63 61 94 56 6 6 4 75 64 34 7 92 55 58 92 2 54 88 85 54 53 12 84 39 27 59 8 92 40 1 50 55 62 96 11 69 2 67 96 19 2 55 11 9 13 55 63 20 43 1 74 49 13 11 88 40 70 48 84 62 49 86 69 64 35 33 85 89 0 81 8 54 88 71 15 1 27 79 21 22 32 96 71 97 59 12 89 29 12 74 43 62 12 12 26 47 97 11 37 98 44 97 4 32 21 20 85 48 51 7 22 83 55 46 32 14 58 21 95 22 47 38 84 60 2 62 59 0 25 48 50 21 46 6 5 67 26 91 67 29 98 41 64 53 87 96 19 97 
70 14 20 17 4 56 29 58 71 89 10 96 37 12 70 35 19 75 54 97 66 73 27 16 15 43 21 54 40 40 52 62 54 24 79 10 32 9 69 3 98 79 52 87 92 22 23 63 97 29 60 16 3 39 32 70 83 54 24 75 46 28 37 53 4 16 63 37 77 84 92 27 64 44 15 8 18 90 23 68 19 83 84 74 23 68 44 58 22 69 33 69 49 22 22 54 90 37 43 68 22 35 47 38 32 62 98 50 4 21 18 76 4 54 50 79 23 95 89 97 16 22 66 65 96 40 19 87 78 62 7 52 50 54 90 82 69 88 84 25 9 3 1 65 9 52 45 32 99 34 30 15 9 48 32 57 41 52 96 71 66 3 23 16 10 65 50 31 53 35 56 62 38 10 79 99 14 24 32 13 11 14 80 72 14 12 81 55 16 78 26 35 33 1 3 43 66 54 26 19 89 83 33 27 45 13 26 59 89 10 24 52 76 4 76 91 68 58 46 37 36 25 72 69 78 75 65 45 29 91 16 18 26 2 97 71 67 76 30 8 38 54 61 15 10 89 6 79 47 52 68 83 29 40 5 8 67 70 5 49 61 21 19 88 75 69 11 42 45 42 51 35 96 64 50 7 53 8 38 1 13 6 36 42 98 93 2 65 63 7 66 77 29 86 17 4 55 28 99 52 70 50 87 19 66 90 78 19 98 16 72 63 22 9 6 72 54 8 37 18 16 56 47 97 42 16 53 49 96 52 1 19 54 40 38 20 82 16 40 33 84 64 96 58 25 2 30 80 63 19 50 31 75 97 28 69 65 33 18 61 86 71 80 40 64 18 13 98 86 5 31 22 69 28 80 95 82 10 27 45 82 77 28 57 26 8 79 91 42 49 52 28 73 33 20 37 3 33 35 42 
38 19 64 60 47 45 55 29 7 82 27 89 11 7 99 37 16 78 28 58 79 80 38 52 65 58 41 69 44 77 63 34 96 27 94 95 24 1 76 32 35 55 73 46 63 24 83 79 54 63 89 34 44 27 86 61 37 28 82 81 57 45 16 5 73 62 52 49 64 28 81 99 84 7 98 99 31 33 30 86 97 19 72 93 46 58 54 35 38 89 17 47 34 85 4 59 99 56 9 63 85 42 15 21 49 65 72 33 98 2 71 95 21 43 88 19 53 95 6 92 84 75 91 70 60 96 30 60 52 91 75 89 33 42 62 35 7 34 68 58 88 39 53 61 34 94 80 87 41 87 31 77 14 23 47 75 19 77 87 23 68 14 65 54 9 27 89 16 14 9 74 2 0 80 64 34 26 96 21 67 35 5 96 50 28 43 77 99 21 16 74 41 82 39 47 91 67 88 8 33 97 34 87 49 66 3 83 44 0 57 63 87 62 59 89 42 3 66 41 76 34 15 69 17 7 17 8 26 5 68 59 55 55 46 4 21 50 40 18 2 97 81 41 11 41 31 53 44 49 46 72 84 61 41 1 68 10 61 46 68 30 5 23 85 4 79 58 6 19 76 8 68 10 49 79 51 80 32 47 30 78 71 66 92 12 19 12 75 80 59 43 10 16 18 47 20 97 58 26 69 86 86 37 96 36 17 99 68 1 46 50 32 69 16 24 82 35 88 57 68 47 52 30 64 70 78 36 19 36 63 88 74 49 78 71 37 47 70 6 48 69 8 80 38 77 56 72 64 45 81 32 92 33 63 8 55 93 45 75 29 60 15 55 9 93 26 47 92 49 5 41 70 13 73 8 42 30 33 7 75 14 39 19 0 2 28 55 95 25 82 76 85 50 84 46 95 10 45 88 11 
2 29 81 68 2 90 10 32 75 17 59 89 57 79 41 11 59 49 59 36 83 87 73 33 71 19 29 34 17 69 45 19 50 27 39 52 69 50 37 44 67 48 85 76 27 27 40 38 76 51 74 59 90 47 45 14 19 26 48 88 95 45 59 45 24 99 49 93 49 38 89 68 87 75 97 66 54 37 5 82 40 31 93 30 31 38 96 2 64 44 90 59 42 49 56 66 0 6 60 1 44 1 70 83 76 67 50 82 56 7 64 96 38 58 78 69 48 75 71 13 71 13 24 13 15 81 32 15 87 44 17 83 45 39 67 74 58 69 56 66 76 73 14 14 83 92 36 31 19 7 44 43 73 21 8 88 2 40 55 41 84 24 76 82 15 43 8 73 64 64 39 40 89 53 55 72 98 91 4 17 50 0 12 75 21 21 15 23 13 71 16 98 47 93 32 63 88 40 36 53 56 28 93 46 81 0 18 31 43 74 1 46 75 13 21 96 34 37 72 48 60 88 98 7 33 82 22 74 22 59 27 78 39 72 76 72 73 47 4 68 21 5 14 48 70 88 45 57 77 69 57 89 9 55 48 43 89 71 17 11 30 96 41 21 68 18 93 93 17 97 14 38 54 80 39 25 68 36 34 97 5 91 38 14 46 87 9 35 58 78 98 40 74 39 61 95 9 6 40 26 4 54 17 10 35 8 87 55 44 21 5 49 12 43 15 10 30 77 97 40 55 47 80 82 87 93 29 48 0 69 27 56 24 96 18 11 4 6 18 0 79 23 49 92 67 16 54 49 93 52 90 1 99 22 83 38 16 12 39 68 33 18 24 9 14 42 20 70 0 39 70 80 62 71 24 81 39 78 83 85 82 25 86 34 47 21 24 15 85 63 83 18 81 59 28 47 54 48 17 6 
39 39 86 54 62 10 87 2 41 70 87 23 95 73 9 95 46 34 10 31 97 46 49 31 57 77 78 63 78 48 70 69 39 56 23 2 19 11 4 12 33 43 87 29 68 97 24 14 31 86 45 80 32 94 11 42 24 42 5 2 90 75 71 29 84 47 83 55 10 39 67 43 82 54 72 50 3 48 64 86 35 61 67 19 56 30 61 32 72 67 86 14 94 9 96 78 56 79 33 66 19 0 62 53 7 34 4 10 35 20 97 22 82 16 41 90 46 55 22 71 22 60 37 68 69 33 47 26 65 32 44 36 33 6 89 92 93 93 2 80 66 51 2 48 67 43 90 66 98 64 89 72 24 26 41 93 60 40 71 77 72 68 13 57 26 2 49 71 48 4 51 14 7 5 14 27 49 4 93 99 68 82 24 44 60 17 37 20 57 9 97 81 29 10 39 55 65 40 27 13 96 30 79 4 36 93 31 37 97 76 88 17 10 12 61 70 81 50 43 90 11 92 24 40 55 63 48 20 55 27 33 52 57 12 56 45 57 39 82 6 67 23 23 77 87 36 99 69 86 42 11 98 35 35 90 90 50 38 10 6 65 95 58 23 59 66 20 16 57 3 74 24 78 97 1 65 85 52 34 71 95 98 21 82 33 12 72 84 50 34 90 16 81 0 91 92 18 63 60 75 18 34 99 96 83 52 62 68 4 48 39 51 46 61 33 80 25 57 16 75 91 6 43 24 58 86 68 76 50 28 51 68 62 2 17 45 54 79 65 10 27 5 62 26 18 95 58 43 53 74 70 96 32 66 73 90 4 41 66 54 70 69 75 84 71 92 82 77 23 47 87 2 4 49 28 74 97 38 69 2 12 40 50 44 58 23 86 62 65 52 69 87 73 96 23 44 40 57 73 63 
57 61 17 61 62 98 88 11 36 57 13 49 49 64 45 7 39 32 70 56 36 91 95 10 87 19 6 27 28 80 42 85 93 59 99 7 9 87 19 46 44 84 47 94 0 92 53 92 76 23 48 13 66 44 75 53 15 81 32 43 13 26 29 6 38 80 66 47 67 37 45 63 21 92 9 74 37 63 66 13 38 14 26 5 10 53 10 77 35 95 21 0 21 2 7 11 82 25 59 1 62 4 64 35 49 74 9 86 37 27 99 75 94 78 32 4 31 43 82 18 38 55 19 11 57 78 23 91 3 34 92 17 38 8 52 39 82 14 25 71 41 25 99 35 55 31 92 86 74 26 5 64 81 76 76 90 54 99 81 57 85 25 74 75 85 78 15 68 92 40 91 86 17 90 21 72 22 65 59 48 91 16 13 72 92 41 62 46 92 95 55 77 72 81 52 58 11 19 78 4 60 21 42 77 12 15 50 86 81 61 86 72 29 51 45 21 92 59 19 36 7 26 13 31 59 18 41 70 37 71 26 49 93 68 79 57 84 81 95 65 42 81 89 23 85 34 96 77 46 67 66 5 93 31 88 52 49 30 74 39 53 1 40 46 69 19 55 5 0 2 22 94 84 12 17 21 98 13 50 96 80 16 1 25 48 90 77 49 72 52 40 25 5 81 24 26 0 31 32 53 34 54 47 70 66 17 91 65 30 41 13 63 10 15 88 58 57 18 59 81 22 0 58 27 81 34 53 33 66 37 38 52 92 86 22 10 55 65 27 85 6 41 0 68 8 41 26 17 11 38 98 33 38 56 12 71 91 17 56 9 7 95 61 99 33 83 61 88 48 41 25 6 82 26 27 42 19 53 59 30 43 57 15 81 65 79 4 8 96 61 17 3 8 30 54 41 13 68 29 13 
9 6 72 43 32 99 85 3 4 96 33 48 5 0 81 22 79 86 31 28 99 0 83 7 31 90 0 96 58 81 62 19 87 34 62 20 85 99 75 41 95 9 41 52 61 23 74 41 61 5 21 12 58 4 71 89 94 71 85 4 52 99 23 39 85 85 11 70 36 87 12 83 48 5 35 9 28 62 2 41 67 23 53 77 28 24 66 74 47 4 79 99 3 2 91 89 40 2 11 76 41 75 12 89 81 99 51 61 61 53 3 81 29 8 58 9 85 25 83 32 81 14 32 36 17 23 77 9 77 89 37 19 16 49 8 49 49 11 11 10 65 66 91 46 74 2 55 59 27 90 92 60 5 76 48 22 51 26 83 28 67 20 47 83 70 8 33 71 19 96 33 36 62 25 82 88 27 37 48 6 28 92 18 33 68 66 7 19 44 42 99 11 62 47 47 84 55 32 55 74 28 89 11 42 66 45 30 45 35 30 3 63 22 21 48 42 39 7 13 84 49 13 95 63 12 94 48 67 26 55 93 6 44 56 48 62 2 79 7 37 9 10 52 32 83 52 26 75 11 40 59 12 5 6 75 17 1 75 84 27 31 29 34 75 86 34 90 40 13 97 29 23 60 33 7 95 85 85 70 48 77 81 12 82 88 87 99 89 15 35 68 46 17 54 73 3 89 63 95 54 13 24 29 25 9 36 72 94 74 43 94 51 76 6 34 64 45 85 5 60 73 26 6 90 80 32 45 21 95 40 76 60 16 5 85 25 94 58 71 68 53 17 19 29 23 5 46 68 43 51 81 16 29 87 6 10 71 3 83 67 95 59 79 63 17 65 88 11 75 11 31 80 28 2 9 3 60 7 23 3 11 4 19 40 44 77 2 15 80 86 34 27 97 14 90 66 31 30 77 6 
41 60 38 21 63 99 76 23 7 99 78 18 56 97 58 0 26 13 67 58 51 54 85 48 68 75 15 51 5 44 9 98 57 47 71 72 46 47 47 53 46 25 23 54 22 34 6 0 47 74 58 98 80 95 98 0 70 65 51 27 62 60 77 19 7 48 91 53 95 38 59 93 63 82 48 37 68 6 37 15 80 47 65 12 42 64 12 64 81 63 91 43 23 68 62 30 16 53 36 63 43 95 8 6 29 56 95 98 63 84 65 95 31 83 8 25 99 20 89 80 36 80 24 59 0 86 42 68 92 30 83 87 77 92 46 6 0 41 56 63 26 74 11 9 57 71 35 56 43 76 36 79 9 12 91 9 51 85 30 43 15 13 82 92 5 28 50 6 70 59 21 48 33 84 9 42 55 96 50 51 73 38 82 82 51 25 43 2 10 73 97 25 87 79 69 44 8 72 50 30 31 24 30 16 8 39 10 16 88 60 19 61 98 1 43 1 27 86 3 37 12 52 15 99 32 36 95 92 8 98 74 91 22 4 59 82 95 21 98 83 33 17 96 84 71 39 85 98 78 41 87 90 93 54 41 77 91 36 21 51 34 95 95 8 51 54 91 99 28 41 82 61 11 79 45 82 70 31 32 0 72 19 42 17 26 83 95 17 72 68 68 58 64 15 19 67 22 62 66 50 3 49 11 14 80 57 48 2 40 80 3 64 52 45 33 78 81 28 47 5 97 67 15 13 83 34 80 5 96 47 55 0 48 18 66 80 27 67 82 19 99 85 83 51 31 17 81 64 97 28 69 46 48 84 11 31 71 92 88 67 91 95 19 91 13 38 71 41 5 53 60 4 39 96 8 22 65 89 38 62 70 7 61 18 43 72 1 14 16 89 34 7 84 5 50 49 43 21 42 0 
75 55 57 66 51 65 40 16 6 78 30 28 37 91 98 80 64 99 47 80 40 81 40 76 86 90 26 82 64 20 82 91 75 39 57 26 56 49 94 63 79 25 91 16 68 90 96 32 41 95 65 82 76 5 10 15 47 88 97 11 9 79 2 84 71 11 63 27 12 9 42 91 34 34 7 3 76 56 87 17 51 52 51 80 9 14 95 9 2 44 20 11 23 75 48 46 38 63 74 51 72 16 42 59 2 2 14 30 58 1 48 61 6 51 41 67 65 88 76 20 32 49 31 8 76 31 54 14 46 80 17 19 49 12 30 3 66 44 34 24 97 34 37 55 85 31 23 3 19 51 23 4 0 6 12 76 38 18 43 84 51 60 55 0 24 85 3 90 81 89 66 31 23 56 86 9 87 61 64 6 13 87 62 13 93 74 42 83 45 85 20 96 97 27 96 74 65 51 64 46 41 83 29 64 39 68 25 26 29 41 84 94 28 99 60 74 73 2 57 18 39 29 14 88 57 62 62 74 14 79 72 7 14 2 23 5 70 1 31 51 42 67 98 71 66 58 45 92 12 54 62 3 36 29 91 45 91 6 19 57 37 91 64 3 45 40 8 67 41 91 19 83 10 17 54 29 27 51 21 39 58 35 94 46 64 37 91 8 95 62 65 32 53 82 87 99 22 95 66 63 38 37 46 49 6 53 78 85 56 51 76 66 86 70 12 3 8 3 11 3 65 76 88 71 10 75 22 32 23 40 47 61 30 46 10 88 99 40 74 7 91 50 74 30 21 86 33 81 42 44 84 59 72 72 30 83 0 4 67 23 97 15 84 27 61 95 15 12 87 89 19 79 92 93 9 13 80 94 94 74 38 30 33 62 3 16 45 55 20 13 78 69 28 62 96 41 9 64 53 97 
53 24 28 45 18 89 10 50 83 56 24 21 87 9 83 42 25 81 97 98 94 75 67 74 89 16 67 51 80 72 0 85 96 28 83 14 17 93 16 52 50 92 73 89 2 8 31 79 41 80 29 35 7 97 61 48 65 80 99 45 52 51 30 49 31 13 15 48 59 84 52 61 76 25 2 30 86 33 62 27 65 91 15 72 40 28 20 5 9 72 2 61 23 85 62 55 50 78 55 9 62 8 22 90 85 24 21 23 9 35 51 74 26 18 98 19 46 19 24 7 91 79 21 66 64 83 21 14 61 29 76 75 37 50 66 22 75 39 46 36 74 49 11 52 19 9 71 65 80 48 25 23 27 46 90 91 29 11 57 43 40 33 70 29 84 88 4 11 27 2 47 53 51 10 6 70 72 77 87 4 25 64 28 4 10 18 95 92 81 53 87 74 38 57 3 74 46 59 85 25 61 85 79 64 47 37 34 19 66 74 24 44 90 52 48 1 22 44 45 3 49 84 77 39 93 33 14 91 92 51 17 6 36 48 70 84 85 57 55 3 31 31 47 73 83 96 74 57 92 71 61 93 7 90 32 1 75 46 92 20 50 61 26 38 9 96 22 46 53 30 50 36 61 49 10 97 45 36 54 37 60 67 30 67 10 15 20 85 13 13 57 63 26 83 2 36 32 76 34 37 6 36 26 20 86 88 17 31 76 23 21 36 43 3 56 53 18 76 90 84 41 48 47 68 83 49 56 67 78 90 5 36 79 83 56 65 71 25 48 47 1 21 36 44 77 44 97 47 72 39 31 14 87 79 82 23 80 90 90 58 32 47 95 11 30 3 28 1 29 29 1 30 50 89 74 79 85 23 27 57 62 58 23 2 37 5 25 70 47 67 80 80 15 75 43 45 31 72 99 60 
1 52 42 3 93 68 83 78 91 10 87 5 20 11 7 10 68 84 80 16 4 60 96 19 88 39 16 19 63 67 31 16 71 73 20 64 41 55 94 84 17 82 89 37 93 49 47 61 85 79 77 89 40 25 8 28 17 77 99 80 44 30 97 16 3 69 32 96 76 27 80 93 9 69 82 54 70 30 15 56 9 45 45 1 22 6 81 39 83 80 72 79 62 21 47 65 90 32 61 66 59 93 11 20 15 93 74 85 75 41 41 37 86 87 38 9 45 72 0 80 4 72 11 67 93 59 32 35 43 46 53 54 39 64 74 54 10 0 92 85 41 33 22 28 72 13 89 69 85 89 49 89 62 61 56 7 72 41 95 15 87 48 69 78 65 95 85 75 95 77 12 36 62 35 16 87 48 5 56 33 95 6 22 9 67 31 68 91 72 15 6 11 64 27 89 81 22 26 8 69 55 20 5 18 55 74 57 55 79 13 88 26 19 63 87 38 46 8 81 18 23 87 29 39 66 70 72 40 97 80 9 4 1 67 22 8 41 31 16 72 45 4 51 16 19 38 55 65 98 36 35 22 76 64 13 94 87 86 35 36 66 96 40 19 63 15 80 56 46 96 81 91 52 32 8 24 22 15 41 21 3 77 95 31 93 8 26 80 94 13 16 13 9 9 84 25 24 64 33 22 12 14 14 65 46 74 41 69 41 82 42 96 59 37 28 53 97 6 85 92 71 54 57 32 63 93 57 39 10 91 61 22 57 27 39 4 1 80 25 94 63 67 43 22 4 71 27 1 29 13 45 52 67 54 84 82 48 42 21 58 85 82 32 94 10 72 98 63 52 23 10 67 42 53 42 98 76 69 52 57 34 49 9 53 4 93 35 4 87 56 14 24 91 46 19 53 18 17 68 23 
93 78 90 87 83 32 86 59 54 90 68 88 39 77 42 95 71 29 99 10 38 65 35 29 12 6 34 82 75 54 5 68 85 48 8 68 32 46 80 86 36 48 27 75 26 21 23 49 50 74 11 88 40 46 69 52 4 55 34 80 10 92 48 95 92 8 15 24 54 95 63 90 96 42 18 74 63 41 75 13 15 86 54 7 85 75 59 89 31 46 69 93 90 70 88 82 78 3 58 85 51 73 75 47 15 45 21 78 86 96 44 54 82 50 13 19 25 25 9 8 23 78 1 13 0 41 47 79 97 57 64 48 31 91 47 98 37 68 29 75 16 73 81 50 75 95 70 52 20 31 61 43 61 14 8 62 8 7 93 57 64 9 5 47 0 4 46 89 24 75 17 40 0 98 42 75 45 64 79 17 95 40 12 57 7 72 19 67 79 64 24 96 73 81 43 73 85 89 15 9 16 32 1 16 82 43 43 80 8 23 97 55 15 62 12 74 34 83 41 66 47 17 62 20 98 5 46 83 47 13 44 63 45 97 32 79 93 27 59 1 2 9 56 18 71 21 44 57 4 38 75 4 55 37 76 54 95 74 89 94 87 86 57 32 83 41 64 76 69 23 29 71 32 38 41 55 11 86 65 15 76 92 71 31 30 48 37 77 22 79 71 10 65 80 94 0 74 58 77 43 34 58 66 66 96 60 74 7 98 91 75 74 83 98 57 65 98 95 42 21 74 65 83 91 46 29 91 20 40 68 15 74 79 33 92 27 93 66 87 43 9 14 69 93 12 27 58 11 22 53 84 48 18 67 39 16 48 30 88 88 51 3 62 30 89 55 57 34 73 96 78 83 10 47 76 23 26 86 34 48 91 70 48 10 89 87 78 37 18 67 26 21 22 88 51 11 95 60 46 69 
57 24 4 19 23 32 42 50 18 28 50 62 98 99 72 87 38 2 25 56 69 3 29 92 43 32 3 39 45 49 60 54 25 64 73 1 96 16 51 66 44 53 28 95 52 52 82 91 55 59 99 24 62 29 68 58 13 72 97 58 73 57 12 51 73 86 52 21 2 55 87 98 8 68 45 13 72 28 56 27 39 7 4 54 88 72 12 2 96 61 60 22 70 73 73 43 11 77 16 13 84 3 63 92 23 9 57 96 89 65 75 80 73 79 34 61 4 98 15 52 59 76 74 29 1 99 24 12 28 40 77 12 96 92 57 71 53 14 67 94 80 43 75 5 74 61 18 30 60 34 83 71 62 9 53 15 9 29 79 37 70 8 2 18 0 59 41 6 73 9 0 5 4 75 62 30 37 81 61 49 15 44 72 29 53 25 44 14 55 75 4 77 83 6 47 35 17 88 41 90 49 42 48 5 17 10 36 6 43 49 7 58 45 80 39 98 57 35 65 12 10 21 41 93 79 40 81 96 29 22 38 30 64 86 36 34 49 24 92 92 73 0 3 18 32 94 68 89 30 85 54 40 6 47 86 37 88 67 33 69 41 72 51 6 10 87 92 11 63 84 56 88 36 59 6 20 53 27 62 35 12 68 76 71 15 14 8 55 33 94 76 74 66 28 32 28 67 24 40 31 61 48 19 49 7 78 22 12 57 84 48 21 52 76 44 19 42 53 75 75 99 51 1 65 31 34 45 99 10 37 30 23 85 1 25 44 31 47 57 88 83 57 10 87 33 54 58 75 59 33 2 58 37 3 75 68 89 73 19 52 10 49 27 48 3 52 92 34 51 1 23 86 58 85 25 91 91 84 18 51 17 20 61 6 76 89 27 65 62 46 69 24 48 97 72 51 1 17 37 53 
18 12 91 77 49 17 20 41 1 39 44 70 11 5 29 87 46 56 5 8 54 74 33 2 71 5 5 73 74 95 78 93 7 69 22 57 38 42 50 39 33 94 62 45 51 91 84 50 99 89 58 53 64 91 8 87 49 65 60 23 60 90 68 20 12 90 29 50 85 79 42 18 25 4 15 28 47 52 78 46 41 89 99 5 80 7 93 81 25 5 5 85 48 73 5 60 16 86 62 1 17 4 71 94 60 39 23 7 91 53 5 32 42 57 90 75 16 35 56 41 92 13 27 40 39 84 0 7 23 63 8 40 19 31 35 32 70 10 91 13 63 97 46 58 54 88 85 70 75 93 12 67 7 91 8 98 27 60 5 50 75 65 91 47 96 78 79 19 88 70 32 3 67 30 61 73 18 98 44 93 92 8 13 51 99 73 49 78 33 6 29 61 23 72 8 19 50 87 90 38 9 23 41 29 53 55 2 24 53 98 69 45 6 82 48 57 55 49 88 41 55 17 54 78 89 62 50 91 1 40 29 10 15 22 39 21 77 94 45 83 92 66 80 51 1 29 60 8 78 48 49 86 65 55 16 6 17 66 97 70 59 78 33 74 53 72 95 30 18 92 65 11 11 46 14 12 27 74 20 57 23 22 43 40 77 60 99 47 78 48 17 37 79 50 64 32 75 11 14 93 4 80 56 15 78 70 27 5 97 99 62 20 21 58 12 99 18 63 46 48 12 15 86 43 66 2 75 93 13 89 86 17 21 95 84 99 65 63 56 62 63 19 34 84 77 99 35 47 62 33 95 26 49 33 69 67 35 96 60 49 86 98 18 7 93 3 59 11 66 15 25 81 86 12 18 63 63 53 62 77 87 58 56 88 43 77 55 79 74 67 28 60 17 46 19 63 1 30 26 20 
46 51 53 32 15 71 48 30 25 10 8 64 20 64 52 64 41 59 95 67 78 75 79 95 73 99 58 75 81 84 47 27 88 0 12 55 72 60 86 49 22 94 65 95 10 69 11 3 28 6 71 6 81 2 53 6 53 12 33 35 48 80 62 36 33 74 92 57 86 78 58 9 24 23 56 86 92 67 41 72 73 64 30 6 67 83 64 20 47 98 55 96 30 70 84 63 96 76 72 83 6 30 44 82 53 52 20 97 19 62 21 44 26 3 2 93 87 66 66 86 16 21 34 47 43 19 62 40 47 35 75 54 65 71 88 71 23 9 68 42 23 42 38 49 45 40 95 84 58 61 71 75 34 5 22 78 24 36 18 72 71 45 78 37 16 18 8 39 79 28 33 2 70 23 52 68 63 99 52 73 60 23 48 46 81 22 24 57 59 94 81 30 39 11 19 7 30 79 98 61 8 83 64 30 6 68 50 21 67 3 95 79 78 43 77 59 66 2 69 77 48 50 59 40 14 79 47 44 58 98 57 18 81 21 1 40 41 51 61 60 54 56 39 85 52 17 44 70 71 65 47 19 68 6 11 82 37 11 78 96 9 35 14 42 57 67 34 50 19 96 11 73 4 2 58 56 19 55 78 42 72 25 14 40 84 25 22 21 88 0 69 97 36 36 92 45 3 78 95 22 74 6 48 31 9 6 39 80 13 18 75 86 95 89 26 31 66 49 5 55 1 74 4 37 10 48 34 14 27 30 88 53 88 36 84 49 95 76 82 60 46 57 46 41 98 25 25 64 26 30 71 27 56 76 17 67 76 51 33 3 33 21 57 22 10 93 23 5 21 5 65 67 62 64 61 12 41 86 77 67 68 0 46 24 28 15 91 5 67 76 60 52 50 69 74 60 63 50 65 84 
55 82 4 70 46 65 82 39 51 11 6 19 12 5 95 40 72 87 97 39 15 58 44 65 27 70 25 42 20 42 79 76 25 83 98 23 48 80 63 51 44 21 22 56 26 17 48 99 56 98 90 72 56 86 37 35 57 15 78 77 57 9 5 82 92 3 6 92 36 69 95 80 42 69 88 69 38 88 20 95 86 62 19 94 49 8 82 58 23 60 35 81 21 41 15 13 96 73 57 32 94 52 12 37 73 52 58 11 41 30 6 27 92 77 74 93 86 56 3 61 68 39 94 89 32 10 54 80 35 11 13 30 15 77 67 88 30 25 51 71 55 58 50 99 87 24 45 73 32 48 35 0 39 29 89 23 91 95 4 27 6 69 9 73 98 76 13 28 53 65 51 60 23 2 11 62 78 8 36 11 57 23 63 48 4 5 24 96 0 80 75 59 49 84 32 47 12 46 28 17 11 79 77 86 33 88 48 12 97 36 75 6 59 90 6 16 95 30 64 48 62 39 7 11 75 39 11 87 37 39 4 48 70 33 86 4 73 87 68 22 23 43 80 35 85 87 51 81 69 15 29 32 6 88 95 81 79 58 20 17 49 76 17 20 61 4 76 34 91 44 57 66 39 37 1 24 76 4 57 98 19 38 82 77 26 29 10 6 88 82 75 37 58 92 9 19 48 85 6 91 81 63 58 20 52 59 97 81 16 6 31 87 45 13 65 23 42 75 81 82 58 56 72 68 1 81 40 49 19 46 41 52 61 51 25 65 62 22 46 78 28 29 66 25 42 31 49 37 58 82 19 68 39 91 37 92 25 77 41 44 75 34 48 36 85 73 53 48 95 52 26 76 81 92 1 24 75 2 61 34 85 32 2 76 24 91 68 49 20 61 45 95 48 93 83 33 19 37 33 14 
89 12 42 70 56 96 46 32 50 59 18 87 92 72 63 68 64 83 69 36 97 66 32 45 11 15 78 30 4 64 97 45 76 39 68 32 87 14 64 38 26 34 77 70 7 41 90 23 76 59 59 73 25 43 18 88 11 49 19 15 13 16 13 89 7 81 73 47 47 38 37 73 24 14 95 83 7 85 6 84 96 18 9 73 13 28 62 24 29 81 92 94 49 5 35 8 38 8 55 85 98 92 11 23 7 58 6 14 44 65 50 40 35 60 14 48 40 76 25 21 9 69 15 58 26 50 66 64 58 74 1 57 66 12 32 25 71 90 92 67 55 94 7 42 6 73 43 46 1 20 19 62 89 34 20 15 84 39 31 95 65 32 4 83 45 36 9 68 26 53 35 34 47 94 28 54 20 71 52 21 91 72 84 32 58 56 47 95 47 30 90 12 63 46 96 60 82 57 28 60 10 63 46 9 9 75 15 29 98 20 3 42 44 87 74 2 95 74 97 95 4 39 7 19 85 55 79 19 12 7 32 74 22 30 36 32 5 3 13 56 75 16 98 19 55 24 74 3 98 23 98 3 63 5 74 0 13 54 20 77 61 4 4 36 34 40 20 40 95 33 48 71 2 46 42 57 70 16 60 21 40 10 76 55 68 50 55 81 4 27 58 18 31 14 6 66 54 26 58 2 11 6 25 13 4 67 23 26 36 35 47 28 46 75 83 66 26 38 47 82 18 57 0 49 72 6 15 78 84 73 80 96 31 5 61 35 25 84 14 61 72 13 89 70 89 72 36 15 62 83 97 80 92 50 82 64 8 97 95 93 23 27 89 54 33 50 42 10 87 56 71 59 69 12 29 58 84 65 25 98 0 75 31 44 25 13 61 85 10 56 78 85 83 19 40 68 70 82 78 9 
90 1 20 59 13 49 70 97 66 47 48 18 22 31 62 99 44 23 85 6 31 15 92 15 35 84 35 57 18 14 66 8 15 86 19 29 87 41 78 5 89 78 23 11 9 37 63 5 13 0 12 44 15 56 59 50 40 95 7 10 61 25 18 28 11 89 57 50 31 88 55 20 66 30 83 28 68 98 33 81 98 45 77 14 53 89 16 93 36 76 55 97 1 73 25 65 15 35 15 46 23 71 18 41 1 1 69 21 0 55 54 50 0 32 64 6 21 33 51 9 9 7 6 10 32 83 75 47 18 91 93 93 14 11 87 67 65 8 89 65 63 95 15 16 79 32 22 52 65 73 61 74 80 67 36 13 51 64 60 21 55 6 67 21 69 54 88 34 62 77 51 26 25 19 42 4 51 16 57 68 89 18 94 22 38 30 87 41 46 99 62 1 5 29 22 75 35 11 9 98 40 13 76 17 32 18 22 83 86 31 3 75 1 97 49 39 79 36 80 26 88 95 79 93 76 54 20 64 17 82 62 57 95 38 27 27 8 1 62 94 32 17 21 33 14 71 25 45 59 57 23 47 4 3 93 33 57 65 97 26 99 59 35 94 49 62 73 57 63 87 3 95 4 24 81 70 47 6 16 59 15 91 58 20 46 3 53 55 69 50 81 68 61 17 15 10 79 88 19 43 28 22 90 32 98 23 55 98 81 71 57 97 14 15 69 61 19 22 16 40 24 98 8 85 15 23 95 46 64 14 89 44 88 32 76 86 55 31 84 89 54 93 86 69 9 55 82 80 29 98 20 53 96 80 38 63 56 85 10 72 51 51 16 39 83 44 77 91 76 62 32 82 55 18 3 16 25 85 96 54 84 68 59 32 1 97 96 57 34 58 29 85 9 45 24 45 89 1 88 17 
15 20 52 23 90 55 39 15 93 88 21 29 8 80 61 9 29 9 66 63 67 47 0 77 44 76 74 86 77 62 3 45 34 7 68 24 63 59 91 8 47 12 37 56 44 50 17 25 60 84 40 79 83 40 8 28 16 82 14 45 96 69 90 30 77 10 54 92 70 45 0 69 9 89 77 5 39 95 30 51 31 70 31 14 62 91 94 30 74 8 76 70 30 18 53 59 81 7 51 51 5 3 72 66 92 50 72 83 45 2 35 76 25 18 42 39 9 37 70 35 97 98 58 27 68 11 38 49 70 89 52 27 44 25 94 88 27 66 24 72 20 59 0 97 29 42 89 90 79 59 78 29 9 36 8 77 99 47 79 69 36 31 97 33 8 43 21 35 61 45 7 81 56 59 31 37 2 20 80 33 31 58 62 40 94 71 17 93 70 96 14 6 80 63 91 88 6 65 76 67 62 35 1 19 95 84 8 49 56 88 82 87 46 97 27 92 20 96 85 90 45 52 48 25 15 92 65 74 57 93 93 19 29 94 90 76 30 99 25 86 87 59 73 86 8 52 78 28 49 16 70 46 68 71 71 83 63 88 9 20 82 3 39 63 49 30 39 80 81 16 66 68 75 92 6 84 44 85 64 45 1 35 91 69 58 14 4 21 55 14 41 37 17 32 52 66 62 43 98 43 59 65 64 34 57 70 70 53 7 35 99 8 22 90 29 80 57 86 53 12 0 94 1 69 26 53 87 41 96 86 36 55 3 52 41 60 75 12 65 82 99 64 43 73 7 24 5 64 10 58 76 10 4 77 31 30 82 19 23 78 57 12 85 60 64 78 72 39 90 37 74 41 2 17 66 61 41 71 25 52 81 53 14 85 82 98 68 16 17 91 46 26 3 31 86 68 9 58 59 52 
47 33 45 1 2 12 62 44 35 39 48 17 92 14 2 26 12 70 42 81 14 88 59 17 71 45 37 33 55 49 85 3 82 82 56 85 94 19 81 82 58 81 51 3 47 5 81 12 28 76 93 42 64 53 11 88 50 1 21 58 50 6 13 32 88 69 69 35 88 2 69 99 35 20 2 83 25 83 95 53 59 40 47 76 45 59 16 96 60 37 6 62 95 19 46 35 88 16 22 29 70 91 28 58 11 82 41 89 17 88 94 29 80 42 57 26 53 73 74 65 10 80 27 57 51 73 92 39 41 67 20 64 58 0 22 22 82 15 63 0 3 57 81 83 99 38 61 4 11 35 69 73 67 48 82 18 22 26 10 15 93 30 79 52 31 1 26 65 68 89 17 71 46 98 7 98 36 68 54 99 56 24 24 23 72 58 94 46 85 4 14 78 86 93 82 69 47 8 35 15 49 4 39 96 3 98 46 91 18 0 43 74 76 19 50 1 78 96 47 63 0 13 93 38 59 76 60 58 36 47 25 86 51 64 34 54 14 80 98 33 32 41 7 9 12 9 10 90 5 9 5 57 23 99 96 82 27 8 40 63 55 17 1 6 82 35 13 48 67 11 81 0 4 41 9 16 50 71 59 56 80 64 65 55 15 61 89 42 69 81 58 76 99 11 83 33 47 96 81 66 59 63 66 63 4 27 31 54 98 90 62 31 7 28 86 22 41 28 17 63 9 27 39 8 38 74 41 37 70 23 4 29 86 22 44 42 50 76 48 0 18 63 83 25 91 22 0 84 50 17 47 59 44 39 68 34 13 9 72 36 84 76 17 22 98 62 64 0 90 65 53 8 28 36 86 19 58 86 55 60 3 3 20 99 94 40 33 7 1 57 43 86 33 61 8 84 75 25 36 17 
42 89 25 70 78 63 41 88 49 96 49 4 51 21 55 45 61 89 5 62 98 0 48 32 61 9 68 88 86 56 5 28 98 83 50 76 46 91 16 48 87 17 52 91 38 60 36 99 1 93 62 99 94 62 83 7 23 51 96 61 60 1 41 58 84 91 86 83 82 2 31 22 20 35 13 10 95 1 10 48 95 24 48 89 38 31 96 14 35 44 75 95 46 17 53 82 60 91 65 43 45 48 65 17 36 30 28 83 31 90 32 26 14 80 67 4 11 16 18 46 60 46 93 58 15 98 41 75 89 58 18 35 59 35 52 95 65 32 78 49 22 62 75 36 42 95 93 6 11 11 4 71 9 98 30 24 48 23 52 38 33 22 25 92 10 29 39 75 62 18 24 84 32 52 73 75 47 66 33 10 29 37 33 39 87 15 15 36 38 19 26 72 42 51 16 52 80 56 79 94 26 56 79 58 8 52 85 7 70 18 17 99 8 50 90 95 66 58 31 56 77 57 80 19 60 97 23 93 5 3 87 31 59 18 41 19 70 27 26 92 97 95 92 5 97 34 53 63 92 36 72 70 94 52 41 6 1 65 99 6 20 39 89 31 57 83 50 80 10 76 72 59 23 16 17 20 51 70 36 43 6 8 65 52 12 59 59 14 76 10 72 96 49 62 27 59 45 29 39 7 57 11 18 80 28 35 0 79 5 36 74 12 44 92 16 57 51 75 23 79 38 95 27 87 9 54 98 6 35 37 65 92 49 84 72 29 71 24 60 77 61 86 41 57 78 57 66 81 85 89 60 23 37 87 62 46 93 61 5 80 98 70 72 99 6 96 80 78 21 40 7 34 27 0 43 57 57 10 91 94 51 51 17 88 91 32 87 36 93 44 69 43 66 41 95 73 90 75 3 11 
16 62 97 95 62 40 52 71 50 43 66 54 47 35 42 90 67 81 78 12 25 47 56 92 89 51 17 31 26 72 42 94 34 39 89 96 31 42 19 82 37 85 36 84 73 30 26 40 64 5 53 41 52 61 85 93 64 2 24 42 26 18 37 60 9 26 8 41 20 28 75 58 65 63 94 38 45 21 31 9 78 36 3 30 49 88 76 13 43 0 55 69 71 44 30 80 71 90 21 43 18 96 53 36 59 0 26 5 73 57 66 51 45 69 81 94 58 9 7 53 10 15 22 81 59 4 13 82 95 35 78 65 83 31 1 43 31 28 0 56 37 66 7 83 88 41 77 46 50 37 99 12 4 73 45 15 78 59 98 73 94 76 38 29 59 92 72 43 20 24 99 9 43 7 92 31 0 22 77 50 11 28 63 15 1 60 30 31 19 80 4 65 8 95 95 68 87 19 63 59 96 62 68 39 21 13 70 21 87 47 24 98 27 39 65 80 99 95 12 71 28 16 36 36 63 83 56 2 55 19 13 51 82 34 90 55 47 60 29 86 59 53 84 86 44 49 66 43 96 30 66 76 99 55 13 62 38 69 17 45 89 30 96 23 64 86 78 63 98 59 49 57 12 85 95 8 86 14 4 35 44 70 11 43 25 24 58 16 46 75 61 35 57 10 10 74 48 40 37 47 0 39 56 64 76 4 73 63 18 77 98 14 99 61 10 77 86 20 93 84 95 6 71 4 16 81 78 17 21 68 64 73 7 72 38 35 76 63 98 46 92 48 61 91 10 23 68 48 43 13 32 90 72 3 94 88 36 25 57 9 93 21 83 52 46 73 87 22 36 38 21 80 86 34 23 48 57 92 96 52 57 80 42 29 35 88 70 71 13 27 33 58 1 16 10 47 41 98 21 29 
88 42 9 74 76 32 23 85 76 71 37 86 52 31 67 87 20 37 11 85 17 44 44 70 12 54 69 5 4 42 34 92 85 95 19 13 79 94 51 56 65 40 94 69 72 61 9 44 51 20 29 20 16 25 90 80 32 59 85 36 1 71 81 38 66 52 4 45 46 7 53 63 47 99 33 19 61 42 63 12 14 45 32 82 70 74 14 2 85 51 91 86 22 24 77 40 76 33 37 74 40 43 37 87 42 22 59 3 16 22 67 82 19 99 16 90 25 30 44 10 81 35 49 3 59 26 95 87 11 33 61 51 76 51 90 18 73 49 74 42 24 41 24 43 93 41 85 18 71 30 29 5 17 30 60 29 8 56 16 19 89 30 22 17 81 12 87 6 62 61 48 38 55 25 81 48 18 19 18 41 49 99 46 18 29 7 47 37 63 64 8 4 94 30 21 27 43 8 85 57 22 86 95 77 11 28 77 81 99 95 22 48 95 21 19 76 28 66 66 43 30 74 47 76 5 20 55 0 80 93 9 2 79 56 79 42 36 56 23 36 4 97 84 51 18 55 27 98 22 93 41 4 20 40 33 77 60 88 29 41 81 38 95 12 94 75 54 30 83 29 66 87 27 3 38 45 58 18 44 32 63 37 37 83 78 22 60 90 62 89 83 96 79 79 8 73 6 15 56 89 44 74 29 71 29 19 69 40 37 65 72 1 2 61 36 32 83 97 23 46 38 6 42 18 37 50 43 43 65 51 33 62 78 14 33 7 33 54 99 23 19 72 24 22 85 12 6 69 9 29 67 0 88 9 70 25 11 13 69 29 17 54 91 95 68 76 54 53 31 54 76 50 26 52 24 11 65 31 32 26 12 99 26 0 60 96 78 72 62 47 1 31 53 44 26 73 20 80 26 51 
34 3 2 12 7 78 76 72 9 60 99 22 60 77 74 20 26 52 92 88 51 45 19 4 89 97 29 10 77 56 13 64 11 67 28 18 46 4 43 7 65 42 29 77 71 56 97 97 8 42 37 60 39 56 16 81 5 46 91 35 54 56 99 65 24 79 35 22 84 78 29 1 72 11 78 44 67 27 41 75 21 79 87 61 87 4 42 93 50 85 80 56 93 79 21 17 58 8 39 94 39 21 47 63 32 77 7 99 57 1 26 78 32 14 91 19 18 85 64 20 22 44 76 16 75 49 85 86 57 77 32 48 98 80 12 82 57 71 81 66 72 59 45 4 73 88 76 91 74 92 63 48 37 39 64 64 88 2 50 98 79 35 98 29 15 10 11 24 82 44 91 6 55 88 11 29 76 39 72 2 31 36 51 20 75 67 37 16 69 39 66 0 74 64 81 89 75 44 66 9 40 57 15 96 45 78 25 73 17 49 76 1 85 79 73 13 46 10 81 68 50 47 20 24 11 2 66 38 98 32 99 39 41 15 35 86 45 12 11 63 61 87 16 99 66 89 12 65 0 93 33 50 92 5 26 55 59 92 94 58 24 93 97 65 60 84 3 6 48 67 21 61 54 37 60 73 26 72 38 78 17 23 28 61 28 55 17 88 99 11 46 76 56 95 93 17 31 49 23 79 16 44 92 22 33 53 95 59 77 85 38 47 8 18 8 89 25 25 29 25 88 27 1 45 74 46 14 5 95 89 36 11 85 28 34 18 33 81 29 11 67 19 58 27 38 66 16 15 44 97 40 32 24 93 29 98 92 43 55 87 32 43 99 17 72 85 87 57 66 17 68 33 36 26 13 74 45 29 42 41 79 82 73 3 28 3 54 20 98 9 59 31 53 58 0 77 95 88 34 62 
5 55 47 93 33 60 20 78 42 62 19 21 44 45 24 24 0 30 96 98 40 56 29 45 66 82 74 62 70 60 76 27 15 75 20 49 36 40 79 78 2 99 51 99 96 27 75 96 58 24 94 98 80 76 95 98 58 69 12 80 29 40 7 45 16 79 46 52 72 25 82 74 24 33 25 72 60 53 68 18 77 63 68 9 39 15 7 97 84 72 29 66 12 36 63 28 67 9 32 39 34 66 14 11 99 91 83 12 44 52 30 73 67 51 82 58 66 42 7 51 14 36 69 78 24 32 59 91 93 43 31 79 10 97 90 9 88 26 21 85 30 4 58 97 55 93 7 21 35 14 24 1 50 45 79 74 29 90 65 22 34 96 2 44 45 44 5 86 22 79 71 52 83 81 1 90 26 8 63 61 22 40 14 24 37 46 50 67 36 16 41 22 64 43 18 62 40 24 48 62 3 19 67 38 52 68 80 79 29 95 92 3 35 7 28 73 53 30 92 41 46 33 64 63 29 82 25 69 6 73 83 61 44 50 51 48 71 83 27 0 79 72 55 14 79 83 39 32 66 31 73 64 65 89 27 46 72 4 15 30 29 50 44 25 1 95 74 24 79 53 24 10 25 79 76 4 15 16 88 81 99 14 45 16 3 25 62 27 81 29 58 11 80 2 88 33 49 62 57 80 68 33 90 93 12 67 50 79 35 38 12 86 4 10 55 60 87 17 87 68 99 45 31 31 99 20 64 1 34 73 81 2 6 24 48 70 43 98 2 78 88 14 16 93 24 71 5 11 41 92 32 40 90 63 23 41 35 87 42 70 12 24 24 18 48 72 40 91 22 42 21 11 9 37 56 85 61 61 49 2 5 81 94 47 96 17 89 32 56 31 54 68 55 30 38 55 3 78 46 77 
73 19 40 82 57 96 19 70 9 68 72 67 49 18 14 46 35 3 30 43 35 84 11 42 14 1 98 69 31 44 99 4 16 39 38 73 36 58 95 97 26 67 16 28 85 31 26 72 34 56 15 21 92 78 64 58 79 62 80 10 58 79 67 74 18 57 99 6 15 94 56 94 13 72 74 50 3 0 22 90 8 89 11 0 67 27 10 46 41 90 9 0 21 76 26 40 33 78 98 1 24 54 47 38 27 21 40 82 73 15 24 81 4 88 33 72 15 43 70 57 86 79 9 7 55 87 99 41 65 50 42 42 4 89 32 83 62 72 18 35 87 42 68 92 30 1 16 46 44 86 55 82 18 16 42 25 3 41 66 21 91 60 63 48 1 95 83 63 19 1 50 7 96 18 51 26 19 19 24 16 5 31 50 75 47 92 1 3 86 19 24 77 32 39 77 33 86 61 49 5 14 99 64 10 70 67 89 41 86 13 57 44 97 8 19 44 52 72 47 38 92 23 68 24 62 45 9 0 58 58 6 25 10 22 35 32 90 76 73 76 90 83 20 87 43 40 83 95 12 83 34 56 6 2 32 21 99 42 21 58 52 79 35 62 2 70 94 92 47 20 20 89 3 41 28 46 33 63 93 97 46 27 54 5 81 86 26 81 80 99 91 33 79 26 95 33 48 42 77 47 14 97 88 17 38 16 15 23 80 8 21 78 88 75 83 69 13 61 2 94 13 45 27 92 71 74 77 72 68 54 19 82 51 8 51 42 76 66 65 8 75 38 87 63 65 22 84 79 36 87 25 1 84 4 45 56 78 22 80 99 76 99 81 79 59 33 21 36 99 39 96 26 77 83 41 43 58 78 74 46 17 51 47 1 55 92 9 33 14 89 32 42 89 66 73 0 51 47 36 2 
86 85 29 15 68 22 10 78 52 36 76 69 87 75 71 42 67 80 28 33 22 12 27 63 78 1 63 81 48 52 84 86 37 65 53 57 87 64 88 40 0 64 61 40 92 84 82 59 17 10 45 39 23 24 2 53 25 65 35 25 69 19 63 6 36 17 16 23 81 4 15 33 20 29 73 12 13 56 24 30 18 21 21 93 45 23 47 23 41 34 0 10 5 64 69 41 81 85 16 62 41 84 47 61 13 21 74 78 29 98 61 99 71 82 93 16 6 92 39 99 78 40 9 83 4 30 76 85 67 92 99 8 28 46 70 41 19 96 72 48 46 33 48 17 15 93 33 73 85 25 72 63 17 82 98 73 64 74 10 32 66 9 40 95 7 10 88 27 58 60 27 4 45 27 21 61 20 55 34 57 32 7 20 49 41 70 74 5 44 84 89 63 45 30 10 52 92 98 31 51 11 11 55 56 90 29 69 11 36 56 20 68 63 93 69 56 63 43 13 8 27 3 71 72 85 81 76 29 31 60 32 94 23 40 51 13 69 72 76 5 28 97 73 43 90 94 99 53 37 13 13 16 68 84 88 5 17 16 34 1 28 67 95 51 7 98 17 28 71 93 33 51 90 58 95 80 52 46 86 89 59 99 57 79 36 45 84 5 13 71 6 94 38 2 97 97 0 14 25 23 8 10 75 98 68 22 31 72 68 17 13 80 68 70 59 56 67 96 62 32 19 68 26 57 22 24 6 75 38 83 50 98 93 77 97 13 99 80 37 68 49 50 0 17 20 11 26 39 7 88 71 26 8 50 35 31 74 93 6 64 76 56 15 21 34 64 34 85 44 71 5 45 73 5 14 45 17 40 84 24 28 8 3 37 58 90 20 84 84 26 0 12 34 15 34 20 79 20 58 75 
44 63 20 17 69 35 15 86 75 51 62 56 59 65 93 69 8 13 5 92 91 58 4 77 25 90 50 57 11 8 32 7 23 5 76 92 40 91 78 67 95 93 23 54 10 68 76 18 33 33 62 76 91 19 6 17 9 56 74 72 16 58 79 39 63 8 32 55 99 62 23 94 7 98 1 18 19 29 36 52 62 99 81 6 70 87 23 79 43 49 4 11 7 35 50 23 43 34 78 95 49 53 41 56 52 94 74 71 23 63 75 38 14 56 44 84 43 19 15 38 20 71 49 79 7 0 2 2 86 33 97 35 86 91 44 38 85 18 61 61 81 89 51 47 45 47 31 41 18 47 79 38 18 29 69 77 81 72 80 67 57 29 55 43 72 99 34 10 69 95 71 3 84 74 50 82 21 82 23 39 81 2 77 51 83 98 81 64 70 13 84 27 94 91 23 67 90 57 77 11 52 0 14 89 74 65 71 47 47 94 86 80 48 15 31 32 13 64 48 36 77 32 15 72 75 38 39 17 95 68 29 0 20 43 41 46 8 12 93 7 58 79 39 6 46 23 90 59 87 39 95 65 23 11 37 99 1 28 16 97 48 45 49 68 89 90 14 49 54 7 9 12 38 0 70 84 23 61 43 11 52 91 28 75 54 17 74 55 45 43 4 93 88 5 13 29 95 27 31 49 86 92 61 24 92 84 60 16 97 55 79 49 46 7 76 52 76 51 60 21 94 64 66 34 22 31 64 17 58 47 67 96 39 80 20 31 16 32 99 13 87 78 14 86 37 91 38 13 94 98 86 40 15 52 74 37 35 90 6 93 37 25 89 28 6 61 12 22 45 11 88 33 90 2 19 27 93 9 93 87 60 79 27 27 84 54 16 19 44 22 65 34 48 6 14 6 20 26 80 65 
38 68 98 80 71 69 59 16 31 52 4 91 84 83 18 68 37 86 39 34 8 4 20 8 11 86 14 83 13 95 48 51 15 99 83 38 20 42 55 51 47 11 42 31 94 12 99 84 98 38 70 59 95 42 67 58 28 34 41 41 81 89 44 96 88 79 35 61 22 90 12 69 53 7 52 99 19 51 35 70 41 5 81 36 99 48 46 28 82 87 21 63 77 18 12 17 97 47 78 71 89 91 92 42 98 44 41 69 47 77 91 41 34 72 29 34 73 76 14 7 63 87 23 40 57 35 58 7 34 88 78 23 31 71 65 81 67 58 51 15 35 94 56 22 19 85 8 92 61 22 99 25 61 22 17 19 9 27 26 43 16 56 66 47 79 83 29 47 42 32 62 29 26 70 3 45 55 11 89 69 85 41 46 47 63 63 18 25 91 96 68 7 52 35 6 32 70 87 79 64 19 93 94 98 63 49 95 70 61 85 39 46 26 85 93 41 1 63 66 92 59 87 51 12 74 9 44 44 97 75 9 16 68 55 66 83 56 14 53 17 51 45 64 29 82 9 70 83 73 89 75 84 28 78 96 2 88 92 98 85 67 59 53 87 66 20 70 23 86 76 40 37 21 56 66 3 66 88 87 91 29 62 75 57 93 24 59 81 68 58 66 36 17 19 75 84 91 46 7 77 22 99 66 95 56 32 98 74 73 37 17 2 52 92 60 45 68 71 26 37 81 92 25 99 63 52 35 7 50 94 36 72 93 3 19 1 87 18 75 60 7 92 63 59 37 75 4 57 98 30 94 80 22 71 31 38 24 66 45 74 12 81 99 57 84 70 59 24 88 86 84 96 79 99 7 68 74 12 25 73 42 72 5 17 43 36 55 19 54 52 46 66 33 45 75 70 15 34 94 56 
21 78 4 52 30 63 20 56 75 97 81 18 69 86 87 65 22 94 84 28 46 30 94 31 27 22 1 95 8 47 3 81 78 59 33 8 22 5 64 98 3 46 68 24 84 7 89 7 1 74 35 99 56 82 30 36 56 84 83 64 31 86 46 9 97 79 69 71 37 34 21 92 32 89 16 16 48 6 75 49 32 63 48 88 97 31 76 53 15 59 17 46 97 63 8 94 95 77 66 32 63 87 76 95 29 92 64 77 98 39 79 30 2 79 71 99 10 47 4 25 7 22 24 4 37 32 51 32 61 69 16 25 56 92 20 37 85 36 67 35 76 98 18 30 77 89 82 40 36 86 17 95 8 93 52 46 25 3 30 87 72 99 64 80 91 36 70 28 73 37 64 49 87 82 79 16 23 61 56 11 0 26 59 8 19 11 6 45 66 89 84 90 88 48 22 31 36 92 60 9 81 76 58 68 10 90 85 85 3 93 96 3 19 55 64 91 18 22 88 84 11 24 26 51 72 49 83 8 93 95 70 75 23 80 95 85 70 32 70 26 78 18 81 49 74 97 40 92 20 28 29 83 52 55 35 76 56 70 37 50 17 59 77 40 39 24 25 10 9 47 88 87 65 21 88 91 19 81 84 39 9 65 22 14 72 9 42 81 31 31 83 48 90 60 88 30 36 65 92 45 12 32 84 78 53 25 69 72 6 5 63 67 22 38 81 47 47 76 28 79 59 11 27 2 23 68 84 59 33 76 57 98 60 93 28 13 18 49 38 24 7 1 92 29 39 25 76 39 53 56 70 13 67 97 15 42 17 99 2 51 27 11 1 39 4 29 4 75 78 42 99 85 96 43 67 87 69 95 26 74 52 96 87 71 46 54 14 63 5 68 66 84 31 67 23 87 48 80 62 27 
22 14 64 70 57 31 58 78 79 84 53 83 33 92 54 79 99 20 94 56 40 61 41 71 80 16 59 81 96 73 8 71 87 24 41 97 8 51 27 87 36 32 22 21 25 76 0 76 49 46 32 89 7 73 61 40 42 72 21 90 45 81 61 33 57 55 82 65 58 9 4 46 42 26 67 19 55 19 47 4 66 79 45 25 5 6 65 47 30 38 37 76 19 51 61 29 58 43 94 68 4 51 15 98 29 82 69 84 54 16 40 20 96 86 45 1 44 63 0 75 1 89 3 73 92 64 2 2 59 48 71 63 51 86 14 81 20 83 65 74 0 58 94 96 44 92 49 40 55 49 15 8 38 18 81 31 34 35 33 45 36 4 9 87 42 75 68 63 58 86 89 58 44 84 6 40 28 55 80 83 56 96 91 95 66 25 78 53 12 11 98 48 68 59 88 62 34 56 25 45 94 67 3 38 51 62 30 79 69 11 14 26 59 57 21 77 82 99 30 47 62 81 47 82 40 35 45 27 92 22 72 38 89 27 29 92 41 59 23 11 70 89 37 29 47 58 59 81 9 89 28 23 22 76 58 15 11 55 42 55 77 66 46 19 93 75 63 35 34 87 98 5 76 35 86 75 45 45 57 54 87 37 29 9 13 87 76 77 42 18 84 72 36 30 43 82 5 6 69 92 45 67 97 74 2 35 49 47 33 6 53 20 96 82 81 9 70 10 38 64 28 75 36 65 57 79 99 15 38 68 7 83 35 56 57 37 91 7 84 76 65 37 96 61 71 30 23 93 40 13 58 20 40 46 37 98 78 36 65 16 4 72 99 91 28 9 28 71 68 64 48 33 53 96 47 25 78 22 70 70 35 28 43 28 27 80 26 5 69 91 21 25 15 72 17 95 81 97 18 1 
62 66 35 67 15 34 44 45 8 15 16 95 95 59 23 22 91 1 79 60 92 0 38 59 25 55 54 58 52 73 60 66 91 47 34 58 33 78 4 41 45 20 36 41 31 60 15 74 61 95 35 6 47 25 65 72 80 72 83 84 45 43 51 88 42 37 47 75 67 51 16 13 23 52 6 6 64 21 80 26 16 67 84 16 92 49 88 72 21 23 9 18 66 12 7 60 49 54 35 68 57 3 33 80 8 39 86 72 13 18 50 81 86 34 97 78 36 38 3 57 61 12 28 80 24 35 40 25 41 28 93 98 31 27 78 39 18 16 64 31 34 14 13 72 1 10 3 37 48 6 46 10 70 74 90 46 61 82 71 2 10 16 0 94 95 30 33 14 98 49 45 85 64 10 57 65 21 60 54 21 18 0 83 40 27 25 86 88 8 9 43 70 78 95 64 73 26 50 87 76 99 85 61 15 95 71 80 68 83 86 90 54 39 73 94 18 99 33 58 59 94 1 29 72 97 94 98 75 44 85 51 95 22 65 11 18 88 43 86 71 30 28 25 69 2 72 87 53 5 45 12 51 99 41 24 48 87 74 23 83 59 26 79 34 43 90 4 31 33 42 55 63 71 80 84 25 4 23 78 61 21 90 13 72 83 89 20 23 63 95 6 74 21 85 8 17 75 12 48 61 55 3 24 78 36 61 3 40 36 81 54 57 23 67 81 58 8 1 81 71 96 88 45 70 25 6 87 1 70 87 14 77 43 38 55 79 51 58 71 88 91 25 97 66 44 31 77 52 32 58 23 81 98 21 3 24 79 90 77 49 29 91 27 72 81 34 3 85 45 75 25 88 52 74 55 97 5 84 49 38 42 25 71 93 98 74 17 77 16 46 26 45 89 5 70 70 92 73 55 37 
0 80 25 53 7 32 50 12 16 51 2 11 76 73 4 74 47 73 3 63 71 82 61 60 87 31 30 31 56 38 68 57 70 46 10 77 30 12 42 99 63 44 10 92 18 66 18 17 91 74 33 62 56 94 22 95 77 4 27 33 94 47 90 65 93 52 94 76 64 36 75 80 81 85 24 51 3 94 68 94 68 1 56 76 47 78 72 76 34 99 10 29 46 52 46 92 57 40 68 73 29 43 5 62 80 29 13 83 76 33 77 96 87 85 73 86 15 97 63 49 96 73 78 94 77 76 38 34 17 6 60 98 1 65 60 33 47 25 16 23 58 45 71 45 82 96 32 97 93 47 47 89 72 77 36 49 54 74 36 23 33 96 21 34 61 81 68 8 6 36 83 16 34 55 14 16 51 98 14 45 45 13 86 17 90 74 66 96 49 54 19 82 50 40 68 64 73 88 24 31 77 8 48 11 15 62 79 18 60 45 15 5 58 54 22 1 28 40 97 77 95 69 11 97 9 80 13 35 68 38 66 45 98 14 8 65 76 40 83 88 85 99 93 96 5 67 49 33 8 46 11 55 67 22 4 77 54 70 12 23 8 78 20 58 45 29 23 73 69 6 62 6 57 7 54 62 75 3 48 35 2 11 42 69 33 98 46 40 68 10 63 28 41 35 86 86 16 9 11 37 68 73 44 77 81 98 92 8 2 40 95 4 51 89 25 36 87 72 76 56 34 91 36 27 27 23 13 43 84 25 81 4 50 77 82 83 75 74 91 29 14 38 85 65 27 11 53 15 35 30 23 21 21 59 49 0 34 62 44 71 39 77 75 42 54 57 25 81 83 69 11 97 7 48 14 35 59 68 2 46 50 77 68 71 88 17 24 75 31 20 46 23 97 21 65 51 79 90 84 14 
59 95 64 19 96 78 6 7 98 60 54 48 37 74 72 77 91 48 52 74 68 98 97 65 72 62 68 3 5 52 17 16 0 81 35 96 12 93 55 10 53 9 11 42 83 35 20 26 83 24 1 51 23 50 16 47 13 36 50 70 88 67 86 40 49 74 36 61 19 92 23 73 53 34 15 89 21 87 67 4 12 68 7 87 71 75 34 36 11 84 6 52 3 44 92 4 70 81 65 90 25 41 15 78 75 30 19 49 70 87 53 34 7 13 21 78 88 7 14 0 43 72 52 98 69 96 3 39 77 68 81 54 9 96 85 37 27 4 38 49 43 91 83 51 56 56 81 45 15 48 45 58 20 49 56 89 97 59 81 75 80 62 29 41 59 14 30 38 71 68 87 14 12 22 17 68 78 99 13 93 99 10 3 19 11 59 61 9 71 42 36 3 4 65 44 15 32 75 53 3 95 92 69 7 14 87 76 44 38 41 37 37 52 40 8 63 52 21 24 75 63 60 78 20 78 22 87 10 49 41 65 45 33 86 52 0 25 80 44 15 22 34 52 26 26 13 41 78 34 66 5 50 78 83 22 56 58 9 18 7 2 35 4 88 22 9 88 99 89 84 15 63 18 19 89 45 32 83 75 19 1 81 21 79 64 95 36 74 56 6 82 59 42 38 99 16 47 39 15 37 23 30 0 94 50 42 39 34 77 66 5 78 47 26 57 64 21 45 90 78 52 72 89 46 63 88 62 10 27 29 47 2 12 0 96 14 94 87 48 71 6 6 49 53 32 58 69 6 4 60 36 8 84 77 54 99 17 68 10 44 49 9 98 61 9 47 75 55 34 76 26 40 82 27 46 66 86 67 24 42 79 12 50 16 89 56 15 6 24 25 2 73 87 53 87 96 0 14 4 34 
90 82 27 24 10 25 43 48 44 19 42 76 32 92 92 73 0 59 32 24 37 34 49 24 87 88 72 39 3 76 26 45 11 53 22 21 30 65 21 26 84 63 2 68 7 46 94 7 6 26 83 95 12 84 19 52 73 43 91 28 20 17 73 31 22 95 4 52 12 77 79 49 92 33 17 51 80 11 58 86 37 93 33 2 29 52 54 54 95 45 82 67 63 56 50 85 3 6 90 16 83 21 65 27 54 34 78 86 46 88 24 35 81 57 37 63 9 91 17 57 89 0 76 4 8 27 41 11 85 31 27 69 4 44 48 11 79 27 97 77 15 74 12 49 31 2 12 41 45 29 50 34 81 26 90 89 5 32 1 91 15 80 12 20 77 60 83 56 39 32 85 7 6 49 56 38 51 20 31 49 1 33 35 35 59 26 24 17 58 77 8 73 10 72 45 87 32 80 95 24 13 80 31 71 29 39 61 33 11 92 82 12 25 69 99 37 95 24 54 5 1 14 79 11 86 76 50 70 57 45 94 22 77 77 45 7 16 7 92 27 51 74 92 29 95 91 66 91 67 72 96 21 38 27 32 24 56 35 46 13 80 41 87 10 70 32 17 87 91 9 66 43 35 10 72 30 2 90 73 21 62 70 42 0 49 27 76 5 62 22 70 94 15 57 4 86 42 73 25 85 34 91 28 69 54 52 52 8 42 25 29 56 47 72 8 97 99 36 2 13 11 25 7 26 82 64 64 76 37 41 62 72 85 42 93 39 95 45 47 89 23 76 98 70 0 58 19 99 95 74 64 6 99 72 84 33 88 1 62 25 42 24 49 27 18 43 66 65 88 65 55 63 42 5 34 42 63 5 94 10 79 58 68 30 82 53 64 70 6 26 48 48 2 97 28 72 92 94 38 33 
60 45 96 54 50 82 48 65 88 42 76 19 53 44 50 87 49 14 10 55 92 58 4 46 7 84 18 0 78 56 33 90 53 29 96 3 64 45 21 52 39 97 71 92 93 73 32 43 39 42 98 31 0 54 77 59 38 48 59 69 4 44 11 58 26 8 13 90 5 34 94 44 83 17 89 77 91 21 20 30 63 70 14 15 25 43 26 15 91 38 84 48 82 96 58 60 56 71 2 61 58 96 5 41 14 46 18 57 67 38 39 82 61 53 49 86 97 28 1 88 66 86 36 0 34 46 61 90 18 15 51 76 12 8 69 78 7 88 87 26 78 26 9 39 80 10 77 77 38 31 17 56 69 6 57 3 52 70 45 22 85 48 50 49 56 20 79 63 60 66 90 38 93 51 30 25 13 7 2 4 90 71 60 59 29 69 62 82 91 7 4 29 55 7 30 64 27 10 79 87 76 21 77 21 24 7 46 38 67 0 94 57 72 6 17 1 76 31 35 19 39 92 0 46 99 31 62 26 41 42 65 69 15 42 91 40 2 37 78 69 90 24 78 62 30 47 15 58 79 3 78 70 47 78 16 46 9 31 24 2 25 89 72 40 83 15 80 85 52 10 6 94 34 85 56 65 32 24 23 11 79 53 81 26 84 50 72 45 33 48 0 58 89 72 98 72 39 31 58 43 41 64 38 76 1 46 93 34 70 68 97 1 74 31 27 10 33 51 55 66 99 7 76 40 79 74 13 18 5 23 62 47 39 52 75 41 98 20 27 69 88 24 22 14 7 50 24 40 1 32 58 53 39 34 93 19 9 58 89 66 33 3 65 73 55 92 14 54 12 93 75 53 17 97 67 25 99 92 17 53 24 76 58 63 10 51 34 71 62 76 38 95 31 3 68 39 96 34 45 60 
27 20 13 97 69 81 74 21 73 91 74 49 67 32 12 30 35 47 1 97 75 39 45 6 95 65 45 43 52 90 3 31 62 17 28 84 98 54 5 23 98 31 72 17 63 84 47 50 83 49 0 58 40 45 17 35 62 62 30 14 5 34 46 67 51 26 3 49 33 8 72 31 39 44 48 54 80 96 5 64 97 5 74 89 50 43 25 64 58 55 79 63 41 77 82 92 55 86 93 88 46 65 71 38 61 20 92 42 68 97 58 65 54 84 54 56 28 31 21 86 39 0 1 80 29 83 25 36 21 18 25 68 36 48 6 97 68 98 91 88 48 1 53 2 86 60 11 14 43 32 52 34 84 53 67 13 36 92 1 58 62 78 78 98 27 84 96 95 34 39 36 34 41 41 89 27 1 0 93 97 32 97 83 68 50 50 33 38 94 34 48 57 13 26 7 40 62 55 87 49 95 23 83 36 65 24 15 18 76 60 67 8 57 51 28 7 53 61 97 0 96 46 9 9 24 16 1 87 72 88 36 19 64 71 7 29 48 22 99 24 82 67 85 91 70 13 98 23 75 95 75 23 93 84 84 18 53 85 5 25 25 93 96 89 16 3 70 64 25 70 89 59 89 74 50 59 39 0 34 66 47 10 89 41 94 73 59 99 10 16 24 36 61 20 77 29 23 48 94 0 70 35 59 59 61 61 18 0 61 4 19 9 14 8 50 61 34 61 60 96 29 37 32 90 9 62 71 85 10 65 85 80 52 97 39 13 10 9 66 72 65 85 81 32 45 83 45 79 96 57 76 25 94 60 67 56 22 38 41 84 56 78 64 8 27 55 74 38 16 92 62 82 77 43 14 74 78 11 6 74 68 34 51 63 94 70 71 69 60 12 53 16 42 70 77 22 77 3 60 46 
95 22 28 24 17 94 98 47 5 4 73 73 38 24 88 85 46 59 54 6 23 59 75 18 81 4 40 11 7 0 57 2 74 85 26 43 31 76 90 88 81 63 13 71 39 54 56 85 13 62 43 89 74 18 7 55 22 99 66 81 51 23 83 25 60 61 68 43 90 10 31 71 73 97 94 64 51 51 49 64 13 92 5 87 63 64 95 37 63 13 19 14 89 54 91 49 68 11 93 10 21 76 81 46 73 75 10 24 78 59 41 44 4 98 31 19 63 78 8 26 92 79 41 81 34 32 82 54 44 27 64 17 4 97 64 29 24 74 6 3 86 47 47 42 45 30 13 60 9 21 87 53 1 80 34 87 64 16 41 60 96 57 78 0 54 42 81 30 68 87 85 6 86 32 0 32 15 13 92 76 35 31 29 88 11 15 75 28 83 68 88 79 25 66 31 31 60 13 13 81 0 99 87 87 83 88 71 98 53 15 26 40 99 7 28 62 22 55 90 58 23 31 89 0 49 21 83 10 86 97 43 38 96 82 25 31 22 48 82 76 16 8 16 15 16 97 29 90 52 20 48 76 51 38 28 0 11 12 62 97 61 57 35 9 40 13 40 62 13 22 90 29 83 7 96 99 4 26 41 8 98 90 84 1 80 65 53 91 29 16 40 90 73 75 51 65 40 43 28 54 66 18 35 1 77 84 0 33 62 93 42 60 83 78 13 15 43 66 6 24 34 98 14 60 26 17 25 66 61 5 72 79 76 60 80 53 96 32 39 58 25 81 70 61 11 83 76 55 1 35 79 36 33 46 96 59 15 21 78 76 79 2 55 55 14 87 60 10 71 99 20 97 32 90 10 44 25 86 51 27 21 30 15 7 28 11 18 44 84 48 72 63 51 80 18 17 67 79 28 91 
30 48 88 63 91 98 7 16 36 58 95 10 40 10 17 21 73 87 17 58 36 89 73 39 21 44 56 41 75 84 32 5 85 72 68 76 70 27 44 58 85 92 68 78 2 37 99 28 25 16 86 61 57 11 52 31 55 8 72 30 45 4 88 30 28 56 58 50 84 54 8 21 46 77 99 1 14 50 29 91 18 67 52 76 78 56 7 86 65 31 68 62 87 56 44 15 13 2 65 49 8 73 22 7 50 74 8 17 24 89 8 43 56 13 71 86 69 30 72 86 61 93 48 48 49 92 63 14 46 28 15 55 1 38 14 4 12 22 73 88 11 33 31 19 98 54 5 20 84 30 6 45 23 7 93 72 51 8 39 98 36 54 5 90 92 19 46 56 93 19 97 4 4 28 23 3 83 80 75 67 10 33 65 85 40 58 58 44 19 97 94 55 3 99 97 48 70 43 56 15 14 53 71 19 82 46 74 17 26 49 36 89 82 1 74 75 12 32 19 31 81 13 38 37 64 36 85 86 79 41 1 94 95 72 65 29 18 39 98 44 88 34 33 22 88 60 97 52 44 68 35 26 33 73 63 97 61 0 83 93 41 36 39 36 8 4 17 78 95 15 75 35 50 60 57 90 20 7 42 65 27 29 91 61 54 6 58 16 58 94 61 99 30 0 88 39 4 5 69 99 21 44 86 23 5 43 65 25 2 7 90 30 88 33 43 42 91 1 10 49 47 71 49 78 71 89 69 27 94 38 78 67 83 64 42 88 60 7 65 62 66 56 44 54 89 87 97 33 41 7 82 88 31 83 66 2 72 87 30 19 26 8 86 61 73 29 1 85 88 66 99 55 74 44 9 16 83 58 49 24 18 31 65 49 15 31 3 87 71 33 6 49 94 45 10 19 26 63 4 14 
29 3 21 4 99 83 20 83 41 21 59 11 52 24 12 19 8 16 59 79 1 17 28 95 62 90 66 40 53 70 55 34 26 28 90 25 11 62 60 5 83 20 16 88 44 81 7 4 49 66 83 50 36 63 98 98 53 64 91 58 87 98 93 65 26 83 90 38 98 51 43 81 23 11 69 19 44 29 24 93 95 7 96 31 71 46 82 76 10 25 35 49 23 80 14 49 15 57 39 13 60 82 95 83 46 16 54 90 45 78 36 93 86 32 76 9 78 10 37 40 35 24 42 58 56 56 60 72 65 99 85 25 34 32 60 80 1 15 22 46 45 58 91 83 90 20 44 20 30 82 61 66 58 3 76 15 11 88 87 77 88 24 54 22 9 67 54 10 34 76 8 79 35 52 15 77 72 59 98 2 41 11 20 52 66 49 67 77 37 6 6 77 30 13 99 91 32 5 1 18 82 62 49 69 14 64 46 86 24 96 40 17 59 61 69 25 10 36 3 99 94 61 77 25 26 28 16 58 34 70 76 16 84 78 85 98 42 83 36 18 32 76 36 91 37 57 17 99 46 72 99 40 85 28 65 12 56 34 22 90 56 51 6 40 29 43 90 71 79 26 90 11 2 78 2 92 35 19 43 81 91 94 22 77 22 39 41 79 25 63 69 81 14 28 73 43 23 15 67 2 41 9 13 96 87 16 40 22 87 83 56 31 78 78 60 52 17 1 31 95 64 53 28 31 81 2 74 4 69 93 7 11 2 72 59 89 88 51 64 76 34 20 7 64 98 67 17 67 20 0 62 36 53 43 67 34 45 94 91 66 87 50 77 90 22 88 79 11 39 43 39 26 63 98 42 13 17 59 33 37 12 47 73 65 90 41 52 87 35 43 54 74 93 83 64 67 72 96 78 63 
39 69 41 55 67 84 20 84 95 53 73 7 1 99 73 43 40 25 31 27 20 85 1 65 68 18 32 92 14 63 8 5 32 49 12 52 85 33 88 81 38 62 40 91 61 13 35 53 90 66 32 62 3 85 27 71 3 60 16 69 23 24 75 7 25 39 59 11 72 48 92 63 62 84 54 75 50 41 80 92 59 12 55 62 49 82 86 53 94 2 74 69 78 49 29 3 89 88 66 13 88 10 28 2 95 35 77 45 76 57 37 36 21 92 98 71 27 84 76 73 38 50 43 68 52 24 72 93 12 38 58 53 49 87 55 96 22 85 41 98 94 78 86 68 23 85 39 2 21 67 75 12 69 70 80 21 94 4 66 59 95 25 12 96 64 19 92 86 4 85 36 51 15 75 19 38 60 10 92 33 77 68 97 46 38 30 20 85 86 86 44 33 63 56 29 27 75 73 65 32 10 54 35 26 29 54 16 41 64 9 26 41 29 76 39 67 6 59 4 92 98 48 78 13 4 59 93 32 85 10 16 95 64 51 73 45 5 90 38 21 51 17 14 80 93 53 99 51 65 4 95 15 52 73 28 9 33 21 93 18 32 61 13 48 12 39 94 69 81 84 42 32 1 56 64 46 9 15 97 26 71 93 41 76 18 70 85 51 43 30 21 75 91 87 24 55 26 70 76 7 6 18 91 60 74 55 6 35 22 56 62 94 1 55 70 19 25 7 23 69 37 44 96 80 31 72 87 57 42 63 64 1 81 55 61 7 62 19 42 85 75 56 79 76 12 1 48 89 8 71 10 97 15 7 29 99 79 16 56 74 79 73 75 12 80 88 71 95 7 65 32 83 22 63 11 86 64 59 75 24 82 38 21 98 45 2 49 76 18 57 2 49 82 29 13 63 17 84 10 77 
49 42 60 23 5 23 61 21 83 89 45 17 27 18 15 24 20 16 52 90 74 55 39 56 84 52 71 54 88 81 31 89 75 43 65 32 66 26 53 1 15 50 19 94 68 86 18 88 3 71 30 77 78 69 85 62 73 57 68 13 90 99 3 18 42 68 50 9 46 56 62 14 6 81 8 75 68 27 15 23 50 46 52 28 67 37 42 93 46 11 6 89 10 9 7 5 29 57 14 28 65 76 42 72 10 50 99 30 29 66 53 31 12 57 11 32 46 54 25 93 17 31 34 79 93 41 84 74 50 50 2 16 79 96 40 89 47 39 19 28 5 24 60 70 81 23 2 79 77 27 72 46 10 6 26 55 99 62 30 50 13 84 18 44 81 58 33 80 97 4 8 54 80 20 24 13 44 26 92 73 5 17 72 68 75 98 23 75 12 5 77 77 90 95 21 23 5 6 3 54 10 63 8 42 84 33 55 80 11 0 5 69 17 77 89 92 27 12 19 40 18 96 17 60 91 39 83 48 45 38 2 8 1 11 50 37 96 58 69 59 58 75 80 75 52 69 19 80 82 39 20 52 35 37 64 79 28 47 27 74 85 82 82 38 93 84 76 41 42 45 52 52 72 33 79 25 2 99 57 36 90 77 40 25 66 4 56 95 51 36 21 88 18 55 27 63 39 55 56 34 52 8 86 25 41 66 2 44 65 59 32 7 88 73 32 54 77 41 1 81 77 74 69 47 29 48 10 21 55 18 55 60 26 93 85 68 59 39 64 76 98 96 83 38 69 68 44 99 9 46 80 38 72 49 85 2 50 47 75 5 17 30 65 43 75 2 11 35 41 27 63 91 24 47 29 45 67 74 44 28 72 24 66 44 26 3 98 76 2 73 33 19 55 99 14 31 53 78 18 47 
5 81 90 81 80 20 27 47 46 23 75 70 0 93 66 26 48 17 54 50 90 87 21 98 38 36 81 92 14 99 91 71 32 81 53 13 53 32 12 99 55 40 21 55 85 40 33 34 57 87 36 99 75 10 97 13 98 30 57 64 29 48 35 14 82 40 79 35 72 43 87 80 83 8 35 21 48 21 55 5 8 43 57 35 53 54 1 51 85 58 67 66 59 3 32 41 43 11 76 16 55 15 96 90 24 83 11 24 4 18 82 65 62 39 0 15 45 1 19 82 12 86 1 23 41 33 64 85 97 92 53 52 8 1 94 84 36 6 60 93 24 42 58 38 33 10 54 79 64 25 61 76 63 14 99 5 48 15 90 97 7 95 1 67 96 95 3 84 53 64 77 78 58 87 68 44 98 22 23 62 99 36 90 63 51 89 68 51 4 10 48 63 5 49 83 53 96 38 37 50 54 67 80 65 6 48 9 56 23 84 70 22 20 60 85 23 1 5 26 57 15 26 73 72 27 56 25 24 46 15 74 1 34 6 18 40 54 27 97 77 11 67 52 83 80 37 59 81 95 85 39 10 64 12 83 91 20 60 15 18 27 41 71 61 47 89 54 54 16 3 83 79 22 35 63 2 25 22 84 20 59 75 30 23 39 65 67 11 26 34 29 53 76 1 67 75 90 21 81 59 24 65 38 46 0 53 1 25 27 37 45 39 12 28 62 3 93 81 14 71 16 95 77 44 96 44 19 39 17 1 50 41 18 40 39 18 46 40 44 73 77 41 12 41 69 27 96 15 60 10 86 76 58 63 20 54 59 92 45 76 45 47 69 63 40 9 81 86 1 77 11 31 19 76 24 40 55 21 55 15 31 94 92 89 57 64 96 69 8 93 45 53 93 15 68 33 76 2 71 77 
31 82 60 50 58 85 43 13 6 50 81 89 44 25 31 54 89 27 23 50 72 20 55 17 35 24 50 63 78 21 41 9 56 53 12 66 38 55 80 44 57 13 86 2 38 17 8 79 96 31 29 68 3 85 38 39 61 88 2 91 62 95 0 70 1 12 36 39 19 68 36 77 81 22 31 19 39 39 51 35 22 80 55 25 17 93 64 30 34 19 21 48 66 74 18 67 38 6 59 58 75 95 87 56 17 18 28 8 57 79 95 79 11 50 4 81 96 21 63 82 92 85 30 10 11 0 30 49 6 89 7 33 84 46 90 53 64 70 13 73 1 8 4 64 58 61 45 6 82 9 88 26 46 70 36 57 70 18 6 29 7 66 62 43 12 52 96 29 74 9 2 27 69 7 92 80 68 89 86 2 50 75 28 96 45 16 5 68 35 64 97 94 30 59 38 94 64 86 23 38 96 26 18 17 85 10 97 53 99 84 55 2 11 35 50 8 3 56 76 38 72 73 85 54 85 23 48 49 9 24 39 57 2 57 75 87 19 72 92 19 8 99 73 19 34 23 28 37 79 56 28 51 82 13 5 67 88 6 16 97 30 55 55 84 65 82 71 84 54 63 55 63 62 28 34 48 52 62 37 83 71 17 87 53 82 44 20 70 2 88 20 84 95 75 68 60 9 91 97 15 6 52 78 20 33 65 68 85 79 6 20 50 75 7 3 58 4 75 28 6 63 48 91 59 75 59 71 36 51 68 52 57 21 82 78 6 47 98 91 27 56 63 29 32 71 33 90 75 60 70 81 24 71 72 35 98 84 6 35 35 27 87 44 0 69 22 6 69 73 97 96 29 12 25 61 83 10 3 10 71 74 44 47 97 68 82 95 52 40 82 39 67 69 36 67 91 10 73 60 83 
22 8 13 35 85 74 70 96 30 33 19 56 77 66 53 97 0 48 2 92 31 41 60 52 29 79 95 40 53 7 23 27 15 88 14 1 15 37 49 45 70 20 1 99 38 54 96 38 54 98 30 37 92 42 42 21 22 37 13 27 45 37 54 12 25 21 65 92 58 14 37 28 86 38 27 24 44 75 14 99 26 97 36 18 39 30 91 13 68 57 40 65 94 47 77 71 68 43 64 26 9 53 6 96 92 85 72 36 12 87 87 38 84 76 8 75 6 52 89 74 9 81 39 55 28 17 78 96 12 94 74 21 48 32 69 92 69 42 28 82 81 68 20 17 44 81 92 50 33 33 77 42 15 16 97 43 85 75 92 49 22 18 71 70 3 92 62 72 34 42 54 67 10 27 84 54 8 77 57 41 62 34 83 77 2 32 73 88 59 17 89 81 87 60 3 90 5 65 63 91 60 69 59 22 96 43 29 4 72 86 97 35 20 32 64 74 16 89 14 76 6 4 9 46 16 13 88 21 30 3 13 42 73 72 65 21 67 94 78 40 32 75 27 4 8 91 78 24 81 93 52 39 97 14 37 13 79 26 35 61 29 0 4 2 72 69 76 39 15 54 31 47 29 58 51 89 2 29 66 83 74 70 74 71 84 12 37 63 38 24 25 67 24 81 22 48 50 98 39 17 4 71 64 33 81 67 75 83 48 93 18 23 63 93 46 48 5 35 63 95 59 40 14 35 21 88 83 23 38 23 40 42 46 56 28 79 75 3 63 24 48 81 99 11 74 97 11 31 33 27 78 44 67 93 80 41 33 15 64 72 90 57 14 36 65 42 68 41 97 31 17 97 12 68 9 39 65 20 22 50 99 53 95 67 98 27 60 31 42 76 3 33 85 70 21 51 64 89 44 14 
72 61 11 37 29 20 76 46 93 50 49 92 3 96 11 53 23 23 85 65 0 40 50 85 10 24 88 75 13 32 41 38 45 52 75 26 25 3 25 18 53 74 62 9 70 26 62 93 1 99 10 1 40 13 39 2 37 27 77 2 12 70 40 57 23 15 36 48 18 61 18 24 35 32 85 5 10 99 50 12 99 60 65 91 25 56 93 62 36 23 17 48 93 57 57 16 25 93 16 95 54 34 71 41 19 56 98 29 8 48 93 7 61 11 98 86 67 43 1 3 66 18 3 60 27 61 76 4 6 93 52 13 79 23 54 50 32 53 32 40 53 25 99 14 88 49 53 56 92 54 11 59 72 67 19 51 28 47 56 86 92 8 99 24 83 6 74 15 59 6 7 64 32 58 79 72 59 32 80 52 86 92 63 10 59 34 61 39 81 69 25 26 29 77 50 13 83 24 80 94 31 40 58 15 98 89 87 58 21 68 62 59 12 25 21 23 11 35 14 44 4 91 70 86 68 20 99 3 97 31 97 28 71 8 95 22 97 34 80 19 2 94 30 66 19 52 41 30 87 55 26 91 47 97 77 67 69 28 71 66 60 20 46 83 28 41 5 26 76 37 45 30 31 27 49 2 79 90 84 66 46 11 10 45 8 87 12 77 68 35 96 80 56 42 63 84 84 69 10 12 58 7 94 90 35 43 92 14 34 77 33 32 88 43 29 48 82 93 25 50 29 73 30 85 16 46 21 52 67 84 64 25 43 10 15 30 54 60 45 40 37 30 72 77 73 53 25 55 46 2 58 75 76 88 12 92 34 86 44 53 70 60 79 13 70 46 44 76 6 41 16 43 71 40 72 96 93 97 51 40 0 9 67 76 50 80 20 36 18 16 90 88 28 21 53 50 67 49 27 74 
42 43 69 65 36 42 61 81 39 65 21 91 26 41 19 76 21 39 65 91 7 7 79 35 28 84 86 95 86 65 69 28 60 91 94 96 33 7 78 24 72 51 16 99 92 35 27 65 27 92 56 86 99 87 74 79 24 12 75 10 77 96 38 37 87 84 86 72 92 16 97 64 19 13 15 12 0 43 29 79 87 38 66 39 25 40 18 1 52 45 11 81 94 50 70 81 34 56 6 78 24 3 43 44 68 10 8 68 53 89 0 93 27 66 32 5 58 2 6 62 48 18 43 42 20 13 75 6 22 81 85 46 36 80 42 56 90 2 25 96 92 77 89 19 43 21 76 53 23 83 15 23 53 10 17 25 23 93 31 97 26 68 96 15 48 38 71 39 41 48 35 85 25 76 4 20 97 33 73 72 68 40 48 21 50 65 98 26 10 29 23 37 50 19 4 98 10 75 89 3 76 76 88 1 52 44 74 1 29 99 26 97 40 74 70 42 39 68 68 50 50 44 39 0 15 95 50 77 70 40 80 98 68 20 0 21 17 74 74 46 25 0 44 65 74 66 60 66 35 80 68 85 24 59 85 92 54 35 69 76 27 2 27 96 74 27 69 43 53 43 42 78 96 38 96 22 4 56 88 39 88 8 24 65 19 61 57 25 49 78 54 76 32 81 72 59 60 93 2 13 37 44 43 85 82 91 7 87 99 48 26 88 56 3 53 28 16 62 53 65 40 7 42 25 40 66 84 0 60 86 13 49 83 9 34 65 0 41 4 52 89 83 40 98 38 45 26 54 7 31 20 99 39 62 24 79 28 8 80 40 95 45 89 30 6 23 95 59 65 52 11 6 35 3 4 73 48 82 27 7 14 47 6 5 61 31 36 42 39 16 82 86 14 24 68 72 47 64 31 64 
16 42 23 3 97 79 76 97 62 55 4 76 55 11 33 68 94 69 10 85 38 45 24 52 21 92 24 20 8 8 37 76 2 60 79 0 39 7 97 53 15 54 81 70 17 14 90 11 84 53 48 22 50 72 26 71 17 2 91 25 10 28 2 13 40 33 65 80 93 14 33 8 68 15 30 37 29 20 0 65 25 49 87 75 73 65 46 42 68 90 68 30 18 22 95 59 7 12 91 0 27 76 8 47 91 90 85 73 11 37 90 88 86 78 64 12 95 62 54 63 52 74 46 23 48 41 34 56 54 25 56 33 1 65 80 45 55 17 70 18 55 60 7 93 90 23 57 86 85 64 1 38 90 99 61 39 41 47 95 47 72 51 32 25 68 64 22 76 34 44 46 41 5 5 34 47 28 44 33 14 8 87 4 98 86 17 89 79 64 84 78 88 36 10 13 56 75 88 32 61 32 31 2 89 36 36 37 65 32 22 31 92 9 35 43 96 52 32 75 68 17 6 56 5 16 21 61 43 61 46 4 94 77 6 35 13 95 72 30 79 95 61 72 4 48 15 52 52 47 80 20 16 86 28 21 54 50 35 98 11 33 54 57 10 61 93 75 8 17 58 87 12 19 11 69 20 26 73 72 26 53 45 94 91 73 16 46 75 3 44 87 36 50 96 98 11 89 73 71 7 31 11 71 3 22 92 75 1 66 47 79 71 92 73 63 18 41 9 93 44 5 32 32 55 29 30 19 70 56 90 77 39 53 1 94 76 93 69 29 11 69 8 83 13 81 46 31 23 7 25 19 12 57 52 67 38 34 38 9 42 81 38 82 34 39 28 62 85 98 91 96 19 51 31 32 85 77 64 8 84 41 79 48 50 83 68 89 18 6 98 12 87 88 46 22 28 75 36 65 25 
80 13 44 31 45 28 16 22 44 76 59 85 8 59 88 91 27 29 61 34 79 74 73 67 20 47 47 47 84 12 24 16 26 68 99 71 49 16 45 93 44 56 79 52 16 19 44 95 48 57 81 27 31 55 94 4 54 42 3 90 54 28 6 32 48 6 3 97 74 1 91 70 9 22 23 77 93 19 73 41 76 6 68 60 13 14 16 68 56 19 58 63 99 17 95 0 75 51 97 1 4 40 71 13 14 94 91 7 65 16 0 94 22 68 54 36 83 22 56 91 41 66 6 93 83 54 93 10 5 42 11 61 35 83 26 49 29 17 9 47 85 9 41 8 30 95 96 65 17 52 56 10 70 15 55 6 69 48 16 26 43 28 87 78 63 13 79 44 83 88 91 20 50 32 28 80 79 76 97 48 80 5 11 51 20 66 57 89 67 73 15 10 53 2 40 68 68 19 13 3 60 56 23 10 89 4 42 20 80 39 69 61 96 80 64 17 98 21 6 65 46 22 27 0 76 67 20 96 87 85 99 47 42 23 9 83 79 51 3 59 42 24 72 90 4 36 7 55 9 14 20 56 88 48 8 16 15 80 13 54 66 12 1 60 87 10 43 66 13 98 78 7 23 2 98 79 91 57 34 0 71 7 8 11 7 16 28 22 97 41 29 15 5 30 75 45 93 18 63 58 68 41 18 91 96 68 23 87 25 57 39 49 16 48 60 23 16 40 98 65 33 27 80 39 57 55 84 2 25 99 13 94 93 83 37 89 51 60 28 28 70 67 77 86 15 90 10 32 82 60 97 16 87 30 7 96 85 91 51 63 42 64 9 35 47 98 24 50 59 4 78 81 72 8 67 87 50 29 71 32 89 69 0 28 51 7 25 88 50 76 51 93 92 12 28 39 11 5 41 22 
9 19 3 81 79 22 21 29 52 92 14 93 13 14 74 64 74 99 53 24 27 56 17 71 69 98 62 32 55 3 54 16 22 57 50 54 79 71 83 83 15 49 29 81 16 3 97 90 54 2 66 33 59 84 4 80 34 66 64 41 69 18 57 43 75 7 97 6 78 33 42 46 82 71 27 98 26 24 40 80 27 7 13 38 43 69 70 77 35 34 18 4 52 27 47 79 35 97 37 65 30 79 11 12 2 90 63 28 67 55 8 46 62 73 84 5 42 6 34 77 92 4 33 44 32 33 75 19 30 64 84 60 44 48 24 46 90 39 75 57 95 35 3 9 9 39 67 3 97 53 81 89 10 66 85 42 99 12 13 29 77 97 41 73 97 18 71 88 57 98 45 4 34 1 66 95 92 33 98 90 86 31 79 96 98 65 90 97 77 3 79 6 53 72 79 2 90 51 90 0 49 88 56 35 41 22 30 33 55 81 75 94 12 55 42 62 72 33 60 1 88 91 8 93 63 87 48 6 90 38 58 40 78 14 75 71 89 58 5 96 39 80 90 3 87 33 66 11 18 26 13 58 69 21 52 84 60 0 42 51 90 0 43 21 67 70 92 56 28 49 52 19 82 43 23 21 28 89 33 98 67 98 56 36 71 60 72 31 12 15 34 55 15 29 76 34 0 20 90 80 22 95 0 4 90 23 25 18 64 10 16 31 8 24 19 79 37 91 11 49 58 97 4 74 27 32 60 79 5 51 59 27 46 11 31 36 34 8 6 50 19 74 81 27 98 0 59 87 44 22 37 2 19 93 28 98 78 89 77 83 92 89 10 90 0 93 26 87 1 84 37 72 58 71 52 8 71 11 96 67 33 85 70 4 78 50 55 56 39 32 91 83 73 1 73 74 46 99 13 0 
35 50 72 93 21 76 54 45 87 50 64 72 87 34 29 65 37 84 74 28 68 17 12 42 19 85 68 17 37 81 17 72 83 42 18 57 18 72 54 6 74 18 30 61 5 59 26 94 43 52 22 64 70 34 6 41 72 26 58 9 59 28 81 94 70 99 3 88 23 57 46 97 28 29 58 85 88 37 79 84 89 1 48 11 88 6 52 60 84 63 69 43 43 2 37 13 54 41 53 77 50 52 75 30 81 33 15 69 70 46 5 12 0 53 23 88 11 28 48 95 91 69 38 34 71 28 99 77 21 4 55 71 56 82 54 37 67 69 59 90 68 64 2 68 18 77 56 81 5 56 77 48 25 67 34 48 47 85 78 68 90 33 92 46 67 46 84 34 67 43 76 87 7 78 55 77 8 63 11 13 19 88 14 96 7 48 45 55 34 23 75 76 8 67 22 27 65 58 61 85 1 38 72 61 68 28 90 76 91 1 42 11 41 56 59 49 56 4 56 42 79 31 18 39 51 93 66 16 51 80 53 5 70 26 66 90 6 56 67 97 10 61 60 51 69 20 52 77 76 8 20 8 92 90 47 95 35 66 63 87 46 17 92 16 43 10 6 49 18 25 98 28 38 11 32 7 31 84 85 59 45 57 67 89 99 67 84 35 33 47 74 79 64 66 47 59 76 5 60 94 83 59 75 21 70 7 81 53 91 18 64 88 27 84 77 78 51 61 13 36 61 39 67 25 5 66 37 33 71 97 80 54 8 55 28 78 14 9 83 57 79 0 46 6 84 23 84 87 37 50 75 98 89 42 75 47 8 12 32 31 62 12 38 70 19 66 1 33 27 36 91 58 36 89 64 72 64 0 11 1 50 86 51 92 28 79 39 88 43 71 20 5 36 58 76 7 76 29 93 55 
65 36 13 2 25 29 26 89 29 38 91 32 24 94 24 5 73 15 93 17 38 65 74 26 75 2 34 51 31 27 58 97 63 71 51 40 52 77 29 82 67 72 66 44 67 90 49 92 57 94 61 95 60 36 74 87 38 8 39 22 87 49 19 2 73 22 42 25 99 71 59 19 96 25 63 15 67 12 7 24 58 21 72 18 9 46 6 99 6 97 21 93 98 40 95 71 62 89 49 14 60 8 33 8 86 48 23 53 12 83 30 70 4 54 41 13 52 99 12 58 48 34 3 46 26 50 70 41 39 19 55 51 79 40 60 65 88 83 71 0 66 53 22 22 7 63 87 11 62 0 21 10 86 24 57 64 74 79 5 65 98 60 68 77 52 28 95 40 64 18 92 82 71 15 5 30 30 92 41 93 44 62 55 82 38 12 47 64 91 52 81 41 65 49 71 17 78 66 10 94 36 54 76 7 21 33 89 52 78 30 97 74 44 52 57 34 17 56 50 60 60 31 2 25 80 25 95 10 43 57 4 79 63 33 86 85 66 75 89 44 57 86 71 53 90 80 87 7 36 37 68 96 20 22 74 0 47 21 11 90 30 15 69 93 48 7 30 67 82 19 63 91 57 34 44 48 14 83 55 2 72 75 99 92 49 25 92 96 46 55 38 76 23 59 21 23 66 52 90 0 71 6 91 81 40 87 29 7 22 36 9 94 64 60 38 13 37 31 62 35 38 0 63 61 60 85 85 78 37 27 79 60 33 22 93 26 10 22 85 32 11 46 79 75 59 17 40 96 0 2 32 39 3 95 0 15 32 37 93 21 65 72 82 50 95 75 28 57 50 13 41 13 12 20 40 71 38 80 67 38 83 51 29 86 99 82 1 31 19 46 53 36 19 87 39 66 14 67 75 16 
33 16 29 45 89 69 16 27 50 83 17 33 87 99 71 86 81 24 17 0 70 70 89 41 9 28 59 24 47 34 40 80 3 70 25 92 91 93 71 41 29 40 26 16 39 49 2 20 25 71 73 96 42 14 89 3 42 49 27 41 35 68 22 38 90 99 30 81 93 1 75 22 94 53 90 33 3 92 54 28 63 79 76 57 93 66 61 87 67 88 28 2 8 50 93 98 2 75 32 95 29 7 69 23 12 59 56 15 3 62 96 66 41 24 76 86 42 89 73 61 29 2 16 38 4 9 88 6 84 20 53 13 79 74 36 92 33 45 59 88 7 7 7 1 84 83 87 26 72 13 88 53 15 4 91 71 65 32 30 49 4 35 15 36 10 3 80 95 48 91 84 56 99 91 57 35 26 96 61 50 9 1 3 76 57 47 0 22 31 30 24 35 65 39 71 27 94 51 23 43 43 59 99 94 2 8 29 28 56 42 30 66 44 33 94 53 32 94 76 63 24 52 99 42 43 22 21 37 26 44 80 21 55 31 15 57 91 96 37 48 38 67 14 34 53 60 88 85 55 16 49 79 68 0 73 11 74 95 48 0 91 81 21 99 12 88 8 4 84 46 52 75 65 18 61 70 78 1 56 33 17 57 65 37 9 90 0 83 37 1 84 29 82 57 28 46 46 36 50 30 34 54 57 52 24 19 22 3 20 30 88 90 87 5 27 48 48 80 32 85 81 68 66 15 25 46 61 71 35 64 54 69 70 11 73 95 82 96 50 3 26 90 45 66 48 24 14 96 4 98 33 37 66 0 4 92 46 18 15 81 82 69 3 52 81 76 99 15 24 49 70 3 40 15 21 88 40 87 36 96 86 69 34 4 69 90 96 68 8 12 1 90 33 4 95 66 33 94 82 9 
96 52 12 36 68 33 76 60 21 12 56 59 33 42 63 3 33 12 23 41 76 24 84 9 29 31 76 14 25 58 23 21 62 36 9 82 21 37 42 42 49 51 1 83 45 17 38 78 29 61 72 5 85 56 14 66 87 90 80 64 0 56 38 63 92 99 97 13 37 92 8 86 43 61 21 88 78 11 19 7 72 91 12 10 99 27 76 38 69 9 54 22 65 92 85 57 92 34 22 29 26 30 67 69 92 41 10 22 52 81 30 25 24 42 35 23 21 63 13 91 72 67 13 37 12 50 46 56 36 69 37 63 51 4 84 95 97 94 18 50 27 48 27 51 42 14 74 16 77 39 7 2 7 72 39 71 74 86 27 10 7 64 25 58 20 10 6 18 56 24 68 84 24 47 35 18 13 62 34 42 1 93 44 60 17 36 31 43 74 58 6 81 74 31 91 95 41 97 13 50 73 33 34 49 32 21 20 45 35 54 87 37 0 32 49 17 20 33 61 94 43 19 75 18 50 66 13 44 16 78 94 41 63 80 43 95 53 63 40 89 17 79 78 69 63 79 87 83 12 0 77 56 19 4 26 21 71 91 65 39 69 11 32 84 43 75 79 97 38 71 38 8 50 68 77 66 47 16 49 12 16 27 68 87 31 46 9 54 37 26 45 58 38 78 94 81 5 73 30 96 96 20 4 46 88 33 12 36 50 14 48 18 93 68 6 76 14 15 31 3 93 28 13 31 58 7 65 64 32 95 12 28 68 16 26 56 49 91 92 51 5 92 70 98 60 28 74 26 95 57 81 88 38 46 20 96 5 37 12 89 32 24 17 0 92 96 9 94 87 1 97 44 94 67 94 6 95 20 85 90 30 66 79 20 65 51 68 70 88 81 60 72 57 29 25 2 25 34 48 64 
87 45 60 33 65 6 40 60 27 77 3 9 43 34 29 60 37 97 31 25 30 43 49 40 72 74 94 50 60 42 66 0 87 27 33 52 85 25 65 64 2 20 73 98 54 54 58 91 52 41 68 34 84 17 74 9 44 68 11 56 62 77 56 50 56 90 54 42 67 19 6 70 91 32 20 45 86 78 88 90 72 56 25 56 26 51 17 70 72 28 78 34 6 35 36 14 25 91 56 92 62 15 14 54 47 34 51 85 65 40 76 37 48 53 45 74 56 63 96 28 91 75 15 49 62 51 64 39 94 72 83 9 39 98 15 38 84 18 24 49 58 52 38 59 57 84 85 13 47 82 94 90 9 9 40 23 12 56 62 59 80 45 20 20 95 87 58 80 5 34 81 16 86 20 75 43 4 60 9 3 94 55 45 55 64 85 78 28 93 92 39 26 38 59 46 33 46 56 65 4 91 47 20 29 19 47 25 75 59 34 78 6 89 23 61 5 61 92 85 6 36 77 32 74 36 30 60 35 87 77 91 30 24 11 59 95 10 84 70 69 70 0 75 11 24 89 68 37 33 6 95 69 83 28 96 71 10 56 58 49 33 49 79 10 12 91 5 22 27 28 92 50 28 19 61 4 60 82 93 93 88 89 63 71 69 11 94 79 67 53 81 52 2 12 14 15 3 72 37 83 0 81 33 80 1 46 85 61 28 78 7 68 19 22 91 88 33 86 20 52 39 1 56 41 13 71 8 69 43 98 52 95 79 37 27 32 83 12 46 64 43 53 84 14 27 76 3 60 62 75 12 53 28 20 46 93 91 55 62 86 53 66 33 84 3 61 17 39 25 15 3 20 68 87 35 95 15 90 7 29 65 71 82 93 91 29 38 35 36 1 21 41 67 7 25 23 68 42 62 93 
57 65 14 77 4 1 24 20 91 83 49 8 54 84 1 98 65 91 33 1 92 6 42 12 13 67 35 33 62 97 79 71 14 45 1 70 46 77 90 37 61 92 45 67 28 98 65 93 89 50 94 34 57 88 98 22 7 33 56 69 82 87 93 48 32 94 18 78 71 61 67 84 5 64 52 33 14 69 78 55 20 72 89 29 12 87 3 19 72 59 41 6 98 86 6 30 32 77 60 55 38 27 40 95 91 92 80 57 13 58 13 33 82 2 14 94 42 18 65 66 29 58 73 28 44 31 58 76 8 19 32 98 98 24 93 42 68 25 99 81 83 12 15 17 67 81 63 9 99 29 27 29 39 52 9 84 84 67 12 92 38 96 91 37 20 36 31 40 62 30 22 97 95 89 15 62 70 78 23 70 7 50 51 99 55 60 83 39 79 47 31 18 96 22 7 68 11 90 9 73 20 31 70 67 20 37 29 90 16 4 12 75 7 63 74 62 75 9 1 55 57 32 25 5 7 84 73 70 74 82 43 46 13 65 14 85 3 95 28 19 0 40 46 7 56 21 69 31 30 70 38 39 54 15 44 13 51 70 83 25 52 78 24 18 44 90 55 47 85 83 18 85 76 64 44 32 37 13 15 20 35 6 59 42 21 56 55 73 26 91 50 78 69 74 48 13 64 4 12 2 87 82 87 63 99 84 47 36 97 15 56 85 21 68 27 94 24 34 19 2 25 70 32 95 96 81 60 13 37 25 15 24 7 54 40 6 38 39 95 88 54 3 73 75 71 52 22 47 86 41 49 12 11 82 59 60 63 19 73 0 96 40 76 4 46 68 62 85 8 57 25 62 61 50 90 84 2 12 32 88 53 81 52 17 15 11 77 30 83 2 82 79 42 59 35 40 79 98 77 87 
7 2 2 20 52 44 57 54 56 89 95 61 22 99 78 38 63 7 68 46 9 51 77 3 62 13 44 41 63 73 81 22 76 35 43 80 79 0 87 87 41 82 48 63 81 79 53 96 38 22 42 48 25 72 3 87 85 99 80 0 73 61 22 1 96 17 81 27 69 68 14 10 2 15 26 36 46 79 32 84 53 27 84 78 99 88 65 36 39 46 36 64 59 10 65 8 28 99 35 97 67 50 60 22 17 38 58 63 69 42 47 23 69 32 53 68 72 71 4 63 17 92 28 28 3 45 36 31 44 24 80 64 74 92 38 43 82 48 6 52 90 53 27 60 37 80 80 61 51 85 25 20 29 53 49 32 50 37 15 47 61 48 63 87 92 1 30 75 49 88 79 39 94 6 51 31 86 32 45 90 69 70 10 98 75 11 31 25 1 46 72 14 46 35 2 39 88 84 14 37 25 93 77 19 51 28 2 37 12 47 79 81 17 42 80 92 53 11 70 6 9 94 21 56 30 75 47 70 11 61 8 36 6 37 55 57 17 10 46 30 57 26 11 27 68 43 71 73 54 41 32 16 36 53 24 18 80 71 88 91 84 48 28 90 85 35 99 3 45 45 85 3 23 48 82 43 92 53 17 98 47 49 14 83 54 90 53 34 61 93 77 97 42 5 39 79 41 38 34 86 36 19 41 11 68 23 55 12 29 24 10 76 25 77 11 79 67 64 65 81 9 42 78 51 48 70 31 41 60 17 79 96 37 21 60 57 96 15 69 25 39 31 53 64 8 64 95 28 28 60 9 90 2 39 41 2 9 24 43 70 94 75 18 31 96 78 40 44 45 61 22 84 44 75 0 53 40 95 81 20 7 42 10 10 81 4 64 91 80 60 13 74 35 31 57 83 62 97 27 7 
10 49 92 55 25 44 60 65 40 41 37 47 83 48 9 16 52 26 7 32 38 72 59 73 4 16 8 18 66 35 25 28 37 69 83 14 14 43 31 6 36 68 5 71 16 67 88 20 93 47 5 31 20 64 56 76 32 64 94 98 51 71 27 40 41 62 54 7 58 85 13 46 6 70 70 74 37 10 95 82 57 0 65 29 16 73 57 48 89 3 99 93 27 78 33 68 40 40 27 98 77 92 97 83 62 67 58 52 77 53 86 86 5 52 68 73 77 25 73 67 81 72 60 8 2 93 28 43 33 55 93 11 47 90 46 61 9 4 13 86 9 0 73 66 4 41 91 81 18 65 48 99 89 8 59 92 54 87 87 39 42 32 2 41 75 1 3 84 5 16 71 67 68 96 85 72 89 77 54 59 94 2 59 35 63 70 79 69 58 66 60 52 51 63 46 26 16 49 10 21 17 33 40 86 29 78 58 70 55 12 30 1 67 41 88 82 11 68 51 21 86 63 26 37 78 72 63 94 73 74 68 90 59 8 76 41 86 87 11 93 51 93 46 18 34 35 52 98 3 55 19 41 19 97 79 97 69 42 92 42 68 12 85 28 20 61 21 59 0 32 4 52 26 51 22 12 86 75 10 41 30 82 82 1 31 61 51 1 56 43 95 76 55 80 56 27 94 77 38 94 62 43 98 88 94 21 52 32 48 15 73 30 97 7 32 28 21 83 81 29 78 29 5 85 61 14 64 55 91 3 2 53 46 52 93 92 25 46 24 73 13 49 4 10 8 88 90 29 23 24 58 53 5 16 90 66 30 54 74 73 9 28 27 7 80 72 99 6 18 75 31 31 76 87 93 85 75 36 66 50 12 77 3 17 93 93 35 75 0 9 48 9 37 27 17 18 0 68 76 70 
44 7 54 72 95 99 57 22 87 76 25 51 53 28 68 98 74 4 73 26 65 73 87 3 53 4 73 53 73 49 75 69 8 81 41 3 81 51 78 20 27 3 72 80 83 92 30 9 48 55 35 14 28 23 17 33 79 42 38 4 91 14 25 99 95 19 55 28 70 33 49 49 88 21 81 71 13 11 33 62 66 68 28 46 43 97 80 75 39 18 31 30 84 57 81 32 76 88 60 98 73 61 47 61 82 28 85 48 39 18 62 5 38 90 3 34 87 35 9 26 54 40 8 90 49 41 22 25 30 35 23 55 96 70 17 79 50 54 79 89 72 41 46 62 83 50 96 70 37 57 48 91 50 8 34 99 49 56 77 31 43 52 39 40 75 56 71 25 62 50 15 34 43 13 48 26 63 45 48 1 2 96 44 4 56 30 4 57 39 81 41 82 85 80 22 60 88 93 86 50 95 1 36 38 14 84 64 30 81 64 83 36 12 79 40 68 10 96 26 1 29 67 83 15 99 58 75 87 3 61 37 99 62 25 37 29 9 54 11 91 18 46 79 31 25 19 51 87 16 77 40 45 96 24 60 47 82 36 34 85 49 23 36 64 48 74 93 10 80 56 53 98 2 32 81 79 51 33 19 19 62 59 17 11 83 29 58 17 17 93 55 67 16 91 31 17 17 24 27 97 32 80 48 34 12 29 65 15 14 84 87 77 44 4 88 79 33 46 49 51 91 56 18 8 47 1 77 17 25 4 66 9 84 14 43 48 96 60 63 10 45 2 39 41 6 27 20 92 26 21 95 17 77 65 77 77 66 54 94 43 58 60 52 94 27 47 42 23 7 58 85 4 60 25 45 19 4 66 63 30 39 58 48 17 75 77 94 41 32 40 36 90 0 88 37 79 87 79 54 94 
37 40 99 50 17 44 69 21 62 32 4 54 42 4 71 17 81 17 10 13 57 46 56 57 86 93 89 73 24 43 19 62 83 18 64 52 15 33 74 29 17 78 83 59 34 6 76 15 23 38 29 80 84 37 90 70 82 79 43 6 74 62 20 10 33 84 62 0 17 36 81 34 66 17 45 52 23 73 68 99 11 49 79 95 86 21 17 68 52 60 26 27 75 47 37 60 31 99 60 49 88 41 35 6 10 33 59 34 6 79 33 70 28 64 65 66 38 35 86 90 47 12 69 22 59 58 34 91 10 46 92 98 40 79 56 50 64 67 84 71 46 69 93 26 86 10 92 24 45 30 66 93 43 36 67 54 94 2 97 56 48 41 6 40 73 63 91 37 82 27 60 81 97 53 7 83 64 52 59 9 82 25 54 77 13 22 32 60 76 29 16 76 23 23 17 96 38 8 33 20 35 46 1 84 99 9 19 15 61 78 77 95 4 31 73 69 5 5 29 81 86 46 10 9 69 27 57 7 87 43 79 22 89 81 59 40 42 78 56 55 57 33 50 13 16 23 82 22 28 12 55 67 10 65 28 31 92 86 90 79 29 69 54 70 2 13 10 44 91 18 99 0 51 50 13 20 25 48 42 54 12 97 73 74 63 1 5 7 87 95 39 68 16 45 38 19 58 49 15 1 67 15 54 71 17 19 91 42 67 85 48 31 34 21 5 49 23 62 9 62 57 48 31 26 93 69 45 3 70 60 56 90 27 10 61 96 30 4 91 49 41 39 33 75 13 38 77 88 1 86 2 10 34 33 36 79 55 33 82 25 46 90 15 73 1 28 70 83 84 61 32 25 52 17 53 17 56 30 5 9 16 8 19 2 93 8 81 48 41 15 26 39 5 41 13 58 22 35 41 6 
48 26 84 52 43 89 70 51 19 27 60 87 87 32 41 81 92 22 81 33 89 7 73 46 1 38 5 23 25 98 81 73 24 65 77 20 54 47 71 25 27 84 64 14 16 5 47 8 79 29 93 20 88 18 67 89 8 72 12 33 70 94 58 47 11 36 67 18 35 90 43 62 74 60 29 42 65 28 50 45 57 96 65 98 14 84 87 23 8 52 8 79 98 67 78 9 3 97 79 90 87 75 53 14 35 34 56 0 62 7 97 72 55 15 70 69 99 57 44 8 61 53 39 59 72 69 21 27 66 0 17 5 27 70 19 62 56 76 63 19 35 12 91 42 79 61 11 31 70 8 91 32 13 82 43 85 51 16 12 69 69 81 74 96 52 46 59 8 74 74 79 9 38 70 51 18 83 14 1 54 74 92 38 39 74 33 76 77 2 40 46 71 22 72 19 26 18 30 86 44 56 66 53 95 36 56 65 20 23 66 26 49 10 64 89 36 49 65 65 51 6 63 22 80 35 94 6 6 24 92 50 81 58 56 28 47 64 45 19 39 11 45 89 73 61 30 61 10 47 26 62 53 89 36 33 76 82 91 34 7 84 37 40 94 93 68 41 9 13 60 49 76 5 90 1 18 20 62 29 67 88 43 73 29 79 58 5 62 50 40 21 86 77 13 80 22 33 22 31 98 34 32 74 92 22 27 10 94 89 39 62 29 82 35 58 14 45 15 28 95 7 1 81 36 14 62 58 47 36 42 45 70 74 71 14 49 98 25 43 39 64 57 20 99 44 30 13 90 45 93 37 5 94 19 41 8 33 0 55 21 94 0 43 20 23 58 69 21 83 65 12 99 22 32 98 67 62 63 57 59 8 46 64 2 65 6 10 50 58 17 23 52 69 67 72 92 77 94 65 60 
59 77 11 81 9 10 0 23 25 9 83 34 56 99 36 73 57 99 76 15 68 99 19 38 18 92 82 95 86 48 7 97 25 19 78 87 81 31 62 6 40 97 92 96 97 81 70 54 80 46 22 0 45 41 38 16 33 21 11 71 21 71 20 98 90 51 85 71 82 48 29 22 45 22 71 94 3 41 49 35 39 71 35 36 64 26 52 50 99 16 73 20 87 94 18 77 45 56 0 27 56 29 1 53 3 72 48 58 65 49 93 4 72 81 93 36 59 45 86 58 13 60 78 0 54 48 29 51 56 29 30 12 11 31 66 14 56 66 25 73 15 70 30 87 51 23 23 10 20 62 20 34 22 50 34 28 99 64 79 55 93 9 20 56 92 38 71 48 4 48 22 19 18 52 58 70 27 33 32 47 95 53 81 69 3 68 97 54 32 76 62 77 85 34 34 30 72 57 78 76 5 52 47 23 56 5 45 83 90 30 31 38 35 64 7 90 32 57 97 16 33 59 94 71 93 80 1 17 37 31 93 94 84 92 69 92 97 67 76 39 97 59 77 84 23 37 74 8 94 71 24 79 82 18 2 27 50 55 44 39 87 89 33 23 81 55 15 30 22 91 70 71 2 99 7 26 36 81 34 30 5 10 62 39 81 64 67 31 20 11 71 59 1 56 82 34 63 97 65 85 41 35 8 43 34 15 21 23 49 7 5 6 18 67 45 99 84 12 30 4 76 53 63 29 10 97 63 73 94 28 11 87 15 71 31 2 39 4 25 40 12 30 46 30 50 91 29 34 56 11 38 84 65 53 65 27 50 80 52 96 61 15 84 76 87 67 78 26 71 3 18 83 86 64 13 36 7 94 70 63 58 60 99 75 13 64 2 15 97 54 11 58 70 95 34 9 62 65 87 34 
20 5 69 58 69 83 94 76 29 16 92 87 76 43 62 41 60 16 56 57 23 68 15 45 15 1 54 78 18 41 64 39 98 33 97 67 68 44 95 98 60 39 37 89 35 52 30 95 20 87 52 43 7 19 88 22 72 42 52 91 35 16 30 33 2 79 52 70 23 0 20 36 39 10 25 26 14 55 21 34 94 25 78 1 96 66 24 69 61 76 60 48 45 42 82 47 73 86 69 97 86 42 85 78 52 10 4 66 65 78 52 60 3 30 61 0 49 37 21 62 66 33 10 11 75 44 10 0 31 31 97 69 73 34 47 77 44 4 95 10 82 48 22 85 78 35 37 79 25 10 41 91 43 4 54 70 48 16 71 31 47 20 1 73 55 0 50 99 4 46 61 86 94 83 24 24 71 13 4 96 24 45 39 19 49 93 90 50 61 61 81 8 33 34 33 88 87 84 88 91 30 1 30 76 37 6 0 8 71 4 56 47 2 95 67 3 40 9 53 1 70 35 61 3 21 95 44 8 79 32 52 61 85 34 89 22 40 89 30 63 46 86 11 48 33 30 51 73 39 57 74 61 44 88 64 65 83 60 26 14 44 78 27 30 12 16 52 4 57 83 67 3 21 30 3 55 60 7 80 99 64 7 60 8 95 77 25 78 37 51 44 82 81 71 12 93 87 16 49 96 51 69 0 73 99 55 80 60 14 12 11 78 19 72 38 14 49 64 44 38 67 88 20 49 59 84 94 98 53 44 95 4 65 47 29 64 2 61 76 17 74 88 47 93 60 86 60 61 2 4 99 69 45 72 70 4 8 65 55 61 61 50 66 78 49 47 42 51 9 19 20 35 59 20 80 19 6 40 32 60 97 31 81 42 55 52 98 16 69 53 77 82 55 95 12 4 95 54 8 4 
25 28 39 84 0 19 55 6 12 87 18 61 71 0 3 78 4 53 94 25 7 24 59 14 71 71 19 66 77 27 70 55 7 61 91 8 33 47 66 97 86 37 58 9 89 61 88 45 66 34 22 25 58 33 40 30 4 11 48 33 90 71 88 49 32 32 57 17 31 76 14 17 65 72 79 54 85 19 99 52 53 73 29 64 6 69 46 10 80 94 95 22 65 36 72 50 68 81 67 99 57 34 68 22 58 47 28 44 18 79 48 24 52 77 88 58 99 86 20 31 32 16 54 98 4 26 0 72 7 19 23 17 53 91 91 12 91 20 8 61 51 8 85 4 37 25 62 88 11 83 20 44 51 74 94 55 52 94 79 59 13 2 28 19 45 20 83 88 92 91 50 43 51 87 47 88 13 62 77 24 97 49 20 0 75 14 7 27 8 86 38 74 40 67 93 37 39 76 78 31 19 28 26 70 67 74 10 80 88 39 57 85 40 77 85 15 92 92 94 52 30 85 78 22 4 71 59 43 99 37 26 18 17 52 40 85 78 3 17 66 94 74 3 35 4 40 2 96 84 97 0 66 82 79 88 86 2 48 81 2 37 7 72 55 11 65 92 90 20 9 8 14 36 64 1 40 4 4 36 41 53 88 7 35 19 96 73 22 44 6 76 81 65 48 88 76 65 80 18 85 42 79 52 78 43 53 18 99 9 6 40 62 94 0 49 14 96 74 88 92 80 64 25 45 64 14 74 30 46 44 67 88 23 19 18 18 25 36 18 34 42 10 49 89 10 98 55 58 73 43 50 5 7 28 51 71 42 77 53 40 21 21 81 45 92 99 63 17 36 33 4 30 96 53 71 6 51 26 17 76 69 67 82 28 47 85 0 41 62 5 82 35 26 63 32 19 14 96 88 50 
81 92 33 77 45 4 36 49 31 53 25 52 72 59 81 20 44 33 61 58 38 95 46 17 10 78 36 25 26 76 27 8 21 60 37 18 17 73 67 0 78 45 52 3 4 85 75 1 18 88 11 9 84 57 26 94 36 14 71 62 90 99 22 11 11 60 30 28 85 49 80 64 94 33 19 51 70 94 4 41 82 67 50 66 77 76 13 65 90 84 79 32 35 2 96 47 14 78 27 99 27 8 15 74 93 86 77 63 80 33 4 63 0 6 81 77 82 46 94 24 83 74 57 18 76 5 17 42 83 45 93 10 53 9 36 98 95 13 61 28 98 18 43 99 24 24 28 59 23 23 83 6 49 92 24 77 97 94 19 80 39 12 43 44 73 79 42 21 45 55 49 43 73 44 94 50 68 75 9 43 50 44 49 99 37 26 76 86 20 47 19 11 59 14 55 85 45 49 6 90 4 7 86 30 51 32 80 71 7 41 15 57 85 16 8 74 94 84 61 14 31 32 77 43 46 84 28 91 33 86 34 90 45 20 72 96 4 4 19 12 45 34 21 82 3 30 57 97 66 70 64 50 54 41 93 0 26 73 43 11 59 77 53 4 49 25 52 54 29 71 18 26 58 39 9 13 21 18 10 88 40 74 38 94 68 83 46 46 56 89 57 67 19 63 23 68 88 27 74 70 98 44 48 8 36 9 21 57 27 84 97 67 10 87 13 78 70 59 76 78 49 86 97 20 49 72 88 89 99 15 11 50 59 60 58 95 69 32 5 97 16 2 16 78 42 82 9 64 41 85 43 42 71 92 62 72 65 3 62 64 18 25 14 29 85 25 77 55 57 82 4 25 36 72 3 78 54 64 43 48 50 38 90 73 30 5 98 47 8 12 12 78 37 78 59 23 3 36 30 12 
70 86 37 7 58 93 37 65 57 80 13 59 70 55 85 1 60 83 48 20 95 12 50 84 91 10 59 46 98 89 59 69 27 48 28 86 93 65 3 3 98 68 62 68 23 99 69 36 82 70 56 29 34 7 66 77 69 25 24 67 67 35 88 94 35 16 32 29 82 35 32 32 3 46 0 27 46 22 63 80 44 71 10 78 30 28 8 99 53 84 19 20 19 7 15 6 76 47 35 10 35 67 42 38 66 42 17 12 64 32 92 60 4 54 39 86 82 47 38 36 83 57 8 2 16 75 8 92 23 96 54 10 15 96 48 81 91 18 93 7 50 38 68 6 92 59 93 75 58 31 63 41 40 23 95 8 99 55 1 74 51 55 84 67 4 84 0 95 2 94 54 53 32 22 11 76 81 4 3 39 87 66 32 79 42 27 88 41 83 41 15 86 48 51 5 52 35 6 99 38 52 54 43 84 28 54 60 10 11 16 1 50 82 34 30 24 13 18 17 96 11 84 35 59 35 40 12 71 46 63 61 98 17 4 34 98 10 47 8 21 63 61 72 97 95 2 74 61 72 91 57 83 76 44 42 63 85 6 86 31 22 47 82 91 3 68 89 14 15 97 35 78 11 7 28 58 61 2 19 33 45 29 68 21 73 63 37 58 21 23 42 43 71 24 35 74 44 24 88 60 74 76 90 37 35 18 95 97 72 15 82 18 44 3 91 17 66 28 76 87 52 70 31 23 46 18 49 90 94 90 50 20 66 93 57 1 63 53 50 36 20 85 54 64 88 97 33 54 26 9 93 78 31 24 53 77 94 54 68 89 44 70 61 62 63 19 16 79 24 18 15 44 3 21 8 91 18 41 97 96 3 91 26 34 67 79 64 62 86 32 3 82 54 64 45 70 35 13 49 59 
31 64 3 87 37 63 78 7 57 76 4 12 67 30 98 34 62 62 48 0 46 51 82 1 68 79 71 3 92 20 63 76 36 18 63 73 34 93 80 91 69 36 55 88 19 53 75 81 16 23 33 62 27 15 63 95 95 86 98 39 6 13 67 42 84 82 67 18 76 0 61 97 36 16 38 55 69 13 88 37 88 21 0 15 89 15 62 36 2 13 27 60 26 95 55 62 29 22 32 5 22 93 55 11 61 93 18 83 58 7 20 46 80 72 14 21 40 28 57 42 41 37 54 20 32 9 82 13 84 15 19 58 60 26 69 74 19 88 57 29 47 29 27 79 54 93 1 94 22 58 88 63 47 42 83 31 4 18 45 88 85 16 46 45 42 68 71 13 56 80 42 55 10 69 34 64 63 35 10 85 46 98 0 93 92 36 25 96 54 70 36 39 86 35 36 80 3 8 93 11 88 35 66 50 56 0 66 19 88 76 56 86 74 9 79 19 45 56 15 51 78 4 90 16 39 78 96 94 38 89 5 27 76 23 29 33 75 96 4 63 72 13 49 99 22 81 18 19 89 85 70 68 89 12 36 80 42 33 74 81 74 79 8 51 2 89 36 78 85 40 93 58 5 95 9 79 28 79 98 17 64 20 37 6 84 74 86 27 7 61 60 33 92 20 84 95 9 20 25 95 13 70 5 70 65 14 50 45 45 0 15 9 73 52 15 9 26 54 88 85 15 48 19 7 68 55 54 78 28 31 25 93 2 30 63 19 96 13 65 41 14 80 2 39 84 70 48 63 24 37 48 39 85 19 46 6 27 53 84 55 84 61 48 86 91 11 58 39 77 75 80 43 55 34 82 91 4 82 54 28 19 55 67 57 74 66 63 53 19 99 8 55 60 8 94 3 72 52 42 1 
27 74 44 34 8 78 25 13 60 80 93 32 35 61 89 61 79 52 67 50 3 27 5 63 36 99 18 60 51 60 61 30 86 57 64 46 35 42 11 47 74 5 79 61 18 68 22 97 72 41 99 27 69 4 42 5 56 60 17 59 72 78 90 58 87 6 57 22 0 68 21 74 73 1 35 43 21 10 40 94 51 91 21 20 96 64 77 4 76 94 63 49 24 53 59 63 12 16 85 12 85 59 39 10 60 74 54 81 36 46 27 88 38 1 60 86 17 38 90 93 84 53 42 61 59 54 24 23 70 62 35 7 21 26 18 81 1 24 14 37 70 42 77 60 43 38 46 60 76 88 5 12 42 48 73 53 54 50 76 24 12 63 32 33 90 2 66 43 26 80 80 48 74 10 9 17 48 7 29 76 96 35 88 90 35 14 43 89 64 19 65 28 34 49 13 24 51 79 19 29 11 0 78 86 62 39 55 10 46 85 86 42 72 26 32 59 92 75 48 8 46 65 36 33 15 49 57 18 80 29 48 92 29 78 30 91 17 85 53 63 22 91 58 94 69 90 53 62 18 53 22 16 71 11 49 86 60 59 56 93 88 56 37 69 34 67 12 3 52 65 67 75 56 77 21 77 67 27 91 85 80 14 54 51 25 3 89 37 62 98 30 50 54 67 19 41 34 31 44 39 48 63 14 56 40 87 34 60 14 25 97 47 91 51 50 16 55 92 54 17 90 36 20 44 4 91 37 90 75 82 29 23 97 95 80 38 35 66 98 49 43 47 96 35 99 99 51 54 91 57 23 81 94 43 77 50 87 15 92 62 49 74 85 46 21 17 36 56 35 86 58 79 34 54 14 33 5 17 39 96 27 62 77 73 58 55 75 45 70 67 7 19 93 44 17 15 62 54 23 97 
40 81 28 74 88 94 59 93 64 98 90 91 13 67 16 71 74 91 68 96 10 75 67 4 71 85 71 33 91 94 83 31 76 11 58 64 6 17 9 70 16 99 13 29 19 29 52 93 20 20 42 82 47 9 86 18 46 9 4 37 4 87 21 32 50 79 48 8 96 57 30 64 9 43 45 28 24 97 73 96 69 15 79 16 77 17 87 75 27 91 65 31 30 86 63 32 17 11 41 13 20 71 30 29 67 75 57 91 25 83 88 94 50 67 63 79 84 50 55 63 93 20 94 23 58 9 55 75 72 48 40 93 20 70 22 39 98 32 30 23 15 18 69 65 37 32 45 74 34 52 37 27 24 32 2 82 93 10 57 66 58 97 59 30 68 33 69 18 17 0 93 32 70 62 50 8 47 47 82 81 51 71 9 75 3 63 57 49 73 14 15 84 63 26 14 83 59 36 1 29 88 94 13 58 57 63 18 4 62 52 37 65 24 98 40 79 62 49 28 35 15 95 19 79 21 86 62 33 22 64 62 62 10 75 72 67 91 91 23 5 95 13 71 71 11 63 51 73 13 31 61 28 79 80 7 0 18 22 85 92 38 99 54 48 75 27 68 18 70 43 75 65 56 46 37 68 10 40 93 75 23 54 3 2 87 63 55 5 37 40 50 75 40 4 23 67 83 43 37 53 87 12 71 43 11 8 63 73 0 57 48 23 63 3 78 50 18 33 8 55 25 10 30 65 14 6 84 98 49 21 3 36 86 74 32 97 34 95 70 34 4 70 10 20 73 40 22 92 73 30 47 98 92 30 16 7 36 0 57 85 74 12 74 60 87 6 9 21 53 79 8 58 49 18 78 74 58 0 18 83 83 18 81 75 48 49 34 36 50 43 73 76 56 47 36 43 53 45 16 7 
76 24 17 77 94 47 51 4 99 70 87 82 40 21 10 40 70 96 76 72 40 49 48 48 97 36 91 2 81 59 61 9 84 78 86 30 25 38 35 77 60 74 59 52 47 21 92 70 18 68 94 10 17 43 58 66 79 1 69 13 60 82 22 96 61 9 27 38 99 14 15 11 88 27 63 88 0 55 58 70 75 52 80 44 47 90 11 79 91 32 92 4 14 66 0 27 27 79 18 26 93 33 89 82 12 4 22 13 59 80 83 34 84 16 31 32 6 42 11 50 26 55 6 92 21 58 20 49 38 38 27 31 23 17 65 36 73 87 1 33 67 36 19 4 52 50 36 11 44 47 13 70 2 71 15 75 29 35 76 67 25 4 99 48 73 64 36 46 4 89 31 23 26 3 27 30 5 63 93 50 62 58 72 16 29 87 92 59 74 68 26 99 24 77 48 49 94 36 96 98 26 79 21 4 82 1 34 88 64 80 90 27 38 62 95 68 2 87 79 76 8 57 76 32 87 76 34 81 64 30 31 90 61 4 94 44 5 81 32 22 61 74 1 51 88 96 71 90 84 50 19 44 8 47 28 47 75 62 28 39 44 11 30 6 67 76 50 25 9 34 47 70 8 48 74 48 44 45 39 80 96 10 76 56 57 5 3 32 19 83 23 64 46 5 22 13 82 72 90 43 58 37 14 18 37 40 66 34 85 57 66 81 67 43 89 76 0 44 60 19 27 84 35 25 89 57 91 23 81 81 19 91 71 85 9 60 25 28 94 10 85 13 44 5 8 33 81 8 30 42 79 57 78 67 35 19 76 26 95 58 7 14 49 30 99 11 91 24 39 85 34 76 50 30 81 58 64 15 66 94 9 98 3 87 65 90 58 93 16 53 51 76 19 53 6 18 64 97 94 55 
35 29 31 85 11 13 44 75 28 62 21 37 60 77 76 77 67 34 71 36 40 74 12 59 27 70 78 43 68 24 98 55 5 30 40 17 95 84 44 23 99 18 12 11 95 40 41 14 26 12 2 66 38 14 26 18 85 56 61 5 80 60 60 38 42 0 55 37 37 99 12 88 17 76 99 64 16 40 79 42 4 81 61 43 48 39 61 85 47 74 90 79 34 2 17 76 54 72 65 91 72 77 31 89 53 31 54 21 71 85 16 28 18 77 23 66 16 84 51 63 10 93 42 45 95 60 73 50 32 91 93 56 68 25 46 74 8 52 47 31 89 63 59 7 40 82 26 8 18 29 71 29 23 66 26 70 78 51 20 10 42 66 19 11 43 17 37 51 69 84 82 58 48 94 17 40 28 43 49 47 73 72 28 96 38 54 18 16 5 39 79 48 57 98 11 0 15 48 3 36 84 85 46 32 31 63 73 60 7 74 7 80 46 35 28 85 41 46 53 46 37 32 46 94 82 57 46 49 57 49 85 42 87 31 74 18 95 99 78 2 25 37 34 72 24 62 9 65 8 14 64 98 99 10 92 81 68 39 31 25 40 68 19 27 0 94 46 47 45 24 1 23 62 35 95 86 49 56 4 57 70 68 7 21 78 0 3 98 91 86 76 31 6 95 59 6 41 5 5 87 81 6 10 95 41 57 34 90 65 38 0 87 58 7 9 36 59 64 35 50 50 11 34 8 58 45 15 0 50 72 87 83 79 49 31 72 58 65 15 23 55 15 10 13 74 71 49 34 35 36 36 37 99 22 46 58 67 61 10 69 85 49 53 64 98 84 37 8 1 52 31 56 19 93 69 45 65 70 79 0 59 68 38 10 90 84 20 58 97 30 27 34 79 32 99 29 68 88 89 69 
92 72 25 11 66 46 56 83 69 88 35 28 8 25 90 98 61 63 8 58 93 88 93 25 72 44 6 41 32 96 10 76 68 88 39 86 34 95 69 3 35 57 83 43 82 26 94 44 89 54 54 82 94 99 59 67 43 18 8 27 14 70 3 34 58 42 21 93 90 42 48 77 99 84 73 82 10 67 26 99 73 32 33 68 32 45 87 75 63 47 55 77 17 58 63 76 53 36 21 95 79 21 72 30 5 45 64 15 64 90 66 90 23 0 10 7 45 97 82 8 44 37 37 13 48 52 41 53 89 62 48 68 84 72 98 89 70 15 57 34 57 23 76 80 75 86 39 72 35 22 32 79 11 21 45 11 74 86 64 63 49 64 31 85 37 81 26 7 48 83 93 6 59 70 38 86 8 78 59 44 0 91 75 63 13 20 75 87 7 39 2 8 4 85 93 93 18 19 0 67 55 45 73 66 67 11 52 76 89 11 72 89 55 47 5 20 68 80 59 27 71 61 35 27 46 80 20 64 51 72 83 6 70 56 24 37 68 77 65 57 40 37 99 95 85 4 15 5 36 74 84 7 87 19 87 33 99 59 50 50 32 33 9 54 90 33 91 10 10 9 67 51 46 18 98 83 74 14 40 62 40 24 22 28 95 9 13 94 68 63 97 52 49 6 6 39 91 50 49 54 59 68 5 57 39 55 93 65 69 85 28 62 10 50 90 57 59 3 52 79 19 1 32 68 59 38 7 50 40 8 4 51 28 61 9 19 17 54 85 38 39 13 0 1 63 42 59 74 46 63 53 65 64 37 33 75 28 92 77 68 52 34 20 32 95 81 52 64 35 37 55 74 2 55 76 17 98 35 91 96 50 96 61 14 34 46 41 62 38 18 82 42 52 2 74 0 83 26 64 18 
15 71 45 17 27 21 86 77 8 29 73 58 26 86 24 12 32 17 26 22 35 8 64 40 11 90 40 46 17 56 65 32 28 62 2 7 35 88 84 43 18 9 53 96 47 29 60 31 98 86 53 33 94 69 73 57 59 65 4 28 22 21 13 2 83 15 9 18 55 93 13 25 54 18 73 1 99 33 32 97 19 37 30 66 58 56 23 69 73 27 98 95 0 11 97 83 78 6 53 85 51 18 11 57 36 84 58 35 18 42 32 89 79 15 55 89 23 79 59 96 58 57 92 59 20 41 94 98 0 0 83 3 18 46 61 55 31 71 90 1 66 75 90 97 90 46 87 13 77 46 9 35 3 53 46 23 47 93 73 99 93 8 2 11 55 15 18 38 39 61 39 5 36 29 2 78 27 89 43 4 35 4 92 38 10 38 13 57 31 38 56 24 47 58 88 54 26 58 92 65 19 31 70 55 12 72 85 40 62 28 96 49 33 88 40 43 79 53 52 10 44 8 87 43 18 27 97 96 85 89 61 5 72 31 12 36 56 98 28 70 78 25 19 63 65 59 6 44 65 58 7 9 18 46 52 89 73 1 85 58 90 47 15 14 30 80 50 86 30 79 8 8 56 28 72 21 39 30 18 56 41 25 17 11 71 21 0 96 22 86 6 64 85 22 78 15 54 81 54 84 12 14 44 68 94 68 89 86 51 59 42 92 84 60 3 7 81 56 3 56 94 62 20 79 36 51 46 90 84 52 26 96 67 70 64 13 91 5 99 42 65 42 86 1 54 89 61 87 97 64 43 91 26 16 22 62 67 69 4 51 73 30 99 92 53 63 6 44 20 57 86 85 99 24 39 53 13 0 41 63 16 36 54 95 52 77 57 71 98 14 74 23 44 73 16 97 88 74 93 9 
31 31 46 83 55 85 88 21 85 29 84 54 18 90 49 70 67 6 94 17 72 68 41 17 42 9 66 30 35 12 91 66 43 38 49 51 23 38 72 61 19 8 15 89 98 64 60 66 22 6 35 95 74 28 64 68 37 82 51 72 94 42 91 90 80 92 41 56 30 65 17 2 73 84 91 71 48 3 89 22 9 25 69 36 53 33 4 43 16 55 15 62 98 58 52 30 51 93 86 33 58 3 87 83 87 79 55 87 34 44 10 96 21 79 32 27 65 88 70 33 96 37 95 94 48 48 24 99 93 11 32 4 66 20 87 6 51 94 93 37 39 55 85 12 87 17 39 52 58 61 85 54 51 32 0 99 80 76 98 26 87 82 30 6 54 69 12 5 64 57 43 55 65 28 67 52 98 59 56 8 72 93 62 23 25 14 74 58 90 72 84 30 7 66 36 61 35 0 19 99 9 62 6 74 42 74 26 92 85 34 52 57 79 66 81 5 80 7 15 23 80 51 53 39 17 41 0 4 93 19 56 2 33 62 77 28 36 55 72 21 90 25 31 69 91 64 26 24 71 93 47 3 44 52 42 13 93 95 18 86 66 74 88 0 88 17 80 25 73 4 98 15 29 81 36 73 45 63 49 17 56 96 20 53 48 15 66 93 10 36 31 76 10 19 28 99 89 60 76 62 65 26 29 46 60 65 71 5 80 20 22 89 68 95 42 68 10 8 61 72 45 92 48 7 64 29 58 5 89 86 67 54 65 96 53 25 61 24 82 42 45 57 31 13 52 25 82 14 85 95 86 82 40 86 42 56 15 0 61 5 39 80 11 56 76 64 33 89 89 15 83 86 24 66 99 76 91 33 42 77 81 28 11 21 67 53 29 82 6 90 39 45 70 3 53 98 19 86 87 60 
53 23 46 78 89 98 6 33 31 1 62 64 81 73 37 48 27 66 83 33 56 22 30 78 77 35 76 97 21 16 57 26 39 4 56 80 2 15 13 85 16 75 2 97 1 39 46 28 6 81 13 14 3 43 93 33 78 69 30 51 85 39 29 76 43 86 57 97 1 70 35 69 98 37 66 99 28 64 79 34 45 92 49 1 87 94 34 17 63 16 20 1 55 49 77 51 87 34 0 40 57 35 9 55 24 76 6 53 92 85 39 90 77 88 91 16 82 77 33 98 93 53 51 48 54 80 99 42 67 0 82 24 87 92 31 64 20 37 17 64 74 56 54 51 97 45 67 31 22 52 81 67 5 32 16 59 13 67 53 80 19 36 56 7 80 87 71 52 76 40 16 50 48 71 53 97 68 72 81 43 24 62 10 81 47 78 40 12 46 94 44 65 82 0 24 14 39 47 66 67 39 82 69 88 5 22 37 26 46 18 21 22 33 83 3 80 62 95 44 60 41 88 77 23 88 54 37 27 1 55 46 41 90 15 81 47 89 18 73 35 89 46 57 22 30 12 54 44 7 98 56 49 86 33 24 74 87 14 53 41 69 99 34 11 66 15 59 55 85 32 90 74 31 99 96 61 11 50 57 70 0 13 19 86 46 96 12 86 62 65 79 83 16 13 95 34 80 54 89 65 38 31 92 69 30 40 82 93 43 39 64 43 52 35 30 99 31 94 37 45 12 16 29 28 81 24 15 61 30 4 78 68 36 70 90 18 63 72 64 6 12 28 1 16 63 83 15 47 78 4 44 90 20 73 70 1 49 85 14 31 90 93 0 78 15 42 48 30 66 12 36 78 92 90 95 8 73 62 7 51 19 51 41 91 25 64 93 26 49 59 58 91 4 10 21 20 52 70 50 70 
34 39 49 27 81 96 87 54 10 94 58 29 45 51 73 22 15 18 1 65 77 59 8 82 21 30 54 25 52 56 95 86 47 96 65 28 44 52 35 55 46 93 36 44 44 9 66 60 27 67 77 57 78 85 39 99 67 45 76 19 1 72 6 49 68 23 29 13 28 64 20 26 57 8 70 54 70 89 14 49 8 43 6 39 80 97 38 48 42 67 67 96 39 25 97 59 1 26 72 29 43 44 55 0 53 26 54 23 67 20 72 75 15 31 14 96 28 5 44 23 72 63 19 63 89 16 22 90 94 47 19 37 91 26 90 44 52 96 19 71 69 44 47 84 75 13 80 55 70 76 30 94 40 1 57 81 69 32 23 64 79 94 53 70 20 43 67 25 92 86 96 61 30 95 45 57 9 78 65 31 54 47 26 46 49 35 27 18 67 2 82 46 96 88 17 17 31 84 42 75 22 38 36 5 34 34 14 95 12 79 26 18 27 52 17 76 88 96 46 7 99 29 54 95 17 23 12 0 59 54 76 81 93 64 38 79 98 53 74 10 84 0 81 63 53 98 91 93 94 38 0 93 67 6 89 36 29 1 88 40 8 16 74 1 81 12 32 79 65 6 42 50 6 75 13 11 73 5 56 19 95 9 65 14 15 54 50 97 7 90 37 15 7 11 68 40 24 0 19 41 58 13 91 65 88 57 28 13 14 85 33 9 94 98 75 9 4 77 58 63 67 96 31 26 59 99 66 35 52 38 77 10 51 20 27 92 29 56 57 95 41 90 56 87 40 31 48 96 8 7 60 76 55 91 54 14 42 21 2 46 59 79 57 62 51 36 6 33 44 64 28 37 6 85 24 47 16 73 95 77 32 55 5 87 98 59 53 41 80 55 87 91 86 96 6 38 85 12 23 29 
76 51 67 83 88 43 82 57 16 77 34 48 33 39 87 31 98 41 24 31 96 12 22 83 60 28 73 45 93 96 75 69 99 94 52 88 37 34 45 6 12 79 6 97 70 94 80 68 35 5 51 31 69 74 66 81 54 91 27 47 39 54 69 39 0 21 27 37 8 72 43 72 3 2 69 73 96 1 93 31 58 45 14 27 71 33 9 77 24 88 25 64 94 94 55 94 67 82 31 27 6 27 99 9 29 20 34 77 22 27 8 80 24 74 60 95 7 21 73 84 9 50 0 3 96 55 97 15 89 80 43 95 59 42 56 40 63 90 17 37 69 77 17 46 4 77 41 63 98 66 47 59 68 47 14 64 54 11 80 43 44 23 38 55 17 46 96 80 88 65 17 10 43 87 56 47 16 97 10 67 16 10 26 84 9 41 1 64 4 33 59 48 56 50 56 25 96 52 58 85 17 27 95 12 14 51 11 83 0 22 50 68 84 76 53 93 17 6 9 74 39 69 74 47 19 30 72 15 82 30 52 52 58 47 64 24 50 28 7 3 2 57 71 86 86 76 31 3 82 41 29 21 62 4 68 81 34 41 48 69 23 53 21 81 52 37 58 3 65 17 6 67 75 29 5 61 6 37 16 88 78 46 10 92 2 78 73 36 71 73 5 95 26 78 28 79 16 86 34 33 4 92 53 31 21 58 44 27 95 12 68 25 10 78 17 12 8 42 49 80 68 6 75 46 85 3 77 53 42 11 38 46 55 91 77 77 2 73 56 49 85 24 27 96 54 96 8 63 39 9 43 59 16 70 5 53 73 83 6 15 46 96 13 2 88 42 31 42 15 39 91 1 16 18 97 70 15 57 85 6 67 28 17 35 98 22 88 24 57 46 91 4 42 5 58 82 47 89 24 15 
28 68 16 96 38 65 67 5 22 52 63 41 33 80 76 83 55 64 59 12 62 51 68 5 56 26 39 55 67 16 70 96 84 38 92 74 3 11 80 78 16 43 71 1 76 48 36 31 64 96 43 27 47 12 84 55 90 23 62 58 39 85 6 75 23 50 50 79 62 30 9 30 25 80 31 1 80 19 32 97 15 28 24 14 40 60 21 30 35 84 40 75 69 46 2 44 97 52 23 11 34 84 41 60 65 24 61 45 43 46 94 11 74 18 25 66 30 99 48 66 83 89 93 4 35 95 0 84 48 24 95 82 60 88 94 25 64 8 23 60 54 17 71 80 88 48 46 18 47 94 36 82 35 29 38 71 25 39 7 25 15 55 59 75 95 54 53 60 62 28 72 68 45 43 48 85 43 94 56 43 40 92 77 76 74 16 99 99 7 6 76 74 13 35 1 9 41 6 69 3 34 93 23 80 88 71 17 31 17 73 26 58 66 4 86 40 72 85 91 31 43 19 5 57 54 58 66 96 65 87 51 99 80 75 31 68 98 49 51 16 74 78 26 40 34 12 32 6 97 75 89 40 94 46 49 1 4 15 49 69 54 0 21 86 27 52 6 78 53 58 94 28 88 20 20 74 84 5 80 81 80 21 73 27 67 23 28 71 90 29 93 97 81 14 83 9 18 90 39 72 0 33 52 88 5 72 62 89 29 94 22 62 15 95 89 34 70 69 5 13 98 50 10 31 16 45 40 35 35 79 59 35 64 63 75 21 87 89 10 17 83 84 79 50 32 20 84 54 41 42 67 91 92 29 22 9 75 15 96 62 46 7 50 11 70 77 84 57 67 95 74 2 31 5 53 63 25 89 18 66 83 37 9 76 19 32 37 46 47 85 8 93 92 10 56 62 88 41 19 55 
88 46 9 19 51 14 35 29 4 5 47 87 42 57 15 61 41 4 7 88 89 68 33 81 30 42 43 18 35 15 25 23 61 35 94 64 49 81 93 5 86 41 45 81 50 60 94 91 17 54 31 6 22 16 88 52 58 83 23 93 50 48 68 63 35 63 28 37 96 21 42 83 14 87 16 16 0 10 7 17 64 90 75 38 7 15 91 65 99 66 59 1 14 79 65 2 94 93 39 91 66 81 26 33 21 42 49 73 52 9 90 17 99 65 55 6 81 98 24 32 64 35 33 31 14 98 33 9 43 72 0 10 5 26 43 26 68 44 99 72 53 41 89 5 59 97 11 92 47 35 76 64 70 9 95 37 60 80 46 3 4 98 65 61 24 60 40 44 5 91 16 10 33 58 15 44 7 79 36 6 14 64 70 37 73 17 26 85 49 72 41 53 22 6 15 98 67 7 42 24 98 10 34 31 20 50 27 79 29 15 86 95 79 8 84 5 78 10 90 27 34 83 33 56 90 0 6 9 7 48 33 5 11 19 89 83 21 16 15 2 32 53 98 11 61 34 16 91 97 59 19 31 42 4 40 84 56 46 93 63 47 78 20 10 50 61 45 71 78 60 74 62 13 24 25 27 10 94 18 7 53 89 91 47 93 83 32 49 29 77 64 28 8 37 90 10 98 36 33 28 96 59 90 62 83 16 89 46 62 7 53 67 97 96 14 42 79 98 44 61 28 60 41 88 97 32 98 48 68 31 76 16 91 67 78 26 35 67 72 97 27 78 64 76 74 30 18 6 81 14 67 9 27 8 49 24 40 47 72 60 30 1 77 73 68 7 52 55 27 76 4 54 54 20 30 81 50 0 87 83 67 6 92 94 66 41 70 7 40 95 19 23 96 48 96 16 56 48 71 35 
25 27 89 31 47 71 64 49 23 3 33 42 9 77 36 28 71 59 35 11 54 6 34 2 55 83 18 63 83 41 98 60 68 39 92 15 62 8 16 37 12 49 80 73 27 16 1 50 27 88 61 81 47 48 83 54 83 53 69 66 94 67 79 14 58 23 81 72 31 98 9 95 99 89 69 78 58 22 28 85 63 90 19 10 90 2 64 25 8 33 91 54 52 70 21 62 93 2 34 77 0 43 72 52 33 93 30 91 68 59 76 31 1 95 41 91 50 57 16 10 42 59 64 94 82 37 56 27 40 42 4 92 85 29 44 70 74 75 61 42 34 90 73 35 37 66 78 39 75 46 49 17 5 66 11 39 3 19 67 95 61 23 88 99 4 32 69 79 59 83 21 45 73 47 80 62 65 10 2 41 56 3 58 14 21 22 53 77 93 72 72 7 96 60 6 52 45 27 31 56 10 5 2 35 4 82 98 69 45 52 62 1 55 73 15 77 95 69 6 40 41 78 47 89 91 5 42 36 33 25 44 43 30 46 79 86 81 77 56 26 81 70 27 36 43 43 65 90 64 71 31 57 50 30 47 93 36 41 81 69 66 25 12 49 72 43 35 53 72 43 79 53 14 58 90 9 1 7 0 17 79 83 75 81 13 74 74 49 15 55 18 33 80 83 82 4 26 70 57 99 65 88 4 79 47 46 41 0 54 41 18 85 24 93 66 37 19 92 39 86 99 57 19 31 40 54 36 19 76 45 70 41 86 74 73 33 73 14 33 27 55 51 12 31 96 30 20 67 74 59 53 25 17 73 56 9 79 44 80 55 42 2 96 28 29 69 61 2 83 46 29 90 50 93 73 98 75 94 66 1 53 19 26 22 44 34 84 23 31 64 30 25 19 79 53 48 0 66 50 36 
64 31 26 14 24 0 65 51 46 31 4 99 2 30 74 47 16 10 22 99 26 5 24 45 84 29 93 84 47 43 20 12 74 99 78 50 51 43 53 97 74 57 48 77 39 74 76 56 84 50 7 11 7 32 56 91 61 50 28 9 45 0 73 20 51 51 22 2 95 76 51 69 85 0 98 25 74 26 33 59 29 40 70 36 72 26 80 86 28 60 47 74 60 20 46 12 71 68 66 66 96 18 88 34 70 38 59 44 17 44 55 46 84 25 34 9 4 14 47 84 26 94 58 87 66 4 51 89 25 69 56 73 87 96 7 57 86 18 54 3 62 9 1 47 87 36 8 43 2 55 27 29 1 38 68 67 94 71 56 19 40 64 45 80 12 52 89 99 71 43 54 85 5 56 32 44 44 92 39 46 47 18 27 0 56 95 67 51 66 76 22 59 40 67 39 5 20 28 56 43 24 10 28 81 18 13 25 62 5 16 61 5 34 88 5 43 36 25 94 2 1 16 13 93 36 52 98 8 33 6 51 57 17 31 90 87 44 67 50 2 83 63 7 69 51 64 12 87 89 58 42 42 27 55 36 63 60 86 71 93 93 22 2 62 5 92 49 50 11 51 52 94 14 11 15 18 75 28 57 65 86 99 59 13 7 95 76 67 34 99 12 79 73 66 41 79 10 42 29 21 94 33 67 60 44 82 78 71 62 36 88 49 87 48 14 46 95 91 65 29 42 77 60 16 43 1 95 53 96 76 26 90 61 93 50 57 28 81 28 90 69 17 39 8 17 54 55 12 97 72 42 91 50 2 7 45 56 54 51 52 82 77 94 43 23 96 0 51 29 81 41 98 98 33 7 15 39 14 79 36 86 21 27 88 76 87 86 84 41 37 88 24 66 82 19 89 30 20 92 60 
1 86 10 51 19 69 18 58 83 97 46 22 71 25 10 99 12 96 83 6 85 23 82 4 57 1 45 87 73 38 99 26 24 10 29 95 31 47 53 67 97 99 89 20 76 51 19 41 0 54 47 37 29 81 41 86 34 87 25 8 77 25 86 1 87 16 96 18 15 1 85 64 52 26 84 28 30 55 69 30 61 68 67 90 1 61 76 36 48 2 96 77 79 82 78 66 50 26 36 18 27 74 82 31 52 67 59 82 74 81 64 36 1 84 26 3 45 55 91 45 9 39 22 88 21 52 6 24 78 94 42 57 68 24 88 73 43 99 55 70 32 20 6 34 56 84 89 1 39 32 98 48 71 20 88 44 72 94 68 2 89 62 11 9 39 51 82 34 50 38 4 35 10 62 21 66 47 10 19 38 94 17 39 65 89 27 9 61 74 30 15 63 92 26 24 31 29 7 66 79 97 22 66 59 85 87 77 84 49 96 22 43 65 13 8 54 41 18 67 15 0 82 30 92 60 54 76 89 13 94 20 10 16 87 69 1 26 98 85 76 94 60 19 11 73 28 65 66 98 32 81 98 66 63 42 78 70 18 19 83 12 92 46 81 31 15 82 57 14 20 33 60 32 53 72 5 33 89 72 83 74 5 33 40 21 75 71 91 94 90 74 58 82 20 39 13 88 74 23 54 94 56 66 26 61 90 83 46 80 7 81 54 13 14 46 86 90 69 77 36 60 3 94 94 76 34 60 16 8 35 22 54 43 88 32 5 31 67 3 11 75 85 17 40 99 15 26 41 85 3 77 97 58 72 43 34 58 55 2 18 90 24 24 34 65 56 91 96 23 94 59 50 31 76 90 31 43 16 72 28 19 2 25 30 74 69 64 32 24 67 2 67 43 26 1 8 34 92 56 9 
38 15 60 70 43 50 53 87 67 77 15 38 79 93 68 5 14 85 89 90 4 91 57 47 17 58 8 51 2 64 61 41 32 21 63 75 23 16 62 90 45 30 81 25 75 49 30 89 34 72 79 90 63 89 38 81 99 98 84 2 62 97 95 46 70 58 22 94 26 36 36 23 18 17 48 93 19 31 82 5 3 14 96 18 55 86 51 54 84 36 56 98 85 3 45 56 61 19 2 39 55 90 63 74 60 63 19 79 46 54 36 1 20 32 20 75 70 71 29 54 59 38 5 97 41 2 5 55 21 7 94 28 49 9 54 9 25 74 40 71 28 77 25 0 61 97 75 32 20 4 38 32 94 95 29 36 97 34 91 18 93 37 47 42 99 53 52 24 27 92 47 7 21 72 7 83 21 34 67 42 39 5 74 85 1 3 21 50 89 64 69 82 54 68 24 5 21 28 29 1 21 28 8 94 53 68 77 74 2 96 16 93 54 42 79 7 97 52 57 86 69 78 68 23 46 93 28 20 21 9 73 94 89 33 89 42 1 18 17 56 67 85 1 21 80 80 28 77 85 85 64 54 64 32 77 62 77 57 34 99 18 7 45 7 93 86 50 46 5 19 2 24 56 4 45 36 36 73 14 21 10 30 75 74 62 4 89 40 13 23 91 31 83 36 39 76 75 41 22 32 60 77 56 68 33 1 5 21 74 71 43 84 1 70 11 15 27 52 7 40 75 50 24 10 39 15 38 14 56 13 46 68 42 2 36 75 3 93 96 29 16 91 65 69 14 28 85 41 80 44 33 8 95 57 18 34 72 9 48 80 74 94 48 16 48 37 91 3 30 39 32 47 83 49 16 97 78 53 38 58 98 71 66 45 81 37 79 5 98 79 86 72 25 34 88 73 23 31 76 54 
22 60 53 5 9 21 2 39 75 40 98 25 64 16 70 97 5 1 2 3 80 88 75 5 75 15 78 98 46 6 4 69 66 9 74 27 31 77 67 58 69 17 83 85 85 53 82 91 6 37 46 86 77 22 91 4 89 21 55 36 79 59 57 45 69 83 24 0 60 43 58 82 60 93 67 46 98 2 89 4 39 35 90 68 9 33 73 99 54 28 35 33 87 44 30 8 27 6 60 40 50 70 22 62 63 41 8 13 95 49 17 86 85 59 55 46 92 28 45 98 56 32 83 95 76 65 4 4 72 16 96 22 87 18 84 2 11 45 68 7 46 85 93 31 45 48 30 89 28 75 88 84 8 23 32 36 89 88 92 61 4 88 35 43 58 71 98 70 68 66 77 15 51 22 98 48 23 28 90 51 56 30 36 64 53 68 52 42 56 45 55 12 33 42 56 44 14 6 14 34 72 43 49 75 65 0 76 88 28 66 92 84 96 28 0 49 48 53 44 56 50 99 20 35 42 76 79 8 34 45 42 6 88 44 82 6 44 58 46 24 24 38 61 72 18 61 21 66 66 17 74 68 17 95 56 11 23 35 19 58 81 13 64 21 57 98 27 53 8 74 78 84 12 39 56 31 52 30 49 71 47 24 39 64 71 95 27 94 83 98 4 16 12 21 37 69 19 65 23 28 91 53 12 3 92 21 86 44 51 36 67 98 12 7 15 35 54 94 81 37 93 86 5 5 7 43 26 26 60 1 6 51 54 71 6 98 92 45 95 95 33 62 45 97 69 12 32 76 7 13 13 0 51 19 5 58 14 83 37 26 85 95 29 91 66 35 90 10 32 85 57 65 99 3 62 21 15 46 97 22 12 62 22 63 33 79 74 47 63 63 73 0 58 54 91 77 90 33 39 74 
70 97 40 70 0 54 91 67 53 40 42 65 2 64 80 36 96 54 35 11 17 61 63 28 15 6 5 57 40 96 32 62 93 24 32 45 78 75 13 31 15 55 48 18 71 29 6 19 83 41 30 53 2 93 81 70 52 38 27 92 34 59 54 28 35 39 25 14 14 90 97 82 45 46 0 69 27 58 88 10 99 71 15 54 16 96 76 68 86 3 12 21 15 19 1 50 58 26 16 24 69 66 6 14 64 58 35 91 16 76 1 68 99 69 74 15 65 50 36 52 5 48 25 72 67 78 23 25 56 91 2 25 57 8 92 21 67 27 12 35 3 66 55 2 87 29 70 52 31 6 56 37 6 33 9 26 11 84 3 68 28 5 93 85 14 85 59 33 65 23 20 20 41 76 75 28 5 45 33 37 3 41 26 61 75 87 87 38 24 91 6 52 96 52 89 62 89 0 95 54 24 16 75 17 92 50 98 49 95 31 38 50 24 16 11 51 4 99 90 80 42 48 84 38 52 73 1 42 26 48 96 2 16 71 19 60 73 17 10 20 0 0 70 77 17 34 28 73 85 70 53 27 19 89 65 71 62 18 13 88 19 62 42 35 85 62 96 59 31 58 79 84 58 50 61 27 84 41 0 21 12 5 48 83 94 13 54 9 84 20 49 3 34 92 38 19 6 86 78 89 44 58 73 55 60 86 82 44 28 35 17 92 92 65 75 87 30 81 48 14 53 97 17 87 41 8 7 47 46 85 89 43 95 14 98 55 1 32 51 81 67 68 25 60 33 0 99 64 33 99 78 87 96 48 74 90 8 33 89 54 19 78 97 14 93 47 22 46 80 73 79 99 42 4 11 75 56 62 91 89 61 22 76 10 70 3 0 30 36 89 36 7 20 86 74 65 33 96 63 65 
69 42 65 11 98 28 39 54 91 30 95 52 52 72 14 74 27 14 4 63 56 93 23 28 79 97 93 12 93 56 30 14 50 95 26 48 75 17 2 18 47 97 23 0 21 37 26 0 52 31 16 60 24 39 88 3 88 33 67 81 41 97 47 91 44 25 39 72 42 93 90 42 42 13 42 64 51 20 16 55 51 32 67 27 71 7 82 59 40 2 92 81 99 92 72 96 17 63 68 60 56 10 54 98 24 48 14 27 68 31 34 20 63 1 99 87 8 34 98 0 36 43 33 87 35 5 35 52 68 3 64 76 14 18 74 90 66 89 17 35 72 3 7 87 4 58 74 64 92 73 64 80 68 49 68 3 54 3 55 74 59 72 2 25 42 76 15 9 17 84 96 89 87 3 77 43 13 3 59 6 28 75 86 96 24 6 99 78 10 7 4 21 79 6 46 21 34 13 82 52 97 78 93 36 33 22 31 47 26 90 5 54 65 91 51 89 98 2 19 60 9 23 81 40 81 79 62 67 92 96 19 41 75 65 77 60 87 8 7 13 98 64 68 63 56 71 52 6 73 23 66 83 98 99 75 79 78 89 46 22 86 18 63 13 83 40 73 22 0 33 36 50 97 56 65 5 79 69 11 52 92 29 87 90 80 63 69 10 52 67 32 38 37 95 3 72 87 29 95 39 62 31 89 11 39 54 69 18 23 32 70 15 14 10 57 94 25 26 57 77 46 89 68 35 37 71 8 24 0 3 64 14 86 5 78 25 12 47 43 35 79 65 3 45 27 60 40 52 39 97 82 37 38 50 72 75 73 80 52 26 35 68 92 21 73 70 46 85 69 41 73 1 59 28 46 86 88 38 91 79 87 73 16 26 23 89 53 48 21 5 26 57 25 19 78 99 41 77 36 63 
70 61 64 29 89 62 68 78 1 59 9 88 32 26 66 7 67 20 7 88 77 34 97 3 53 76 54 46 5 42 9 75 4 25 57 45 88 77 23 41 36 85 81 20 11 48 79 78 20 86 18 49 20 16 52 25 44 58 24 49 1 33 76 57 11 85 2 51 62 78 92 50 63 73 70 26 73 1 4 45 88 74 95 60 90 99 38 34 10 62 35 63 47 64 20 58 49 74 9 64 52 53 14 67 79 37 93 52 90 49 50 78 24 97 91 66 96 29 1 58 43 88 21 90 52 93 1 54 68 62 70 72 16 36 40 47 73 33 51 16 35 1 94 59 98 37 25 47 66 78 5 9 19 79 52 71 72 53 77 92 67 47 65 83 84 5 30 9 90 82 25 25 35 72 36 86 9 14 33 28 44 90 89 63 21 41 87 94 46 64 86 14 64 3 49 48 8 80 9 51 14 35 28 1 59 17 87 68 31 72 48 27 15 38 91 36 31 78 82 78 42 21 92 6 24 41 6 33 73 16 36 39 3 64 41 62 81 80 82 64 53 31 92 20 21 83 56 52 61 39 30 55 60 74 14 36 68 20 69 41 88 5 33 91 22 26 5 3 6 88 20 11 71 12 31 92 47 40 44 8 79 27 15 91 53 81 27 21 54 49 15 42 6 48 86 80 74 91 84 32 31 56 96 2 68 27 94 15 67 91 75 98 70 42 41 23 24 21 97 78 70 12 72 28 12 58 9 38 2 45 70 33 1 18 36 69 46 82 36 65 73 63 16 95 5 57 71 29 30 68 59 0 32 32 81 44 42 90 82 44 87 4 30 88 23 18 9 21 0 97 38 26 60 6 21 65 64 44 95 94 12 6 47 44 38 80 40 33 70 74 29 57 31 59 97 6 77 6 79 30 
3 17 56 63 24 29 80 40 74 27 86 38 34 85 35 24 65 75 57 87 2 87 44 33 98 93 39 76 99 70 6 54 87 14 69 63 43 50 55 69 77 42 8 11 79 43 36 45 18 45 32 20 32 29 5 31 22 96 59 74 66 17 28 6 31 98 21 26 0 77 96 77 19 4 89 98 47 77 95 17 22 80 90 55 9 95 38 83 44 49 9 62 18 90 68 49 40 90 27 40 67 23 17 38 79 6 88 26 35 36 96 58 16 86 65 77 33 55 60 77 4 22 40 22 12 60 23 52 50 50 92 69 26 61 59 5 20 48 84 55 84 80 13 52 66 30 29 51 85 41 29 41 63 21 15 75 33 38 79 36 41 71 5 19 33 17 24 53 17 60 60 53 40 74 5 58 4 34 10 42 27 91 83 91 64 99 18 97 89 98 33 30 21 91 1 6 60 26 11 77 38 72 30 79 98 35 89 54 21 51 96 48 94 80 91 58 79 10 8 68 60 93 51 81 36 52 88 96 30 51 73 69 23 3 0 21 90 41 76 11 93 24 12 87 4 3 98 35 65 58 4 25 51 7 7 40 59 47 36 42 98 10 63 74 65 63 47 56 56 75 19 1 0 83 89 4 87 39 40 52 49 96 30 52 3 37 92 14 36 29 56 86 91 19 60 8 34 8 16 91 83 36 92 35 19 33 40 58 24 80 63 73 28 93 26 31 82 18 97 70 99 54 56 42 25 69 51 60 29 67 3 64 55 47 0 27 33 40 37 9 72 0 83 0 45 61 83 27 31 80 49 83 86 6 25 12 75 76 24 4 96 79 68 51 78 20 30 11 60 68 21 84 68 56 84 66 17 19 93 0 52 43 83 38 1 9 2 28 37 26 84 33 57 4 37 36 25 67 47 85 
35 20 70 56 76 6 22 45 78 67 46 30 62 29 68 63 38 71 91 76 49 75 61 7 32 98 43 57 18 42 94 53 63 16 61 39 75 83 85 53 51 31 83 65 12 3 29 3 26 72 31 76 0 92 35 32 43 30 89 61 72 83 66 35 0 28 27 75 11 12 80 14 95 15 80 59 18 61 62 97 33 93 25 85 86 60 17 29 90 58 42 14 94 8 50 46 36 29 73 0 93 53 66 88 68 98 47 38 59 62 87 45 55 12 30 93 24 0 74 66 10 16 81 4 25 83 50 13 12 23 65 5 28 32 45 48 30 44 39 42 6 26 87 14 91 69 7 67 21 82 34 32 98 67 36 75 2 39 41 66 14 6 23 95 90 68 43 73 64 82 15 23 61 54 37 52 75 44 19 97 78 5 81 29 24 69 56 26 8 97 92 75 56 15 70 46 35 13 71 52 48 86 75 9 40 12 13 68 8 84 65 87 42 46 68 66 15 24 45 76 22 89 51 30 57 21 28 92 86 0 44 34 86 71 95 79 35 60 99 44 97 64 83 39 62 51 57 29 75 54 57 49 44 8 31 1 81 60 45 20 12 42 54 98 13 2 29 49 14 28 45 11 44 28 2 58 31 60 88 58 14 97 8 10 6 39 11 39 51 57 59 63 51 66 14 64 68 95 65 82 76 10 46 20 90 48 31 21 8 19 80 75 68 40 85 74 31 49 66 35 58 25 98 9 43 64 25 11 60 43 46 36 5 44 8 96 92 39 69 53 10 1 80 79 93 65 5 25 66 71 60 24 49 10 85 92 75 11 56 87 54 54 75 59 98 83 7 42 75 29 47 37 30 27 16 24 45 74 1 11 45 61 88 46 23 73 91 50 84 47 37 90 53 64 2 3 0 9 45 75 
90 93 12 21 72 81 97 17 55 98 81 52 11 69 51 34 42 42 85 79 41 74 69 94 91 23 97 91 85 94 18 75 39 82 96 12 63 45 29 70 43 62 75 54 31 26 41 26 20 78 5 61 4 26 55 95 50 4 86 35 98 4 10 38 87 59 50 2 4 31 73 0 46 0 6 77 78 47 3 98 77 8 59 82 35 66 77 37 70 64 72 20 20 34 10 7 45 60 62 2 44 87 2 90 87 8 19 65 8 75 15 85 83 26 19 70 92 97 59 14 13 31 86 33 18 97 93 63 9 55 65 5 94 67 95 81 28 67 98 88 42 65 25 77 91 45 0 35 94 59 1 7 43 87 92 61 84 37 24 94 44 42 99 38 9 47 19 89 66 69 29 8 34 55 85 77 52 37 12 46 97 13 5 40 1 49 53 37 87 29 31 31 71 83 70 33 82 41 22 48 11 4 56 97 11 93 75 63 31 39 61 80 53 66 72 6 67 25 43 54 54 27 86 26 62 8 59 44 49 33 44 12 89 52 62 0 97 37 63 80 28 76 60 81 94 32 39 62 9 35 16 16 62 54 94 76 62 5 20 64 90 16 28 80 68 90 80 65 79 96 46 8 72 6 41 67 91 81 81 52 16 97 68 30 4 14 6 66 19 78 82 10 94 11 90 62 1 22 27 33 18 25 41 43 84 34 62 27 15 43 79 83 40 0 13 44 14 19 63 34 97 45 44 43 8 86 5 62 8 85 95 27 10 88 22 94 22 84 21 38 27 53 73 19 53 87 16 19 58 79 53 8 76 49 51 37 87 9 99 96 94 46 75 4 34 97 51 56 81 72 46 60 77 20 79 30 59 95 50 69 26 55 77 3 57 81 92 44 90 91 40 36 37 15 40 23 64 43 79 97 
16 78 57 45 50 37 76 61 32 78 30 11 85 60 14 42 41 58 87 83 49 27 19 38 95 11 61 11 55 92 9 23 22 66 68 72 3 96 33 88 74 16 99 60 76 65 54 69 23 41 4 24 21 23 62 16 34 75 27 41 19 88 64 42 55 85 66 58 81 52 98 8 20 97 20 96 14 74 17 37 16 21 13 37 96 27 5 82 2 84 24 74 73 40 68 28 25 86 38 7 38 37 15 10 86 35 58 53 61 75 90 77 48 56 66 44 83 71 27 38 8 3 12 81 43 80 61 69 18 99 76 9 88 43 19 27 30 78 80 91 53 22 21 54 78 87 98 14 11 77 52 19 80 64 52 24 96 13 45 14 64 73 23 5 16 95 84 98 73 64 41 78 38 62 32 69 2 83 83 65 60 87 36 93 51 88 17 99 53 14 65 69 87 41 74 55 36 58 53 9 74 46 39 65 61 72 34 63 55 69 80 67 56 16 60 59 56 29 10 9 43 75 30 30 16 5 85 4 15 90 65 90 37 5 55 98 77 41 13 84 10 93 51 18 61 12 77 17 41 87 78 37 14 8 67 83 65 53 87 33 95 53 23 84 58 30 82 87 23 47 71 85 92 74 3 53 38 80 70 32 19 0 69 33 9 36 16 26 41 4 59 37 57 34 73 67 16 56 54 39 55 77 76 48 51 79 1 42 11 24 74 30 24 43 64 85 79 80 12 73 84 71 62 93 58 35 12 74 91 18 66 99 95 42 47 99 22 48 41 33 72 67 64 49 10 80 34 41 60 46 14 97 70 76 42 28 12 55 54 55 25 20 54 21 15 53 72 37 2 65 22 26 32 38 75 94 18 10 35 31 8 50 28 78 78 22 58 90 77 13 98 3 85 52 76 0 6 0 89 60 
17 12 38 1 2 66 95 73 28 30 4 36 32 84 67 11 6 77 53 36 90 51 91 28 56 67 28 14 19 18 26 36 82 64 37 36 30 32 9 10 14 65 47 47 49 66 10 56 43 63 44 86 15 35 14 23 2 94 37 73 64 63 9 98 79 98 35 62 82 44 72 48 10 71 95 11 89 57 19 33 21 63 71 88 98 37 63 0 83 0 25 48 15 86 46 46 84 81 8 18 78 33 67 40 4 62 51 94 72 71 79 93 34 2 33 33 39 96 85 74 48 11 22 63 97 21 9 34 2 70 52 32 3 19 72 7 34 76 53 6 99 32 51 33 86 36 18 25 32 56 0 32 19 74 95 16 95 56 2 50 78 7 82 81 26 7 41 12 35 94 70 34 79 73 67 65 9 38 43 93 94 95 25 13 21 72 81 17 81 84 19 59 91 53 93 69 60 34 34 95 28 56 81 59 30 1 77 91 39 20 85 33 67 62 98 88 87 79 57 20 15 76 79 58 30 72 80 42 58 66 90 87 22 71 98 52 72 75 96 63 47 33 96 14 47 46 55 34 78 12 54 93 41 86 4 23 10 84 65 69 2 7 8 24 79 6 29 3 34 25 67 81 58 15 48 5 62 3 92 40 67 98 85 60 84 89 83 95 25 1 64 27 8 24 4 39 30 33 43 64 10 62 98 68 77 46 25 91 1 69 31 68 68 69 81 52 10 64 99 36 65 15 15 26 39 19 65 22 4 60 38 14 22 36 34 52 82 60 43 83 81 27 4 49 96 85 54 6 1 5 94 19 21 62 45 12 33 62 34 38 75 73 52 97 9 39 49 44 99 93 27 32 72 83 82 68 20 88 26 74 93 73 93 14 35 90 79 68 4 13 58 79 86 63 77 48 2 78 92 53 
23 71 85 95 7 19 15 27 7 42 1 53 15 46 67 2 36 98 22 41 12 81 72 50 44 49 98 46 80 42 51 3 14 36 51 73 56 66 0 15 8 54 68 75 0 88 77 89 86 0 82 98 33 54 1 77 56 51 75 36 94 26 91 60 14 42 33 22 9 85 38 17 39 58 45 40 46 22 29 85 74 63 35 7 17 36 36 73 88 63 61 34 41 53 94 56 95 27 78 4 12 68 74 4 79 19 44 25 93 25 62 20 40 98 79 57 34 16 83 74 79 44 8 21 97 54 29 93 81 59 49 46 80 23 50 59 94 46 36 40 23 99 60 63 97 91 72 83 7 55 58 39 0 18 12 97 73 41 42 6 0 92 52 32 67 54 91 14 52 28 54 27 27 66 42 24 57 15 59 17 70 17 56 70 36 20 20 61 61 62 67 13 6 72 46 74 26 89 40 31 17 46 10 44 64 53 20 73 68 32 90 90 49 98 13 37 18 33 98 31 47 18 45 6 90 43 32 68 32 72 99 2 18 62 98 82 15 71 55 35 3 98 25 4 96 90 42 67 75 92 98 23 62 95 29 52 90 13 21 23 85 72 25 3 34 75 37 1 46 92 36 49 90 62 54 39 52 48 6 28 92 4 3 55 52 84 7 42 97 80 17 34 5 94 37 91 70 26 93 16 18 29 66 61 43 72 0 48 20 58 28 12 14 83 19 66 67 79 61 16 59 78 50 16 73 39 8 95 65 1 11 35 82 29 48 26 1 48 74 73 6 54 86 73 37 57 39 56 36 0 24 48 31 74 64 4 65 24 99 82 77 62 69 60 92 18 86 45 18 12 19 77 18 57 50 55 14 41 11 3 42 35 51 73 61 67 29 78 44 80 12 21 42 81 81 86 51 19 32 70 
31 51 47 1 8 49 56 74 90 19 77 84 6 28 9 67 48 38 97 92 70 9 13 65 91 95 51 42 66 83 64 50 86 63 51 46 12 8 21 55 79 98 39 86 27 49 5 27 39 3 19 10 12 84 27 55 79 78 50 46 14 14 48 52 78 99 99 42 59 20 97 39 18 37 25 97 38 30 24 29 33 95 39 98 80 18 53 11 97 55 9 63 70 57 15 0 57 66 42 16 86 40 55 57 29 80 54 67 63 31 96 48 26 88 46 6 58 52 18 55 7 79 70 29 37 38 29 94 4 24 62 43 64 18 52 45 50 58 64 65 89 12 14 68 52 12 26 11 16 96 18 76 76 41 5 13 79 87 59 35 11 21 30 27 39 82 72 42 41 88 7 82 0 21 50 5 86 77 16 2 73 34 78 1 75 36 14 6 23 73 42 34 95 24 13 86 7 37 28 48 25 88 30 77 61 33 82 47 10 50 50 35 85 80 37 12 16 3 71 39 77 13 25 24 89 90 10 96 27 91 96 4 79 79 82 40 12 16 88 74 67 90 61 4 22 98 68 39 54 39 30 31 52 56 55 94 46 17 90 26 8 39 30 87 18 64 28 82 33 68 8 0 10 69 56 32 20 24 23 74 64 54 57 68 62 64 62 8 81 5 86 90 44 69 77 14 85 57 96 18 77 56 70 39 25 26 24 97 3 47 23 67 1 80 35 63 44 98 24 26 55 62 68 99 31 97 13 17 7 61 35 84 17 58 76 94 84 0 44 87 99 67 6 1 48 42 16 44 92 92 22 47 55 90 98 38 88 11 55 95 24 43 31 41 53 59 87 37 59 31 77 11 99 35 64 99 29 80 95 21 25 18 20 32 60 70 70 0 81 78 95 57 73 79 98 26 38 38 15 50 
69 44 61 68 80 77 19 9 57 15 83 34 33 3 66 93 26 89 94 59 67 41 17 40 72 67 18 63 5 33 65 75 78 78 43 58 55 63 67 64 30 50 99 63 6 17 8 32 6 54 91 73 48 8 65 20 76 83 35 81 69 0 8 47 30 4 57 85 19 76 50 49 27 1 12 85 18 72 69 25 27 12 50 27 21 68 47 49 3 35 82 72 35 43 71 66 47 28 3 66 5 53 15 84 54 79 69 25 3 38 50 30 50 52 9 23 20 57 24 24 44 59 96 31 2 68 49 1 48 53 67 53 58 34 37 65 65 58 90 68 48 92 51 99 44 60 74 65 69 51 89 13 62 37 45 16 57 94 17 6 47 84 59 58 70 49 23 35 7 13 3 56 57 54 7 1 15 33 66 36 84 7 50 98 97 47 14 54 41 31 60 41 67 72 99 37 21 74 24 80 39 28 36 96 34 95 97 1 29 16 38 65 75 88 64 72 35 78 79 28 62 91 21 29 63 72 19 36 46 43 17 85 23 5 33 58 1 31 59 82 99 97 47 74 37 63 99 24 42 78 5 4 69 26 85 85 99 4 21 45 0 90 83 23 48 16 81 1 99 93 35 50 90 82 77 80 46 76 56 40 6 61 96 75 88 81 12 39 38 86 84 90 76 19 13 76 88 95 29 87 88 64 38 30 99 15 62 97 43 19 37 49 80 85 76 20 66 89 59 56 75 96 46 3 67 12 32 55 7 61 95 47 26 85 29 77 52 92 74 95 63 63 96 95 48 72 16 66 61 27 23 88 75 21 92 43 33 24 50 92 37 45 91 15 82 21 92 34 13 66 81 28 29 77 23 77 2 39 44 15 19 19 4 94 92 96 89 78 72 92 70 9 89 62 25 72 83 17 58 48 
36 40 76 65 69 99 95 71 91 91 87 62 62 91 8 54 39 98 32 11 42 55 20 31 17 45 3 52 15 62 52 51 54 28 68 23 79 15 95 22 6 82 84 20 25 93 27 64 43 11 75 85 66 47 16 35 45 72 87 12 86 91 63 40 71 83 63 51 99 10 25 57 44 10 30 69 55 57 85 98 68 12 83 87 60 51 22 57 75 62 69 61 53 84 1 25 67 17 28 18 27 53 28 72 15 58 93 70 15 79 20 35 91 55 22 3 7 45 60 82 59 81 96 12 65 97 37 85 66 17 3 94 71 31 18 86 89 63 9 56 42 29 92 86 85 14 89 44 11 2 78 70 83 74 35 1 72 24 86 90 42 41 36 65 73 6 51 14 70 12 71 64 42 63 50 79 29 92 23 93 46 1 63 81 76 98 82 0 75 20 42 17 62 79 82 35 85 85 49 55 98 72 20 92 35 22 23 17 14 46 10 12 99 73 94 27 24 76 79 51 49 22 68 11 1 50 98 86 87 99 94 37 72 66 29 59 88 4 76 55 50 86 67 2 12 61 81 88 90 61 39 39 83 7 50 36 9 0 74 48 99 68 86 71 34 67 31 75 72 59 30 22 46 97 76 10 59 58 98 49 71 37 40 54 96 42 42 57 42 16 5 41 37 43 65 23 11 48 98 83 7 28 57 5 26 34 15 37 44 13 38 15 2 78 21 50 72 63 7 14 31 65 7 68 8 24 92 19 72 42 2 32 71 12 37 49 46 53 86 42 18 76 57 21 6 78 71 78 93 31 44 24 48 51 45 56 28 89 28 52 31 82 84 54 94 74 3 92 27 41 34 45 17 91 18 23 21 42 1 14 73 45 39 21 49 84 29 29 73 9 81 56 44 18 11 38 92 14 83 71 
8 17 16 25 61 87 1 82 29 54 49 2 52 88 75 1 24 56 82 49 18 63 5 62 33 16 52 25 83 35 96 91 5 65 68 66 52 69 0 81 76 49 35 28 89 62 81 13 70 63 62 88 78 20 2 12 88 55 89 71 42 86 14 47 3 35 65 55 56 66 88 32 67 23 60 57 37 41 22 7 56 37 48 35 57 50 99 45 5 88 69 0 26 83 47 29 18 65 84 75 83 24 7 50 47 20 59 36 13 82 44 70 19 92 57 28 94 56 73 52 44 42 52 71 78 51 52 96 16 37 23 99 61 31 2 61 3 61 97 16 95 93 86 66 37 95 94 32 51 68 84 48 62 36 71 40 39 23 89 56 12 12 7 26 95 61 39 98 75 88 15 70 82 53 37 71 1 83 3 52 51 39 52 66 27 75 6 67 51 47 23 15 60 82 41 55 44 80 6 71 69 73 41 3 78 30 74 79 14 30 84 17 69 88 35 97 64 42 16 67 89 91 82 1 73 76 9 69 56 15 40 77 40 34 32 18 16 59 50 82 89 34 52 10 22 87 59 38 81 75 5 23 66 88 24 40 64 33 61 72 0 54 2 92 88 34 11 56 45 61 39 34 47 43 97 69 30 56 8 12 32 65 87 50 53 11 42 69 97 4 94 49 58 96 42 98 82 5 6 28 18 97 62 65 40 11 86 23 68 94 87 52 12 74 2 65 85 97 87 34 1 81 36 11 77 78 61 59 35 19 39 53 17 54 18 57 65 4 32 85 51 19 37 63 93 92 80 31 89 19 65 42 0 53 5 29 31 66 41 66 37 80 19 54 34 89 64 52 46 96 37 97 16 27 12 9 19 92 92 60 64 10 2 64 63 7 46 95 25 87 13 62 19 85 69 54 26 33 6 72 
29 95 69 97 22 33 59 41 78 51 53 42 61 55 6 77 14 52 24 91 91 37 6 11 74 75 17 1 8 75 73 89 70 95 39 93 28 98 86 6 1 40 0 15 47 59 92 62 63 16 5 55 5 11 66 80 86 35 33 46 10 58 88 32 5 27 25 34 77 64 92 78 56 93 93 3 52 37 17 15 53 23 22 59 86 40 91 25 75 76 71 37 34 11 70 40 90 47 26 67 11 70 46 67 15 91 23 19 29 92 87 34 67 9 45 54 50 88 79 77 64 2 15 51 66 37 43 56 84 21 24 96 91 22 15 7 65 90 78 94 83 65 81 50 75 26 56 77 15 87 6 79 42 21 82 8 58 25 64 95 46 40 43 90 62 10 49 28 1 27 74 36 93 55 38 20 82 95 97 49 82 3 80 76 77 63 84 87 88 1 82 87 41 77 77 56 88 26 84 89 53 10 77 98 66 15 18 0 62 67 49 97 23 29 73 0 44 58 39 85 59 74 72 52 51 1 8 91 27 44 32 32 55 9 31 73 77 49 73 39 69 74 88 92 55 62 44 0 72 83 85 83 9 57 35 13 10 44 4 37 88 37 21 95 46 52 68 75 54 41 15 23 15 3 15 23 17 59 23 89 94 8 24 4 17 60 17 27 56 73 16 96 10 37 92 9 42 60 84 96 54 51 71 21 7 86 44 24 97 67 66 91 27 90 47 96 2 16 75 10 90 43 7 52 81 51 13 23 11 98 71 17 1 42 39 8 80 83 85 29 3 3 72 82 45 20 31 48 88 6 58 78 50 17 83 83 68 96 58 80 46 29 97 48 23 88 8 55 24 45 84 79 48 56 61 46 28 92 94 17 51 4 47 53 22 30 36 90 79 94 22 25 75 72 25 50 60 86 57 84 
31 93 63 32 1 77 78 30 21 24 99 72 28 98 25 2 81 13 45 60 59 67 85 34 39 63 36 52 49 93 88 32 38 4 16 40 81 94 22 54 70 21 27 51 19 4 53 0 70 98 12 29 18 50 16 9 13 52 61 14 98 2 46 36 6 63 28 39 9 50 93 80 71 72 83 43 29 88 95 99 87 8 80 57 58 96 66 23 49 80 37 99 82 83 87 40 98 16 79 8 66 24 40 90 49 23 85 78 11 80 29 50 40 9 7 98 6 26 21 7 6 10 58 88 94 45 28 44 13 59 52 32 83 44 22 32 19 7 62 83 39 43 33 80 53 93 30 11 19 52 70 25 14 28 65 8 25 93 5 91 52 57 23 87 54 97 72 73 4 34 56 95 78 42 75 83 35 6 46 6 10 16 31 24 96 96 85 73 41 90 64 45 99 39 32 53 36 4 27 92 91 35 88 69 77 63 4 64 21 50 70 31 18 53 8 14 1 93 39 42 35 4 39 34 43 72 88 32 76 67 24 67 54 64 88 32 80 44 48 1 94 71 85 12 24 93 78 78 38 18 72 73 74 12 59 69 84 47 1 12 66 26 32 21 90 72 5 70 17 5 24 63 76 9 76 1 54 6 79 92 24 3 17 50 15 76 20 99 76 21 64 94 99 48 67 42 20 72 64 37 30 88 53 6 49 81 59 3 87 90 47 64 94 64 14 9 93 34 61 69 56 25 63 7 25 31 49 45 55 14 35 85 2 88 44 4 69 3 59 8 94 7 72 40 23 39 49 68 73 10 37 81 87 53 89 12 36 38 10 43 4 97 81 59 85 25 63 6 80 22 14 74 81 39 66 57 78 16 25 3 78 15 85 18 68 26 82 56 16 92 51 21 41 32 80 26 9 43 84 90 
17 51 16 99 42 83 56 20 99 81 75 29 96 12 47 16 38 82 24 55 74 76 76 16 8 56 94 70 51 31 60 68 82 28 67 24 11 75 96 62 57 23 92 5 36 91 22 26 73 98 81 0 74 9 68 35 17 14 5 68 45 17 37 79 45 56 55 57 32 3 71 41 27 15 46 63 7 20 41 32 71 23 84 45 84 52 80 2 19 37 22 64 54 11 96 0 20 51 9 4 55 80 45 34 96 43 49 3 16 90 87 87 65 72 32 50 24 65 4 43 54 26 60 9 90 56 9 10 59 70 14 66 50 11 0 46 54 49 1 70 40 89 9 5 61 94 7 37 11 11 33 65 90 93 74 32 1 35 42 12 5 8 79 56 19 79 54 25 29 56 48 69 45 57 26 58 51 34 95 62 45 28 28 87 73 54 19 74 42 61 87 47 21 66 55 40 97 10 18 26 66 66 47 63 23 74 21 27 8 16 41 53 97 21 93 70 76 12 97 18 74 36 17 47 54 25 88 51 35 6 30 53 24 77 68 47 51 41 26 59 57 68 65 6 89 58 77 17 70 26 87 96 62 5 44 68 82 84 19 69 42 49 74 18 27 42 17 30 83 44 42 92 64 59 99 53 17 28 23 39 54 10 88 68 67 84 36 49 20 7 18 14 57 44 32 36 86 49 18 21 93 60 14 9 19 65 63 88 45 38 80 99 0 68 19 68 4 7 69 24 14 40 90 71 84 22 59 23 23 78 44 69 90 58 78 10 75 93 50 20 31 30 71 32 50 90 52 54 97 21 30 64 13 20 87 98 94 47 21 70 77 17 39 67 28 69 29 3 63 32 24 46 62 47 30 13 90 34 19 39 8 50 3 21 22 91 71 69 90 92 39 67 62 30 86 90 99 68 93 14 
0 69 13 62 17 43 27 59 78 47 98 38 49 2 59 71 93 31 40 35 75 31 2 37 61 40 27 13 60 73 79 60 42 92 75 11 88 54 70 66 1 21 56 50 23 15 74 68 98 66 3 26 98 57 15 11 97 95 76 58 68 56 70 62 48 45 74 36 52 96 54 53 17 10 56 92 78 30 12 76 48 15 54 98 72 70 10 22 65 38 32 33 94 2 95 43 0 21 31 52 70 86 57 39 48 65 84 26 47 96 55 96 12 9 94 36 79 56 10 96 95 94 29 89 49 77 84 49 50 16 53 72 54 62 64 54 28 48 81 75 44 88 71 8 49 18 97 81 74 59 77 69 54 59 11 3 36 47 4 38 15 9 63 69 71 27 24 51 75 57 27 71 97 50 80 46 20 29 27 95 88 57 16 94 16 79 97 4 27 1 42 42 62 5 64 34 32 40 85 59 49 64 31 46 67 63 44 87 92 24 34 32 81 3 27 97 82 76 1 61 30 43 4 92 1 20 78 85 60 16 97 9 80 28 7 99 43 51 39 87 75 73 19 8 28 98 5 63 27 6 24 57 2 80 1 55 0 80 40 60 96 37 21 28 17 28 80 60 32 19 99 59 44 71 68 73 69 73 36 48 32 12 5 86 93 7 41 93 39 33 6 87 71 27 15 40 8 47 53 40 66 52 51 11 75 19 36 45 45 72 45 29 84 51 15 77 10 56 23 1 89 29 88 12 8 55 5 16 3 10 8 69 62 12 32 90 83 68 35 80 92 80 9 77 83 24 6 45 32 81 46 74 62 86 86 71 94 43 39 97 53 0 18 68 12 3 58 47 71 45 28 16 77 37 93 61 14 51 58 98 85 57 72 47 43 11 18 37 54 10 86 8 10 57 76 74 60 34 21 83 
79 49 99 56 39 44 69 5 48 80 3 33 37 76 80 32 39 51 22 93 61 8 1 23 17 29 49 77 15 70 13 46 72 12 55 63 9 24 20 57 56 23 90 93 51 22 78 90 73 0 84 86 60 37 61 78 19 10 7 34 33 72 81 57 85 36 72 94 12 92 3 21 15 93 14 19 67 44 61 93 44 45 79 57 35 93 87 54 3 94 40 88 19 73 45 4 9 69 50 74 61 53 95 29 98 61 48 17 6 9 10 2 7 90 59 94 35 46 0 38 93 92 79 12 66 76 68 27 46 70 1 59 75 48 88 73 62 88 90 68 50 53 22 9 43 82 3 30 80 55 20 25 47 99 37 13 28 57 93 74 27 94 33 2 95 74 27 57 62 70 77 12 23 99 73 18 81 76 48 14 83 68 39 83 20 29 96 48 38 89 22 66 36 7 20 83 33 0 40 96 70 17 60 45 16 34 63 50 62 63 16 98 83 7 81 3 36 77 51 75 19 25 93 7 85 65 90 18 65 82 66 87 99 27 32 67 13 47 69 27 10 37 25 94 45 6 97 33 36 1 60 55 78 53 14 63 19 56 34 36 38 0 24 89 79 56 8 92 4 30 20 66 67 45 60 12 52 10 46 88 63 6 95 41 12 61 57 83 17 91 19 7 91 95 96 23 52 4 15 8 86 35 74 54 33 87 66 37 49 64 25 12 23 72 5 35 33 62 70 2 5 41 9 49 37 5 72 41 61 87 49 48 75 75 54 8 14 72 97 63 37 22 27 12 46 33 99 79 95 69 33 53 10 42 2 47 99 74 88 12 13 89 60 40 65 14 0 79 87 97 95 76 19 22 88 65 55 87 96 3 8 29 56 18 23 10 18 22 84 58 35 49 48 47 90 65 14 90 96 53 
88 91 29 59 14 69 25 21 8 73 76 16 55 84 86 78 94 4 53 30 63 88 80 63 35 70 28 1 12 24 54 0 68 83 60 34 4 37 55 12 62 32 80 17 68 19 48 63 75 1 93 90 41 25 53 28 47 81 30 60 58 84 60 26 20 72 60 24 9 67 89 24 51 69 41 20 88 41 83 64 94 28 6 35 54 60 64 1 93 46 13 51 30 74 29 50 98 89 27 60 9 16 84 60 37 77 80 78 19 15 94 65 44 0 1 50 60 17 3 54 63 17 57 93 43 87 96 41 28 23 53 37 91 37 98 28 67 30 6 38 46 0 3 42 1 4 92 13 73 47 19 36 64 77 82 7 16 30 1 44 53 54 34 44 44 84 24 11 14 31 49 12 83 52 54 36 9 98 50 34 46 69 71 10 98 5 70 14 35 23 11 40 29 45 36 73 29 60 84 95 43 85 8 27 90 62 63 99 13 65 33 59 35 56 69 85 13 91 0 0 14 63 40 44 8 28 69 89 41 6 84 84 91 44 63 81 59 79 32 72 44 66 31 31 74 52 17 88 96 69 88 10 32 81 6 40 61 76 81 2 82 17 39 25 62 2 7 73 33 39 45 78 57 28 9 32 32 78 72 28 47 60 91 79 93 97 71 55 25 4 9 7 22 48 85 36 3 92 61 88 83 58 66 41 86 28 25 70 6 97 99 6 9 90 37 3 39 61 10 65 65 19 24 39 20 9 75 75 53 36 63 37 94 82 78 32 10 55 3 68 52 54 26 61 44 64 16 83 25 26 48 42 98 25 82 70 34 9 45 88 98 60 25 92 42 55 77 4 10 32 25 14 86 3 27 30 67 44 65 44 70 66 87 20 91 21 90 25 30 87 65 28 48 42 73 42 49 50 99 11 
34 76 25 20 79 53 2 99 97 67 43 19 33 82 92 76 3 82 54 34 22 19 14 22 14 87 16 63 89 15 75 23 43 52 43 23 5 45 22 54 65 17 26 98 0 18 75 55 52 29 41 26 0 56 48 14 43 17 30 85 32 5 8 28 57 4 51 15 1 73 21 66 42 47 17 42 17 44 50 22 73 91 48 25 47 49 40 43 66 70 80 50 27 88 78 36 44 29 51 46 54 73 12 97 72 29 91 42 73 41 64 98 85 64 76 84 65 16 79 31 38 59 82 17 48 12 53 92 94 57 90 0 82 3 49 54 84 41 48 10 34 12 60 71 29 36 56 94 4 35 26 42 95 60 11 95 24 65 39 18 22 30 19 4 85 68 10 69 61 59 31 48 23 92 19 52 28 27 99 33 63 25 27 10 37 39 57 13 56 96 32 78 78 3 34 63 23 96 85 37 7 16 85 31 8 56 35 89 84 34 74 99 11 1 9 0 92 66 14 48 14 98 78 93 1 64 8 24 61 93 61 68 10 98 51 70 55 39 11 39 73 85 90 37 39 99 37 83 17 3 84 83 1 62 76 2 79 85 79 40 30 92 60 92 91 64 15 98 3 26 89 28 64 79 65 3 30 55 38 47 58 22 30 60 85 59 62 64 96 93 56 26 86 68 71 29 32 86 79 35 12 68 64 76 99 81 31 29 36 70 28 95 92 10 55 29 69 69 45 17 63 1 96 1 22 67 30 54 53 9 42 17 29 58 46 28 39 77 9 76 47 37 23 92 99 78 21 21 99 19 38 62 72 34 15 94 53 97 49 58 58 43 76 87 1 74 67 40 51 28 68 51 17 91 43 17 69 16 38 21 35 28 35 8 63 51 2 68 48 3 79 7 46 7 46 47 81 66 40 32 
94 8 83 64 0 78 81 21 95 71 42 30 99 30 38 14 81 41 83 81 44 62 40 91 21 39 90 2 5 30 34 51 91 70 15 91 48 48 64 43 19 59 74 19 89 64 33 22 5 68 3 2 82 96 45 3 35 35 5 92 18 92 43 9 14 11 52 62 59 68 58 79 79 84 50 20 48 35 42 6 4 98 8 86 94 53 42 81 40 99 73 10 91 68 71 5 79 75 20 39 44 30 70 23 66 72 44 14 7 38 72 11 88 32 50 82 37 44 15 78 43 88 40 35 57 12 92 88 87 64 27 31 46 49 7 12 21 3 79 81 93 51 44 82 84 94 16 21 90 32 51 34 72 92 21 81 4 65 70 43 30 49 27 76 99 86 89 72 89 68 53 34 71 50 16 7 44 85 29 35 17 32 21 89 76 42 23 80 7 93 76 89 42 3 18 93 89 7 66 30 27 71 64 50 21 33 58 18 18 39 5 87 71 26 28 48 20 51 80 79 44 56 69 87 11 87 80 0 46 98 30 25 22 47 75 43 80 33 13 98 72 18 85 96 96 13 96 68 65 76 48 61 85 17 48 96 56 81 97 2 79 79 27 1 26 54 97 58 88 10 8 12 81 93 8 29 59 56 98 76 33 46 89 70 15 38 66 71 71 15 25 50 95 4 4 73 58 1 84 98 11 92 11 44 38 71 74 49 28 24 25 13 22 14 83 89 4 1 12 75 17 37 78 64 93 82 89 51 83 73 50 46 66 13 43 4 36 69 53 16 93 30 29 67 96 64 56 53 66 68 80 35 57 58 99 2 40 40 53 75 14 55 74 32 20 17 36 57 86 41 73 31 23 55 98 19 71 6 24 37 26 5 24 35 63 75 37 56 16 90 31 82 98 57 14 18 74 2 27 12 
43 53 43 66 8 93 37 79 51 62 69 77 67 93 12 82 69 49 38 85 92 22 67 90 79 81 60 54 35 88 18 78 41 62 96 1 7 33 80 59 47 1 36 14 95 1 49 64 50 87 1 94 9 20 84 41 53 97 95 88 85 65 18 78 27 14 79 87 99 11 46 47 13 34 13 8 35 14 24 38 2 77 32 63 97 69 4 50 66 51 38 3 17 56 81 96 22 60 83 73 71 81 20 36 16 86 44 3 0 20 93 54 97 26 18 94 47 74 96 13 26 86 68 43 94 49 91 16 61 75 90 84 56 62 21 24 0 17 80 53 38 73 59 87 51 29 82 50 4 30 15 30 17 83 25 11 32 16 80 93 43 22 78 52 36 51 28 37 68 8 42 6 34 1 46 37 31 80 88 35 10 3 17 79 87 94 43 71 62 23 17 6 97 47 10 33 98 38 70 66 99 64 25 85 66 23 22 97 3 62 84 13 18 53 93 57 47 88 28 9 11 97 67 8 44 77 93 94 68 64 13 67 28 90 52 46 13 26 95 16 89 79 29 59 84 74 16 31 62 96 93 25 94 12 85 38 90 79 85 10 95 98 29 75 88 81 22 1 59 17 17 0 49 98 59 33 25 27 17 39 24 10 17 18 22 2 8 64 33 93 26 28 91 55 56 79 88 78 32 48 47 49 48 48 0 60 82 25 87 99 16 11 61 33 81 35 88 42 52 21 35 78 2 79 34 10 10 22 88 43 70 87 44 71 36 44 83 18 21 70 69 38 34 82 23 15 17 11 57 69 85 45 48 39 24 34 49 86 56 37 81 79 76 26 2 12 22 85 82 96 55 51 34 89 33 9 57 3 21 14 72 58 11 72 97 87 6 46 74 15 35 55 94 11 33 48 76 56 33 58 
4 88 62 90 30 47 99 87 50 20 53 75 78 17 47 27 4 6 73 30 21 8 86 67 72 71 15 48 79 48 6 83 88 68 73 70 68 73 9 18 45 63 45 76 32 93 3 36 51 77 67 72 37 5 91 9 28 6 57 8 6 16 43 94 84 17 17 4 42 26 23 39 89 68 15 73 13 71 10 16 0 29 88 37 86 31 99 14 89 8 74 95 24 18 42 61 35 59 65 29 85 40 68 27 61 84 0 26 7 62 43 7 91 83 44 29 15 95 44 4 4 18 52 28 36 94 89 23 5 7 52 42 47 21 69 8 57 22 35 64 84 78 71 28 13 67 57 28 15 53 85 19 72 37 99 60 83 41 84 88 48 88 30 47 61 52 56 70 74 43 34 10 73 57 90 86 77 0 67 44 53 52 63 77 89 14 38 72 55 74 12 55 62 42 3 76 94 11 46 20 54 33 31 79 42 73 17 19 73 84 63 27 88 78 4 77 93 42 1 0 68 13 56 83 56 59 59 2 22 5 75 28 90 58 7 33 31 76 4 5 13 20 32 1 98 88 79 43 83 32 44 51 46 52 86 54 63 45 8 85 3 83 13 93 41 72 78 25 0 83 30 13 3 14 15 1 54 46 97 37 78 93 41 76 45 27 82 60 25 91 97 28 26 62 73 20 86 52 45 86 35 75 0 90 41 15 43 95 61 40 85 91 33 26 68 30 5 2 42 30 93 39 58 72 1 32 92 87 36 37 26 23 64 26 13 57 41 56 4 54 49 89 97 34 67 65 65 73 20 59 3 13 99 62 37 52 46 29 92 34 18 18 57 34 96 22 43 89 78 48 43 27 37 40 62 5 58 79 78 78 90 33 43 89 95 33 94 93 62 38 79 33 8 36 19 4 58 63 93 89 
63 88 68 0 80 30 57 38 61 87 68 52 21 64 93 68 97 39 14 11 77 93 96 85 82 68 41 40 31 34 29 94 74 98 46 55 80 56 45 94 43 66 98 16 30 91 37 79 31 51 42 60 96 91 98 78 59 39 19 42 26 0 36 0 50 34 55 83 90 1 29 86 19 27 54 49 18 91 80 1 94 74 62 91 65 12 69 76 3 40 18 29 93 6 82 95 41 89 78 83 42 7 21 61 34 76 62 5 19 42 58 66 69 72 57 86 84 78 63 88 19 81 69 64 40 51 59 81 41 38 16 83 97 38 45 84 66 7 89 37 2 47 3 23 20 12 9 56 91 72 44 62 6 14 26 46 17 85 79 58 75 47 94 73 37 39 9 55 98 98 93 52 97 48 75 69 61 85 26 4 9 22 66 67 88 44 13 58 29 44 16 57 92 62 30 29 53 39 85 52 89 30 4 38 30 80 60 91 17 38 47 26 60 13 94 1 9 59 59 91 56 27 48 0 90 30 81 43 21 18 47 10 48 4 0 79 84 60 22 53 98 70 31 11 35 77 64 45 89 23 88 45 2 36 45 92 66 26 88 87 45 35 49 45 39 49 76 75 62 99 80 12 21 12 75 8 89 39 5 78 14 93 75 69 29 20 61 95 99 1 34 96 89 83 41 80 85 70 8 99 69 88 11 42 52 39 50 42 30 8 72 45 1 48 14 31 20 27 78 71 81 13 67 70 48 61 2 33 31 10 32 52 51 96 94 3 35 96 97 65 4 22 62 6 22 28 89 42 56 19 14 89 84 33 11 33 94 13 18 77 76 51 29 79 99 75 34 34 72 84 51 28 6 14 34 80 42 75 22 50 95 88 39 31 74 2 64 20 16 83 98 44 86 27 23 85 3 9 71 27 
93 22 55 51 36 42 31 31 17 6 81 64 46 73 96 20 75 12 41 43 95 39 39 33 18 14 18 73 24 89 0 17 64 56 21 0 98 52 83 67 58 65 32 57 90 80 77 17 92 70 61 40 61 0 73 80 15 92 53 91 33 6 60 97 62 81 50 12 86 33 31 96 50 63 53 40 95 83 58 40 53 71 80 15 23 53 47 90 97 52 81 83 58 42 80 72 75 82 36 61 68 68 58 18 83 11 59 79 94 69 19 0 92 99 67 15 4 14 6 54 18 87 37 77 81 69 1 9 52 38 70 20 6 28 90 89 92 1 20 38 70 91 38 62 42 5 30 47 71 36 1 90 75 90 19 9 59 20 18 63 58 88 83 16 69 26 58 13 27 78 51 50 70 42 12 12 47 42 11 19 30 64 9 6 54 80 15 14 0 33 77 11 73 13 27 94 39 85 7 18 64 59 68 86 1 33 50 0 27 62 71 58 26 32 16 33 12 83 47 13 68 76 24 41 41 51 36 32 89 95 51 5 6 19 91 7 52 93 60 80 55 31 90 34 64 6 19 28 89 66 41 57 94 17 50 36 21 38 68 10 34 19 15 40 91 58 0 43 3 60 75 59 43 65 45 59 71 64 88 12 82 81 21 28 51 72 64 72 10 85 34 96 4 1 37 95 59 37 91 62 49 66 73 44 32 70 4 55 86 44 20 20 77 41 49 28 13 13 0 76 50 34 72 55 35 9 2 46 98 45 61 99 12 86 44 96 9 0 3 47 96 23 68 73 65 69 2 30 34 54 6 85 89 31 92 76 92 94 75 91 92 88 42 4 26 86 52 35 38 7 35 34 31 3 8 48 24 10 30 58 16 37 43 5 20 35 34 12 82 61 55 74 49 98 30 75 36 34 63 75 
41 98 9 24 53 69 24 77 31 55 35 48 44 31 5 64 18 39 28 0 52 84 26 1 82 8 29 18 94 44 93 88 42 55 12 47 24 89 24 56 44 11 4 40 42 9 56 61 1 84 13 53 68 92 7 50 0 88 21 95 84 14 35 26 21 99 25 46 88 49 54 84 12 10 24 55 19 80 68 72 65 81 78 85 73 37 36 26 77 57 73 61 23 8 39 97 7 64 95 48 65 49 32 77 59 9 84 30 41 52 55 58 86 33 44 59 22 32 37 99 41 62 12 16 70 51 13 30 67 8 78 32 9 62 9 20 71 46 51 13 98 58 23 84 91 67 96 65 99 85 64 40 48 28 57 18 79 22 0 46 31 30 30 92 93 91 13 16 37 64 81 36 22 5 72 65 24 68 82 24 54 98 16 54 26 25 72 5 48 25 3 31 55 33 23 0 24 36 69 14 52 50 50 26 7 74 91 32 43 73 56 49 71 24 3 49 50 27 54 98 4 9 29 12 94 52 12 71 41 33 85 93 84 87 20 43 61 63 75 56 89 83 57 60 8 60 10 58 40 16 8 96 78 37 8 72 41 73 43 82 6 28 76 42 15 48 86 77 11 61 33 0 45 91 13 5 3 75 63 95 43 71 92 21 60 52 94 1 25 37 36 84 18 64 26 33 12 64 62 75 78 48 76 75 91 41 80 94 68 95 42 11 18 86 33 78 38 79 31 16 68 67 0 86 83 78 72 47 43 86 23 73 34 51 48 25 92 28 72 60 75 66 23 93 52 8 71 90 87 54 6 8 74 58 46 57 89 70 5 84 57 28 57 43 79 5 21 23 85 93 35 60 59 58 53 11 19 76 53 58 30 12 66 4 22 65 62 11 35 19 95 92 47 52 88 78 9 9 53 46 
2 88 6 13 98 11 76 17 87 81 76 18 93 94 74 16 59 88 27 95 7 75 39 6 27 27 84 89 88 89 35 42 29 94 55 28 5 83 97 93 65 25 63 58 20 89 26 79 78 54 26 37 81 66 44 60 45 80 49 34 70 85 76 99 79 84 79 36 67 77 81 32 2 44 43 74 86 69 54 64 75 80 1 56 98 97 17 96 78 18 30 0 55 58 99 86 94 31 23 62 8 4 46 62 1 41 37 87 63 43 3 90 75 56 47 74 54 16 22 84 86 4 84 42 62 83 28 9 66 51 23 74 8 69 89 9 63 78 48 26 21 3 16 96 59 15 22 65 83 44 49 70 48 33 12 63 69 92 72 35 96 95 62 4 16 51 65 31 81 65 57 2 68 26 50 27 41 73 93 77 69 42 47 70 76 59 85 97 3 9 32 99 4 94 3 72 97 20 4 78 85 13 32 53 39 83 81 33 8 26 10 29 20 57 99 96 68 84 45 23 93 78 23 49 24 78 74 74 99 30 4 84 43 89 90 35 72 23 20 32 49 30 61 69 39 13 18 59 97 15 82 43 93 5 44 70 84 70 96 35 0 0 71 96 89 61 83 13 84 3 97 85 85 59 7 24 24 77 83 73 92 17 16 38 23 13 60 59 83 56 94 36 8 17 84 50 79 67 63 15 70 13 53 55 24 60 31 48 89 66 21 81 83 38 71 58 3 31 17 38 87 63 26 96 33 10 98 12 77 13 79 99 26 32 6 50 44 89 98 85 55 20 19 39 10 90 49 13 22 19 3 61 82 30 9 67 40 7 31 70 21 11 21 47 95 28 50 92 17 48 77 25 68 96 16 78 39 65 43 61 84 99 74 19 29 84 86 21 43 18 91 16 29 13 64 76 93 14 68 62 
14 98 39 83 46 55 13 85 21 9 98 5 8 73 24 89 9 11 10 4 81 2 21 62 67 37 38 12 51 59 26 17 9 66 52 55 21 18 93 42 27 91 0 87 16 24 76 77 87 86 82 20 40 3 82 59 40 73 71 43 32 98 60 93 64 13 48 85 31 41 80 10 85 80 97 1 56 25 79 96 63 13 16 4 16 99 63 8 24 87 51 8 85 11 1 1 76 49 38 59 43 18 69 28 50 18 81 59 95 12 55 59 25 71 15 41 22 30 49 98 17 52 6 2 16 7 55 92 9 94 4 4 12 25 84 15 44 65 74 91 78 29 50 55 52 17 97 27 48 98 25 65 51 84 20 19 91 75 11 52 69 67 56 34 93 92 1 89 58 75 80 88 56 83 43 60 0 92 39 0 43 17 18 46 1 38 65 44 65 28 97 87 96 5 73 89 50 26 78 8 1 10 48 9 45 43 21 98 36 61 98 79 78 16 25 79 6 42 75 24 70 24 63 66 82 88 55 32 14 85 92 67 48 40 76 93 83 97 91 71 10 42 2 88 58 79 19 17 21 95 93 92 71 56 10 53 44 18 85 58 3 77 77 3 17 53 97 53 2 40 76 65 82 31 53 93 10 25 62 84 72 55 28 43 63 38 97 59 56 82 69 12 12 46 15 81 51 64 34 53 57 63 70 91 94 24 84 56 1 98 92 73 5 72 68 68 11 65 79 19 0 48 31 12 46 99 93 97 15 80 3 24 95 73 16 41 49 0 49 50 51 42 75 56 14 44 77 77 61 56 97 13 57 80 77 3 31 23 53 99 55 56 23 50 81 39 43 31 92 92 33 43 86 9 99 53 5 28 30 18 85 79 32 94 12 61 49 95 84 2 94 39 58 18 41 40 57 36 23 1 
29 56 44 67 17 96 20 22 24 3 93 61 34 77 7 98 38 57 94 75 59 88 66 70 58 60 62 68 96 85 69 25 41 66 45 11 62 65 33 38 20 78 52 55 55 11 53 46 68 99 21 80 88 87 50 46 47 12 14 96 49 36 73 42 2 18 53 16 36 39 6 56 17 58 63 73 22 69 71 90 68 92 70 8 31 72 55 31 36 21 27 85 9 0 28 11 19 33 79 7 72 86 63 90 96 79 15 18 48 86 9 68 30 31 77 61 56 84 44 92 57 71 78 67 24 58 30 95 43 10 2 16 48 17 58 44 96 25 63 96 63 24 17 45 7 46 6 63 30 3 56 39 74 86 58 50 96 89 45 39 51 47 7 99 65 65 43 13 42 58 62 5 82 79 50 90 25 9 53 7 12 61 46 38 47 5 89 43 46 86 83 97 86 42 96 3 8 91 16 50 50 30 8 84 9 10 74 86 19 80 45 83 41 92 74 89 49 15 84 95 1 19 44 87 62 92 90 22 83 59 72 85 89 32 70 51 43 96 89 14 28 35 50 70 79 24 11 80 91 95 27 44 67 71 32 29 15 74 51 50 85 75 36 27 8 58 30 3 6 19 17 35 6 19 5 37 43 68 17 34 15 44 79 82 67 63 11 82 89 14 85 75 90 73 54 50 31 84 5 37 55 74 72 62 94 29 51 37 97 69 24 65 65 55 47 85 70 11 19 59 25 4 86 67 77 92 17 8 76 74 98 32 49 22 46 43 4 97 32 53 18 8 18 36 63 66 21 85 77 40 97 54 45 35 22 22 28 91 83 4 66 81 88 15 55 86 10 59 36 42 65 54 3 83 90 18 1 11 4 78 52 1 85 49 88 7 71 16 98 6 73 64 39 13 31 95 0 93 6 36 
36 23 42 91 7 33 9 60 96 13 91 0 66 76 49 55 83 73 71 81 79 96 98 19 10 81 66 62 75 24 98 63 48 40 54 7 25 63 67 74 77 58 74 95 34 76 50 69 1 74 3 80 70 1 51 32 34 69 94 9 46 44 72 94 37 26 53 62 42 20 88 19 31 63 66 17 91 17 87 92 43 90 24 65 43 28 98 77 49 92 87 95 37 11 41 26 90 94 88 32 15 77 3 98 92 69 15 35 38 54 79 81 96 3 47 39 83 45 69 33 89 56 28 78 19 70 4 9 16 45 93 83 74 96 81 18 18 49 53 56 3 32 38 0 87 37 91 23 34 60 56 75 68 36 6 88 58 62 49 75 7 43 58 33 39 92 51 57 41 56 66 44 40 56 96 80 93 88 3 79 48 11 54 69 99 60 57 58 23 6 85 82 49 95 16 41 87 19 98 28 28 16 25 20 72 21 52 65 61 55 44 62 18 99 31 18 11 88 76 86 46 13 69 48 8 37 89 96 8 39 24 88 56 1 9 28 75 61 94 36 69 90 98 87 41 81 5 5 21 33 91 68 46 60 16 7 49 5 3 10 96 79 98 52 81 59 81 56 21 27 44 42 69 43 29 11 76 87 16 98 72 7 66 71 20 34 78 21 91 81 31 87 12 82 40 93 41 73 1 14 52 46 56 21 41 38 84 17 25 0 15 49 60 33 20 32 67 98 5 58 31 89 46 44 71 38 89 12 63 91 27 15 89 83 36 30 21 21 47 98 73 15 48 85 48 20 69 16 71 75 26 2 64 24 98 35 62 88 99 25 31 26 92 20 62 29 2 35 2 49 86 75 16 86 13 65 6 82 33 77 57 59 32 73 36 30 8 98 70 60 76 1 86 68 73 0 49 75 88 51 
77 74 79 93 60 92 58 66 26 43 96 84 55 28 57 91 10 18 41 81 78 69 34 16 90 8 69 39 83 57 43 60 31 22 6 43 66 16 61 44 60 57 28 67 37 38 58 48 8 51 81 38 21 15 6 63 75 75 2 59 32 45 71 15 19 77 10 37 94 72 82 6 81 62 73 71 52 83 71 12 34 52 50 7 19 57 70 95 32 25 6 17 22 77 84 94 7 95 31 1 19 65 59 0 80 32 23 32 67 94 97 53 46 47 13 66 4 83 13 89 60 19 58 83 96 94 29 3 41 12 56 60 78 67 13 10 51 36 94 18 31 91 72 29 39 85 47 95 20 60 36 33 79 46 68 28 41 97 83 82 9 92 95 39 59 60 49 11 48 44 81 31 35 5 61 26 90 60 74 63 21 10 96 52 57 64 80 50 61 16 84 22 8 79 62 19 91 63 82 40 7 64 71 95 69 84 73 12 45 47 75 18 58 23 22 67 87 3 17 0 71 1 74 79 33 36 98 24 52 81 64 11 97 88 6 66 24 32 78 21 79 5 39 89 28 62 56 67 17 25 19 88 27 94 19 60 82 69 36 34 50 1 46 47 41 4 66 65 36 96 87 68 2 78 57 82 92 66 50 61 91 21 1 18 15 20 30 98 90 67 84 92 20 82 92 61 87 58 78 75 54 65 95 8 44 53 91 88 19 93 50 62 14 51 81 82 72 63 80 14 82 16 6 2 99 50 15 38 8 94 65 15 11 61 75 7 66 18 96 85 11 46 99 78 49 32 60 73 96 92 87 78 60 46 33 59 96 48 97 57 42 63 72 6 24 99 13 90 18 9 27 81 7 78 59 57 11 71 30 7 15 70 37 76 16 70 35 64 71 85 21 65 0 45 71 24 45 85 66 63 
46 45 96 54 75 56 11 86 79 93 45 95 63 35 71 31 57 58 96 28 43 69 94 43 15 17 19 12 2 37 27 49 34 23 55 10 31 66 96 11 11 94 58 75 29 81 6 86 39 54 15 83 24 61 78 91 30 98 55 33 87 82 34 22 57 89 84 89 7 80 52 18 74 62 45 55 43 52 42 82 58 9 17 34 22 96 25 52 46 80 85 33 14 71 7 72 12 91 13 71 72 65 90 98 79 35 6 22 39 48 4 50 57 22 84 79 70 62 83 16 42 21 1 9 92 9 81 57 0 94 28 24 11 70 75 90 6 81 64 97 29 68 99 38 42 84 69 12 46 52 80 40 73 82 49 18 91 82 75 91 76 55 16 39 26 43 81 84 24 45 81 5 66 81 43 8 17 64 73 15 68 53 55 42 35 5 12 26 87 39 18 16 94 86 7 20 29 41 4 5 86 38 10 52 71 5 13 40 69 86 55 37 39 10 31 75 67 95 1 7 34 71 75 29 9 82 1 38 23 6 95 62 96 5 14 67 10 79 7 79 65 62 69 57 24 52 32 92 48 85 99 82 57 74 63 18 8 65 9 32 71 4 94 19 10 60 38 20 40 45 52 57 59 73 14 35 25 98 79 25 84 30 8 93 4 71 11 65 88 20 49 11 77 95 30 87 7 68 59 99 65 63 57 76 36 23 12 14 22 91 39 6 22 99 99 78 23 62 95 11 35 44 23 12 39 53 51 47 74 62 46 39 26 55 68 14 79 80 80 1 23 20 59 97 71 10 76 94 72 71 6 59 68 81 23 7 34 26 6 60 89 5 52 67 60 20 33 91 52 14 44 75 86 3 73 57 13 1 4 38 72 10 49 40 91 73 0 77 99 58 90 40 63 42 59 76 62 93 67 14 
7 64 89 45 67 14 54 33 15 58 71 40 68 20 32 11 45 32 41 97 43 31 37 6 25 49 34 87 42 54 53 1 18 94 46 85 9 0 18 76 59 41 16 79 14 49 43 59 33 36 8 76 19 98 35 44 47 69 83 89 23 36 90 93 30 88 79 91 88 49 68 99 43 84 31 57 85 26 68 19 62 77 95 81 27 30 77 74 0 60 15 75 48 57 69 30 45 0 22 85 1 42 37 44 26 68 53 64 94 74 83 56 3 78 89 30 61 18 4 13 30 71 88 30 28 9 60 73 61 34 10 63 76 47 59 55 15 65 19 61 39 54 69 42 32 58 24 45 28 80 58 58 51 99 88 79 60 1 4 22 87 14 37 64 62 96 71 29 61 42 91 52 96 60 46 80 71 70 26 99 50 84 10 1 35 50 32 96 3 36 18 91 51 55 55 65 3 78 94 17 20 85 69 68 98 16 48 69 86 74 20 89 11 30 90 46 33 75 94 36 11 12 27 14 19 34 31 23 64 26 40 36 63 9 4 61 77 53 30 16 79 51 5 42 33 47 89 66 22 35 55 34 48 82 0 67 69 32 42 33 10 82 70 73 44 26 87 21 79 17 89 11 20 94 53 6 42 94 72 64 30 27 50 30 62 3 97 83 87 40 16 97 74 38 22 18 65 9 92 96 79 81 7 51 76 61 57 70 7 82 86 37 9 89 67 23 92 17 6 79 9 75 28 83 65 50 2 30 60 94 79 91 27 86 42 3 99 0 25 7 82 12 96 43 1 16 19 45 33 77 76 42 52 4 25 70 6 79 52 18 25 31 9 53 70 4 8 69 4 34 28 38 46 77 33 99 93 52 44 78 30 72 20 34 28 97 4 34 29 9 53 54 40 14 59 10 18 68 32 74 
2 12 64 0 89 98 99 34 2 95 12 32 67 84 19 47 34 75 81 15 84 86 21 25 53 81 87 23 49 71 50 3 84 14 3 25 64 54 12 67 1 24 51 20 61 22 67 47 98 48 62 82 87 83 59 92 16 99 15 65 70 65 20 6 32 75 32 96 29 44 63 30 20 67 50 33 89 17 80 87 18 94 22 57 30 33 49 46 32 16 64 55 82 84 61 14 60 45 62 41 41 78 72 14 45 74 47 34 44 80 74 14 26 48 71 56 33 72 3 18 88 19 73 22 3 86 36 15 84 51 57 25 29 81 39 74 7 39 60 51 19 86 65 45 34 88 2 68 12 57 38 53 28 11 75 31 49 64 99 33 15 8 59 44 89 50 18 48 89 30 0 60 17 17 6 3 58 60 23 22 69 61 75 97 24 51 80 74 15 79 7 30 39 18 74 80 21 44 29 10 26 81 71 95 98 29 51 8 89 26 31 10 40 6 7 64 9 87 90 24 19 50 6 58 20 32 91 41 28 20 52 55 1 75 50 51 4 53 60 45 80 43 55 20 49 62 36 59 1 27 35 72 77 42 83 97 74 74 39 3 94 43 10 47 18 60 98 74 66 10 19 46 53 74 66 3 88 2 14 89 81 49 62 10 43 45 60 70 71 51 73 65 94 35 64 64 47 62 38 13 25 57 59 78 31 77 33 19 32 99 60 13 1 74 76 44 71 36 14 42 87 39 59 33 74 23 97 74 38 87 87 63 44 47 93 27 76 27 98 8 26 10 74 27 85 50 24 56 38 90 99 77 30 58 10 56 34 59 30 72 98 70 87 94 17 80 21 45 59 71 6 38 81 80 65 18 82 41 75 72 32 26 49 62 84 11 70 70 22 53 42 20 23 81 14 92 62 87 37 73 
10 43 11 43 75 77 62 9 70 37 81 2 63 30 16 99 93 87 70 15 92 64 87 15 46 53 59 60 92 96 85 2 92 97 98 19 26 60 29 96 49 10 99 12 93 15 63 38 54 33 6 46 50 93 13 48 99 72 60 91 21 45 46 65 42 44 84 68 4 13 17 5 76 16 17 21 83 32 11 38 18 17 36 68 63 2 16 62 74 28 53 47 73 51 12 16 95 97 36 51 62 53 56 90 21 25 63 5 58 75 95 76 92 31 96 55 33 64 17 60 92 23 7 65 74 72 33 22 21 22 25 83 27 34 26 49 11 89 54 21 64 1 49 57 32 45 64 18 9 34 30 53 57 89 71 83 61 56 57 82 78 35 18 6 21 44 7 84 33 13 6 50 14 55 59 46 53 23 16 14 57 46 20 66 36 91 2 49 47 59 32 78 46 2 84 67 46 43 52 31 56 10 81 70 17 40 68 22 16 37 37 73 83 57 40 71 0 42 73 47 53 57 25 0 59 61 19 5 4 23 88 12 33 70 82 3 62 3 25 78 40 14 52 75 23 44 99 23 38 72 23 91 29 0 43 40 14 15 97 70 38 85 83 24 55 17 27 18 20 4 48 12 19 0 88 42 96 87 18 34 11 41 78 92 93 73 32 7 88 29 78 79 14 61 3 22 30 82 92 51 38 40 63 57 93 3 52 89 42 22 76 53 15 54 97 8 79 81 68 20 10 46 99 77 59 54 51 89 88 95 92 26 35 56 36 28 11 40 70 54 62 46 59 29 52 57 37 31 38 5 3 1 3 2 30 62 8 33 4 96 28 96 23 63 4 11 44 16 51 66 70 65 12 29 94 16 38 83 99 77 41 3 30 44 5 60 59 66 45 63 62 73 11 37 36 16 48 32 84 99 
98 6 64 62 87 10 78 26 94 78 55 35 33 37 31 90 97 90 56 42 5 19 67 17 56 55 85 5 88 21 56 38 27 73 1 14 83 79 40 29 9 47 64 42 84 96 85 33 38 41 27 44 60 94 13 69 50 50 26 90 71 82 28 98 7 29 12 43 61 5 72 22 4 37 17 89 85 2 74 23 43 2 19 56 48 32 25 98 34 51 88 5 85 69 3 45 98 68 88 11 25 60 34 29 49 3 70 34 5 45 10 0 47 29 56 47 14 33 46 0 84 86 6 22 55 61 67 6 29 55 69 6 67 55 36 17 58 6 3 15 3 13 16 2 95 24 50 61 58 96 61 94 34 19 16 42 81 35 0 62 90 69 69 58 25 5 75 35 63 30 51 67 44 19 69 91 95 71 4 53 67 65 0 54 37 16 96 18 52 96 80 94 17 49 4 42 6 31 78 22 62 81 41 58 0 62 49 95 34 53 1 1 70 1 7 7 69 55 77 73 51 58 20 21 59 24 63 18 56 93 40 18 26 81 76 78 43 77 74 77 82 27 31 4 80 38 12 1 94 41 75 97 99 95 70 11 71 34 29 27 79 69 97 6 50 25 84 45 2 10 23 36 89 6 41 69 96 5 71 42 46 98 92 46 45 62 9 16 48 38 96 28 7 93 86 9 19 22 54 73 85 29 10 74 87 51 96 84 56 19 26 2 69 18 0 14 81 9 82 29 99 78 9 6 24 47 67 43 70 74 68 7 55 78 33 43 81 81 27 89 0 5 44 69 76 96 35 9 6 18 90 57 48 52 64 72 99 83 67 21 57 36 28 13 66 14 56 0 95 35 89 96 92 33 17 68 82 5 29 40 75 20 97 23 72 61 48 23 97 67 45 54 55 25 67 22 39 75 74 35 
62 63 83 55 49 52 75 31 57 5 71 32 25 20 8 49 34 56 72 31 23 17 85 31 43 5 53 34 32 79 69 95 94 4 50 43 57 25 26 14 82 49 99 7 70 7 56 56 15 81 87 90 50 24 21 93 29 26 80 14 5 49 9 0 6 11 95 63 88 74 29 71 75 28 30 97 87 87 53 54 20 40 97 70 65 18 16 46 97 96 60 54 97 21 6 3 32 54 66 73 28 48 44 55 28 74 53 16 13 58 22 33 99 19 4 16 90 20 62 39 68 75 93 65 96 0 21 81 54 39 54 34 87 98 89 16 24 94 84 38 53 6 23 4 78 79 72 68 51 86 7 19 61 52 37 10 52 58 91 58 97 45 44 85 95 86 53 19 80 37 9 85 95 33 89 73 12 61 41 64 0 0 83 61 53 20 71 57 78 14 68 28 59 12 65 6 98 18 26 31 7 35 16 2 68 58 76 33 71 69 97 71 22 80 85 75 53 56 32 83 23 0 11 34 65 28 41 63 46 19 94 5 54 63 8 75 21 36 8 44 57 57 16 79 89 1 6 42 9 39 78 32 91 89 19 56 70 60 72 68 79 18 74 85 81 34 60 54 22 20 99 79 77 67 11 19 20 17 61 81 8 39 66 52 81 85 60 51 45 32 19 76 3 45 61 84 79 74 91 1 94 42 33 24 61 44 43 81 13 56 14 22 48 80 74 81 65 34 32 62 19 3 38 22 1 0 58 80 26 49 34 72 43 67 96 4 63 91 85 76 0 52 98 48 32 72 29 50 59 13 12 78 68 3 0 69 55 10 2 81 60 36 53 3 3 2 8 66 45 45 42 45 97 93 93 82 17 74 32 76 87 96 6 8 51 58 77 58 69 79 39 29 67 45 84 22 99 44 88 44 
42 83 90 91 28 35 73 45 10 57 22 49 6 80 57 57 39 87 16 8 18 7 89 86 52 73 8 51 70 49 48 12 84 38 55 12 25 29 57 87 38 31 89 44 12 46 2 3 85 70 11 56 77 0 42 82 25 2 85 47 3 33 11 39 23 67 51 49 48 61 88 86 44 77 31 8 76 85 11 61 55 74 69 84 26 63 66 4 66 4 51 21 37 63 61 61 82 64 62 30 77 2 16 22 80 99 82 56 84 94 69 91 20 91 76 47 54 94 51 72 98 2 94 88 17 7 1 99 71 15 29 1 17 98 23 49 49 57 57 34 51 79 77 24 70 5 71 24 52 22 97 50 76 43 90 94 50 91 45 73 6 27 74 24 77 49 25 26 7 83 12 10 62 90 34 32 47 5 56 99 79 5 2 56 48 92 2 50 84 99 76 42 26 50 18 3 52 44 82 11 27 94 21 89 84 8 21 32 13 29 83 45 35 85 53 35 78 55 38 62 6 14 4 33 16 23 88 68 67 70 31 46 65 53 35 1 61 56 85 26 37 21 23 72 6 76 60 84 83 98 98 90 64 55 75 80 30 15 1 49 38 32 95 55 37 30 56 50 38 94 29 75 15 52 0 73 81 60 58 64 10 8 6 74 63 33 6 93 49 7 42 87 92 89 42 29 19 50 80 9 96 9 85 63 13 37 37 94 49 95 59 59 55 17 85 19 51 91 64 0 99 7 39 91 96 81 72 68 83 52 29 80 13 66 43 27 3 32 21 4 79 32 63 35 50 0 54 53 92 18 5 43 77 44 86 26 77 58 46 60 63 75 92 28 42 88 55 97 20 29 2 52 13 17 87 63 18 41 68 62 11 73 5 89 17 43 67 46 53 13 59 68 40 3 97 82 91 4 80 64 
85 82 16 99 99 55 14 69 96 83 31 59 56 88 0 26 31 67 24 37 32 83 57 73 87 54 7 30 11 87 46 96 21 14 47 21 69 62 90 17 97 74 77 5 62 77 83 46 97 8 83 81 91 92 54 30 47 62 61 10 1 7 58 23 22 6 96 91 20 38 9 17 12 38 74 27 67 58 73 16 66 8 98 9 0 52 40 99 66 1 9 68 8 20 43 82 26 39 26 98 77 87 67 42 25 41 69 44 99 94 61 17 2 59 27 54 11 67 54 30 20 15 98 28 87 41 63 13 32 89 63 61 76 30 3 53 24 24 97 75 70 58 93 24 17 72 79 81 39 85 11 59 52 61 39 40 54 54 5 86 43 69 47 71 51 3 76 75 79 26 51 50 84 96 74 54 68 5 87 59 90 50 70 95 11 61 35 65 16 92 51 11 13 50 35 65 53 11 92 33 37 43 35 74 91 9 80 11 15 67 70 57 17 40 4 28 54 91 45 70 84 48 81 97 98 16 62 52 80 55 37 17 50 72 43 42 33 23 53 48 90 76 58 59 68 14 39 22 6 84 44 90 32 78 39 31 94 54 35 26 61 72 96 11 96 39 5 29 15 11 30 5 39 88 17 7 54 56 82 60 41 26 2 73 4 42 56 51 48 91 77 9 15 25 20 11 65 78 41 32 41 71 37 80 11 54 39 65 11 21 78 4 0 80 77 4 74 86 7 22 77 37 31 93 62 4 56 79 82 97 11 75 68 1 55 31 7 94 97 70 68 75 74 68 7 4 24 82 90 32 56 19 21 88 64 83 44 21 15 26 70 26 53 39 79 8 22 87 54 19 9 22 46 84 90 54 40 15 88 30 99 44 1 20 84 66 55 28 39 70 6 9 49 59 0 80 67 23 67 74 
42 29 96 41 13 87 47 53 54 35 35 5 79 36 25 16 54 32 44 93 3 51 3 4 62 3 84 30 26 4 4 21 33 52 14 98 91 61 3 97 96 38 2 27 26 79 43 81 12 88 26 67 91 29 23 53 85 59 35 63 63 91 84 48 44 50 98 35 11 1 33 7 91 87 87 18 67 30 51 31 70 77 98 13 59 73 67 44 32 54 59 96 46 96 96 42 46 95 29 58 48 14 17 40 2 4 10 69 35 13 52 57 42 50 71 1 75 90 97 7 44 57 55 90 53 52 84 99 99 14 57 47 28 75 87 30 31 97 51 18 62 3 76 5 5 47 6 80 89 56 88 33 13 43 76 18 47 60 17 46 74 27 94 55 54 81 85 85 31 89 4 45 92 80 50 50 79 57 30 20 13 70 53 78 14 81 96 61 42 65 60 68 92 54 23 46 87 61 84 70 50 88 16 94 20 66 44 51 75 75 71 40 45 76 18 11 58 66 25 52 32 85 20 76 91 96 75 78 57 59 49 59 99 17 53 71 83 50 74 11 25 97 51 22 73 22 86 83 88 63 35 20 48 56 97 39 4 24 69 61 83 70 72 34 87 25 5 23 75 79 34 52 76 85 27 1 7 65 85 48 28 20 68 28 28 17 19 32 93 88 45 76 59 17 10 98 95 67 21 22 46 55 75 74 93 54 76 0 71 13 0 99 85 69 27 14 38 98 98 32 86 44 60 97 13 23 96 8 90 69 31 89 25 58 63 70 64 91 70 35 4 71 86 90 92 13 56 82 63 54 66 49 50 79 47 64 2 95 24 92 64 55 81 41 65 97 11 29 88 34 16 45 57 2 87 1 67 43 35 30 49 2 80 0 33 79 64 35 26 40 79 90 96 13 32 13 62 43 43 2 
29 59 47 86 14 34 87 81 29 23 12 79 77 92 79 10 23 95 97 49 35 28 91 83 93 23 97 55 19 92 58 0 3 57 87 17 92 74 99 73 49 11 52 26 55 31 88 30 26 85 79 14 14 70 97 59 46 94 15 17 38 25 17 42 82 56 11 26 31 10 0 32 73 52 59 80 84 47 10 62 85 41 28 51 64 26 10 10 72 25 79 11 50 48 5 85 5 16 11 88 79 11 20 52 16 31 33 52 79 43 66 16 37 95 67 1 21 77 63 45 55 42 8 57 42 13 42 47 30 6 87 9 69 8 13 85 91 46 37 70 42 4 86 31 51 5 32 24 83 95 69 38 89 78 95 31 43 90 31 73 96 18 34 65 78 0 3 22 98 40 92 92 96 31 23 47 88 55 71 71 50 93 61 91 23 9 23 66 99 6 92 47 76 26 12 7 78 67 29 77 8 73 69 56 56 93 56 45 48 79 16 51 24 30 42 47 39 17 14 38 75 6 37 52 84 1 59 63 69 40 40 29 13 61 85 70 54 93 15 55 25 83 58 49 13 52 97 52 22 11 42 97 17 79 1 1 81 60 16 2 0 56 31 66 18 68 36 24 62 3 31 39 86 89 88 0 94 85 52 16 96 47 13 65 78 67 19 59 27 35 61 80 44 44 98 62 13 34 38 27 37 70 66 75 11 6 75 5 92 80 73 40 79 39 58 57 6 77 17 85 12 30 17 56 75 15 70 40 1 61 67 90 31 85 66 94 91 41 0 35 73 73 76 52 12 34 10 18 63 79 56 27 61 73 84 88 89 6 28 90 67 47 81 50 84 99 45 76 40 97 63 66 22 39 70 87 25 32 5 40 11 61 68 25 87 52 13 76 10 94 18 30 93 99 80 78 98 77 6 91 
74 69 9 97 61 79 84 38 12 41 79 75 55 47 0 42 51 66 70 13 60 88 43 53 40 76 83 38 53 89 81 80 11 42 77 72 22 13 62 86 6 93 13 13 40 66 7 43 32 77 9 44 66 52 49 58 28 33 96 82 74 30 62 37 72 91 61 46 56 24 84 14 17 98 80 10 64 87 5 48 17 14 44 35 67 93 93 47 78 41 81 5 71 95 42 96 86 4 42 94 80 27 61 97 77 41 59 93 80 65 41 97 79 85 32 98 30 25 98 9 67 79 14 90 75 56 86 13 12 81 8 92 60 69 42 37 62 1 30 42 66 23 40 98 60 24 48 90 2 46 99 21 78 65 11 53 74 50 66 86 31 26 31 43 47 73 80 9 74 62 52 93 85 44 43 45 68 43 35 70 90 87 91 68 4 55 73 78 5 39 17 88 66 48 31 65 21 63 75 47 25 79 92 62 75 35 59 43 79 46 66 21 85 9 41 90 16 14 68 73 53 37 13 71 85 96 37 58 59 64 58 36 43 50 50 18 86 9 13 17 56 31 38 41 93 79 83 9 93 52 35 98 41 48 22 27 45 59 37 56 75 95 93 18 46 43 88 84 53 53 1 61 37 39 54 30 70 38 91 63 42 26 13 83 75 35 62 72 46 0 28 21 95 73 91 93 17 31 77 22 85 78 35 22 69 89 4 39 27 95 54 21 74 68 5 1 55 67 73 2 19 1 75 67 75 67 60 44 98 90 18 35 68 53 9 90 94 13 29 74 61 84 95 35 4 0 36 59 20 9 13 39 62 89 6 89 56 19 85 6 9 3 94 77 8 3 19 3 69 49 77 30 85 72 17 41 25 53 52 45 14 66 36 28 55 43 70 63 14 55 69 23 11 15 0 19 19 20 22 40 
21 51 70 58 76 39 99 1 92 51 98 58 69 86 86 24 81 56 87 95 64 9 18 75 24 71 94 95 43 69 35 64 72 57 74 48 96 25 1 40 76 51 98 46 38 37 22 19 93 62 15 57 23 85 32 47 56 79 95 99 0 30 15 72 40 89 21 36 14 22 77 43 26 27 41 64 64 15 35 10 77 2 67 0 88 52 0 44 83 95 96 83 77 11 55 69 53 28 58 19 3 87 14 29 14 7 45 31 23 80 41 52 83 60 5 23 12 5 19 47 52 15 82 81 79 38 3 84 18 61 3 21 48 70 2 14 77 47 45 52 80 86 57 15 47 62 38 11 19 57 59 71 25 41 4 4 31 7 40 2 20 95 75 68 65 78 83 95 77 28 99 57 67 56 24 14 70 14 25 89 24 36 12 49 30 17 5 13 76 45 15 97 92 91 17 58 21 52 5 98 33 56 8 0 13 84 14 83 99 91 73 23 80 85 24 62 54 81 75 83 78 43 32 70 86 49 80 59 2 85 57 35 42 17 87 7 2 1 42 53 44 15 28 24 53 52 86 59 33 14 42 11 57 26 33 95 76 14 54 30 51 63 17 93 81 4 52 35 5 95 40 1 62 68 26 67 72 64 27 5 78 21 68 87 48 53 82 76 67 88 6 19 52 75 64 85 79 17 72 36 12 12 37 26 32 15 94 4 80 21 61 10 94 29 50 94 34 84 70 2 73 28 73 25 3 37 62 34 6 34 70 70 98 60 97 30 75 91 34 7 64 47 18 10 28 20 5 62 4 27 64 77 8 37 54 63 75 68 98 33 2 20 4 52 80 1 82 56 92 68 15 8 15 33 18 43 5 75 58 10 55 22 39 63 12 46 78 87 14 28 72 69 49 76 21 81 77 56 89 21 
76 5 81 44 90 52 39 96 27 97 6 82 72 97 97 84 95 28 23 10 8 95 31 57 72 4 91 1 12 80 23 41 85 4 85 76 56 76 72 36 26 30 70 98 79 20 82 75 48 5 37 56 0 68 66 72 24 9 74 37 89 49 30 75 5 15 3 14 43 75 50 69 57 72 67 36 92 49 11 92 6 0 1 7 68 19 31 45 28 57 34 69 58 64 44 64 31 47 30 74 74 32 96 83 4 63 20 49 65 83 93 71 84 46 30 4 65 14 49 45 23 83 15 82 99 11 98 30 11 28 57 37 12 53 21 16 68 93 17 33 76 11 57 12 9 39 69 75 53 70 72 29 6 87 11 5 51 61 36 62 89 45 99 1 98 20 69 66 65 39 0 94 2 9 6 11 0 27 38 54 98 11 35 4 50 46 9 1 7 97 15 48 42 15 1 92 87 22 59 53 61 11 47 15 20 5 27 20 33 65 26 31 28 61 35 31 59 96 84 18 46 0 18 40 15 19 33 2 42 44 7 55 55 54 71 27 60 50 99 45 67 78 76 96 91 63 79 51 11 63 21 9 63 40 50 30 11 35 33 5 79 92 61 86 47 84 13 59 34 64 4 53 42 32 1 34 95 80 37 58 44 10 68 59 50 70 90 62 5 75 67 36 67 80 22 66 16 87 77 2 51 81 56 94 65 57 80 12 38 69 71 34 79 39 93 30 9 35 44 66 10 63 54 78 44 28 96 60 15 74 63 66 7 19 12 73 28 44 85 66 13 56 52 93 47 46 75 8 33 19 26 44 82 80 74 78 8 70 91 75 44 54 94 4 25 58 77 53 3 14 72 16 71 24 61 70 22 36 31 56 7 57 52 42 90 26 20 98 96 11 26 93 17 20 97 94 78 26 48 81 
40 72 50 63 48 63 86 71 52 17 79 59 74 31 1 64 57 74 15 5 85 41 50 55 61 99 49 39 25 49 73 18 21 75 33 70 38 19 93 90 36 72 2 63 55 55 27 64 29 94 69 67 35 72 22 48 71 71 88 49 73 13 67 94 88 52 16 78 72 61 21 60 85 23 23 40 78 3 4 8 97 26 27 33 98 49 81 21 72 21 22 45 86 41 92 26 94 60 5 66 22 26 78 7 49 2 0 79 5 4 39 2 82 66 87 32 15 21 6 40 94 28 37 81 70 81 7 64 42 12 82 16 90 60 75 91 62 75 71 19 32 10 74 14 29 61 99 96 34 5 36 29 33 26 10 3 7 17 67 1 82 1 17 24 62 93 16 24 20 39 96 52 1 70 19 30 83 70 27 18 75 15 47 60 41 9 16 49 78 83 50 12 85 20 37 99 65 5 23 85 96 71 90 97 41 61 80 25 31 7 95 58 74 94 18 16 3 34 17 33 70 67 46 7 39 83 6 4 40 81 42 36 53 32 33 46 93 65 23 76 72 18 34 47 12 52 15 67 39 32 1 9 51 99 68 43 34 26 47 74 7 89 62 12 73 47 59 66 13 82 42 85 53 28 84 65 81 51 85 72 35 38 33 87 89 1 30 23 27 29 49 86 71 11 99 44 58 58 11 71 92 5 9 45 34 45 63 67 97 0 39 84 38 24 71 27 25 53 2 4 35 51 90 6 14 89 50 72 99 61 96 44 19 5 89 5 50 52 72 99 4 63 84 42 87 7 21 64 13 75 68 48 26 10 54 40 52 56 65 51 70 61 47 89 66 37 94 68 41 18 20 46 81 56 40 20 15 14 84 28 89 4 28 68 14 34 60 66 91 25 70 13 86 17 2 4 6 48 25 48 
18 97 46 51 53 38 71 20 52 7 1 94 11 29 62 25 16 22 92 59 48 62 72 86 31 26 43 38 74 20 38 44 17 84 95 22 74 66 42 27 25 43 21 36 25 35 13 41 57 57 52 57 71 24 96 3 50 39 41 76 59 79 20 76 15 15 50 89 33 92 68 58 88 41 46 13 76 59 6 86 17 58 43 88 34 39 91 36 30 84 12 89 63 84 17 30 51 67 72 84 12 40 94 0 34 40 65 10 99 23 48 68 33 44 57 67 83 0 55 66 85 67 55 0 3 25 31 54 92 3 90 56 95 36 56 29 76 73 92 27 96 92 48 81 36 5 0 72 5 55 38 90 22 93 43 77 70 74 31 63 29 73 71 76 9 28 58 37 53 2 17 50 94 65 83 31 70 84 3 27 39 41 70 62 86 13 91 57 39 23 72 20 48 43 96 58 23 54 95 77 8 12 79 3 29 62 86 51 98 41 79 38 82 1 52 20 66 43 29 5 66 53 25 67 49 73 25 24 80 72 53 88 37 84 43 66 47 29 18 45 70 49 35 4 2 87 77 68 31 58 25 49 64 2 16 13 75 41 89 7 66 43 96 3 27 91 69 26 73 39 24 95 40 59 52 42 47 29 10 78 39 35 79 3 37 96 68 65 89 58 72 55 1 20 58 80 12 80 7 85 71 83 80 12 42 32 54 89 13 17 19 53 4 51 56 42 47 25 59 88 35 31 44 36 4 54 68 16 86 27 53 58 10 85 70 53 18 76 94 83 93 66 36 98 17 45 92 16 22 3 4 57 86 48 45 90 55 65 58 41 93 11 99 3 97 21 56 67 98 3 50 43 69 39 93 86 36 85 2 10 88 58 19 27 7 64 17 62 29 76 55 22 39 55 26 36 28 34 55 78 
37 58 22 6 49 15 44 85 53 98 47 93 57 66 20 16 82 90 30 11 66 85 86 5 92 64 94 73 50 49 51 88 59 73 46 8 41 43 45 46 41 92 91 50 58 12 66 40 54 48 4 20 86 42 77 78 58 23 51 8 25 55 48 84 80 47 45 21 90 90 19 83 35 11 86 45 75 4 86 29 53 42 1 39 84 78 69 42 54 73 2 79 28 51 15 8 98 60 82 40 3 1 23 38 12 9 83 39 66 21 68 19 63 69 10 99 0 79 93 54 52 96 33 80 99 0 89 49 61 71 89 64 24 64 2 89 26 85 28 92 59 97 63 22 66 73 74 18 52 67 72 5 15 57 85 14 58 26 15 19 49 4 83 74 21 37 15 47 74 43 91 33 40 54 8 59 27 82 77 31 1 2 36 17 59 74 83 17 52 99 88 2 55 23 28 76 60 43 75 87 86 18 72 79 72 80 90 51 14 19 83 16 21 71 33 33 45 16 50 50 67 39 52 23 62 32 51 75 75 27 14 13 45 86 44 70 67 34 73 81 6 56 97 27 80 82 12 77 99 63 27 18 54 31 41 68 63 93 43 90 72 57 4 69 96 0 91 63 87 65 96 93 73 46 72 53 28 85 31 79 0 10 98 54 42 91 22 5 84 18 48 8 27 4 78 23 4 21 38 91 86 87 36 60 85 9 65 65 46 48 45 46 59 95 52 1 86 74 58 23 44 58 83 72 62 13 47 67 35 38 10 21 25 47 33 10 8 51 27 54 99 72 52 58 19 4 11 58 30 22 33 75 80 16 99 95 30 46 62 65 36 24 38 61 23 24 23 31 75 51 37 74 75 89 85 47 93 48 5 24 70 38 51 3 6 50 98 88 48 12 5 85 36 96 46 60 20 22 43 95 
25 81 21 52 70 6 99 16 55 4 92 77 94 43 80 53 93 30 41 41 42 99 26 31 95 25 43 15 99 86 62 24 19 83 76 42 90 28 58 97 84 2 26 31 45 7 84 90 89 77 31 84 28 10 15 23 35 10 90 86 48 52 10 68 88 38 10 30 66 20 27 3 22 53 34 19 12 18 9 54 47 40 38 76 2 5 51 89 15 42 75 63 46 85 83 34 76 93 64 94 65 43 97 39 49 31 58 61 1 67 67 1 60 5 77 14 10 28 4 77 22 79 93 69 17 76 55 93 22 72 39 87 15 37 27 64 20 37 78 74 57 45 75 17 3 4 83 65 84 87 43 7 67 36 28 84 12 35 29 34 7 68 74 75 57 53 39 30 90 69 4 47 67 31 16 22 87 0 87 71 87 30 30 6 18 10 90 83 46 19 69 53 40 43 28 49 48 20 79 39 41 35 38 60 18 7 82 5 7 70 77 46 52 7 53 23 70 95 6 16 67 27 21 7 23 2 8 71 74 88 62 15 75 1 28 94 8 10 99 67 32 28 65 37 88 70 12 58 66 18 74 85 97 95 44 20 49 52 92 23 40 6 91 68 7 19 62 67 81 13 86 66 42 4 55 30 74 67 40 92 37 14 77 34 61 21 55 63 74 99 86 66 5 77 34 65 48 48 84 82 62 23 0 4 27 55 86 53 22 26 46 11 92 75 45 5 97 52 68 23 3 7 41 61 84 76 78 85 24 62 19 38 37 19 94 16 26 32 70 0 58 68 11 2 43 56 60 92 61 28 15 64 35 9 25 72 85 3 9 61 18 28 0 7 99 46 24 25 79 46 25 89 14 36 92 9 44 4 2 5 32 69 22 20 78 47 44 15 3 53 29 21 33 81 28 32 27 4 57 6 
50 34 96 16 70 40 78 66 44 32 24 28 1 46 0 32 93 44 99 96 49 28 69 34 9 50 66 37 54 75 95 57 61 91 25 83 83 3 50 27 35 74 8 89 20 8 21 65 53 72 14 54 1 83 89 62 33 7 99 40 35 47 49 96 90 74 80 74 78 82 53 65 56 61 54 28 70 27 93 75 0 7 81 53 43 22 15 76 30 15 68 17 14 17 13 4 92 45 78 22 27 32 87 83 45 94 11 15 21 57 42 73 64 24 26 7 98 42 36 28 9 56 45 23 74 11 27 18 56 58 92 84 90 31 19 87 25 31 55 99 40 97 72 56 73 99 64 72 93 52 52 2 8 50 25 34 61 4 52 17 62 96 53 4 28 73 44 53 4 99 4 96 96 77 52 22 28 16 46 21 20 50 75 81 0 52 15 61 56 20 31 71 16 84 27 96 57 71 2 13 70 6 9 19 35 62 93 15 30 39 36 51 89 63 84 42 15 51 3 24 71 34 47 40 71 74 36 28 98 38 42 20 97 3 39 32 65 84 48 96 23 36 99 65 0 35 59 67 86 62 91 58 49 38 50 20 65 86 0 63 77 94 35 74 98 75 6 63 59 6 11 35 43 10 52 95 45 11 62 84 25 6 42 74 44 92 46 61 30 47 76 7 41 12 33 39 39 92 55 98 98 66 85 93 29 89 88 26 0 3 10 78 9 52 52 5 96 51 67 79 50 95 38 43 7 72 83 98 16 90 49 14 56 34 60 85 76 48 12 76 51 74 54 12 79 59 18 75 62 37 6 12 32 45 55 92 69 90 90 85 80 39 51 89 26 11 74 2 12 38 30 15 65 37 28 44 48 46 19 10 35 78 22 67 75 29 59 44 20 2 81 52 93 84 41 19 48 68 73 60 
58 56 27 23 93 7 67 93 5 39 3 40 17 77 8 92 58 19 88 30 21 21 83 67 5 76 86 53 44 12 65 55 68 45 78 13 52 98 6 58 37 61 98 6 90 58 50 48 30 90 79 3 11 62 70 16 38 9 22 35 21 39 90 41 84 68 54 89 66 12 99 55 73 49 61 63 8 63 11 90 53 42 93 64 4 64 33 95 73 7 30 46 98 72 87 83 92 41 24 59 5 23 66 78 72 80 93 32 43 56 22 49 99 16 13 55 80 98 50 5 5 32 51 4 4 90 39 97 31 15 8 36 38 26 66 10 6 59 43 2 15 65 51 66 33 16 22 65 15 24 70 72 57 73 28 13 63 67 62 46 82 22 34 72 49 0 35 7 11 78 9 79 95 12 45 81 29 19 46 44 44 69 68 53 94 97 18 58 16 81 56 51 55 91 23 56 43 58 16 7 88 25 86 36 90 83 17 19 3 63 15 47 84 83 52 79 80 70 89 49 3 45 0 59 88 23 67 84 82 83 91 22 61 29 58 51 12 75 22 67 91 89 14 75 72 66 6 5 89 47 6 92 45 6 3 85 29 71 69 63 54 12 86 15 41 96 18 6 72 92 73 15 81 40 42 6 58 49 63 47 96 69 40 93 75 43 79 4 14 48 20 21 61 58 88 54 54 7 60 78 99 86 93 33 26 36 39 84 85 2 32 33 71 24 27 46 67 58 2 34 6 74 55 19 32 95 74 39 2 86 17 54 72 11 39 50 47 78 35 84 80 19 69 3 43 48 1 10 6 3 44 65 30 51 84 62 47 10 53 1 97 71 7 21 34 46 72 33 76 59 17 8 78 38 11 21 87 12 83 45 68 80 10 98 83 95 12 30 57 66 84 6 89 43 28 23 90 52 56 18 
11 25 27 41 63 38 14 2 3 97 48 23 29 10 21 13 57 85 95 15 51 31 21 92 75 1 15 17 53 23 35 16 48 62 9 64 53 23 18 8 73 18 31 2 29 4 67 86 89 15 1 93 46 75 85 21 76 53 38 82 28 26 98 29 88 60 45 93 83 63 1 56 82 32 11 63 88 30 49 78 45 3 23 92 78 60 65 54 13 4 36 42 30 87 23 70 47 68 64 82 31 17 39 65 50 2 28 38 32 78 68 30 81 91 22 59 52 39 65 17 95 54 11 77 41 34 48 40 2 64 22 86 81 13 51 83 67 80 74 52 10 42 82 43 86 56 54 90 95 19 59 91 25 71 20 18 57 68 58 12 84 33 98 18 46 1 1 66 33 75 18 43 70 0 38 8 8 92 98 55 64 9 98 89 80 19 8 90 39 18 2 24 51 52 42 98 53 43 64 87 71 34 82 93 86 21 1 94 65 51 49 29 60 48 71 93 67 79 83 6 97 37 82 1 89 24 99 94 20 15 33 43 1 68 88 87 41 41 81 6 92 82 88 4 82 59 49 1 90 84 60 39 21 42 40 62 19 91 57 91 58 90 86 59 58 74 46 99 15 79 58 59 14 46 15 96 57 65 98 99 49 10 38 71 4 31 33 23 22 42 66 33 33 52 92 43 26 91 95 93 22 53 52 36 51 68 85 8 85 35 7 34 45 97 57 49 28 43 25 3 37 91 36 70 44 80 66 22 23 61 16 46 66 68 34 17 88 19 25 73 54 84 60 51 81 69 1 62 64 78 65 2 69 53 24 13 33 90 88 57 3 4 55 69 24 89 38 13 61 15 38 67 99 50 19 33 72 72 95 36 50 12 38 71 65 15 37 98 57 25 7 61 29 62 82 53 4 21 18 65 
36 9 32 88 59 3 73 31 27 20 20 29 32 58 1 49 25 38 47 83 63 7 96 44 21 30 49 25 3 68 42 92 77 27 80 88 82 5 20 10 25 92 39 57 50 40 6 28 30 5 11 93 64 59 37 86 89 39 63 93 7 6 85 36 85 17 24 67 22 96 77 47 88 17 56 91 9 14 19 40 71 82 85 36 93 75 74 82 14 37 27 21 95 64 9 80 81 33 0 55 82 77 54 22 46 10 13 56 76 84 48 48 18 33 36 63 8 62 46 22 51 25 95 47 90 4 79 23 90 79 79 72 9 85 46 55 48 12 63 24 96 11 24 67 45 12 30 5 74 28 80 26 6 27 25 96 32 4 71 74 36 2 98 45 88 44 0 36 56 64 12 5 27 37 24 24 49 54 30 76 35 62 2 41 89 27 89 73 31 60 47 67 15 45 12 3 90 65 91 98 81 3 3 8 40 27 33 42 34 15 18 21 77 20 62 66 99 3 40 30 15 39 50 30 85 14 33 27 31 24 25 12 80 81 21 20 8 6 62 94 21 32 15 98 52 29 16 51 32 8 34 0 48 36 30 85 2 16 12 34 92 89 98 72 70 71 45 31 77 59 25 98 92 93 48 96 22 17 0 7 77 86 7 25 22 89 62 76 5 74 62 50 16 61 22 86 32 67 17 10 27 95 60 71 88 61 67 62 78 67 69 55 53 28 33 27 18 95 4 75 22 66 25 38 27 48 76 12 67 46 74 46 41 34 17 29 95 85 43 25 4 13 33 58 93 66 37 11 13 41 87 87 8 64 77 87 12 54 51 32 0 25 78 93 12 48 74 7 85 17 85 89 82 18 99 76 36 37 39 49 78 78 37 38 43 14 78 7 20 81 39 72 7 70 65 19 70 91 78 55 
9 63 96 91 33 96 19 69 85 59 71 15 37 8 6 80 74 84 88 47 65 79 19 24 49 37 43 71 28 74 26 89 89 23 81 23 71 52 92 56 11 63 71 49 23 77 81 50 13 21 49 31 1 20 55 2 57 51 74 38 25 52 27 14 75 60 89 46 13 82 54 24 97 26 25 73 3 59 75 69 80 24 0 33 44 7 36 54 10 62 92 87 14 71 2 42 32 43 40 45 77 95 21 27 21 99 0 76 58 27 97 38 3 97 72 99 57 60 5 67 74 97 55 40 21 9 82 53 52 75 50 30 70 71 57 43 22 9 71 80 88 69 71 91 66 95 90 23 7 96 43 81 45 98 73 66 7 8 71 59 83 21 41 53 45 50 48 67 59 19 0 47 88 71 90 7 66 33 82 73 81 25 6 26 23 79 45 82 87 68 94 70 42 35 75 39 86 23 58 97 43 58 97 31 29 87 38 47 20 21 72 1 98 78 80 22 58 77 4 97 97 50 68 39 86 95 78 24 19 37 73 14 95 70 97 77 58 36 76 30 9 49 32 7 27 64 81 37 93 38 35 90 88 55 30 74 50 60 50 21 49 24 35 97 94 33 74 4 21 2 35 82 51 19 41 79 35 23 68 28 61 3 70 1 58 52 28 61 13 78 82 62 54 18 11 1 3 37 5 76 40 92 58 91 63 99 22 50 74 91 30 87 94 1 89 5 53 17 66 18 47 0 33 54 70 44 55 73 82 12 49 22 57 59 65 20 11 88 71 37 79 53 25 25 54 66 30 8 35 48 78 34 49 11 88 19 56 43 45 90 56 46 12 65 6 77 85 69 17 8 6 96 62 83 22 68 49 4 76 36 53 7 71 54 18 59 73 26 55 18 16 63 17 28 28 75 58 65 44 75 
26 2 24 88 86 98 56 87 2 85 24 7 92 47 61 62 58 87 89 65 57 5 28 74 86 8 49 44 74 45 71 0 48 95 40 86 93 48 73 48 85 49 7 29 48 21 92 7 8 81 72 17 86 53 44 24 61 45 68 87 91 92 39 91 39 79 77 85 28 2 33 65 4 92 95 52 13 87 11 73 20 36 91 58 89 87 83 2 32 3 90 75 95 29 66 35 61 95 72 41 98 5 6 54 97 1 6 63 40 18 36 60 6 79 19 95 66 54 49 51 57 39 26 5 21 45 92 34 40 64 75 90 21 33 96 70 87 3 33 27 73 22 40 79 1 11 26 20 65 75 71 74 67 49 79 88 94 23 22 87 87 49 29 8 82 26 31 69 81 64 97 54 86 89 85 40 0 11 60 65 38 83 91 5 32 23 45 79 46 67 66 34 68 47 94 51 73 25 20 6 42 69 60 28 58 97 20 10 60 80 27 99 15 19 4 48 42 2 27 88 69 45 74 38 92 21 41 18 46 13 24 88 35 37 69 45 34 89 56 95 22 83 46 37 54 2 37 48 4 64 89 26 61 63 16 54 84 57 24 83 70 48 23 57 85 92 3 72 34 59 19 8 94 65 97 1 19 35 49 24 51 38 50 65 54 66 19 90 75 95 73 97 43 97 55 81 41 58 5 27 17 24 87 63 41 85 64 60 72 66 84 75 56 86 40 10 52 11 1 27 6 26 25 2 75 80 83 17 90 88 96 7 64 84 22 5 21 39 65 45 5 2 20 61 88 13 24 93 24 77 20 31 3 97 85 79 29 68 48 19 8 44 78 72 80 53 29 1 92 46 46 97 48 19 10 89 32 34 82 8 11 54 91 67 52 76 46 33 96 46 5 4 90 83 28 23 36 57 24 28 
56 23 77 4 42 40 45 26 26 27 34 38 34 78 5 86 54 3 71 51 49 76 55 91 12 36 14 48 45 91 29 1 66 58 58 60 98 3 86 25 83 72 15 17 50 72 55 5 27 26 8 76 55 15 19 67 51 86 15 97 77 96 98 95 55 8 55 5 12 41 82 47 65 97 64 16 69 19 73 96 97 81 24 4 96 96 71 0 82 39 97 11 35 47 6 42 56 61 0 20 54 82 67 19 80 83 87 1 54 12 50 51 93 26 8 42 74 79 42 56 18 91 19 6 38 77 0 46 90 0 66 96 35 85 16 67 68 55 68 22 68 70 74 13 49 82 7 23 13 49 32 84 92 51 42 31 81 42 29 71 95 96 68 82 81 36 49 50 43 69 24 11 40 50 77 89 32 84 12 98 86 44 82 78 48 24 61 29 18 91 52 65 39 72 47 72 8 96 74 52 66 99 15 58 49 44 99 34 29 11 32 15 8 66 45 56 42 7 37 12 50 89 78 89 14 77 61 22 26 88 26 44 87 94 2 36 38 1 70 19 64 54 86 24 20 32 32 14 91 69 27 41 11 5 82 25 34 95 99 60 83 78 4 22 72 58 59 62 11 81 82 28 36 68 52 8 52 85 23 43 6 50 36 69 7 70 46 41 66 98 54 1 76 10 24 0 69 83 62 32 16 44 60 4 65 13 65 17 50 88 13 8 90 1 78 49 72 76 42 90 74 96 91 50 7 15 2 28 50 65 60 19 61 73 23 78 38 88 48 88 28 61 48 70 14 26 71 86 55 14 28 29 62 20 32 69 87 34 49 90 51 62 61 13 35 84 43 73 25 91 13 5 4 61 28 19 40 99 57 95 13 86 24 76 58 8 97 97 43 99 39 46 61 0 11 48 37 55 21 62 
46 86 19 3 47 47 74 87 99 31 34 12 69 11 40 79 19 90 77 14 41 16 61 2 17 72 2 6 79 23 20 78 9 39 81 8 39 7 96 38 38 82 2 60 93 95 39 13 85 68 79 26 37 40 80 6 65 82 12 96 57 32 74 18 71 7 26 62 14 74 0 5 57 3 65 50 98 56 15 35 25 95 13 14 87 45 20 4 79 32 1 36 64 75 54 87 35 32 50 49 7 2 54 16 57 71 18 7 28 34 94 5 81 7 19 20 4 39 25 83 23 26 19 87 53 25 26 40 10 76 90 17 31 96 85 88 68 3 96 48 89 90 5 22 50 76 43 54 67 20 38 90 98 9 29 51 87 55 92 97 32 34 66 63 30 51 3 50 6 99 98 48 42 55 70 92 31 13 98 50 33 88 40 31 98 21 35 37 77 79 34 61 13 52 76 95 55 79 98 61 31 96 9 25 4 32 69 87 45 67 38 31 56 30 62 6 52 49 43 81 28 29 42 93 81 18 41 36 49 39 49 80 87 11 5 43 43 26 31 40 94 21 71 2 51 86 8 55 35 3 36 16 32 78 61 13 48 54 1 98 45 2 30 33 13 88 28 8 14 59 49 60 80 72 62 84 58 22 39 46 25 76 14 57 6 27 22 7 34 75 5 79 78 87 64 43 27 93 4 94 4 53 54 85 77 69 21 36 91 60 34 17 88 48 74 95 27 49 2 61 24 59 93 54 98 57 98 78 50 2 72 7 7 78 92 84 47 13 72 39 25 6 8 14 6 34 61 86 83 15 47 8 26 40 14 24 50 12 2 52 66 26 59 25 5 3 62 52 16 34 43 94 93 3 8 99 38 21 85 73 36 85 33 62 77 48 38 27 60 93 80 79 19 39 4 24 43 66 29 11 
53 24 57 46 28 65 97 66 86 35 39 74 72 73 36 49 73 27 29 33 20 9 64 39 0 21 16 95 87 97 59 92 21 16 38 49 34 88 67 72 23 59 47 95 84 35 96 57 62 25 42 34 86 7 74 87 80 42 34 67 39 45 12 60 62 50 62 48 38 81 20 13 92 19 60 28 7 57 85 69 82 80 56 69 39 82 8 19 24 94 38 15 40 50 75 54 53 89 54 43 23 74 57 15 94 17 44 53 26 81 74 61 13 30 82 52 12 42 23 88 36 14 3 28 64 31 34 69 72 88 13 95 15 22 11 61 91 7 14 18 40 88 79 54 19 61 58 31 55 34 72 91 48 75 72 64 58 58 34 31 47 99 26 62 21 89 23 64 48 37 34 89 25 13 43 96 26 53 80 81 87 52 25 87 79 49 52 38 7 38 69 54 37 47 68 10 37 43 26 85 80 61 26 58 26 21 6 53 75 86 86 14 38 63 2 70 12 6 8 20 96 77 26 33 76 95 95 13 38 73 51 71 34 29 81 61 51 87 66 78 26 4 92 16 68 46 86 80 4 94 52 0 23 79 85 0 26 32 65 64 6 68 87 40 98 68 1 49 8 19 27 34 24 71 50 92 70 89 24 74 83 77 75 59 8 60 11 34 93 76 50 99 97 38 91 95 58 45 96 18 64 75 4 88 46 7 32 68 96 57 43 31 86 70 42 46 82 53 80 75 82 30 26 79 20 70 26 31 15 22 1 79 97 6 20 95 13 52 64 61 61 59 44 99 29 87 45 11 40 25 39 22 8 17 53 80 87 79 63 2 1 65 34 50 23 6 46 36 10 62 49 24 21 93 23 50 80 69 13 73 46 52 95 6 70 1 39 9 80 2 12 34 19 98 84 42 56 82 30 66 
44 79 90 17 25 14 19 5 35 33 78 33 85 26 92 7 27 83 17 59 37 81 93 57 31 30 51 87 12 82 53 9 13 96 26 38 62 46 96 49 31 26 82 16 4 26 76 31 61 93 91 99 26 36 8 57 66 11 96 31 93 49 92 59 97 70 49 59 16 45 8 99 24 43 16 28 21 44 12 83 89 55 34 15 91 42 24 10 53 20 41 99 21 33 10 19 3 59 78 72 57 39 71 81 82 39 9 3 83 21 86 24 76 20 39 20 14 15 30 20 87 23 71 61 8 81 80 63 40 10 87 97 1 59 78 83 50 40 87 86 13 25 10 42 98 2 62 12 69 44 84 57 67 55 18 27 36 50 90 29 12 78 26 14 89 57 97 39 49 36 77 62 62 40 56 60 42 70 24 11 14 9 68 33 16 38 60 53 40 51 34 53 29 12 67 70 69 16 9 70 53 39 85 67 79 41 27 21 12 3 84 78 12 5 12 29 95 24 34 36 27 20 89 8 32 8 78 2 24 40 72 29 79 57 48 58 51 75 31 15 79 67 93 43 72 57 24 68 34 10 4 61 30 45 70 63 53 48 17 29 88 41 11 19 51 59 29 2 87 60 69 18 80 62 61 52 72 38 72 6 48 28 67 31 25 89 94 30 90 63 60 30 4 23 50 7 34 79 61 21 92 30 91 72 93 5 76 17 43 1 23 43 81 42 74 7 84 20 37 74 35 49 4 92 24 6 99 59 38 61 32 30 91 24 54 36 29 82 53 72 83 28 15 65 71 42 24 55 14 13 29 50 63 85 42 87 92 41 98 30 54 31 12 46 55 18 34 84 0 88 56 36 16 23 53 39 17 77 94 32 90 75 82 5 13 76 93 57 17 43 39 24 74 51 70 29 69 4 13 21 
44 21 57 13 45 10 52 62 39 99 46 30 26 28 87 39 4 32 96 74 76 35 98 50 38 20 80 59 76 93 33 73 67 90 86 12 53 38 26 92 89 73 74 16 53 62 55 58 94 4 84 70 91 34 21 82 54 53 93 82 98 26 55 65 17 41 77 22 32 56 14 21 29 89 37 34 3 45 92 97 1 28 20 44 62 41 26 68 94 20 51 44 98 58 10 15 52 39 37 84 95 4 57 76 45 95 11 48 92 55 97 93 36 17 89 98 10 16 19 56 88 22 1 86 32 11 54 84 50 43 68 98 47 26 26 92 73 89 92 17 45 90 62 81 59 51 31 70 67 2 26 55 76 27 94 9 90 48 93 41 91 62 91 91 40 69 35 65 59 28 82 4 70 44 37 29 95 20 99 15 23 26 22 51 5 16 60 96 16 54 89 8 68 80 99 60 49 86 25 8 14 59 64 36 3 53 66 50 74 65 65 49 43 88 0 49 4 61 45 73 67 34 81 35 66 32 47 67 18 72 28 85 31 92 21 86 46 39 36 72 5 2 73 0 42 25 1 98 38 46 71 5 32 4 92 50 36 39 18 7 63 46 44 94 38 17 32 36 57 69 60 14 23 85 14 65 11 16 15 49 14 87 7 99 91 99 49 80 91 67 39 54 13 83 1 4 0 33 92 57 54 5 71 29 90 38 46 1 6 62 3 20 49 10 71 92 61 21 72 52 88 11 59 54 46 60 10 47 45 54 56 0 59 80 29 50 18 28 3 24 90 6 96 91 68 68 35 30 41 8 82 29 71 41 35 70 53 97 69 99 52 25 51 11 5 32 13 75 60 17 51 50 75 0 93 44 20 29 74 61 89 8 42 60 2 78 82 55 75 51 6 79 77 57 91 34 90 56 62 50 
73 65 53 1 65 46 45 85 75 71 46 64 31 41 77 33 19 59 41 46 63 47 26 92 57 69 78 47 25 40 49 51 6 2 52 23 49 49 9 76 20 7 93 51 48 70 37 19 81 78 18 44 77 96 88 34 17 67 81 42 7 83 45 65 85 97 89 86 46 50 15 18 57 8 70 58 30 59 29 11 37 99 8 66 95 48 1 12 15 34 7 23 17 52 40 55 2 29 41 0 79 56 19 89 16 41 99 46 0 28 10 89 28 18 55 75 66 56 40 34 43 99 9 12 3 49 67 5 79 61 6 10 69 25 51 86 66 50 32 18 79 42 7 59 12 62 86 31 71 78 65 14 77 74 26 81 75 46 38 6 7 44 17 76 21 68 62 39 19 47 57 50 41 16 61 54 31 47 37 2 78 54 68 55 28 46 88 3 92 27 62 51 23 79 28 97 99 42 36 70 41 46 20 83 14 33 37 45 33 74 99 11 28 67 66 8 66 7 63 58 86 25 62 9 56 42 6 56 84 95 78 26 93 99 9 7 84 98 53 17 24 52 28 4 72 47 64 38 54 79 48 40 5 62 1 13 4 60 21 89 55 0 67 0 51 28 7 35 26 12 5 2 17 33 6 41 32 22 79 86 1 79 78 58 42 32 72 46 92 45 87 47 45 6 47 48 34 6 84 12 19 41 14 88 74 72 29 59 94 60 45 48 91 76 6 33 8 30 32 0 76 71 99 73 78 98 22 12 56 58 25 75 99 91 15 25 64 44 84 10 56 82 58 48 58 17 33 18 47 65 70 23 37 69 97 15 19 71 79 75 29 4 3 28 48 18 53 64 15 38 74 71 20 85 71 30 2 5 48 1 22 70 25 11 39 74 26 10 97 58 85 26 14 88 6 62 59 59 26 26 
49 53 97 21 90 21 3 44 26 3 45 0 73 70 12 64 96 90 74 93 48 60 71 63 0 77 77 11 89 56 37 90 9 87 64 51 8 67 95 86 71 40 86 44 63 98 9 11 89 35 57 89 47 28 52 48 58 82 11 99 38 49 89 47 36 5 50 96 73 45 82 96 85 20 40 48 19 1 12 60 89 69 49 36 97 54 36 7 36 48 6 74 49 48 73 85 5 75 81 78 20 15 74 57 35 67 58 6 20 70 66 9 39 68 98 88 74 34 96 62 34 54 36 83 54 61 20 60 36 53 90 8 68 17 65 4 84 23 10 56 93 29 18 84 49 16 73 23 2 21 85 89 27 73 72 34 86 45 94 74 98 36 82 67 53 99 23 37 23 85 46 68 14 64 53 63 32 78 86 34 51 23 23 78 96 48 64 82 93 58 56 91 47 90 10 0 90 33 90 65 19 36 33 85 0 38 49 32 68 87 18 19 63 94 50 59 94 66 94 39 77 2 30 24 93 93 24 35 26 14 0 97 50 85 83 2 76 84 86 44 23 57 16 86 51 18 46 45 84 40 84 61 94 66 85 87 11 62 74 38 76 74 87 79 12 70 33 88 54 20 84 78 77 0 64 80 70 62 77 7 54 61 68 49 79 6 88 91 20 63 81 96 89 68 27 1 91 61 41 97 33 26 27 62 78 44 42 49 6 71 56 13 84 76 62 63 34 2 6 54 65 39 3 7 8 30 8 51 43 50 48 28 28 76 90 6 20 84 55 78 55 63 91 91 92 5 7 78 8 13 85 25 53 88 84 13 70 45 16 66 47 64 94 75 92 37 81 64 73 89 43 81 4 86 72 48 92 79 27 52 45 12 29 98 52 14 63 22 59 31 88 6 95 35 81 40 72 14 4 45 
3 99 26 60 86 51 8 30 30 35 82 75 99 63 25 51 77 40 26 88 71 66 46 19 1 79 59 73 94 63 71 49 63 49 9 1 0 18 31 31 5 13 6 57 76 84 8 6 24 86 46 96 53 93 67 54 72 26 80 66 41 51 68 56 0 77 57 1 47 88 84 53 53 90 62 30 26 70 88 51 9 34 99 62 27 66 68 52 44 48 70 85 51 38 42 52 16 99 5 63 88 89 68 41 31 30 23 58 53 63 61 62 98 12 76 77 78 44 81 22 45 52 59 96 90 1 0 58 1 57 22 41 98 42 34 30 25 58 40 78 21 53 92 71 65 20 1 43 16 82 17 61 34 28 10 77 30 62 35 83 20 9 76 70 52 10 0 77 20 92 7 42 45 51 65 10 71 66 5 87 1 74 1 87 3 63 64 85 25 0 68 97 61 96 68 13 6 20 42 27 13 1 21 10 52 38 21 23 57 78 63 58 5 64 97 8 79 62 45 4 14 13 54 75 61 22 41 67 94 83 46 59 37 67 70 89 6 43 65 63 21 28 73 26 44 70 86 75 84 31 79 98 96 85 26 57 59 67 77 54 2 23 13 39 43 83 81 1 26 98 16 0 78 89 26 74 11 65 49 96 96 28 46 93 14 72 2 25 91 79 79 46 3 45 37 98 28 18 99 7 68 15 59 46 56 37 20 67 2 69 15 99 50 62 44 16 86 98 41 30 78 21 76 33 66 13 31 46 84 30 5 52 97 64 51 53 2 71 20 56 41 88 7 91 50 51 7 88 50 48 18 80 21 94 13 39 60 96 86 96 26 91 0 23 8 51 76 62 75 48 18 16 88 26 59 38 29 66 79 31 66 97 11 88 44 76 27 56 72 65 52 98 9 4 73 17 8 1 31 83 
2 49 51 90 75 10 81 5 28 60 88 94 9 0 34 53 28 14 9 1 79 13 51 40 70 77 9 30 78 40 13 32 90 64 75 17 26 56 74 54 68 63 48 77 15 35 83 43 49 44 44 80 58 48 21 80 25 30 10 55 23 75 88 13 39 15 82 65 71 57 71 39 20 19 68 35 6 51 30 7 96 75 88 6 75 61 86 52 43 48 7 66 23 47 31 14 62 14 31 85 71 2 24 91 73 45 78 80 96 8 87 92 35 27 50 62 88 36 14 32 36 22 98 59 21 82 73 84 96 56 69 67 58 46 10 32 91 40 12 39 0 51 84 36 79 34 98 67 71 65 51 59 87 2 19 8 84 44 44 80 1 66 99 11 12 61 43 55 1 7 94 53 59 78 41 90 13 40 9 36 57 61 95 44 63 66 4 47 63 49 79 16 15 30 27 79 91 71 86 44 30 80 97 41 11 39 31 76 31 93 64 88 54 11 84 69 78 40 68 93 89 47 9 56 29 36 87 72 59 73 16 42 6 65 83 69 56 67 45 39 60 61 79 66 72 15 35 2 56 3 95 97 2 4 6 31 93 93 3 4 19 71 46 25 36 30 46 45 49 43 36 9 4 68 27 76 83 62 79 39 65 26 89 67 31 95 98 76 40 53 80 59 24 27 36 12 9 34 57 58 77 46 19 81 14 46 10 97 8 41 89 25 67 30 92 98 25 42 26 17 95 7 29 19 34 65 83 43 0 41 53 29 39 24 11 53 70 73 2 30 14 91 55 81 73 99 32 98 93 58 68 40 65 97 59 51 14 94 46 66 87 99 96 26 23 59 79 45 32 82 27 46 25 34 79 99 85 11 49 78 22 17 18 39 66 29 91 81 24 37 47 11 89 43 38 64 2 69 62 86 
3 89 32 81 24 64 32 9 75 33 88 49 3 58 89 69 88 32 50 64 21 98 75 10 93 65 27 48 35 89 34 90 78 19 71 54 83 3 16 58 37 4 60 40 14 49 61 54 81 12 18 2 62 46 65 55 11 44 55 98 33 90 41 63 9 12 70 92 68 86 2 57 42 62 49 56 63 10 11 96 22 81 51 36 27 16 44 91 60 99 41 45 89 82 60 50 47 30 94 15 16 97 24 58 11 73 15 27 83 78 23 58 59 74 94 39 42 38 82 54 90 23 51 79 58 12 30 5 42 76 72 59 73 96 69 37 21 84 64 56 14 39 14 26 66 61 65 8 51 47 15 41 22 66 73 80 78 55 85 73 31 9 32 5 57 1 94 78 38 10 35 52 49 1 78 15 14 95 76 66 42 91 59 17 57 32 97 36 87 83 61 19 44 93 76 2 46 22 80 36 32 67 41 33 21 71 49 35 67 25 53 61 68 65 78 25 97 28 13 37 63 74 8 7 19 84 9 18 6 42 54 90 61 47 23 34 19 72 22 38 49 75 51 17 92 82 95 90 10 60 79 73 35 87 32 54 71 42 24 29 36 79 19 49 78 94 84 97 19 6 87 68 33 39 38 26 73 85 68 83 45 47 8 80 34 40 87 5 34 63 86 70 94 57 20 73 51 4 22 70 62 10 91 95 49 81 21 22 66 89 57 63 36 65 96 70 5 35 27 40 98 65 62 93 22 34 66 74 90 88 96 52 50 87 48 51 20 21 25 38 63 82 2 51 99 98 74 57 85 1 49 83 19 11 28 41 98 46 67 88 87 64 41 37 3 41 89 76 14 14 14 77 49 16 29 48 66 3 57 51 56 6 35 75 70 15 69 68 62 88 8 49 4 49 86 8 42 27 36 57 
94 50 34 43 67 15 43 85 18 53 37 27 59 24 2 81 39 23 1 53 12 10 2 16 59 41 76 54 68 12 11 62 63 97 57 82 13 53 19 31 6 56 58 65 32 13 99 24 36 0 77 0 10 80 17 22 21 93 76 41 58 39 56 73 36 13 55 49 66 74 33 72 83 43 90 67 56 89 91 45 41 21 45 52 1 14 74 74 60 50 67 18 89 23 91 77 89 98 27 55 24 12 80 7 55 22 27 64 63 18 61 4 91 58 56 92 73 82 18 33 32 86 3 73 61 46 51 50 44 30 58 68 42 90 28 49 12 55 13 27 25 74 31 17 85 40 61 58 74 32 43 59 70 98 32 31 44 35 34 88 17 92 8 59 82 36 9 46 43 74 73 21 1 56 90 86 96 3 96 71 35 39 82 57 89 14 89 33 2 23 73 19 67 81 31 49 70 40 95 65 66 68 86 67 76 28 53 73 32 49 96 67 40 78 25 29 44 66 62 98 41 87 18 8 69 49 9 91 41 4 56 7 24 95 27 0 23 80 25 55 82 73 75 22 3 52 4 0 18 18 98 11 6 68 19 75 17 80 18 10 84 74 70 60 21 97 60 45 77 38 52 11 11 27 34 67 79 38 67 49 8 65 60 14 34 31 41 3 11 59 14 47 34 84 7 7 33 20 52 10 58 5 22 69 84 8 36 64 98 3 65 6 21 26 21 7 9 62 10 73 74 76 20 60 12 28 67 45 48 20 8 6 77 82 27 61 90 16 77 40 71 43 98 92 21 19 51 30 34 14 3 60 42 76 20 7 4 87 52 4 59 12 62 36 94 89 98 36 57 75 28 29 18 27 73 91 98 25 22 84 91 77 44 33 53 64 40 9 52 45 13 11 57 27 0 4 17 98 92 74 
25 73 55 96 0 29 87 50 6 61 35 97 39 31 30 44 96 23 54 0 68 19 63 77 47 63 33 16 13 78 42 39 51 98 87 3 79 74 5 85 36 40 34 27 72 16 71 20 39 77 72 59 49 35 37 96 51 22 64 16 0 6 55 3 56 94 58 35 69 64 72 57 56 58 84 80 75 7 0 66 37 72 26 86 60 15 34 63 89 98 79 42 56 87 97 13 81 56 0 2 72 25 59 28 83 95 9 10 55 61 77 92 86 55 30 46 22 64 9 11 14 40 53 70 27 51 83 9 59 84 11 31 9 23 59 44 18 20 55 73 82 32 17 20 39 47 66 61 63 27 24 77 19 78 48 47 81 83 8 92 67 19 23 28 42 34 73 13 7 80 38 41 64 56 61 3 3 79 16 19 58 40 96 77 70 96 24 51 80 32 95 99 4 18 80 98 5 5 11 64 85 50 5 49 58 66 4 61 45 20 32 3 60 29 32 31 25 57 34 57 41 30 57 45 0 37 96 57 42 7 21 79 9 26 28 67 44 84 81 89 4 13 44 16 94 77 99 72 86 34 29 27 16 86 25 68 75 21 26 69 80 47 48 42 26 28 9 70 12 42 12 68 56 8 37 50 37 36 22 23 22 4 3 38 42 80 59 18 53 85 39 33 84 88 27 10 68 37 33 33 79 45 53 87 5 90 90 43 79 64 18 1 68 21 92 11 53 51 81 6 88 20 92 72 60 19 83 29 56 16 14 88 13 67 27 18 58 17 13 37 82 32 90 2 53 34 65 7 85 46 65 73 19 57 98 79 77 81 60 85 49 74 25 14 94 53 84 4 22 98 93 56 30 83 59 35 18 24 94 55 23 60 81 42 69 79 73 46 12 86 84 13 12 9 27 6 14 63 10 37 
61 3 93 43 39 4 31 9 29 25 64 52 37 97 46 7 28 19 53 40 5 89 53 70 99 32 76 65 48 39 54 61 42 48 5 33 52 36 42 33 61 7 37 51 56 83 58 85 3 11 25 60 53 31 82 52 15 59 69 63 50 24 77 44 24 82 78 28 70 20 62 83 79 99 34 36 35 92 21 90 56 98 50 9 81 85 13 49 44 82 64 46 58 41 90 82 75 68 11 45 89 25 29 68 24 63 56 59 56 29 49 64 28 52 73 61 37 86 62 33 20 27 79 79 20 69 61 96 38 24 93 79 49 22 47 26 38 4 85 94 85 87 10 65 91 83 27 80 21 41 13 41 20 44 72 41 65 86 89 55 10 82 34 12 57 34 38 95 90 75 89 75 62 99 41 5 34 20 85 55 61 50 48 82 94 21 75 60 7 64 67 69 98 2 81 55 36 19 50 26 95 91 53 9 42 94 15 76 14 0 31 76 3 32 58 97 53 85 9 12 49 77 33 47 31 15 55 67 86 5 45 81 97 98 43 39 93 58 16 59 10 99 35 13 83 45 63 88 30 24 0 31 53 34 31 84 1 86 3 87 91 0 21 40 99 64 32 44 74 0 55 36 51 91 2 35 88 17 23 19 41 76 2 47 62 33 31 63 71 87 2 63 87 23 55 38 39 87 34 13 87 90 2 39 33 4 74 21 21 49 92 14 25 47 61 39 80 45 2 52 32 57 67 71 32 74 10 72 62 96 37 1 38 39 40 71 43 66 45 16 68 89 31 45 36 92 85 17 37 39 21 69 96 40 93 29 14 3 1 28 51 90 30 90 30 70 61 25 89 58 42 57 48 73 54 84 65 39 53 55 79 26 24 27 66 69 56 33 72 9 61 76 0 91 66 82 14 79 7 55 
38 49 12 38 22 18 74 40 58 28 95 37 6 71 16 73 41 25 6 65 34 19 41 86 11 59 20 25 39 28 80 29 29 44 19 52 62 93 44 72 21 39 61 80 62 78 53 3 3 11 69 89 30 62 28 93 22 48 18 13 76 50 94 6 46 13 10 9 58 6 33 32 45 95 12 7 73 17 63 76 28 84 65 10 46 45 4 20 94 74 85 22 77 31 80 23 44 90 84 55 48 18 87 93 13 99 53 86 16 68 14 96 52 31 58 50 77 62 23 71 89 8 45 66 40 26 89 36 16 26 91 17 44 78 10 57 29 15 95 45 35 61 93 87 92 52 90 21 14 13 44 55 73 90 21 13 16 63 50 84 41 93 1 85 24 64 94 53 79 89 51 67 2 44 54 94 96 96 16 63 9 60 18 35 2 92 48 18 7 50 3 48 44 4 85 20 68 79 73 0 20 24 67 22 21 73 68 17 70 84 80 31 97 51 66 51 95 67 70 54 17 73 2 13 29 87 85 98 18 59 50 38 35 17 60 56 42 28 74 64 65 6 48 14 9 66 65 4 33 87 58 3 60 12 68 42 51 54 92 69 65 42 7 0 11 19 9 53 0 83 18 17 41 66 83 3 84 0 59 18 88 70 73 0 82 41 42 86 47 34 55 12 28 15 13 39 86 22 93 38 57 63 55 50 81 90 53 65 91 65 35 79 35 8 31 69 2 26 55 49 12 63 62 41 78 27 80 16 49 25 55 58 40 10 60 21 1 14 39 44 79 26 75 66 35 6 35 37 84 91 86 97 54 48 38 84 75 18 0 76 96 7 86 36 70 47 10 71 13 49 67 44 75 42 10 62 0 45 99 85 88 38 82 42 38 20 78 66 90 31 42 86 38 81 75 8 28 85 31 41 
86 98 85 13 92 95 76 93 92 27 78 81 17 12 75 56 84 54 22 74 37 16 13 75 97 88 36 77 25 67 18 11 18 55 24 10 2 52 55 95 32 85 76 49 97 3 5 81 9 79 8 46 96 73 74 45 13 10 23 38 77 93 49 47 49 25 58 51 78 65 46 62 51 74 11 0 78 69 82 87 48 42 86 96 15 60 94 28 70 69 18 99 62 67 99 63 44 9 67 74 74 65 36 25 40 48 26 70 17 60 9 17 54 95 66 21 7 60 49 29 29 19 29 43 86 28 7 82 89 74 57 63 39 93 89 31 93 67 53 62 27 63 32 81 10 98 2 18 58 3 47 39 74 28 82 60 8 41 94 97 67 51 61 59 97 2 90 90 69 44 53 48 59 85 81 69 35 35 39 45 90 39 84 64 67 18 76 76 12 70 25 79 22 86 38 19 40 81 61 9 77 66 9 88 3 90 9 38 25 49 83 67 40 19 31 7 38 59 35 2 30 61 81 4 99 72 75 40 5 36 1 34 55 11 22 58 53 31 97 79 32 80 98 72 52 30 32 90 89 67 92 71 80 25 75 32 49 2 24 6 91 25 40 46 88 62 4 42 46 53 73 30 34 71 55 86 53 87 28 43 6 72 66 39 49 94 71 99 96 47 5 87 72 98 85 61 12 90 3 58 43 76 41 29 99 96 67 53 35 47 48 41 71 14 32 21 60 55 72 57 2 29 96 75 27 34 88 40 24 43 50 19 71 91 1 70 87 68 23 74 68 71 68 39 38 0 12 98 56 84 7 10 14 56 37 41 90 25 33 14 20 84 85 91 75 86 14 15 7 37 89 75 61 57 66 99 10 79 49 18 63 57 28 29 13 18 23 3 95 56 69 16 40 54 59 68 93 73 35 0 
11 76 27 24 86 93 75 96 72 24 66 88 33 46 17 46 64 92 1 60 49 22 28 41 29 87 61 22 61 96 74 24 25 1 48 11 46 75 59 71 99 25 11 33 23 80 31 88 73 85 0 22 7 28 15 36 67 77 10 80 25 84 4 2 37 4 13 36 31 24 7 31 1 70 16 25 50 99 65 23 84 65 97 44 45 13 32 12 42 43 45 19 79 49 22 17 6 87 53 37 12 12 20 13 82 88 90 32 88 55 8 24 20 5 68 17 18 1 82 12 96 27 32 75 28 54 44 34 41 97 24 5 61 96 19 95 85 9 80 25 17 88 1 37 45 22 7 64 75 89 28 71 16 60 46 44 66 91 31 60 40 55 65 54 3 84 49 40 46 81 65 63 69 19 52 15 41 59 31 16 48 59 87 64 72 85 61 38 28 92 98 69 47 64 75 2 0 24 43 98 6 60 13 27 79 18 94 20 29 25 36 30 37 23 46 61 61 7 99 89 99 50 58 98 66 85 1 18 10 44 69 68 4 34 95 36 52 90 56 34 67 93 64 4 68 10 65 29 70 17 19 69 19 29 20 37 15 21 55 77 17 76 45 73 11 92 9 15 34 66 49 2 11 65 58 79 28 76 61 98 45 32 19 16 61 39 53 28 12 8 57 81 37 54 7 48 47 68 63 33 86 65 87 97 30 98 29 10 74 42 8 71 74 80 87 87 71 40 68 36 0 25 69 37 80 76 37 79 97 1 64 83 18 52 33 0 50 14 11 76 56 71 47 82 51 86 69 23 26 89 59 78 15 80 16 47 57 5 78 6 6 42 89 76 94 74 77 44 40 88 20 48 59 19 30 63 5 52 38 83 41 97 62 8 77 30 7 86 35 85 92 94 28 34 70 74 60 99 71 1 
39 91 49 51 63 80 14 68 84 52 52 25 1 66 86 30 96 93 69 31 79 61 77 59 47 48 33 8 99 4 9 39 48 58 90 63 90 4 31 74 8 35 52 9 1 38 91 49 31 60 81 62 74 10 73 21 10 7 81 10 63 90 49 63 1 39 26 43 95 10 18 55 45 70 64 99 8 7 48 91 68 81 6 94 92 79 15 2 86 49 12 2 91 13 17 92 4 44 36 99 6 6 54 51 76 70 2 36 30 51 79 98 84 85 92 76 65 59 31 3 8 95 5 52 9 75 44 13 19 32 65 77 38 71 80 66 94 83 54 24 86 34 74 70 19 18 47 84 29 30 88 90 25 45 42 34 20 38 0 91 71 65 68 61 36 49 28 82 84 34 6 70 68 32 40 88 50 39 24 80 69 64 70 47 10 64 81 82 2 33 74 73 98 94 87 87 95 67 69 79 1 28 49 70 60 90 10 11 81 34 43 51 99 65 98 9 29 31 43 31 65 17 57 15 64 44 2 59 11 24 39 64 4 88 34 64 30 44 27 12 79 22 15 30 87 13 39 68 96 34 0 61 52 9 29 68 5 31 27 68 7 66 32 11 7 67 28 89 63 55 53 42 78 68 72 17 33 63 86 30 98 38 43 2 47 72 70 4 56 49 72 63 68 4 27 27 23 55 16 87 62 70 81 92 90 6 10 24 21 48 54 71 86 97 73 85 22 95 89 78 97 13 93 65 17 20 92 41 27 60 80 42 30 61 34 73 67 96 97 89 44 3 12 82 52 86 19 74 33 60 52 30 73 46 47 43 18 39 36 98 0 16 40 82 29 74 55 49 23 4 90 19 7 2 54 60 40 73 34 74 34 39 56 59 37 4 54 55 95 90 5 95 58 45 30 88 72 37 37 95 
42 79 66 49 81 20 9 22 94 96 48 80 35 56 91 72 12 46 79 8 36 85 55 95 30 37 35 54 75 24 49 17 3 16 18 84 88 80 58 82 76 58 14 11 15 6 83 27 52 62 87 40 99 43 35 30 80 22 84 7 46 86 76 49 54 95 86 42 75 44 77 3 3 91 14 70 97 49 49 1 63 37 42 63 80 29 93 12 52 29 20 98 67 48 0 73 43 86 68 70 82 45 73 37 88 39 7 38 88 57 39 4 94 33 67 26 63 12 90 15 93 10 65 61 11 17 86 54 3 54 77 86 51 2 23 40 42 83 78 82 40 69 86 86 55 53 12 18 65 2 85 11 65 2 24 76 20 10 82 23 65 59 61 68 62 37 8 56 20 38 38 12 60 25 98 15 30 10 85 48 64 70 59 29 72 83 57 92 93 40 68 10 51 81 79 13 18 39 69 90 30 60 54 90 85 52 57 15 14 42 15 79 12 74 60 36 57 70 81 3 10 1 65 13 82 44 79 53 36 0 95 66 60 50 8 97 2 65 65 69 59 80 48 23 55 60 11 64 30 92 19 92 45 85 6 28 81 37 33 17 37 28 35 98 78 95 47 33 12 12 2 71 93 2 94 0 62 6 64 45 50 84 89 96 21 47 76 2 84 9 72 22 89 59 72 20 55 71 53 67 84 7 39 77 9 85 77 23 43 93 20 46 29 10 42 50 57 70 5 94 79 77 68 20 36 92 40 91 63 93 11 47 52 2 24 13 87 53 37 83 99 9 29 28 19 23 79 29 45 84 23 76 13 43 96 49 35 37 93 98 82 4 46 35 6 22 48 45 28 37 28 27 47 9 55 18 84 86 99 29 70 74 5 83 17 54 85 52 91 78 51 25 34 49 12 40 71 13 37 51 
50 18 78 49 27 34 20 64 20 19 93 43 94 51 78 11 5 63 64 48 93 67 73 27 16 86 19 39 99 57 91 1 75 69 3 54 55 23 70 28 94 16 23 40 67 1 52 24 17 68 72 62 87 97 90 55 83 9 94 34 18 37 88 45 59 91 52 14 14 22 94 60 38 69 1 5 23 5 81 40 25 5 2 12 3 44 67 38 6 13 25 24 51 13 22 10 4 74 76 70 96 71 30 35 92 83 92 15 88 26 55 65 31 10 77 86 54 96 25 60 10 50 37 61 15 11 71 19 85 99 41 33 70 23 68 63 7 13 78 47 39 86 13 22 48 42 9 2 39 34 15 1 36 4 62 3 15 85 22 52 84 15 85 7 38 6 22 45 19 52 45 10 90 58 32 38 0 41 93 91 27 60 92 15 64 6 18 31 91 92 35 28 7 20 87 46 26 9 43 97 13 88 7 4 46 92 42 99 85 35 90 13 95 35 80 11 41 99 94 85 43 29 65 51 50 52 49 28 13 92 26 26 81 85 30 79 77 73 78 63 60 21 28 56 8 60 19 49 11 14 86 55 43 51 58 93 55 7 22 68 99 0 95 32 85 25 12 15 50 42 30 11 15 10 19 23 70 38 25 82 52 11 89 96 15 47 41 70 54 15 39 5 67 34 38 53 11 50 20 14 44 2 25 60 12 96 83 34 34 60 16 39 72 57 87 87 4 28 9 10 96 48 16 63 34 54 68 98 56 40 12 52 42 89 12 54 85 48 89 71 8 57 10 32 15 97 71 71 78 81 82 26 81 98 89 16 4 10 66 12 50 78 64 93 19 29 99 4 77 88 75 37 98 38 22 65 35 93 36 65 26 18 91 8 68 33 76 24 95 42 36 45 72 53 90 91 82 90 95 11 
30 22 0 28 60 22 93 48 16 82 65 42 0 9 50 21 42 26 97 89 20 86 34 92 39 25 83 73 67 30 84 97 5 84 78 17 59 71 17 75 53 83 69 6 92 72 79 86 50 76 75 71 62 61 63 53 38 99 26 5 29 62 3 86 99 81 4 58 4 21 85 10 4 54 68 48 78 47 86 29 75 61 52 38 75 67 43 13 66 70 19 48 84 74 34 83 55 38 93 11 60 78 73 16 85 41 65 15 40 51 44 16 65 48 6 40 16 49 53 82 71 24 30 8 98 17 91 5 55 37 69 67 67 42 84 52 84 1 20 24 52 16 92 69 65 98 9 81 0 15 15 23 91 98 31 90 15 75 47 22 12 16 90 79 59 74 84 43 75 4 19 79 20 12 49 37 62 10 70 14 77 86 38 69 84 69 59 51 44 6 73 8 23 63 88 34 89 24 77 16 80 48 96 52 12 97 90 75 59 60 89 37 98 27 6 34 49 17 85 45 75 11 54 50 26 94 84 16 70 13 84 50 14 32 2 26 29 44 53 41 57 43 78 55 22 36 90 23 5 75 69 32 38 75 35 65 69 71 81 39 37 65 41 51 50 43 77 31 40 31 72 97 26 2 52 0 90 94 24 95 22 45 80 60 20 15 25 41 86 6 32 23 24 73 26 26 68 56 57 8 39 30 57 65 32 62 17 23 56 93 70 78 38 50 39 10 17 64 51 56 23 35 31 99 8 58 25 29 14 34 37 53 64 47 70 49 9 87 72 17 81 94 96 71 97 87 82 14 3 85 70 78 21 2 29 29 60 6 58 26 41 48 79 5 47 1 6 56 88 30 73 21 25 21 93 22 8 75 36 64 60 59 42 81 61 72 63 73 78 73 51 19 73 82 77 20 83 35 28 23 
66 54 45 91 75 38 65 36 13 1 0 25 12 42 59 25 66 74 50 45 47 1 16 21 35 45 93 18 81 22 42 47 76 87 90 3 77 55 39 90 8 39 67 21 34 78 98 0 52 49 97 52 2 66 25 38 63 18 56 44 92 50 43 68 37 85 72 14 40 63 56 1 3 76 74 89 54 72 89 59 21 39 11 24 5 36 62 68 54 70 65 47 21 60 67 10 46 91 77 38 55 85 39 10 13 65 99 20 38 88 79 11 79 90 87 84 78 1 53 84 72 70 83 45 30 51 7 76 94 36 67 49 22 58 59 87 24 58 7 62 99 38 25 78 80 13 15 58 14 20 43 38 90 26 83 20 29 43 49 24 79 68 25 53 26 85 41 50 95 0 64 46 39 90 77 19 55 44 30 69 64 73 60 54 51 43 26 33 86 27 9 18 95 34 71 22 71 12 24 19 13 41 17 4 83 94 23 38 38 5 59 54 30 19 8 82 15 87 67 53 66 76 71 62 62 43 36 34 7 12 53 72 53 22 76 88 17 52 26 7 57 38 62 88 9 22 22 24 61 41 78 28 17 1 42 79 44 78 65 4 42 70 28 48 93 5 36 62 9 15 69 18 53 83 58 62 58 32 39 19 73 17 99 42 18 41 74 15 71 39 71 14 10 99 62 3 56 50 65 65 65 86 36 70 22 46 33 80 79 72 51 52 41 3 47 11 44 21 78 68 60 49 82 22 49 96 25 57 46 42 23 64 81 11 34 3 57 19 35 36 43 86 41 84 89 40 48 86 61 26 54 21 28 88 96 29 36 21 86 34 16 61 98 97 72 33 52 82 52 87 70 96 25 63 32 15 3 32 53 64 59 7 38 39 47 34 20 83 7 6 17 75 20 68 72 44 1 76 26 5 
63 97 53 89 12 86 56 16 18 9 32 29 68 70 20 15 56 40 50 16 99 19 91 19 87 16 63 40 92 42 46 56 91 99 97 3 37 53 19 8 62 52 37 82 74 10 97 83 50 99 99 1 18 90 72 6 58 36 46 51 30 92 7 21 44 56 24 33 9 96 41 23 0 31 5 74 41 54 9 43 53 8 97 71 51 69 77 9 5 24 60 35 68 19 8 64 75 33 98 36 29 39 59 29 70 16 55 63 70 17 59 23 77 56 47 28 25 24 90 31 0 2 18 21 74 27 85 1 12 83 38 93 75 49 74 97 66 81 61 88 98 20 12 76 76 11 56 1 87 46 84 88 49 55 61 23 34 98 24 46 34 14 39 9 64 13 58 30 94 19 18 93 91 82 21 19 45 77 73 33 24 9 73 25 64 34 48 50 32 24 96 66 39 87 27 3 0 86 85 47 57 55 92 1 90 13 20 35 90 45 68 66 55 41 91 71 27 91 22 60 68 70 78 59 58 58 62 10 96 99 9 53 6 1 54 96 14 27 32 57 72 0 75 79 94 19 51 21 62 25 33 30 95 64 89 5 74 3 16 70 54 25 23 61 79 30 57 45 9 41 54 81 94 30 61 88 1 64 61 63 89 95 46 36 11 87 42 85 91 10 55 97 35 30 58 66 12 68 12 21 9 66 55 3 96 16 91 49 32 53 13 21 0 11 57 63 98 51 48 89 61 55 39 49 85 97 15 50 65 27 71 75 94 26 30 42 94 22 92 26 27 57 99 79 68 57 42 66 8 90 8 22 97 47 71 82 96 86 84 14 66 56 89 60 34 19 54 29 93 98 55 72 7 7 51 75 64 45 94 24 87 54 46 84 53 69 19 49 56 3 15 22 11 4 34 46 76 88 75 21 
39 82 94 46 89 97 74 5 95 20 82 82 74 80 19 79 50 38 80 6 93 96 80 5 52 14 3 28 54 30 2 45 12 48 92 54 97 18 11 92 38 93 27 64 26 46 43 76 36 23 34 29 19 14 86 72 80 89 52 86 19 6 32 84 54 76 38 52 94 1 96 32 47 23 96 73 69 39 49 5 14 83 87 86 49 73 58 29 63 62 15 34 69 47 18 75 23 8 27 69 10 76 1 9 99 49 82 21 40 31 26 55 66 65 41 15 39 51 44 54 65 11 88 86 11 59 62 86 19 41 56 29 17 57 90 17 59 72 90 99 55 16 6 21 34 47 36 73 50 32 79 68 44 19 54 7 78 16 93 98 10 49 79 27 59 70 96 18 94 86 17 50 55 24 71 89 23 60 14 26 44 45 94 40 64 0 47 95 69 41 45 79 90 76 58 1 98 55 19 93 93 89 43 0 65 66 41 88 26 7 66 71 52 60 11 69 13 11 16 82 52 61 61 94 89 19 96 88 26 15 33 72 56 76 24 21 94 66 10 73 25 28 96 30 89 59 99 54 70 67 36 22 80 97 69 69 68 65 9 47 32 42 71 89 18 95 10 65 13 72 38 39 1 34 69 42 93 20 96 64 87 32 38 19 81 7 88 1 72 98 0 57 40 71 46 11 19 8 28 32 81 66 23 34 0 44 76 93 64 24 9 3 8 48 74 89 7 63 42 32 13 43 89 5 66 87 68 85 95 96 70 28 62 93 62 14 38 90 60 54 14 69 10 74 69 36 15 29 51 58 61 64 53 2 22 19 89 42 57 36 39 27 65 53 72 79 20 62 70 80 69 36 1 31 63 23 67 78 52 19 36 13 35 41 67 57 61 56 0 70 44 91 97 9 96 21 41 16 84 63 
48 53 51 50 36 14 25 3 93 77 22 81 42 58 23 9 67 36 17 19 6 61 10 55 23 59 76 64 75 12 27 76 17 78 26 53 45 3 57 38 80 79 19 22 89 42 83 57 30 0 76 36 61 39 91 84 98 20 0 25 32 79 1 50 10 79 55 55 82 12 45 14 44 64 88 33 59 71 42 89 23 71 78 85 10 21 21 60 41 74 37 26 53 39 28 63 70 83 18 5 48 15 19 92 80 8 77 91 31 72 32 55 43 10 40 5 84 13 17 77 87 54 3 93 93 83 56 16 19 27 21 67 42 92 11 74 52 88 17 84 12 50 39 55 12 31 12 96 96 29 74 84 84 29 29 29 13 37 45 84 16 18 51 11 63 62 85 15 2 3 99 15 5 38 22 17 69 35 66 66 16 92 2 0 21 83 30 86 20 27 70 37 98 73 48 61 87 85 76 90 40 28 57 45 66 31 15 88 66 33 6 83 25 60 35 98 43 65 85 15 45 7 4 43 33 52 56 20 38 84 10 30 12 19 76 79 51 43 19 69 76 77 4 53 89 40 51 84 57 88 99 2 48 4 97 81 8 5 1 98 90 64 29 2 83 57 33 86 0 52 56 28 81 60 81 70 52 84 54 10 73 54 64 21 10 62 54 18 67 55 17 57 71 98 12 7 55 45 93 55 50 1 83 31 14 16 54 66 0 8 76 25 14 41 98 76 55 52 95 74 8 64 84 31 62 96 38 69 41 32 24 43 85 59 75 99 27 29 18 27 89 94 5 4 87 3 80 94 56 27 69 16 43 53 47 57 1 86 26 94 70 50 38 55 61 13 7 40 94 25 68 35 19 25 39 59 28 72 5 36 51 26 52 95 79 52 52 32 90 79 27 60 81 65 67 95 30 74 35 76 
99 55 11 71 80 3 82 9 75 87 45 26 14 50 73 45 2 26 78 44 57 57 56 38 22 23 85 4 98 21 80 49 28 91 72 9 94 54 70 21 42 15 0 8 17 73 5 71 51 35 15 8 92 71 99 66 47 36 70 97 57 2 46 86 94 19 47 40 73 17 14 67 84 14 27 2 39 33 73 91 68 41 51 61 12 2 79 11 39 50 8 48 52 55 34 98 26 33 91 51 50 5 71 35 71 98 89 10 83 62 53 52 55 5 65 68 7 44 31 98 46 40 47 99 95 81 49 21 67 40 24 17 45 95 4 68 94 93 79 77 56 32 81 63 89 98 83 49 95 15 47 41 55 94 92 50 28 42 23 95 34 99 12 32 95 17 0 89 62 79 18 70 64 52 34 53 2 17 2 97 32 50 39 87 44 83 89 24 25 64 19 60 64 84 44 59 53 44 0 15 24 70 86 88 74 20 93 77 89 96 74 22 98 65 61 94 49 51 19 26 15 38 38 31 22 82 90 27 27 42 43 3 13 81 43 39 53 36 16 42 84 43 64 82 8 26 77 9 29 96 36 96 34 26 28 9 61 70 36 88 13 31 43 78 12 86 17 65 74 86 8 59 29 24 41 37 2 18 99 83 66 87 80 53 13 60 62 74 30 50 14 95 82 9 25 46 95 95 12 70 81 72 81 10 48 22 99 51 93 98 34 59 85 66 12 51 26 26 77 9 29 92 56 11 53 34 9 49 29 73 71 62 45 4 72 94 26 23 97 71 22 83 31 59 50 95 10 28 74 88 37 3 32 46 66 85 80 75 86 9 49 9 71 46 13 95 40 92 18 89 63 92 73 46 52 75 42 14 3 16 2 93 71 86 39 37 72 71 12 10 80 61 20 3 8 33 50 0 25 20 
90 41 13 15 87 17 90 81 83 45 49 38 38 20 24 77 57 96 0 70 59 80 83 79 35 43 64 37 44 42 58 86 83 23 53 70 40 43 4 23 88 53 61 79 74 38 8 83 86 9 53 45 41 89 24 77 32 89 66 28 31 24 66 66 47 19 36 39 14 92 15 55 46 28 34 72 66 42 55 53 3 61 50 45 2 75 74 34 16 40 15 99 65 81 65 64 1 53 4 67 46 71 22 44 99 8 68 18 3 23 23 6 36 73 51 38 0 25 25 16 66 40 15 83 21 80 47 74 86 3 94 32 74 68 76 26 77 44 44 80 19 67 38 8 92 90 98 93 67 23 9 85 15 77 68 89 9 68 15 95 71 9 79 98 78 55 24 7 51 68 39 23 87 77 31 31 19 81 24 87 57 86 24 72 15 93 61 24 61 77 72 84 38 51 82 16 59 6 23 10 26 62 85 65 92 68 97 11 50 73 50 7 59 75 31 26 20 93 51 33 22 75 17 60 26 52 29 37 58 4 0 37 19 85 54 11 54 51 74 56 77 25 15 88 52 46 15 24 39 18 57 13 93 26 26 71 78 55 9 37 59 9 26 78 46 80 41 0 84 16 8 61 93 23 1 45 70 16 21 61 34 78 27 79 4 53 51 83 8 12 72 19 21 50 50 67 30 91 20 66 59 80 79 52 4 81 49 26 97 70 87 84 48 14 63 5 19 14 88 27 78 12 99 99 62 49 19 44 92 91 11 52 71 90 4 27 23 54 53 73 76 93 57 77 59 20 82 79 87 22 58 65 34 57 17 48 58 88 92 51 79 55 3 2 98 59 30 21 65 35 94 42 28 3 19 40 24 53 19 63 75 29 80 61 39 97 61 97 85 5 0 16 61 3 71 11 15 1 32 80 
88 79 74 17 82 93 9 58 98 80 73 25 9 54 38 0 3 99 98 41 5 50 57 18 6 28 29 21 81 13 1 70 92 76 39 27 21 48 37 72 28 63 97 89 17 36 90 20 35 40 13 92 90 71 10 96 51 91 17 85 5 71 55 49 99 46 28 72 46 66 44 26 29 42 15 98 30 57 70 17 97 84 10 40 7 72 36 10 16 6 95 21 77 2 70 28 48 99 0 94 17 45 20 98 39 88 96 69 45 18 38 95 2 0 35 9 73 23 72 89 29 67 62 58 22 84 86 70 83 39 17 52 36 89 50 75 29 98 96 27 17 34 22 19 87 9 81 60 32 53 1 14 72 15 24 94 99 63 17 35 2 86 87 38 27 90 65 57 88 13 84 5 99 58 77 86 67 10 98 51 15 51 17 39 66 42 34 18 57 3 53 59 89 40 49 16 30 66 25 71 79 61 28 30 19 5 17 38 67 67 42 82 19 11 22 37 5 8 55 62 11 60 73 52 1 22 20 83 40 46 6 19 7 35 2 79 92 71 69 60 38 11 94 9 23 16 99 28 76 6 43 87 67 16 91 20 39 12 55 79 10 62 51 69 97 5 0 41 76 70 1 66 81 96 76 56 64 27 37 41 33 80 80 52 96 72 72 87 36 80 19 46 42 70 67 91 75 68 32 3 38 34 69 71 82 97 80 46 24 17 39 10 49 72 62 45 44 87 85 32 67 4 30 61 74 97 52 1 17 36 4 55 70 25 79 4 23 59 3 47 28 94 9 77 66 72 74 10 11 59 94 78 63 24 39 89 74 43 42 91 79 98 99 2 24 78 6 47 89 61 46 17 56 56 94 22 28 68 85 91 80 79 69 43 56 60 85 30 3 27 73 82 26 72 84 50 2 91 97 91 
52 95 8 60 51 54 83 31 75 68 22 55 47 91 98 55 3 35 85 6 63 11 89 89 83 73 91 38 16 40 81 21 35 42 81 87 96 64 70 23 32 93 78 32 36 29 87 40 64 25 46 27 36 87 68 71 61 11 61 29 51 43 50 87 85 84 26 33 48 96 57 33 41 87 17 30 16 56 22 33 81 20 12 69 8 81 41 21 92 2 50 96 45 53 83 82 89 61 16 89 9 25 22 51 12 91 33 29 48 55 14 81 75 26 51 35 59 92 56 4 46 59 0 44 64 35 26 53 96 94 42 57 19 17 60 32 8 93 13 56 48 27 38 76 5 41 11 65 33 20 69 31 79 21 75 43 56 54 96 4 48 38 61 20 55 22 4 16 67 17 24 68 96 14 44 1 55 7 18 40 27 87 72 6 60 99 49 16 53 97 20 54 88 34 74 95 8 78 11 75 47 36 43 43 2 39 96 58 47 67 98 74 54 22 33 15 22 34 83 75 84 56 29 72 90 55 67 50 33 31 25 32 19 21 27 21 60 76 79 59 43 30 86 49 52 19 16 74 5 0 2 89 56 83 61 98 39 81 0 24 12 25 9 31 98 36 52 59 12 84 70 55 14 56 5 18 75 21 93 33 73 47 22 81 30 84 31 21 17 31 98 29 9 7 12 7 95 16 18 60 0 89 15 66 45 72 85 73 46 78 6 19 77 28 53 59 64 84 81 33 16 31 62 25 90 26 84 85 43 3 97 43 92 13 62 89 37 47 62 83 77 20 55 54 49 8 13 65 44 46 99 60 29 13 37 19 92 22 57 35 77 54 30 69 19 92 58 9 39 73 44 68 93 99 22 42 59 88 60 4 86 11 16 16 76 54 87 68 28 44 3 5 51 86 26 22 30 84 31 70 
57 76 90 51 27 65 45 39 53 57 43 91 20 59 7 97 65 47 17 45 43 73 50 94 59 76 69 89 13 0 11 70 28 2 73 56 67 71 95 72 28 90 63 1 1 23 98 67 70 15 12 13 88 15 8 99 43 77 89 56 29 52 79 58 54 52 66 73 75 61 45 56 3 61 57 4 84 55 23 54 22 88 67 63 55 27 62 98 56 3 55 38 56 34 96 10 38 62 36 14 75 81 70 30 42 27 34 78 34 10 32 56 50 0 19 5 79 34 3 88 37 58 26 93 92 22 56 83 36 44 97 63 25 67 45 20 46 31 98 80 41 83 88 91 35 60 96 14 94 0 2 83 10 28 29 55 2 85 38 90 29 35 5 6 54 50 78 52 82 29 32 75 12 72 67 47 32 15 13 26 15 68 10 78 48 39 33 3 76 71 93 57 58 99 15 64 1 94 16 83 75 0 59 87 72 78 86 57 93 99 83 61 19 45 39 68 36 24 71 64 47 16 21 5 15 89 21 69 35 89 4 10 41 63 49 65 93 35 22 87 86 6 0 6 3 91 26 92 15 97 56 62 13 30 19 81 19 40 2 54 81 6 16 22 22 65 87 15 0 10 54 86 68 54 44 23 45 70 15 12 19 72 74 85 54 45 18 73 85 20 79 18 26 95 40 48 12 80 64 12 90 18 50 10 25 47 33 22 69 1 35 89 73 61 26 79 7 44 4 44 64 83 63 42 30 3 91 42 35 7 6 77 77 8 87 54 55 73 77 25 74 64 66 47 25 92 78 32 36 82 29 52 17 92 94 47 47 37 41 83 44 99 60 74 7 48 28 63 21 5 88 47 21 6 46 47 98 24 31 34 6 60 38 23 52 32 22 0 22 15 35 18 14 95 92 73 95 21 36 68 
78 76 15 0 82 61 99 80 37 30 66 43 91 56 18 95 89 40 47 63 55 82 81 21 30 74 95 77 47 83 98 77 60 65 29 94 27 28 27 16 59 93 60 2 50 78 49 91 71 97 54 78 31 87 0 13 61 47 43 60 30 41 38 42 6 67 37 85 96 64 2 7 9 14 61 11 92 10 54 63 59 60 42 43 48 94 8 61 41 51 74 23 92 12 66 51 31 55 36 27 71 90 86 32 4 99 96 49 62 50 12 73 63 6 16 63 0 25 24 41 28 98 65 73 62 83 24 94 38 12 73 61 3 12 93 59 11 89 8 73 92 21 47 55 27 15 18 80 92 94 21 21 93 38 94 7 73 18 1 63 82 75 24 37 39 70 97 50 11 5 76 3 78 23 58 58 38 28 38 83 23 11 4 68 2 98 75 27 68 29 91 2 56 67 40 95 89 37 45 1 94 21 4 73 96 15 83 87 43 73 70 18 36 26 38 38 76 14 66 96 43 9 98 51 28 38 46 18 75 43 19 22 17 75 47 65 90 30 52 86 55 74 56 91 0 95 30 28 61 48 24 56 9 23 7 37 61 5 7 89 48 78 11 17 54 58 83 96 40 35 34 95 62 91 86 14 38 68 43 99 68 67 55 29 90 62 19 4 67 26 45 67 5 56 85 11 66 68 7 6 55 42 1 17 85 39 32 23 60 75 22 28 42 77 58 85 91 29 41 58 55 86 77 12 42 62 23 8 30 31 66 86 25 19 3 62 58 87 85 18 62 7 99 57 36 9 42 27 38 35 37 45 21 14 58 63 29 81 23 59 64 41 97 41 60 1 3 70 40 40 41 3 99 40 12 35 1 54 14 39 89 3 84 62 70 42 25 99 76 0 10 92 41 8 86 53 61 89 23 1 
30 64 4 81 56 16 17 57 22 83 96 63 87 33 25 9 27 2 8 3 2 18 48 95 26 34 48 87 75 72 41 57 88 45 39 45 14 56 54 88 91 51 52 30 36 29 39 63 84 99 67 38 70 67 34 48 1 34 88 76 58 29 34 47 74 73 44 40 81 98 29 72 1 33 55 37 14 94 1 98 94 20 37 64 87 23 12 40 57 52 16 16 81 2 15 8 27 59 48 60 9 29 33 11 62 88 0 77 34 53 27 80 25 64 96 64 39 61 4 49 13 73 65 95 27 32 3 55 91 3 15 0 33 0 63 95 40 64 24 75 69 4 7 95 20 4 59 60 65 16 9 78 89 26 73 16 58 28 23 49 32 39 1 65 91 17 12 32 33 89 59 2 93 66 49 13 70 9 73 35 25 34 66 66 60 39 34 18 20 58 19 52 97 73 69 40 90 81 72 75 22 83 77 15 2 27 81 72 88 6 60 65 41 26 31 53 17 65 24 37 23 95 41 72 68 10 13 10 44 37 85 66 73 15 34 75 94 15 99 82 21 59 47 14 37 30 68 7 95 44 44 71 39 86 95 60 48 60 70 92 50 8 59 23 75 45 98 69 60 97 51 33 9 50 48 46 80 68 53 27 12 50 50 3 88 46 63 36 58 86 81 8 46 92 31 21 37 81 90 49 31 93 82 40 43 82 38 75 50 44 54 14 46 5 18 34 3 33 22 61 19 3 22 65 47 5 38 84 87 28 33 18 21 68 10 16 50 0 91 53 44 46 67 90 3 37 76 58 23 99 71 94 54 93 12 2 51 50 86 38 79 72 8 52 40 70 69 42 70 60 95 67 58 15 57 13 4 34 23 27 85 95 22 39 40 34 41 91 36 80 81 15 52 89 68 44 11 89 86 82 
1 34 49 12 49 58 25 53 44 49 33 29 96 55 69 36 41 62 28 77 42 61 45 46 3 65 42 14 54 29 48 55 63 97 67 64 8 45 17 52 46 50 82 42 57 3 30 50 65 10 80 8 72 77 6 75 42 49 89 48 30 38 3 93 87 23 57 95 20 26 48 66 29 82 8 38 85 38 89 50 1 21 10 73 98 17 48 92 18 89 40 48 79 95 41 67 18 50 14 38 28 62 56 9 96 16 48 81 7 89 84 8 10 94 81 8 63 81 52 81 70 92 29 50 87 22 17 58 24 31 48 5 46 5 14 42 21 62 76 28 51 60 36 13 54 69 73 70 50 25 51 21 17 33 23 57 55 40 15 32 23 63 37 21 20 51 16 42 66 92 22 69 52 11 83 58 80 56 28 31 34 80 4 51 13 27 8 20 19 75 4 94 39 41 16 59 45 32 53 63 76 76 32 28 87 15 86 19 24 15 50 58 47 54 61 12 81 22 84 0 97 89 95 88 30 63 0 27 47 5 90 23 81 75 3 20 90 41 40 66 8 42 76 55 49 38 19 30 12 4 83 9 93 30 50 75 45 50 3 92 55 45 67 89 20 70 61 63 11 53 81 72 48 58 27 97 48 99 79 60 3 14 21 96 44 23 23 89 25 26 33 33 24 0 74 96 22 35 59 86 41 41 58 89 51 37 86 99 36 17 11 39 32 84 87 76 8 11 18 33 89 3 66 65 56 40 62 78 28 21 16 69 14 74 10 65 64 48 16 52 65 27 92 97 12 31 26 20 94 44 5 36 99 72 1 55 64 63 86 92 37 2 13 51 29 23 69 93 71 85 45 37 13 89 34 77 73 12 49 67 8 54 3 8 26 5 63 43 20 49 87 57 4 1 61 33 76 30 26 48 
67 23 37 32 65 23 9 38 36 58 57 44 13 13 52 91 70 68 34 90 69 22 0 73 75 61 6 51 43 84 51 10 60 88 43 25 12 4 15 0 63 72 44 28 85 49 71 55 69 6 46 38 80 98 64 7 59 70 58 54 7 10 16 67 98 59 92 62 16 7 62 31 31 59 59 17 60 82 72 29 40 70 19 20 20 83 27 31 6 38 85 13 48 2 32 98 13 76 61 29 83 75 12 14 86 23 83 98 6 8 79 46 30 51 19 51 34 46 82 92 84 68 57 84 22 89 83 35 65 96 17 0 23 29 67 62 5 2 60 11 10 40 57 93 91 76 44 77 75 78 22 11 98 79 48 20 21 31 8 38 79 77 91 2 58 10 16 63 12 77 26 23 69 84 68 12 12 12 41 39 42 63 51 41 95 99 13 16 82 21 6 13 50 97 15 9 7 84 24 72 61 51 47 30 35 15 94 99 27 35 39 21 99 42 62 46 93 76 14 27 49 20 40 0 70 7 9 29 91 33 1 52 36 48 34 71 63 80 23 42 16 14 64 67 56 26 13 1 54 27 28 4 47 68 56 69 75 65 99 19 50 0 71 39 49 58 10 64 38 85 7 6 99 71 73 7 49 86 8 4 65 88 60 13 56 16 34 84 33 33 3 35 34 26 74 35 36 37 99 27 22 58 33 74 29 7 81 31 45 90 35 11 78 47 76 87 63 62 23 96 96 78 83 82 56 58 69 93 95 68 72 69 27 5 43 8 64 25 39 62 67 26 25 97 25 53 36 88 15 11 36 11 89 20 45 46 30 14 91 77 83 15 46 62 20 42 22 37 19 14 51 38 92 76 87 18 29 24 58 44 35 47 8 77 19 53 75 49 68 66 78 3 33 24 17 53 18 91 42 37 
5 93 75 50 21 63 68 50 39 78 47 26 25 55 3 44 60 78 45 28 96 23 83 29 0 0 35 18 92 29 8 49 23 83 99 44 98 19 47 37 50 94 64 75 1 19 72 61 98 69 42 46 45 25 28 45 78 63 15 22 92 23 71 67 7 23 64 57 94 11 95 44 57 59 72 58 30 44 71 28 65 65 27 10 91 55 7 21 70 23 43 14 46 14 34 5 89 98 63 84 9 10 28 18 21 0 28 51 96 99 32 62 17 59 24 8 66 32 29 36 7 24 2 5 38 36 11 80 34 26 64 95 88 92 13 9 45 93 60 41 93 92 55 10 3 80 70 69 12 51 57 19 75 60 24 65 96 87 45 31 65 9 78 53 54 92 62 99 85 75 40 30 19 96 92 75 76 14 44 40 65 54 11 92 14 87 10 10 75 55 93 92 17 72 46 71 16 60 70 53 87 62 84 59 10 28 34 86 95 30 78 60 84 89 5 50 77 15 13 4 70 6 96 39 30 94 10 46 7 32 52 94 95 88 53 5 16 39 44 11 70 74 24 6 64 81 57 93 96 70 49 18 28 97 58 59 92 20 57 51 53 9 45 0 97 51 5 66 90 1 29 12 76 53 19 92 86 76 85 82 98 86 53 26 83 63 85 27 83 43 78 88 4 76 88 54 27 94 20 69 47 49 82 23 55 53 15 41 81 52 76 79 38 81 5 74 44 91 1 27 86 32 68 42 8 56 96 87 2 68 56 50 70 90 73 25 95 89 18 76 93 46 55 32 27 61 58 71 4 11 51 42 43 19 84 3 75 33 90 78 1 99 28 71 41 53 48 37 94 19 65 88 65 21 72 93 34 30 64 90 41 67 32 85 86 68 88 14 53 31 92 7 30 72 30 23 77 31 60 72 
50 26 60 15 99 32 8 85 62 25 75 55 92 59 40 31 79 81 45 85 12 89 92 94 13 22 17 90 53 30 14 55 56 74 71 7 58 31 92 72 56 19 28 1 78 68 84 9 1 29 94 13 70 86 59 35 61 77 77 66 7 92 22 15 66 45 74 77 76 66 49 85 37 77 38 15 98 22 76 51 3 71 65 25 9 24 60 22 53 37 41 60 29 15 27 48 60 1 77 88 67 26 73 56 56 63 71 6 37 0 57 40 23 74 17 32 51 77 7 4 15 48 65 96 15 92 96 75 94 73 15 13 0 41 70 8 4 93 66 42 45 23 34 68 98 52 1 49 81 60 53 48 60 70 45 75 15 41 2 61 67 17 26 19 58 48 27 63 94 93 57 39 68 43 8 66 95 61 67 77 73 73 25 33 95 22 8 10 16 10 23 83 79 50 2 38 98 29 53 44 74 62 84 42 5 44 61 53 5 80 30 78 53 7 63 49 82 71 11 98 33 35 81 12 85 35 2 35 16 55 80 90 17 64 84 23 60 97 76 65 78 58 95 31 17 58 32 99 81 44 49 66 79 30 78 16 65 33 51 81 88 83 23 58 99 8 81 59 57 9 76 35 19 71 67 88 81 51 88 14 95 37 80 26 20 11 42 37 96 94 71 84 29 46 42 29 6 75 88 64 36 65 99 7 88 18 96 22 70 84 36 17 73 69 44 45 32 86 35 28 32 6 64 62 52 59 91 11 34 31 75 23 96 74 30 37 93 26 59 15 62 47 32 88 68 76 33 52 15 68 80 99 26 97 61 31 56 4 42 42 36 69 65 84 43 48 21 88 74 32 3 89 80 88 77 0 16 62 53 31 83 85 31 9 82 44 92 38 1 34 81 37 55 98 73 99 46 47 39 73 
79 95 62 11 83 39 12 99 53 65 83 36 50 66 46 85 10 90 23 11 77 56 0 32 55 26 31 53 73 23 26 52 18 40 16 53 31 28 4 85 45 87 21 47 5 19 32 16 10 8 79 87 64 32 19 71 58 3 25 83 26 3 87 96 44 3 49 75 83 53 60 80 93 82 28 98 53 12 66 63 20 98 2 85 30 74 56 40 29 33 23 7 37 10 3 81 66 4 56 49 9 69 30 2 3 10 53 56 22 71 72 43 69 26 80 51 0 88 43 81 22 18 88 59 81 43 92 47 99 0 96 9 69 78 63 24 88 68 81 11 40 5 6 61 31 86 65 84 74 8 65 96 79 6 7 60 1 51 7 1 52 55 62 73 34 77 98 74 46 31 85 38 36 91 51 19 77 16 3 4 77 21 52 56 79 60 16 80 63 75 33 67 30 47 41 16 25 91 91 71 74 28 61 10 20 12 81 49 29 85 53 58 58 6 14 37 18 82 69 81 9 55 1 39 2 94 8 27 85 99 50 59 27 11 21 99 24 2 49 5 39 54 63 97 60 29 86 30 11 8 64 72 15 65 11 17 59 71 97 96 22 99 7 50 11 28 1 87 82 2 44 22 57 59 71 69 88 10 0 51 70 16 23 85 81 86 2 92 58 51 40 80 51 47 82 14 27 36 53 9 38 97 83 95 56 7 17 96 17 17 47 39 85 70 24 18 8 78 10 18 30 2 99 33 1 33 47 28 69 52 89 8 1 73 55 57 32 72 5 1 41 52 40 26 74 64 44 82 42 6 1 24 60 52 57 61 37 56 89 7 60 31 67 61 56 74 70 88 47 75 89 88 27 29 67 53 45 63 88 87 22 41 64 82 93 73 44 82 30 33 89 90 64 8 52 72 83 22 60 82 
98 49 22 77 30 89 83 75 5 71 15 27 12 79 9 57 52 53 39 34 39 81 25 55 41 29 28 24 3 40 6 53 90 29 83 72 70 66 48 75 37 63 2 1 42 64 58 46 69 49 81 60 30 6 16 72 87 96 48 42 36 7 96 78 36 79 51 58 97 51 86 34 14 40 87 8 4 45 54 26 94 35 86 77 93 54 1 32 50 49 75 39 56 71 69 44 2 20 3 51 23 41 85 37 81 24 97 38 69 52 64 15 87 50 44 33 5 45 65 7 95 40 46 51 63 16 96 17 88 51 68 12 92 5 1 25 29 99 63 98 3 27 66 90 78 10 75 83 56 41 90 51 33 89 54 97 57 2 14 45 5 35 9 49 40 63 75 70 14 38 20 17 66 86 59 44 49 35 79 5 76 21 8 61 10 14 58 67 17 25 65 74 60 26 24 52 41 99 22 55 37 43 72 55 81 32 51 30 67 30 87 95 52 47 56 14 62 67 82 31 44 99 5 56 25 29 8 67 80 31 74 70 26 47 25 59 79 77 42 98 59 29 45 11 29 1 78 43 20 60 74 16 11 31 72 88 13 81 55 93 64 30 63 42 29 41 1 8 18 95 58 29 77 3 93 6 56 71 49 29 31 75 45 94 6 18 82 71 51 90 65 67 72 80 61 1 21 14 61 91 10 19 21 87 74 14 45 30 37 46 11 20 21 57 14 79 27 96 51 30 86 16 97 58 48 58 11 22 72 72 65 34 43 38 21 69 4 18 52 41 64 63 61 85 72 75 65 99 24 16 29 10 84 78 21 84 88 84 6 13 57 24 47 52 62 21 22 19 39 26 60 4 89 74 41 62 49 6 13 25 74 95 88 10 73 9 47 14 93 53 27 2 29 26 7 44 99 81 63 39 
7 75 95 48 49 36 10 51 95 76 76 21 71 64 32 44 25 79 10 71 84 89 73 66 16 32 10 15 65 73 6 72 48 1 73 98 90 83 1 37 59 77 58 82 42 42 27 67 73 89 38 10 79 64 76 95 48 38 62 14 11 69 38 11 22 11 61 64 47 62 1 58 92 12 41 34 54 20 53 80 9 44 90 88 60 18 35 8 56 98 74 19 19 13 30 93 24 44 10 23 58 63 82 50 75 23 36 30 43 90 10 4 86 52 93 46 70 80 6 26 30 81 45 1 94 27 47 70 71 57 94 30 20 28 32 48 51 69 78 46 11 40 2 97 44 47 95 14 28 1 92 10 82 37 12 28 16 59 99 88 68 45 70 40 73 54 88 76 23 18 74 34 58 76 83 54 24 30 68 4 32 60 14 66 49 26 95 66 37 46 6 57 91 28 98 16 82 86 44 6 5 18 92 15 94 28 70 70 58 90 26 42 51 41 9 52 19 56 18 9 2 24 66 45 52 16 13 87 3 57 93 60 75 37 27 21 65 49 44 76 92 70 18 95 11 79 47 83 35 66 92 89 42 10 34 47 27 47 34 30 4 79 42 31 16 21 53 34 71 49 10 15 19 80 10 31 60 57 66 47 75 58 37 18 68 23 17 95 23 3 77 79 82 71 11 50 93 16 36 16 65 98 31 36 79 41 19 91 98 85 90 74 43 27 44 64 3 13 11 26 16 89 57 98 12 20 0 5 36 37 73 53 35 4 90 14 97 9 57 48 95 48 74 90 27 70 6 30 83 18 8 99 59 66 49 71 86 49 29 75 86 2 28 74 59 70 40 8 32 98 56 79 98 82 21 25 52 28 56 35 98 16 86 57 82 35 80 69 37 61 44 75 16 24 49 75 47 90 35 79 
40 92 10 38 26 31 63 79 59 71 66 9 88 53 18 70 40 99 91 77 12 87 5 28 64 54 3 11 96 91 42 36 83 52 26 61 83 42 40 95 13 59 4 53 12 23 76 4 74 67 34 86 7 39 15 71 45 70 34 42 61 76 30 96 28 57 10 11 99 50 58 64 61 63 18 25 38 46 30 64 13 64 2 72 3 69 95 48 40 29 42 53 5 73 2 85 82 12 97 33 14 7 49 76 70 67 1 60 65 83 24 31 47 27 3 2 96 99 3 88 28 97 94 86 22 48 71 4 60 20 89 26 28 39 54 50 58 56 11 24 91 87 55 39 66 58 93 63 9 96 3 90 46 49 76 68 97 99 73 9 20 14 88 48 53 42 98 64 50 61 88 42 49 95 81 15 5 26 30 15 75 86 57 21 87 33 89 85 32 62 46 4 29 34 52 82 77 3 98 27 16 86 69 17 81 2 85 39 29 67 54 4 5 11 25 93 96 14 30 80 29 76 85 58 63 89 92 40 44 91 19 13 29 89 30 63 43 15 2 72 83 8 28 88 71 5 33 19 20 63 51 1 40 36 11 55 78 55 95 74 98 66 87 80 55 18 95 51 85 97 75 68 57 4 9 80 9 94 99 81 58 50 34 50 39 97 5 17 5 52 43 3 18 31 35 26 49 30 77 34 27 52 55 36 8 16 16 70 10 67 3 20 18 90 70 57 87 75 26 92 79 69 48 98 0 83 24 1 14 1 88 93 5 43 82 66 11 98 36 21 66 39 42 36 29 64 45 69 92 23 13 71 92 61 69 45 97 45 98 11 98 86 56 4 81 90 22 92 89 58 66 7 49 60 95 31 24 40 0 68 63 13 40 7 27 61 4 24 7 3 87 57 41 95 13 75 86 35 67 75 
93 85 34 95 97 29 26 74 21 78 42 84 91 82 43 18 96 48 94 55 3 81 12 96 77 78 71 63 13 91 90 59 76 76 54 26 5 32 0 26 10 42 62 1 77 5 72 73 5 18 80 8 0 44 5 29 22 28 44 36 19 34 47 48 62 1 74 67 33 74 45 43 16 59 96 45 16 20 18 22 39 50 30 91 95 87 20 17 16 64 5 87 50 52 35 12 5 61 31 90 35 28 33 4 87 82 49 3 54 20 25 93 70 8 36 17 47 56 35 15 72 92 3 74 45 90 38 2 52 69 93 39 49 78 43 36 60 45 92 67 65 69 12 87 29 49 5 29 57 92 44 82 84 99 56 81 42 95 84 46 16 77 85 66 55 81 54 68 26 46 35 43 68 47 30 97 96 35 26 6 27 23 88 64 74 96 45 16 91 29 62 60 58 48 78 14 81 32 34 7 31 69 2 51 68 32 0 17 20 27 23 99 2 63 63 76 59 61 45 3 90 7 63 1 7 41 15 88 25 49 47 8 70 49 59 90 34 60 7 54 39 82 5 41 45 21 69 5 82 14 8 24 74 23 25 33 16 92 74 41 93 21 2 63 23 61 54 9 73 13 63 64 96 20 57 93 41 27 98 23 93 58 0 19 81 25 53 49 18 27 43 11 0 45 27 75 58 33 84 32 98 99 96 46 20 54 40 13 33 90 37 78 49 89 98 82 14 51 32 84 30 27 48 30 72 27 58 30 12 42 14 10 42 63 57 14 69 97 27 54 39 16 32 88 5 30 23 72 33 7 56 63 34 56 46 58 83 4 88 95 46 55 58 40 70 15 54 39 64 82 93 3 98 77 44 4 8 19 28 93 26 84 9 12 93 7 70 28 11 10 76 9 65 34 2 87 1 56 26 17 
90 71 20 41 1 16 97 61 87 25 54 13 61 15 77 54 22 47 83 33 10 59 95 27 45 49 15 46 5 93 63 48 17 35 89 18 52 86 79 91 11 85 5 72 1 34 27 23 34 62 9 44 73 56 23 18 5 38 64 10 84 79 58 1 14 99 19 18 85 50 10 96 35 67 21 36 1 0 12 87 62 21 83 87 77 7 5 82 45 21 44 81 0 55 82 66 54 53 85 40 3 47 88 91 14 9 79 67 9 91 55 23 12 38 10 89 97 67 23 95 88 68 76 88 23 59 55 77 64 92 69 20 39 10 11 5 19 90 72 81 82 79 56 46 70 67 88 67 34 11 62 75 79 39 15 54 50 22 84 14 14 53 34 5 63 97 10 35 88 35 16 22 14 72 20 84 91 8 4 78 20 18 53 51 57 20 6 59 43 90 74 57 95 60 15 59 58 25 46 98 60 62 20 27 86 40 63 30 1 67 60 21 86 13 72 95 33 30 7 28 20 81 38 16 93 53 27 51 30 73 49 91 87 21 70 25 62 33 7 15 1 67 36 39 32 60 86 18 91 93 46 63 26 84 31 20 89 58 71 20 83 73 63 22 94 33 48 8 66 55 23 19 75 59 10 7 72 49 77 15 42 24 30 69 60 62 41 50 72 12 70 8 37 85 30 32 18 30 40 36 38 64 8 13 75 18 72 47 67 50 14 62 74 45 83 86 59 24 36 31 88 58 39 26 43 22 10 13 52 50 50 90 14 10 55 90 28 28 89 48 30 4 62 56 1 45 42 60 21 31 43 61 89 83 87 85 57 97 50 61 0 52 52 14 62 59 56 91 39 98 91 69 54 53 25 55 50 20 67 71 51 10 32 92 45 72 29 2 21 80 64 21 32 68 88 95 79 96 38 19 
94 29 40 48 34 18 55 36 38 22 7 41 33 91 85 30 15 15 33 37 47 49 10 79 17 50 26 48 47 64 67 93 45 60 94 31 78 49 67 68 24 26 9 9 18 46 39 85 61 24 22 8 73 85 40 42 35 66 91 34 83 10 28 80 70 22 12 0 71 31 68 47 58 29 56 28 76 48 13 89 72 88 50 98 73 42 40 60 8 83 95 43 94 23 76 16 45 88 17 68 71 37 16 29 19 24 9 47 72 23 88 97 63 38 95 88 80 87 48 41 71 95 36 17 70 12 85 15 52 54 36 24 92 4 5 63 80 15 62 5 90 50 2 53 41 49 93 73 36 41 66 7 89 3 76 59 67 62 27 20 16 63 96 60 19 53 23 99 20 85 4 62 88 58 15 29 7 8 2 44 2 69 3 43 24 80 2 91 94 29 63 10 44 11 23 63 65 46 15 37 84 71 0 72 30 67 1 37 28 55 81 82 24 37 25 0 69 27 92 63 9 7 25 53 19 48 69 36 47 36 73 31 7 25 55 37 93 8 75 73 63 8 55 40 97 80 40 66 59 32 81 68 92 7 74 11 7 95 99 54 31 24 37 90 50 92 28 95 0 55 68 16 15 75 56 13 7 96 79 66 81 61 87 73 20 13 36 27 60 35 82 43 11 19 33 61 12 13 8 64 68 28 80 84 3 88 97 62 85 28 29 18 89 68 43 9 33 31 89 93 18 71 36 29 90 69 43 54 83 51 71 3 32 3 87 35 92 36 50 29 17 31 47 6 99 42 68 32 25 57 25 43 80 13 72 22 82 67 29 17 19 0 21 3 3 8 38 47 97 40 76 14 71 75 72 22 69 92 54 94 1 31 37 81 44 62 56 79 29 85 96 0 37 17 3 92 78 94 40 27 
34 16 41 6 92 65 28 61 58 35 8 11 18 45 45 15 7 1 46 89 86 42 89 23 12 45 15 90 39 55 17 25 24 10 83 68 27 64 81 37 51 89 49 69 35 94 36 94 95 82 83 33 77 25 8 89 70 23 31 61 31 0 38 7 10 22 75 89 86 8 27 37 98 76 58 85 22 95 31 69 29 67 2 6 44 10 95 66 85 26 27 68 26 65 27 88 39 54 78 77 63 5 14 13 33 25 50 55 72 81 76 1 0 78 60 44 40 55 10 77 34 89 98 60 7 25 1 46 80 31 24 95 36 90 60 21 67 10 28 39 43 4 93 44 82 53 88 74 8 51 3 94 40 1 7 47 79 8 46 11 39 22 6 27 64 66 48 32 28 76 71 71 32 16 67 14 69 8 40 30 59 43 24 51 97 31 51 76 91 49 39 30 71 45 57 35 63 57 19 43 85 43 66 17 59 34 83 29 94 23 11 5 19 35 56 68 19 59 44 10 8 83 93 79 80 2 67 95 60 86 90 45 29 56 15 89 42 98 70 36 74 33 41 93 20 50 61 39 9 57 2 18 92 95 49 24 49 16 71 9 55 61 7 84 17 22 25 60 72 47 96 46 32 90 91 53 40 4 44 49 13 46 19 5 93 69 81 43 37 52 4 92 13 63 29 83 85 6 43 10 6 91 56 38 33 48 43 73 4 88 75 18 34 94 75 80 15 57 75 5 61 79 97 75 43 78 10 80 37 5 90 95 48 99 85 82 99 29 7 3 17 82 21 3 29 97 83 44 6 10 49 67 90 99 94 85 29 4 17 18 61 8 13 10 7 99 92 6 80 99 61 97 34 83 0 63 32 36 59 38 46 61 57 88 12 52 25 93 8 43 12 70 3 77 80 10 28 24 68 8 
75 29 5 9 64 58 24 96 46 36 86 92 97 44 33 61 48 58 54 56 53 66 78 56 96 10 18 24 34 86 33 10 68 90 71 32 48 96 81 94 84 67 39 33 63 24 94 63 82 48 72 88 67 50 44 63 61 63 39 95 1 72 57 69 15 29 54 63 77 87 10 61 6 1 46 70 25 40 33 59 40 57 47 7 8 44 22 21 7 62 16 8 86 26 30 1 7 36 17 84 23 79 97 29 80 95 51 57 35 37 68 75 94 16 35 2 12 9 23 19 71 92 79 10 70 61 11 77 97 80 13 72 59 62 2 91 57 5 0 92 42 69 19 37 37 6 91 49 16 67 20 39 59 99 1 81 13 13 58 62 45 71 35 57 33 89 48 42 94 49 34 37 70 5 74 7 12 17 56 80 84 76 19 95 27 21 76 40 86 34 3 83 57 90 40 42 79 41 84 73 42 70 62 12 76 88 71 40 6 27 72 90 55 43 38 34 16 14 27 54 1 82 38 58 72 30 53 3 71 37 76 13 60 39 77 36 27 48 28 85 27 0 28 34 43 66 69 60 32 96 14 33 78 4 44 2 35 97 5 6 86 81 72 46 72 1 34 52 50 14 37 29 14 65 64 10 83 33 22 16 29 88 49 59 93 45 61 80 94 66 38 33 99 10 79 72 12 66 76 14 80 65 43 47 83 59 57 66 92 31 82 73 19 84 32 64 81 93 44 76 11 83 9 11 45 40 35 9 6 11 23 39 28 19 86 11 78 95 78 23 26 60 96 97 96 81 62 78 74 58 54 38 41 15 49 87 7 84 48 66 47 24 5 75 43 43 39 73 38 17 48 16 29 45 65 26 26 27 4 52 38 10 90 79 77 91 18 84 27 67 50 74 43 7 2 38 50 41 11 40 
10 12 8 39 9 74 17 35 53 73 39 91 83 82 23 12 73 41 49 1 60 51 27 3 59 29 93 61 22 57 54 32 69 62 72 78 36 89 65 90 63 4 81 98 86 4 63 12 98 12 13 10 63 40 66 74 22 59 36 44 16 90 29 37 4 53 15 41 94 80 83 9 37 64 60 75 21 23 87 71 35 52 33 50 45 51 25 19 63 13 15 31 55 44 69 59 97 84 0 44 17 35 53 6 0 13 81 73 36 21 96 23 25 29 74 70 33 51 89 96 64 5 27 71 1 96 30 51 33 83 95 2 18 48 8 70 14 41 95 2 62 43 26 88 73 52 10 58 55 52 54 71 9 81 42 10 30 24 61 63 7 8 17 78 9 25 0 23 66 48 25 81 91 3 69 16 55 31 74 10 83 28 81 92 62 75 55 92 0 68 7 59 77 24 37 86 1 90 61 67 38 86 48 29 90 69 46 97 1 20 60 36 1 41 81 63 17 88 7 17 56 66 76 85 42 66 23 43 8 84 62 46 23 11 27 65 32 25 62 85 46 22 74 99 16 55 14 33 95 21 2 51 39 30 89 81 48 12 24 56 49 38 54 72 49 82 89 34 7 51 19 5 26 93 4 42 0 70 27 95 91 81 99 82 11 88 63 12 52 39 68 53 78 23 25 79 57 66 13 16 18 85 22 44 30 78 38 31 49 17 78 92 98 77 75 61 17 90 73 22 82 42 75 60 17 1 91 26 67 57 42 37 42 16 33 72 47 23 55 96 40 34 40 38 63 67 0 81 10 73 3 92 67 78 52 36 31 95 62 51 52 57 40 94 73 26 19 20 49 74 68 90 60 61 28 76 28 80 9 38 54 12 82 73 42 86 62 26 82 76 29 34 33 21 81 59 47 0 31 49 
26 52 39 39 13 19 15 93 0 24 84 6 88 66 31 82 53 93 60 35 70 41 21 55 63 2 66 62 54 98 11 33 2 2 24 15 22 39 60 74 15 44 32 55 63 63 89 16 9 50 3 31 43 24 86 6 79 53 21 33 3 32 18 5 35 42 72 9 81 84 83 48 81 67 55 44 30 45 60 91 47 15 22 90 39 9 49 18 14 70 4 69 54 22 74 41 65 98 50 98 82 85 99 63 52 54 7 83 99 19 26 98 34 49 89 26 10 38 96 24 60 0 45 14 75 19 56 40 69 58 90 51 44 89 67 96 44 26 31 95 46 58 94 32 7 35 10 69 25 7 45 85 7 90 51 34 9 59 74 30 18 17 81 62 6 0 10 2 27 42 50 25 0 44 9 59 31 20 28 56 27 73 93 86 63 44 21 24 56 47 54 74 64 87 88 23 88 98 25 67 92 75 92 92 71 53 51 2 73 31 58 52 4 51 91 19 48 64 95 4 11 1 30 28 89 70 3 29 20 28 48 13 56 40 57 27 45 61 82 19 92 92 23 49 96 14 68 96 78 16 52 42 17 82 22 58 4 25 87 76 53 35 89 61 27 99 41 25 60 23 96 52 67 19 53 63 34 74 11 64 90 63 6 59 97 80 18 1 5 57 78 11 45 19 72 24 70 65 49 30 88 45 35 8 65 88 23 51 62 35 15 4 98 74 64 96 6 82 49 12 39 79 23 36 51 47 61 21 13 10 52 53 56 39 61 73 79 85 24 42 20 91 98 70 17 62 66 24 96 16 88 88 95 11 24 46 10 85 20 23 96 24 77 4 63 90 29 42 27 5 36 99 48 35 70 66 49 88 42 46 4 82 86 52 45 10 50 55 96 70 79 44 94 8 0 9 98 29 52 26 
86 40 25 34 27 47 52 77 36 94 75 92 28 61 96 73 23 47 29 71 69 60 15 16 68 67 25 18 48 29 96 34 22 74 69 49 21 73 78 57 20 5 2 48 18 98 22 42 45 51 13 67 11 81 83 79 0 60 49 49 90 46 35 12 20 56 13 93 30 92 3 50 97 5 98 68 3 20 10 1 71 75 20 34 56 3 65 9 63 15 10 5 61 45 69 33 2 83 26 84 75 81 86 24 86 84 92 42 57 54 95 80 30 15 15 38 18 80 47 33 47 57 39 60 55 60 93 9 43 72 93 18 53 79 95 92 15 87 86 72 42 81 53 72 96 20 62 66 52 10 51 0 19 90 60 74 3 6 83 46 78 28 17 83 7 12 27 23 99 13 47 93 46 52 17 42 72 80 60 25 42 12 25 13 54 37 88 57 43 23 4 21 52 21 57 11 33 84 86 84 50 34 30 96 86 47 91 11 79 51 36 73 15 13 87 70 50 27 27 94 50 83 67 54 4 24 66 89 61 52 26 63 38 56 11 77 55 2 88 35 6 24 8 21 89 95 91 39 22 71 33 25 54 53 79 59 77 45 0 90 50 26 5 88 34 17 65 90 71 5 25 77 29 33 99 18 81 42 10 55 13 95 80 20 48 60 31 78 57 31 20 59 10 26 48 44 43 65 34 14 23 59 44 52 45 95 23 78 37 33 33 3 28 14 23 29 26 54 7 83 37 27 43 47 53 43 44 48 60 78 63 83 90 7 88 35 54 63 13 91 48 98 46 28 12 21 57 38 27 64 74 65 44 69 64 49 12 8 98 24 39 13 8 29 72 48 16 26 11 81 17 59 79 16 87 44 37 97 34 65 61 8 82 57 77 98 7 41 59 5 66 98 18 26 79 90 74 47 68 37 
28 37 48 59 53 35 55 91 32 90 8 46 50 42 3 80 40 10 73 99 67 39 49 85 17 80 27 43 27 95 80 7 85 28 67 38 16 74 81 0 64 41 46 67 83 2 47 24 64 20 75 32 12 77 69 81 57 49 77 85 96 57 92 81 38 11 72 6 86 53 6 2 95 5 69 30 59 68 54 23 41 82 7 5 59 29 86 16 30 63 53 26 73 98 60 63 9 32 21 47 85 79 50 32 84 19 63 95 88 69 71 29 3 30 34 14 59 72 31 89 36 36 68 61 34 28 76 96 60 97 43 97 76 93 30 13 13 45 8 53 66 79 34 70 10 68 84 21 92 67 11 80 4 79 41 90 59 17 86 19 66 30 68 43 75 50 56 88 95 64 93 62 96 27 84 58 47 68 79 40 36 42 20 92 73 14 34 32 83 73 3 50 3 72 93 78 22 49 19 70 65 12 32 13 92 68 71 39 36 3 79 24 45 52 68 71 66 3 3 1 76 59 51 31 31 44 61 5 45 32 75 63 97 59 76 89 27 0 80 16 3 60 92 0 64 61 71 82 16 27 83 44 86 35 75 69 31 88 74 29 73 2 92 70 13 20 11 93 20 91 9 23 3 1 24 67 14 47 49 30 74 85 26 60 72 53 81 3 42 8 84 15 62 76 37 75 49 48 68 69 39 29 93 43 83 69 62 97 16 64 80 43 49 6 55 21 60 37 76 54 45 61 69 7 89 6 34 38 54 55 8 45 84 53 40 67 74 3 17 42 19 97 85 68 55 41 41 15 30 17 69 27 30 90 86 20 96 20 58 2 75 18 48 12 71 40 31 97 43 48 40 62 97 77 82 53 70 23 68 0 93 38 79 75 28 65 95 77 38 6 31 65 24 31 29 48 72 61 45 67 
9 37 30 7 15 64 60 37 40 80 38 85 70 69 60 51 87 56 28 25 14 11 42 38 43 72 38 15 33 36 34 94 25 64 53 40 81 13 78 21 46 68 58 16 89 18 67 76 26 47 53 40 59 96 31 54 68 69 21 53 57 55 47 83 72 53 75 53 66 5 26 64 25 84 81 15 2 0 91 29 48 45 21 59 93 52 13 61 74 34 66 83 41 65 66 13 18 94 66 37 99 44 1 25 28 34 40 83 35 83 64 35 80 85 46 73 90 59 86 64 45 52 99 86 70 66 0 88 12 18 77 11 63 31 88 43 65 80 26 52 64 90 87 44 28 33 18 18 44 4 34 41 9 33 80 79 51 80 19 63 50 97 27 65 80 15 9 45 96 87 98 12 30 37 8 58 23 26 28 67 83 14 61 44 99 41 75 3 73 94 66 23 43 45 89 23 13 50 21 9 89 71 73 19 8 81 29 83 60 9 51 95 23 12 39 75 5 66 78 78 12 96 1 56 42 42 31 55 44 4 16 34 75 89 53 36 22 83 19 82 44 22 29 20 86 68 95 91 34 73 69 47 69 23 55 63 65 38 70 62 95 38 96 22 27 49 58 2 84 30 84 29 4 14 49 43 34 96 86 21 69 8 20 90 31 27 6 48 17 76 10 12 15 6 35 94 8 45 96 44 27 33 73 84 99 74 27 85 22 13 6 91 21 78 34 4 5 92 53 23 68 15 87 35 22 22 82 82 20 30 26 47 15 52 31 14 78 10 52 1 24 58 92 97 89 78 2 94 70 7 69 91 22 57 78 96 31 12 78 51 43 57 51 58 9 34 25 87 45 29 88 21 87 33 18 28 11 72 23 34 31 44 25 54 53 55 2 85 68 81 88 11 38 39 21 99 26 98 86 71 
27 75 92 67 8 62 95 71 35 70 5 18 67 82 72 20 38 75 57 6 8 98 69 98 89 42 49 15 41 35 86 20 62 30 39 70 93 35 94 80 57 51 98 76 34 23 97 72 50 6 30 10 4 51 60 94 93 9 61 86 44 48 7 7 30 98 29 23 33 75 55 43 27 6 19 61 29 68 85 79 75 67 41 31 18 1 77 11 10 39 98 6 39 57 13 69 55 95 45 41 70 0 36 97 6 55 10 87 76 95 18 3 62 59 34 32 60 64 44 22 3 94 29 42 51 94 11 6 89 56 99 12 9 35 61 15 91 72 55 19 19 73 22 34 33 56 66 93 72 10 16 75 4 97 69 7 91 33 66 33 89 65 45 50 1 6 18 44 30 73 63 50 46 85 84 79 93 2 25 66 65 93 41 21 90 63 29 33 96 95 66 37 60 63 88 13 22 6 57 52 79 20 54 25 57 90 57 51 93 82 69 58 27 62 79 17 25 8 2 21 55 69 59 68 84 47 81 6 5 39 11 36 11 65 13 69 56 70 20 49 4 89 59 31 51 38 0 77 99 3 50 54 24 9 74 8 8 56 67 13 47 78 49 58 43 63 27 51 85 47 52 42 88 11 73 92 2 26 21 1 81 71 7 5 33 82 65 41 90 84 7 37 62 8 95 58 23 23 9 61 22 14 3 63 25 76 55 27 54 28 80 35 99 40 92 84 74 10 78 64 94 85 53 9 45 0 67 69 23 28 30 98 42 33 61 20 61 68 99 68 48 80 55 99 72 48 84 46 10 62 62 56 99 15 65 44 15 84 65 91 13 95 41 7 80 54 27 94 74 27 14 22 59 69 21 31 69 5 29 79 19 91 88 18 58 53 63 25 38 28 68 3 76 9 10 8 15 90 54 89 
69 68 11 28 38 85 11 59 90 40 91 10 83 79 80 93 32 43 70 22 24 39 25 0 0 36 60 68 78 15 57 47 83 21 75 73 6 38 33 48 30 76 10 13 55 91 58 87 86 28 10 10 19 87 62 20 75 23 40 53 90 97 0 25 70 27 99 76 17 84 77 47 60 87 60 15 30 70 54 17 99 16 79 18 4 42 90 79 17 30 85 7 80 37 32 50 65 83 79 34 19 56 82 79 95 94 46 26 65 53 95 64 69 74 34 25 68 25 57 85 7 42 44 87 79 29 38 96 12 69 31 32 25 65 63 20 59 62 98 24 67 93 40 36 20 27 14 88 4 71 26 11 13 70 51 44 99 41 41 64 10 24 48 35 89 63 7 0 25 58 77 92 3 69 81 23 96 95 64 0 18 90 64 83 60 15 27 12 56 20 76 66 96 76 53 85 39 60 38 17 70 15 61 74 84 42 49 33 89 13 33 59 55 97 42 16 12 70 80 68 90 8 86 87 84 39 24 75 52 14 92 22 29 54 48 66 48 50 99 90 63 84 49 19 82 92 87 46 14 19 67 56 27 53 95 63 93 72 90 97 86 83 19 16 89 20 34 89 70 33 79 85 17 81 56 51 25 43 50 39 14 17 47 93 22 43 8 67 15 99 64 1 34 36 69 23 56 3 64 78 88 96 63 58 77 20 61 54 15 11 93 82 80 40 75 55 35 84 22 50 35 39 4 69 75 73 44 83 29 8 61 69 4 76 27 33 48 41 87 64 4 32 46 85 25 73 40 60 57 14 11 92 53 67 13 28 92 57 63 73 66 24 43 22 53 22 56 1 63 43 65 68 28 63 5 53 37 97 13 46 11 76 91 17 43 4 97 88 62 61 61 80 85 4 2 90 27 10 92 90 
6 57 10 34 73 15 87 62 12 52 8 76 29 51 93 24 56 90 12 70 51 74 50 89 30 4 79 57 15 71 0 21 81 10 55 54 78 94 68 90 46 28 18 75 80 11 0 88 2 64 58 5 38 60 94 69 64 26 78 31 97 30 52 30 93 59 36 71 53 4 13 0 33 32 75 13 43 27 53 97 92 11 3 82 23 97 3 87 75 34 71 73 64 23 55 57 83 92 80 36 96 94 88 81 78 64 46 73 43 99 71 87 62 74 22 85 23 77 25 99 11 96 24 28 71 31 37 6 23 18 43 72 64 83 5 94 99 52 67 43 3 38 82 66 64 4 3 88 34 28 39 97 76 15 25 48 46 15 54 22 33 49 94 49 33 99 43 84 3 10 27 7 1 62 73 65 18 28 5 52 57 96 50 85 11 27 85 10 42 40 84 27 41 78 76 26 29 71 11 33 34 90 92 35 52 17 52 23 45 58 75 54 6 77 40 70 5 25 80 99 17 64 27 11 94 55 37 75 79 0 60 13 91 52 0 95 21 4 18 67 62 46 21 21 23 13 91 80 39 23 80 56 39 59 19 33 66 57 60 45 57 21 10 0 25 10 48 47 15 66 14 29 64 87 50 88 1 93 68 92 16 0 0 55 11 20 40 78 77 53 23 86 74 34 39 51 96 87 98 63 5 64 45 70 4 47 58 5 41 78 97 9 31 49 17 42 69 57 20 46 62 96 85 88 30 24 40 78 63 90 42 68 55 39 38 11 86 48 16 79 79 65 89 10 14 6 4 84 15 25 82 78 21 19 66 3 95 58 33 58 49 75 79 56 66 69 67 53 18 83 84 49 0 73 11 66 31 15 2 99 92 85 77 65 56 95 68 52 54 54 62 3 29 41 59 48 11 78 1 81 
61 37 30 13 11 41 79 94 8 82 93 1 19 22 66 27 18 87 31 24 41 94 27 22 87 38 70 98 16 23 31 29 13 61 94 76 54 25 70 63 7 16 64 78 38 82 6 8 21 89 32 14 83 11 89 71 49 11 21 17 87 53 98 0 66 92 76 21 18 46 36 77 62 52 8 53 86 66 61 8 55 94 74 39 5 63 62 7 75 83 24 62 88 75 62 7 67 38 80 37 36 16 15 51 68 23 4 6 41 65 66 96 59 41 35 17 4 49 24 31 85 0 93 73 75 7 32 43 97 12 80 34 28 47 85 48 22 89 55 63 54 21 60 66 14 47 83 71 97 7 2 34 7 48 59 35 55 92 78 5 4 10 39 85 10 76 33 32 17 40 48 23 14 8 89 28 7 24 51 56 83 54 90 91 2 50 26 9 42 56 14 98 18 5 83 28 33 69 13 50 9 61 74 75 21 15 56 28 40 7 37 75 61 27 66 15 29 44 77 23 52 43 22 23 49 5 51 34 26 16 85 36 77 11 63 98 78 71 79 70 79 16 46 92 95 64 60 25 9 37 48 13 80 22 36 81 28 40 16 6 56 53 42 86 16 58 36 94 29 15 65 60 83 11 53 79 75 13 4 36 2 4 50 82 27 38 16 7 30 84 13 87 37 8 25 53 66 61 99 47 77 64 8 12 75 13 91 51 26 47 39 80 52 89 14 31 80 30 38 10 66 3 49 3 11 74 8 29 36 60 29 65 24 37 77 0 50 21 3 28 68 42 60 72 84 74 3 16 5 93 26 71 97 28 27 60 2 87 90 90 47 71 55 24 8 33 76 10 6 79 90 74 73 50 47 9 24 2 25 81 96 4 5 93 84 84 53 86 23 95 77 71 66 84 95 26 69 23 88 75 
2 30 50 27 32 49 89 9 51 66 90 47 22 47 92 6 31 46 45 55 93 74 78 12 58 25 38 28 48 79 3 2 9 5 81 42 54 70 51 58 89 93 5 11 93 98 18 24 96 15 31 89 89 61 53 47 86 92 27 86 23 83 40 84 88 22 78 95 44 81 53 33 75 10 45 68 8 15 44 56 30 28 98 71 89 51 18 28 95 98 66 18 81 7 3 21 29 33 68 73 15 73 59 90 84 4 10 44 71 6 1 53 34 51 24 24 2 94 4 50 92 70 68 25 77 23 99 58 57 67 84 72 41 43 14 77 99 76 21 70 82 74 75 69 25 99 45 80 93 49 30 38 71 50 15 49 74 14 59 83 82 43 7 75 86 73 52 37 49 25 59 83 0 34 52 77 33 97 9 79 98 39 69 70 42 84 71 68 99 30 51 33 74 10 8 12 83 12 2 32 37 61 15 89 96 20 67 29 69 76 60 68 68 29 38 10 14 61 30 65 91 81 98 17 91 58 82 74 70 84 58 7 45 25 97 41 45 16 71 15 44 31 35 64 13 73 74 27 34 4 92 77 37 42 95 80 0 77 6 70 61 16 29 6 42 78 48 39 94 71 54 39 54 89 55 67 14 82 94 0 38 38 78 76 80 25 8 32 54 15 54 15 31 84 73 25 62 21 65 9 44 71 0 99 13 55 66 79 37 13 80 76 3 10 52 36 87 12 68 41 79 23 56 11 59 81 88 21 55 53 30 99 77 82 50 90 38 69 69 75 82 1 51 37 63 55 73 50 68 42 91 47 17 99 10 76 81 51 49 88 4 80 87 33 14 38 23 52 7 45 28 41 46 31 78 62 87 4 12 7 98 56 6 15 7 69 43 40 20 92 28 76 24 68 10 39 58 85 91 17 
30 71 10 29 3 40 91 42 44 55 1 42 11 59 9 71 28 52 11 0 45 92 29 69 60 91 60 18 76 52 87 59 23 97 88 78 37 79 20 82 86 21 76 98 33 86 21 13 38 32 14 35 76 95 57 36 86 17 6 14 69 93 73 45 90 13 23 28 92 96 62 79 69 38 29 2 24 50 16 15 34 82 50 11 29 7 99 15 25 58 81 46 51 7 43 94 20 67 74 65 63 36 96 84 26 25 87 3 27 3 18 13 37 20 76 66 28 76 33 5 34 14 3 37 21 47 31 94 14 57 59 29 45 55 13 72 80 52 75 59 7 45 24 44 65 1 62 45 77 95 2 63 62 6 0 35 53 84 29 19 93 88 0 39 43 65 63 75 18 90 86 25 35 11 22 52 12 84 98 41 32 52 4 94 58 56 29 63 92 11 34 86 99 86 77 95 52 40 22 22 30 9 99 17 72 21 69 36 58 19 77 90 72 33 84 82 41 65 98 86 76 84 72 28 71 1 75 75 41 97 97 23 58 48 40 82 22 61 18 80 81 95 22 5 80 58 39 22 23 89 60 52 74 32 32 45 85 7 20 26 56 69 1 15 17 41 97 91 54 68 71 87 63 45 44 96 3 84 70 79 73 30 31 47 14 15 44 99 22 16 77 78 37 78 45 7 71 95 98 25 63 22 13 78 67 57 26 23 93 96 2 67 26 85 66 92 0 63 91 74 79 68 52 69 98 50 76 69 97 74 95 60 48 60 90 16 69 17 91 63 13 93 82 92 78 0 84 30 63 28 4 95 48 8 64 99 10 40 68 7 66 15 67 15 27 58 83 97 27 74 60 40 19 42 84 49 42 21 79 58 49 35 53 49 43 69 48 6 9 69 13 27 84 33 42 12 91 77 9 70 
51 21 10 70 15 47 19 9 68 50 67 69 85 72 18 81 41 19 87 2 88 52 30 72 85 24 36 28 2 97 98 5 70 9 28 85 56 99 47 76 2 66 45 39 39 63 20 32 34 59 87 22 12 69 47 97 93 35 26 47 33 76 5 55 85 85 41 93 84 40 69 86 6 66 26 97 82 98 30 16 10 69 91 22 38 38 71 83 73 49 83 58 26 88 66 63 73 59 9 9 99 30 48 5 97 26 3 31 24 85 47 34 54 38 8 44 28 32 27 54 33 10 64 11 50 30 27 75 89 36 37 88 18 85 46 67 11 49 98 87 86 98 22 92 36 82 36 17 66 15 71 0 78 35 11 28 18 38 56 7 26 93 48 45 78 94 12 41 43 11 28 81 9 2 73 97 85 9 66 51 24 37 3 2 25 15 83 43 5 91 2 32 84 50 29 14 44 93 55 39 56 35 20 17 38 45 15 23 6 81 26 83 71 30 37 48 97 20 43 54 11 45 38 47 48 67 61 44 61 68 84 17 4 56 35 94 54 2 69 60 35 95 43 58 77 81 6 26 53 49 81 65 47 19 64 95 39 78 39 0 46 75 69 2 84 56 96 38 58 65 98 94 13 42 4 42 23 11 69 76 60 50 93 7 21 10 54 60 88 94 12 86 69 82 89 53 38 37 43 49 55 42 95 68 84 99 62 59 10 31 87 23 33 33 82 7 43 37 67 31 83 32 17 4 14 58 10 4 96 53 5 3 95 0 23 31 0 85 90 62 69 30 37 2 63 20 9 58 9 29 89 92 61 58 96 27 17 6 83 65 60 89 20 7 41 43 39 41 28 81 56 97 63 93 52 78 13 13 36 22 42 77 66 55 36 63 34 5 21 18 22 33 59 42 41 0 85 32 94 65 
65 50 15 29 95 19 7 61 32 96 35 27 73 2 82 61 17 17 18 38 87 40 24 98 34 65 98 71 49 44 89 14 46 4 95 42 23 55 3 55 51 90 82 76 92 17 38 9 86 56 0 25 49 24 23 83 41 21 55 42 18 44 8 64 0 4 6 75 11 61 82 62 52 17 90 44 34 28 6 72 37 6 97 86 82 20 21 23 93 28 65 11 24 73 76 24 29 34 51 40 96 34 54 48 51 45 44 37 25 50 9 62 8 6 0 42 78 74 17 71 2 34 35 27 8 11 3 89 45 55 82 93 41 88 41 92 85 38 29 11 40 38 25 49 96 78 43 74 52 61 97 54 95 32 33 55 95 89 45 93 44 79 86 37 67 80 29 53 18 10 16 58 0 93 59 96 71 3 22 23 16 19 30 11 4 63 67 99 4 64 92 0 95 31 37 62 11 66 67 81 28 35 91 28 29 3 76 0 6 98 76 74 70 58 85 74 73 4 73 78 20 18 78 15 1 16 30 12 34 97 45 63 85 36 91 14 39 68 66 97 18 94 71 88 52 9 62 26 13 88 56 34 58 34 49 59 2 79 23 37 29 20 52 66 56 95 80 48 15 98 97 34 45 21 74 97 30 37 75 95 77 83 81 87 18 83 46 72 14 21 61 43 41 13 9 49 61 41 97 76 92 47 62 37 68 37 86 50 26 14 45 3 97 27 90 67 10 88 40 76 9 1 20 2 67 81 51 28 75 1 4 19 48 67 8 68 4 94 18 30 60 15 85 58 94 27 25 56 15 17 33 76 19 5 78 86 38 29 14 13 30 18 84 30 37 92 98 41 39 68 23 99 84 8 57 30 35 35 87 2 52 20 78 23 25 8 9 63 38 75 29 20 46 65 3 83 58 53 77 97 
22 52 48 58 13 58 88 0 93 75 3 97 47 33 73 24 42 34 40 32 10 69 4 8 86 7 43 44 13 72 93 35 25 42 45 38 0 33 38 45 61 93 94 8 79 67 33 73 54 73 5 64 94 61 24 80 69 67 77 82 40 70 69 17 64 14 55 16 99 45 13 60 91 60 21 22 79 6 95 33 31 0 49 77 61 73 57 82 93 86 16 33 9 37 50 73 3 57 42 3 54 7 15 97 67 88 19 47 94 14 80 77 14 30 54 28 55 64 62 48 50 31 33 59 68 83 85 72 92 79 27 47 86 94 96 54 83 16 53 29 30 33 7 97 15 61 77 23 77 39 71 28 70 5 39 91 40 24 15 85 55 94 84 42 88 80 96 71 96 1 53 27 34 60 24 2 73 1 25 51 92 48 31 15 5 22 58 98 47 73 83 54 67 67 96 7 99 44 79 96 45 84 75 32 44 51 34 69 4 11 72 96 11 55 63 17 78 21 15 77 46 50 31 13 69 28 21 68 24 52 16 70 36 43 54 32 94 88 53 98 51 78 47 62 33 10 31 11 32 98 88 78 48 20 44 69 0 17 90 24 21 6 46 9 50 0 93 96 40 46 95 43 24 42 58 58 4 89 21 88 88 10 67 88 82 63 10 34 32 0 10 53 6 9 62 8 9 55 5 2 53 52 45 78 46 55 88 50 45 61 39 85 71 58 25 5 73 35 91 5 35 2 58 94 11 72 54 72 79 59 26 32 63 24 62 9 79 2 12 76 64 51 13 87 61 39 93 34 26 36 91 62 38 49 8 1 73 62 26 52 74 4 84 37 28 99 47 60 1 11 36 65 14 50 53 75 89 98 61 67 34 52 29 25 53 89 78 26 52 56 30 26 61 66 15 89 65 14 49 67 
25 38 84 39 88 37 66 29 87 27 96 74 31 78 51 36 67 29 14 71 86 44 49 99 11 65 40 76 79 42 95 57 80 80 96 20 69 15 49 57 94 97 83 26 75 34 14 95 63 29 18 1 73 68 0 36 33 41 65 64 83 60 73 15 40 70 35 62 37 36 19 31 33 2 57 61 36 72 8 51 53 26 5 26 94 57 15 79 50 80 96 85 92 69 0 33 91 35 95 28 71 66 60 57 20 69 18 8 93 78 59 46 4 16 25 51 74 40 30 24 72 26 10 64 96 10 49 87 98 96 68 21 62 28 78 34 97 48 42 43 78 2 89 83 18 14 34 44 6 64 69 78 43 31 43 91 41 44 30 91 41 98 65 55 26 95 90 76 96 32 19 74 86 60 57 57 75 43 1 81 60 22 12 3 53 7 94 47 51 24 38 92 75 55 48 53 51 90 29 47 22 0 21 9 13 31 18 88 74 19 21 34 42 85 89 95 92 35 42 44 60 33 88 35 88 88 88 39 78 70 38 1 22 12 62 35 43 80 75 69 51 49 4 93 34 45 41 27 81 35 23 93 20 63 80 9 52 68 0 30 90 39 31 65 51 45 52 46 25 28 15 77 29 71 22 15 17 15 42 50 3 17 43 23 81 23 32 33 43 85 63 86 76 47 51 79 92 55 25 70 35 92 99 64 16 73 80 85 41 74 35 44 44 30 67 25 53 52 10 48 89 25 34 65 24 37 44 69 93 21 39 28 65 90 45 81 63 25 66 4 51 53 0 95 83 68 72 36 72 82 85 61 60 71 78 84 9 22 53 2 95 44 82 60 34 27 42 50 52 60 6 56 14 7 51 49 75 24 86 99 58 23 12 70 94 90 7 55 12 60 57 59 57 40 19 43 19 13 93 24 
26 0 80 40 59 31 89 86 7 27 85 18 2 97 88 49 87 95 4 51 8 14 10 17 6 81 60 25 47 6 49 73 58 29 65 17 13 6 3 72 34 88 42 88 37 83 37 76 78 42 27 38 56 89 7 14 70 68 39 69 74 89 42 84 70 7 1 35 14 4 60 0 44 2 88 81 37 78 57 68 72 36 6 80 25 14 94 47 34 33 17 60 74 11 44 97 19 45 84 85 1 44 37 97 99 25 30 36 55 39 4 27 75 63 7 52 29 1 51 63 35 20 75 61 32 19 58 3 16 43 88 69 39 25 66 90 2 96 27 58 35 83 37 62 98 45 66 27 46 17 42 33 90 17 95 74 36 5 77 4 0 17 73 40 94 39 30 48 87 9 58 74 45 96 88 43 41 54 23 39 24 65 73 14 83 20 88 71 25 17 76 26 34 1 18 80 93 0 28 80 10 87 7 7 83 95 50 76 50 73 15 26 91 40 92 74 12 32 97 90 49 25 16 35 27 86 15 20 86 95 52 48 82 59 55 17 55 58 93 57 83 61 83 74 53 27 0 66 59 98 56 60 23 24 95 2 62 62 22 48 9 75 97 92 34 4 61 41 14 7 98 98 68 33 72 73 60 25 39 71 75 47 31 50 23 78 53 85 92 75 34 2 2 83 46 37 39 7 78 54 66 29 52 34 62 76 8 75 53 99 46 28 47 78 79 22 56 32 8 1 59 42 3 62 77 49 51 16 8 81 22 75 10 74 61 25 3 21 0 56 73 46 85 72 76 16 94 85 0 2 86 11 96 89 73 73 90 76 42 50 58 64 77 68 91 39 93 94 12 45 50 85 44 87 57 20 55 52 5 55 6 91 19 3 32 92 76 74 21 70 25 79 35 2 99 26 93 45 72 6 
90 22 43 34 62 53 55 69 57 12 25 63 56 96 66 40 88 95 15 61 17 92 40 52 46 40 30 40 85 2 98 27 77 41 62 91 46 69 60 3 33 37 67 89 33 85 30 74 80 97 35 98 89 76 2 35 68 85 27 5 87 25 32 16 19 46 7 65 67 68 69 1 5 88 42 39 73 24 65 6 21 0 56 10 76 58 98 96 43 25 1 83 3 86 99 22 32 59 39 52 27 60 53 84 48 47 75 22 72 40 80 93 41 36 56 69 46 54 66 42 79 19 25 82 5 76 56 90 35 96 42 62 56 47 99 5 94 74 79 66 67 59 12 8 95 68 29 93 22 47 35 1 67 60 36 24 89 92 14 24 88 8 39 97 55 38 54 2 64 33 20 31 44 32 39 91 0 21 84 22 68 20 76 87 32 64 12 21 56 78 46 97 87 37 94 94 75 48 96 91 33 17 23 77 1 14 20 2 35 4 76 4 76 4 91 9 68 55 82 77 34 80 74 73 17 20 67 44 20 16 36 53 85 59 82 86 73 2 88 61 58 17 65 35 73 8 96 42 16 78 71 50 59 97 75 28 17 42 73 89 58 9 42 43 20 76 30 45 30 70 6 40 39 23 75 13 32 23 7 48 2 30 50 13 27 25 41 44 19 66 33 78 75 27 73 47 55 55 93 37 78 99 77 69 23 5 34 7 28 93 7 82 23 57 95 50 34 89 46 53 55 31 83 83 10 9 30 65 64 75 54 94 75 32 16 50 89 50 57 17 44 64 52 19 73 99 22 59 88 68 12 96 52 48 79 62 57 61 80 73 37 34 20 12 18 36 14 59 86 71 29 82 87 81 2 12 80 24 71 21 44 35 17 96 35 48 11 92 9 91 18 46 77 38 10 48 74 24 7 60 
47 36 95 86 69 97 50 50 21 73 23 17 9 40 14 44 40 25 89 49 68 7 48 97 97 58 45 71 35 5 83 34 93 78 21 63 75 23 13 48 97 36 18 58 28 32 54 68 9 43 69 29 2 17 26 99 76 24 22 63 81 6 97 74 84 70 37 12 94 50 12 91 38 30 1 18 14 55 38 75 51 60 4 53 77 83 5 5 59 27 68 40 33 18 14 70 88 52 34 34 54 46 25 45 29 26 15 95 34 54 71 85 14 27 90 43 10 95 49 21 23 69 61 8 87 76 78 28 28 12 62 82 11 40 79 92 18 95 87 52 49 58 37 15 38 80 58 0 75 59 22 50 29 83 59 68 59 37 96 39 2 11 74 65 51 53 57 69 48 44 74 49 55 63 16 93 43 27 45 19 86 67 69 67 51 80 36 62 70 84 54 72 95 28 37 98 33 46 68 34 90 94 35 97 57 52 90 1 79 88 72 17 55 93 85 58 74 73 73 44 57 27 68 5 7 57 3 92 3 23 26 93 17 62 91 27 66 33 80 97 21 52 14 29 97 51 87 23 24 12 67 34 39 87 91 98 44 94 91 47 18 17 93 87 31 36 14 49 21 94 46 95 98 13 24 96 16 63 71 93 76 91 79 67 78 70 66 75 64 57 74 34 26 67 74 10 55 88 59 29 35 58 24 33 23 48 81 91 63 53 84 39 44 63 7 22 85 73 97 50 82 24 36 60 91 10 70 99 51 82 28 86 92 52 19 67 52 1 58 15 6 95 55 50 10 14 24 96 39 74 98 21 98 34 33 41 97 4 40 48 38 20 34 82 24 53 49 76 6 7 44 12 54 51 14 65 65 91 61 4 65 59 77 15 45 10 56 42 66 49 90 56 69 24 38 94 30 87 22 88 
47 66 53 1 17 19 18 82 10 79 38 75 90 67 90 88 30 99 30 96 48 73 53 17 49 91 63 31 31 86 20 78 52 73 31 22 92 50 56 55 81 47 30 24 14 73 12 44 72 94 93 72 19 98 41 69 89 5 0 72 43 72 50 95 45 34 69 90 84 26 45 17 73 27 41 39 52 5 84 24 52 29 48 71 27 90 40 68 95 93 41 38 65 43 85 63 77 7 53 13 33 50 31 58 77 24 49 82 30 85 58 82 14 7 5 41 97 46 62 44 91 3 34 56 98 71 19 28 78 24 41 63 74 24 21 4 1 71 86 83 8 44 17 23 3 22 16 0 20 78 44 11 33 30 68 84 2 39 12 80 64 5 44 90 82 17 94 83 40 32 18 49 29 35 72 32 9 40 85 30 19 81 41 4 12 61 88 14 53 0 94 17 58 38 7 40 8 54 75 48 38 93 97 19 80 21 52 89 62 37 71 33 18 65 37 30 26 26 44 79 78 91 48 88 81 8 28 89 14 55 38 52 0 87 72 80 61 76 22 75 65 93 8 83 58 45 66 37 23 62 68 54 53 17 42 35 77 23 76 91 78 66 95 31 6 19 11 67 95 85 42 60 79 50 96 89 47 62 26 23 76 47 29 82 16 23 69 93 46 45 36 77 12 31 8 70 3 71 37 98 57 31 11 88 33 7 77 32 21 56 55 97 3 36 31 71 60 0 64 6 46 52 35 10 83 43 80 86 15 69 37 24 0 48 12 33 7 41 65 80 97 73 29 52 9 61 23 69 61 39 76 7 91 63 69 27 7 49 65 74 18 54 50 70 2 62 3 61 3 21 41 53 94 23 5 3 84 81 73 45 72 1 5 64 64 26 43 23 76 8 49 46 63 99 17 17 61 72 31 17 
93 24 22 87 47 79 43 31 60 68 29 33 21 34 49 37 12 92 61 40 52 62 87 67 62 56 37 75 80 68 92 74 92 14 13 40 94 56 71 6 76 52 91 97 86 40 35 51 84 48 91 89 10 30 56 24 86 93 0 19 13 44 93 6 11 58 46 57 67 69 63 43 22 7 93 60 47 28 63 84 28 55 73 90 85 81 15 24 75 15 43 88 59 36 46 70 46 44 27 13 66 43 9 88 50 2 0 49 82 64 33 10 71 58 52 56 40 67 80 67 34 23 55 94 11 54 16 58 98 96 23 64 39 32 4 41 34 57 90 16 73 76 78 44 34 83 0 26 50 81 93 85 56 1 31 68 55 99 78 53 95 1 70 86 34 74 79 20 83 70 89 56 98 19 0 32 2 53 11 53 86 4 90 42 5 73 62 12 72 40 18 20 94 88 58 80 14 38 0 98 60 89 6 58 9 59 42 11 12 53 16 98 10 58 92 67 31 55 80 56 47 98 28 41 38 86 21 4 76 74 54 88 63 61 98 24 20 41 88 32 46 56 82 8 15 74 76 46 29 8 2 29 58 82 70 48 69 44 52 97 18 7 86 33 20 84 10 92 77 50 76 76 6 58 84 21 84 12 68 66 20 22 95 30 5 17 78 26 61 31 23 31 90 61 17 62 46 27 54 75 77 82 51 83 40 88 57 24 0 25 90 73 99 37 3 56 55 82 34 16 65 58 0 7 71 17 69 17 96 75 93 25 57 96 60 49 84 17 25 85 94 68 10 46 5 13 2 60 47 37 29 12 47 81 71 18 98 92 88 46 67 33 71 76 29 83 77 66 1 3 3 47 23 13 93 28 78 48 41 26 85 22 90 84 3 62 54 53 6 94 99 74 27 22 2 9 57 80 27 58 
83 30 58 6 95 51 86 73 99 79 51 36 1 42 20 56 56 27 9 62 21 60 88 1 34 91 10 92 71 89 2 6 19 60 64 14 64 50 39 63 30 91 52 83 85 24 40 93 51 49 55 73 62 96 74 96 87 36 88 10 25 43 68 96 55 32 62 19 82 1 83 64 44 87 48 29 11 88 22 63 89 30 88 51 26 14 48 65 50 88 27 27 31 95 75 87 27 37 58 61 38 41 26 35 28 26 64 92 66 87 55 55 69 43 7 47 57 7 12 59 95 39 38 79 86 13 18 13 50 76 26 40 70 4 75 50 30 40 42 96 79 97 4 0 92 11 47 1 70 59 60 17 50 98 96 88 11 66 53 13 43 79 54 65 84 29 15 66 21 58 15 52 7 19 4 52 82 51 53 52 62 66 21 64 64 70 52 28 36 5 41 31 37 95 96 73 77 12 39 50 22 6 55 81 25 59 85 59 63 39 63 25 5 85 90 21 55 94 49 91 52 91 23 89 38 71 62 67 83 53 70 57 60 25 91 37 36 76 97 99 67 60 77 72 97 67 46 52 61 95 96 13 38 19 54 77 42 68 96 26 22 66 35 34 43 26 23 32 55 72 83 22 85 60 47 82 27 93 87 41 88 83 6 27 54 61 56 96 29 4 74 3 23 10 89 18 88 13 50 95 37 34 18 22 94 65 5 74 58 92 15 98 27 73 77 81 34 85 77 16 42 52 71 65 14 61 83 54 26 34 50 15 20 68 38 14 85 95 40 95 39 55 45 66 81 23 47 15 60 76 83 2 80 55 67 94 68 3 1 46 89 51 61 9 71 51 75 56 46 16 3 85 23 48 51 4 23 50 72 84 79 7 38 59 14 58 6 82 61 7 80 50 58 42 11 29 45 38 37 92 
6 40 77 82 40 81 38 64 83 10 0 62 70 38 22 84 96 28 67 9 87 99 11 45 93 74 26 39 13 15 31 19 7 60 1 47 93 40 11 77 2 11 39 72 2 13 57 50 93 76 60 80 75 23 77 69 98 55 8 11 70 91 82 77 51 84 25 45 76 88 22 30 52 13 3 6 79 12 56 72 40 68 5 15 92 82 36 42 38 44 5 60 35 87 38 39 23 15 84 51 55 58 82 7 23 37 13 2 49 22 75 41 42 80 56 86 14 93 28 4 89 33 65 77 73 55 16 96 22 52 48 77 10 82 37 85 19 2 88 20 24 15 61 19 47 69 5 61 14 34 18 4 19 83 33 92 90 49 41 12 53 41 89 15 23 78 0 94 81 88 66 57 55 79 76 2 48 82 16 63 68 34 19 87 17 52 32 59 53 73 71 58 14 12 73 89 91 73 83 24 14 1 81 69 80 10 24 28 44 40 43 64 26 14 51 95 18 35 54 71 8 25 81 74 37 54 63 28 80 98 52 46 99 86 15 79 48 91 60 44 83 3 8 9 70 59 4 88 47 58 12 55 35 93 30 73 48 93 53 80 44 58 26 43 96 93 23 44 85 83 88 68 38 96 30 8 7 34 49 54 45 61 62 80 54 44 53 54 89 59 86 33 17 12 77 13 6 0 9 43 35 49 63 25 97 93 34 56 80 35 63 25 96 25 5 2 69 11 57 58 70 43 44 39 8 21 4 66 73 13 9 8 14 72 85 11 18 71 19 98 6 82 23 2 59 80 5 80 91 14 39 13 9 83 52 17 56 56 83 29 21 44 89 35 69 74 98 87 46 18 85 52 52 8 7 12 88 12 92 32 78 83 45 87 18 98 57 74 6 92 55 28 37 44 15 6 19 66 45 17 
84 30 69 36 38 76 48 78 40 93 10 18 76 8 58 95 58 67 21 64 59 77 44 48 73 12 6 44 78 51 61 14 81 83 50 71 11 51 2 4 44 64 22 72 72 32 19 82 99 93 47 11 70 43 59 43 55 18 40 85 69 1 99 3 36 50 26 48 53 80 52 49 45 26 73 69 11 93 52 10 86 51 21 8 94 33 3 2 51 43 87 72 97 87 75 33 89 54 33 94 34 37 43 31 16 16 53 27 61 57 37 99 8 11 7 54 44 11 8 95 6 96 67 3 35 95 89 76 49 74 70 35 12 65 19 28 33 72 55 95 29 44 94 89 55 54 43 99 17 52 46 23 0 66 79 35 13 20 63 62 94 33 49 6 98 68 86 31 92 93 78 21 38 25 10 45 79 6 97 96 10 43 71 10 61 2 97 74 22 60 88 17 45 90 75 43 58 14 26 51 7 5 24 97 30 35 43 9 93 40 57 3 35 80 65 49 83 62 23 5 74 64 74 19 54 2 14 64 16 40 15 23 45 92 21 75 79 16 36 72 8 93 75 43 26 92 44 9 54 68 14 80 84 41 99 38 43 13 2 59 53 70 34 51 62 7 78 41 23 15 13 31 60 40 27 86 32 71 95 38 91 62 18 27 3 69 65 98 34 20 57 87 90 91 90 52 99 69 45 74 84 10 58 96 2 85 35 86 8 82 24 52 44 94 79 99 63 97 97 97 17 6 36 7 50 27 11 49 48 56 75 84 66 33 80 20 70 15 6 31 98 30 83 94 76 14 46 91 11 43 40 28 2 76 87 52 55 98 53 55 6 28 39 24 14 72 44 84 39 50 15 37 32 50 84 8 17 30 99 28 25 39 9 27 68 48 31 75 47 84 31 5 13 70 30 27 42 74 63 82 
77 31 71 61 33 7 70 50 89 21 31 67 13 92 46 33 40 78 60 87 62 91 45 27 14 75 54 8 1 70 42 30 53 66 92 86 73 14 89 15 35 20 82 0 12 28 85 52 6 46 92 69 89 37 96 3 64 3 64 65 25 6 96 78 24 88 16 98 2 5 65 89 25 47 42 89 75 79 94 34 25 86 55 67 75 51 22 39 6 86 56 31 45 4 61 69 44 78 19 98 83 84 40 61 83 82 2 59 61 96 45 39 82 0 6 9 3 28 48 10 67 57 93 12 61 55 81 6 85 53 56 20 37 96 33 21 78 36 32 92 32 77 83 15 29 89 76 32 69 25 42 36 34 88 48 95 95 82 53 80 87 62 52 76 58 86 97 89 22 81 33 54 10 16 21 39 57 98 72 26 75 66 63 9 54 63 56 1 97 62 81 84 24 34 13 82 72 10 23 94 44 56 48 6 72 22 98 29 20 22 8 47 88 23 56 95 38 64 96 36 26 30 72 2 16 85 85 88 48 60 82 44 17 82 50 89 4 48 71 76 22 79 23 11 54 31 58 92 96 6 80 74 36 53 77 52 90 14 40 90 74 74 86 91 9 89 33 13 89 4 42 12 35 65 75 89 97 33 33 45 39 14 19 28 19 96 80 61 10 73 52 85 99 90 28 8 79 61 74 69 17 16 33 4 81 8 45 30 41 79 75 32 93 47 60 12 43 93 73 54 18 77 91 17 20 19 26 99 81 0 20 50 68 53 55 1 13 0 84 6 79 59 39 24 6 51 88 2 44 62 56 62 91 99 32 11 18 10 63 51 10 35 2 30 41 9 31 54 9 15 61 41 27 52 65 85 3 54 87 0 68 95 14 11 94 46 23 65 8 38 68 70 73 70 0 66 79 32 21 41 
99 34 82 26 86 47 64 41 53 51 93 21 99 8 85 45 6 60 10 15 98 79 85 23 1 38 90 33 70 63 74 21 97 56 0 83 55 64 76 61 67 70 34 18 30 19 64 36 79 26 3 29 57 41 53 59 79 95 44 1 58 18 22 55 26 74 90 33 90 66 94 58 88 81 76 18 0 92 7 32 19 10 61 76 51 14 87 82 61 31 83 19 1 58 26 27 32 16 13 23 35 59 33 23 40 61 94 41 54 1 73 25 11 34 53 15 1 93 97 62 76 33 34 78 43 60 57 27 29 70 2 16 30 35 39 70 49 85 63 55 86 88 80 50 75 85 65 76 78 14 90 55 99 24 85 42 37 42 70 66 13 72 82 95 60 73 65 61 59 81 16 97 69 48 47 44 33 64 72 64 79 63 19 30 39 56 73 76 98 95 42 63 19 76 58 31 50 76 92 61 57 8 58 78 56 58 23 42 22 47 6 1 10 25 32 50 33 57 78 31 4 73 95 23 49 5 55 51 81 99 64 90 8 23 21 16 81 44 58 3 43 64 57 54 41 41 56 74 50 34 6 54 7 53 29 9 58 36 60 92 36 25 34 96 0 55 12 33 51 71 88 95 35 45 1 77 38 57 51 40 43 9 46 3 62 76 12 73 64 72 17 52 49 51 48 49 59 13 34 62 84 23 57 71 20 10 48 59 67 52 51 63 13 98 66 28 26 78 53 90 2 70 43 4 73 43 53 84 56 40 47 92 63 56 64 83 67 12 94 86 16 46 49 82 44 67 10 70 45 63 12 0 85 7 4 58 51 9 43 59 49 90 52 64 46 16 48 65 80 94 52 49 40 1 31 36 69 41 58 66 56 71 18 41 30 74 51 33 84 94 93 85 36 97 50 35 65 50 0 45 
96 52 94 37 6 77 25 27 70 36 45 26 59 64 19 89 38 71 23 74 17 68 12 6 65 14 41 82 64 93 27 60 98 74 49 56 51 27 83 22 15 28 0 74 44 20 63 35 91 38 61 8 58 73 14 75 87 7 57 3 53 37 16 51 11 17 59 14 96 42 36 11 22 89 85 67 9 1 54 0 91 15 60 50 89 27 77 28 86 35 84 39 72 52 42 35 69 1 49 66 95 38 29 18 27 15 37 36 68 43 88 59 58 48 61 99 27 39 80 14 26 64 5 98 16 48 85 37 1 34 55 97 72 85 67 99 52 4 87 20 47 75 31 57 76 93 57 3 84 37 69 10 53 75 60 69 75 45 58 76 31 14 25 4 51 92 55 3 48 43 75 47 18 6 5 46 51 14 50 87 51 71 49 56 98 61 77 73 6 35 2 90 1 27 94 52 72 49 55 20 44 82 20 15 89 25 61 92 39 11 80 42 83 29 98 81 91 75 7 49 62 61 39 64 40 85 68 12 35 76 85 31 58 5 46 47 82 8 40 21 71 72 15 6 1 65 40 44 92 47 94 54 8 33 70 0 19 39 13 6 15 50 89 73 55 36 73 37 44 65 10 15 37 77 74 90 94 14 35 86 61 81 92 21 66 15 21 37 54 86 95 21 36 85 46 43 21 71 32 17 88 94 84 25 71 58 68 65 72 3 3 85 84 96 58 2 11 80 40 17 18 35 90 7 20 88 50 93 60 35 10 0 29 95 26 53 5 94 70 78 49 74 63 85 22 22 87 85 54 79 54 24 15 44 31 87 84 82 81 96 17 43 97 98 90 23 51 96 69 22 74 70 48 89 7 70 63 46 7 69 26 61 94 93 57 25 80 41 59 13 38 76 57 35 75 47 10 78 95 31 
52 21 53 0 11 60 22 26 6 29 96 32 42 90 25 99 67 58 93 27 71 31 3 28 18 30 28 80 61 23 11 13 45 64 14 8 76 88 34 82 70 82 67 12 24 44 64 92 2 57 19 74 40 74 54 58 57 82 38 18 58 1 83 55 17 49 63 93 38 49 27 60 84 46 24 8 91 88 52 93 97 71 19 37 98 26 95 55 60 85 25 18 38 8 73 55 58 88 0 48 90 28 8 74 74 32 82 65 21 35 11 18 58 82 8 56 8 55 63 69 41 88 39 79 49 65 87 7 53 87 55 43 15 15 17 42 47 52 7 20 39 70 91 49 5 99 6 13 54 21 34 47 62 74 79 11 39 66 70 44 53 77 88 21 92 57 63 91 61 22 12 52 93 3 2 50 2 8 63 8 81 50 56 43 76 35 6 67 1 28 11 6 5 51 27 49 61 90 41 22 13 53 75 58 56 29 8 10 89 23 18 70 73 74 66 1 61 72 68 62 1 32 21 58 35 48 8 96 39 1 71 52 6 98 62 62 27 70 24 16 93 42 38 19 69 4 20 30 29 41 45 30 73 66 40 8 14 0 57 5 1 80 9 7 78 71 21 57 41 97 25 87 40 63 58 61 20 78 91 49 19 88 31 44 54 71 5 21 72 62 26 25 42 36 85 72 59 6 29 53 56 54 40 96 69 50 9 89 28 52 38 0 41 69 96 47 93 1 20 65 15 47 90 57 35 27 81 46 86 10 99 42 16 91 90 38 41 99 27 22 51 18 22 92 87 18 92 80 72 12 97 87 11 40 97 98 67 78 45 53 89 44 95 57 88 85 95 29 36 23 51 88 93 25 32 80 96 24 13 68 89 10 7 0 2 4 99 70 83 44 75 24 40 23 81 28 8 29 10 45 
4 13 85 97 39 17 29 87 94 42 55 83 5 62 35 7 19 34 29 2 30 57 78 23 80 11 3 40 40 13 37 44 27 22 93 18 92 23 5 86 17 12 21 22 26 56 82 45 43 63 99 73 20 77 48 0 89 52 93 81 17 30 78 96 53 71 14 45 94 71 83 64 83 4 86 62 12 20 59 55 84 59 81 4 88 29 57 77 81 50 59 99 80 89 95 85 60 62 82 7 33 65 71 69 21 9 83 86 30 42 41 14 1 22 70 90 4 79 19 85 29 30 84 62 19 32 99 32 46 82 39 79 99 62 0 73 71 83 59 1 26 52 67 79 27 90 21 31 69 41 16 51 23 53 65 43 37 64 27 83 98 66 14 98 80 67 23 51 2 82 5 80 86 24 60 65 14 81 96 36 74 65 87 98 70 52 93 59 68 20 42 67 38 8 17 18 75 40 21 30 22 78 10 60 3 70 26 17 4 22 53 30 39 92 80 61 96 73 20 65 45 14 84 35 23 1 5 50 41 79 80 15 57 91 75 60 13 1 78 69 76 83 0 67 76 80 29 24 6 49 89 3 64 25 39 39 26 96 89 67 75 22 82 33 65 10 93 78 63 23 0 39 59 0 59 87 32 88 11 38 89 53 42 5 78 33 44 5 29 86 24 5 8 7 90 25 69 83 55 32 59 55 72 18 55 83 5 88 71 16 78 12 69 20 18 48 53 62 5 35 0 29 92 8 88 82 85 57 65 41 90 24 96 14 94 4 97 99 44 20 16 22 32 37 95 2 37 48 65 42 35 65 24 27 26 12 9 11 70 27 4 12 3 1 26 98 57 75 97 1 95 65 23 79 55 18 82 92 19 99 87 54 16 11 34 94 23 43 58 45 22 62 57 26 15 35 24 72 10 73 
73 57 91 49 37 46 67 71 90 38 22 77 45 38 40 79 85 64 74 43 61 97 57 71 23 25 6 99 97 17 72 23 74 15 72 63 61 91 86 52 82 8 81 27 99 22 58 84 38 32 79 99 81 88 70 56 13 29 55 11 46 80 86 72 95 58 88 57 1 74 61 83 35 94 62 34 16 20 18 6 5 49 6 38 37 28 95 51 57 2 14 55 82 0 80 30 10 68 39 11 94 0 47 29 46 9 15 63 82 85 69 39 34 27 77 24 8 24 75 65 27 41 73 9 41 53 39 3 73 78 14 19 30 13 1 77 23 16 92 57 2 13 96 36 93 73 60 1 50 87 66 77 80 91 38 73 96 30 76 69 60 43 41 91 56 42 20 79 58 64 36 60 29 84 49 22 10 9 23 60 49 42 37 29 33 75 55 30 5 31 51 18 74 92 61 83 86 81 14 45 97 3 5 26 87 54 49 97 16 72 57 17 66 94 98 0 22 53 82 79 37 85 97 63 30 58 46 16 91 61 13 40 64 71 67 3 25 68 1 93 92 58 10 59 5 61 11 79 14 93 58 3 30 8 67 60 66 65 29 10 26 42 50 42 13 69 46 91 37 99 84 30 57 47 89 14 60 52 93 26 45 4 30 75 12 97 88 30 62 17 92 41 11 43 83 25 64 81 68 54 80 4 84 90 3 25 56 63 77 50 90 74 54 20 1 18 69 41 0 83 10 93 24 22 88 60 99 52 93 67 6 26 23 42 16 27 19 72 90 48 74 32 22 80 4 76 98 73 17 51 9 28 44 85 2 32 97 1 84 91 20 43 17 43 37 85 22 57 9 13 5 84 97 80 16 2 56 67 27 25 18 88 53 62 74 7 94 71 8 30 14 80 25 31 76 63 68 98 20 78 
63 77 14 61 57 30 15 65 97 94 91 15 83 96 77 57 4 23 80 64 6 95 45 31 78 73 94 47 71 66 77 87 44 91 0 1 73 15 67 71 9 58 38 44 6 68 1 10 43 34 75 49 29 72 81 59 45 27 6 68 94 35 55 38 78 55 91 52 22 58 75 32 68 13 28 75 33 82 37 77 16 12 26 45 36 7 4 81 87 63 2 81 50 57 19 29 65 10 81 87 21 56 71 41 21 0 68 55 82 6 32 98 70 58 95 7 18 51 40 5 66 94 86 17 52 57 46 17 19 27 56 92 35 28 34 56 28 2 11 62 60 43 60 31 54 7 90 24 10 82 29 77 77 67 94 81 76 92 98 95 71 6 88 6 34 74 14 14 28 78 76 89 73 88 72 27 95 62 51 6 44 32 83 73 99 29 54 27 73 4 23 44 11 63 2 45 37 16 12 65 94 88 6 68 77 78 47 72 40 51 30 37 83 65 10 35 94 17 62 19 21 85 63 32 0 65 30 89 34 42 7 80 82 13 0 59 92 48 84 84 99 14 73 82 32 36 17 78 53 80 98 74 17 61 59 70 79 41 59 13 83 18 93 17 32 94 77 76 94 13 12 93 79 86 27 11 22 97 90 27 29 88 53 98 1 64 68 80 5 80 45 40 98 39 58 82 85 87 58 31 0 71 76 79 9 3 91 83 52 33 10 81 73 15 80 74 80 0 55 85 80 0 26 31 91 36 13 28 23 72 59 23 95 35 2 4 91 45 87 43 30 49 25 3 64 57 78 44 57 85 30 90 37 8 21 81 44 86 61 67 58 21 90 5 8 44 9 51 42 48 95 24 97 72 28 62 81 58 6 90 43 88 32 32 96 53 13 92 92 75 59 2 48 1 8 8 98 69 60 92 
18 7 16 15 31 44 29 64 54 36 54 49 76 87 82 25 92 47 17 84 74 29 87 22 82 47 83 80 16 95 24 34 54 41 2 37 37 31 1 92 19 7 93 96 46 75 21 39 75 38 75 49 19 14 24 2 13 59 34 30 54 59 16 60 0 18 97 89 50 98 33 69 5 27 65 52 54 38 43 29 77 70 31 48 37 55 50 50 66 85 32 20 44 49 80 96 67 29 85 17 27 19 39 84 46 4 88 52 95 31 82 72 54 65 72 91 72 23 93 38 8 26 58 4 75 90 0 42 19 37 12 98 56 51 82 54 7 71 59 2 54 41 26 8 6 99 51 78 74 45 68 34 23 78 38 98 68 90 92 39 27 56 89 36 59 71 42 19 94 1 21 1 94 0 9 52 51 13 82 77 58 50 11 81 28 1 31 48 91 23 39 70 80 28 6 39 52 1 10 46 54 84 47 49 84 9 53 87 22 36 64 32 38 27 13 67 28 96 67 19 19 7 41 51 35 0 43 39 1 53 38 55 37 85 56 73 46 10 12 20 98 28 52 36 55 17 55 35 13 23 54 85 30 48 88 17 48 31 57 49 37 95 56 26 32 13 0 31 75 64 51 73 93 56 9 48 73 65 36 39 40 90 24 70 38 12 39 38 96 96 87 85 43 44 11 76 9 11 59 36 76 10 9 21 66 70 21 92 87 57 31 27 0 55 49 90 19 89 29 67 37 16 52 81 12 64 9 73 27 68 9 55 30 70 76 97 41 98 89 80 7 72 8 7 79 9 98 98 50 27 18 88 95 70 21 60 34 82 33 14 2 43 69 32 65 46 81 6 96 22 87 3 94 47 63 73 8 61 24 59 40 42 99 35 12 72 95 99 6 29 13 60 24 34 92 89 32 26 48 80 
0 87 84 95 86 47 20 46 60 44 57 0 38 56 35 3 80 83 2 38 64 67 98 40 53 43 81 86 21 81 66 21 68 2 68 6 1 89 53 13 85 10 13 76 19 1 79 51 36 33 90 0 52 40 40 5 83 73 43 4 55 62 78 75 16 46 82 18 87 87 83 25 49 97 1 20 50 80 72 86 65 14 38 17 6 78 74 90 3 18 46 58 32 24 34 48 71 68 18 58 55 2 35 56 99 36 77 1 68 1 87 33 15 25 2 21 55 77 63 58 47 10 69 79 86 55 27 9 23 46 20 30 48 55 38 99 92 15 0 60 16 39 46 83 64 48 57 71 25 20 81 24 82 50 3 69 57 83 30 32 29 50 14 29 6 53 28 98 68 80 10 85 19 56 20 35 57 77 6 34 98 39 59 80 42 62 1 99 45 32 32 26 82 46 55 40 51 35 90 20 15 53 57 86 9 77 21 18 55 79 53 53 19 12 85 61 26 39 12 72 23 44 50 57 43 6 98 94 93 88 66 61 41 23 47 3 1 69 21 8 0 26 13 19 38 98 32 65 89 45 89 12 41 39 70 36 97 20 83 91 60 49 4 54 25 51 57 78 72 30 86 73 57 99 44 47 49 77 12 39 74 1 3 15 93 73 52 90 45 87 33 6 36 37 60 61 41 69 39 13 99 77 38 8 76 35 56 26 12 20 17 38 74 20 53 67 46 57 9 91 44 43 97 33 32 57 46 73 26 38 39 78 15 77 38 44 12 46 70 76 67 87 14 93 7 20 60 53 29 69 97 74 64 94 59 97 4 57 70 82 95 9 12 63 39 51 7 3 49 29 32 16 16 46 9 75 18 21 81 48 91 78 74 7 24 33 4 80 90 75 63 38 36 75 53 27 78 60 31 28 
89 63 96 57 61 58 84 80 79 17 28 22 47 2 30 24 87 86 4 29 13 67 19 50 95 72 29 25 32 60 53 73 75 2 82 37 60 19 69 91 36 49 66 36 51 48 60 90 34 64 19 48 32 39 50 79 11 79 4 96 92 58 21 19 12 4 8 24 23 77 15 11 26 33 47 29 33 7 19 20 72 91 68 56 82 70 35 45 1 39 93 45 49 15 65 61 71 73 37 94 3 5 57 81 38 5 11 24 64 82 44 88 25 64 44 59 34 31 5 87 71 98 33 72 65 50 86 36 75 23 82 78 28 40 60 19 97 23 43 13 57 87 2 35 51 46 94 37 78 51 24 1 50 9 73 15 59 11 52 87 35 86 65 63 26 77 34 75 52 77 89 10 64 91 97 67 89 91 4 19 43 81 20 45 42 46 60 54 57 64 41 92 3 6 8 81 36 42 57 88 72 46 98 88 89 95 56 78 39 12 50 82 93 70 27 88 16 39 42 26 56 83 70 11 41 78 92 77 73 49 66 97 47 16 85 88 64 41 19 3 54 69 37 99 39 16 87 8 7 29 34 15 64 4 26 6 35 19 35 60 68 53 57 68 70 42 56 34 36 75 89 90 44 26 41 36 42 29 44 49 10 30 17 75 34 43 33 21 62 20 81 83 74 38 51 44 33 7 30 69 35 19 11 31 45 52 67 39 33 63 40 44 93 57 71 28 1 56 1 15 76 83 98 50 73 49 94 58 9 76 79 96 95 90 27 92 95 95 31 80 58 24 76 4 33 47 32 34 3 85 2 32 68 0 82 94 2 29 52 63 5 32 59 53 74 86 45 21 33 29 2 92 53 78 96 86 78 80 73 33 65 75 65 86 27 48 80 29 29 84 92 34 68 51 87 43 90 85 16 23 
14 70 67 19 1 15 57 79 95 82 64 13 57 30 51 37 30 83 66 11 67 11 45 36 62 85 31 52 70 47 76 36 18 95 55 19 11 64 50 58 47 14 71 56 96 74 93 78 57 12 89 77 23 87 13 37 72 44 90 94 43 18 30 61 13 37 32 76 53 34 35 0 1 58 9 97 33 54 28 42 66 17 19 89 56 32 27 28 28 69 74 72 39 56 85 4 93 70 81 47 4 16 99 5 74 8 55 7 63 83 2 81 52 21 71 9 54 50 89 34 19 16 6 58 72 44 62 18 66 95 17 70 11 16 28 86 77 35 45 92 70 47 73 22 69 96 83 75 46 25 9 17 41 68 27 65 12 42 83 78 37 0 0 49 17 80 87 46 15 84 38 85 32 11 60 53 8 95 80 6 72 89 24 65 57 51 31 21 93 14 51 83 15 4 32 84 84 71 30 0 55 20 37 39 31 49 92 91 97 72 98 69 14 74 35 23 25 66 97 71 32 48 54 47 52 38 83 37 9 65 89 64 85 78 56 69 80 0 12 77 25 10 46 39 84 33 14 62 51 11 33 84 60 39 83 64 29 67 53 38 84 94 54 22 73 10 91 53 11 3 82 88 66 80 27 2 14 41 16 65 5 1 49 65 40 33 81 69 52 35 59 36 81 66 10 54 76 1 59 39 57 41 27 75 22 6 29 88 0 46 5 5 47 55 22 40 40 55 9 44 90 21 32 72 87 43 78 15 96 90 7 53 83 86 80 57 93 10 45 45 56 51 50 55 58 24 95 50 79 57 94 22 78 78 94 17 21 24 32 70 66 39 23 50 78 56 7 71 66 5 16 74 56 18 29 66 42 77 16 73 34 62 95 64 40 41 81 14 66 65 84 32 57 59 34 35 15 42 58 33 
47 26 59 55 96 41 21 38 18 89 63 4 51 59 68 43 0 1 9 18 18 45 51 75 5 85 62 72 79 72 58 78 98 17 33 94 58 6 84 28 95 48 32 98 59 52 94 59 5 55 78 24 1 81 51 6 18 66 30 98 38 88 76 89 58 62 83 68 68 20 97 16 20 29 66 79 82 60 90 39 16 68 63 69 1 67 75 20 33 57 70 71 98 98 60 56 12 96 24 33 68 21 49 40 3 15 71 37 28 61 76 96 82 92 65 83 59 92 55 92 49 77 15 99 76 28 55 40 24 32 73 44 5 22 84 8 90 55 97 70 16 26 66 50 18 83 34 77 75 89 21 76 67 36 28 95 64 35 87 40 67 61 36 25 35 20 85 25 27 83 47 96 9 13 46 27 48 32 56 75 22 77 4 41 65 32 88 30 67 75 22 35 88 59 12 24 31 97 49 59 80 97 7 41 62 53 68 63 86 76 38 60 53 42 53 19 74 93 1 42 20 75 29 9 86 41 33 18 38 34 29 71 83 36 12 98 41 33 61 79 9 99 91 15 42 96 86 68 89 39 62 10 14 91 71 1 84 4 71 75 90 0 46 74 88 10 72 81 43 85 13 5 84 56 72 78 53 58 47 94 49 61 4 63 53 27 16 89 31 39 64 74 91 62 48 79 73 72 13 16 57 26 73 93 34 45 24 87 55 23 82 4 84 38 20 89 66 36 79 49 28 95 23 19 58 23 99 31 47 64 99 56 42 73 2 76 70 26 64 26 1 98 30 85 88 50 75 6 39 6 56 67 1 31 86 59 7 37 42 54 53 42 63 95 67 65 24 89 43 40 15 44 38 98 29 78 0 56 85 91 14 93 10 16 24 97 27 83 86 22 90 92 16 53 87 35 70 11 24 13 
51 92 57 41 90 38 20 42 47 5 34 61 98 44 77 74 93 57 58 80 79 0 72 47 53 11 82 23 75 6 88 26 98 45 20 40 35 40 83 82 97 17 44 47 61 73 21 55 82 31 87 13 31 11 60 36 74 42 11 49 49 99 28 99 96 48 40 32 40 23 14 89 92 10 36 53 84 57 60 66 41 99 80 24 10 92 61 37 35 72 86 84 24 14 35 20 14 75 4 6 50 71 95 94 81 31 0 17 41 60 36 34 12 68 58 74 60 71 11 95 44 98 31 20 64 67 40 31 94 97 89 97 68 85 91 49 68 91 19 61 4 55 95 68 23 6 42 35 77 54 31 73 4 14 93 20 33 34 3 28 83 93 77 51 30 20 52 50 64 71 12 68 26 59 36 1 65 30 89 95 84 72 68 40 86 62 13 20 48 16 0 31 61 29 34 91 49 86 42 13 58 54 33 36 65 69 90 83 52 79 78 36 51 98 29 89 60 42 61 60 58 13 43 20 42 77 63 92 64 5 57 74 11 91 10 29 12 52 12 64 31 42 53 34 40 82 76 53 76 37 65 86 3 9 58 45 38 22 89 2 79 99 76 43 90 39 72 54 91 84 19 75 78 24 9 18 58 37 71 34 27 37 72 30 98 31 75 36 5 17 91 84 16 67 27 6 58 51 12 50 87 31 77 65 7 38 84 65 76 7 51 3 44 24 33 42 7 60 31 12 77 22 48 93 41 28 51 0 79 64 2 67 47 79 84 55 17 68 72 45 76 24 48 72 0 33 67 7 94 98 71 23 20 71 69 13 99 72 13 31 88 67 50 36 98 34 43 68 55 67 13 31 43 14 3 43 47 22 2 93 20 25 17 92 97 86 6 48 58 71 31 47 91 81 35 89 68 30 57 23 
97 71 6 41 85 61 36 84 84 91 78 56 16 95 1 13 33 59 14 91 82 45 90 73 79 25 63 99 55 20 22 5 43 80 98 80 41 34 65 77 25 95 34 94 42 35 59 75 46 73 18 28 71 9 2 50 86 65 49 94 37 23 51 33 3 49 13 96 35 30 74 61 77 8 55 19 95 14 46 41 40 65 21 11 26 23 13 64 40 62 58 30 37 9 63 92 10 28 88 46 59 62 7 36 22 14 8 69 80 54 62 20 71 84 83 97 59 96 14 52 10 72 82 47 34 45 39 96 25 80 42 84 94 1 73 17 15 33 86 48 87 1 20 11 85 4 8 44 0 74 96 11 99 30 10 33 27 2 29 53 82 24 89 76 25 62 45 93 95 84 41 35 85 13 46 70 17 6 66 70 81 15 33 80 97 43 65 25 97 46 78 79 70 67 8 96 82 53 89 29 89 82 64 74 95 10 96 65 69 63 35 50 30 20 82 27 15 47 4 13 93 82 44 16 2 4 64 36 10 5 65 99 87 30 74 34 92 70 51 61 85 86 11 15 58 45 95 74 92 99 87 38 34 83 6 88 88 70 24 98 75 89 97 14 71 23 0 64 94 52 25 79 90 89 47 49 34 94 23 79 45 62 69 31 45 75 19 85 97 43 83 72 85 33 38 56 56 38 20 50 42 98 82 33 39 81 82 25 75 57 56 72 71 25 4 68 52 23 54 49 19 89 73 56 22 11 12 31 2 85 81 44 35 15 77 74 48 11 51 75 20 8 48 43 85 52 12 90 27 18 39 98 7 65 54 82 28 19 13 82 4 46 27 91 62 56 17 10 20 68 38 92 28 86 36 14 38 0 56 17 18 47 16 25 12 22 59 41 41 72 23 97 19 2 88 33 11 5 95 31 
26 33 23 54 19 11 20 9 11 76 79 29 24 47 7 88 69 66 29 11 39 5 8 10 59 49 43 70 54 90 53 80 24 29 87 95 40 7 57 52 36 36 33 60 83 92 48 4 59 30 15 50 87 76 12 46 25 7 69 31 97 22 64 73 51 51 69 92 10 78 96 46 14 81 6 49 74 7 53 85 89 21 87 76 49 99 74 26 6 43 57 3 18 73 29 69 24 98 13 35 28 61 81 94 95 40 43 21 99 48 6 88 21 45 16 70 44 42 48 50 38 6 5 56 79 34 77 56 84 91 91 64 4 24 58 99 16 53 20 15 2 78 55 75 23 23 98 67 66 46 69 56 52 27 12 84 13 89 92 50 32 35 14 37 59 73 36 28 26 57 95 80 35 51 56 59 26 54 78 44 0 0 0 5 27 64 41 40 54 85 90 86 20 57 75 31 30 12 59 56 21 55 89 8 58 45 19 84 51 98 29 3 98 81 60 77 46 53 69 52 38 12 90 58 69 66 90 99 30 49 7 51 56 96 11 14 93 31 51 44 81 32 0 31 13 12 8 11 66 77 63 4 89 6 15 58 72 5 9 54 6 17 57 63 65 68 29 59 99 80 55 32 64 7 63 78 20 71 41 86 1 57 42 42 63 57 53 87 14 62 41 21 31 98 36 97 66 17 56 18 50 63 50 14 71 14 44 91 37 86 29 90 43 71 33 6 81 86 45 95 0 86 68 32 84 56 29 2 74 37 20 24 0 71 90 23 37 35 66 26 73 95 17 16 67 2 74 48 88 19 95 88 57 64 20 41 20 1 43 94 90 16 70 43 39 13 66 28 48 33 54 73 28 23 89 47 25 15 47 13 86 43 54 95 7 26 36 79 80 31 74 70 99 96 13 38 9 80 66 9 
65 73 82 93 96 23 93 22 90 40 87 28 35 93 23 42 72 11 22 52 95 48 22 94 96 36 33 58 16 51 19 33 24 2 78 73 77 71 47 68 64 86 48 99 80 72 94 52 35 68 56 30 68 78 25 64 14 10 74 82 13 94 15 90 96 94 63 73 17 62 93 81 48 42 81 80 66 27 84 1 95 40 84 63 71 61 79 85 71 54 20 36 48 35 26 96 81 41 69 99 3 15 32 4 9 65 36 27 92 73 80 39 65 64 2 36 25 34 74 48 88 94 85 36 81 11 32 15 5 53 66 8 20 98 64 81 64 53 8 8 26 41 48 43 5 2 80 31 36 6 31 76 52 16 64 33 80 48 0 85 54 66 45 74 65 62 8 81 15 68 41 93 9 89 36 15 44 68 98 32 74 29 61 26 46 25 12 78 74 12 63 80 79 8 6 96 70 14 29 37 83 70 30 92 12 67 59 8 87 9 40 14 39 1 92 37 79 4 15 5 69 30 85 0 90 91 48 13 6 29 50 41 99 33 85 63 0 45 71 39 54 64 53 45 17 98 34 48 54 49 53 23 31 38 75 22 30 23 35 88 52 37 29 4 70 66 19 22 11 43 62 18 59 67 15 76 65 50 77 20 51 30 95 83 69 23 57 51 46 44 39 51 81 20 7 52 86 26 26 50 69 40 20 80 8 87 57 25 37 34 97 41 16 45 24 85 68 33 88 66 77 79 17 58 99 76 62 38 55 89 40 76 29 60 57 89 99 66 67 37 0 64 30 68 61 54 6 29 39 94 96 16 74 65 74 25 42 89 15 49 30 55 25 59 67 82 1 67 48 68 56 0 84 86 69 46 92 75 27 31 21 23 99 47 41 25 25 35 14 40 84 44 48 9 56 15 44 9 34 92 
