400 400
29 90 93 65 28 14 63 72 41 91 3 62 66 2 10 7 28 35 94 94 27 30 39 75 40 47 91 84 56 77 28 85 68 73 2 48 87 66 21 28 57 76 43 75 79 53 35 59 40 29 5 67 60 44 43 52 43 86 88 51 63 16 88 83 42 91 84 29 57 5 10 14 81 53 89 12 58 24 23 98 6 29 17 66 25 12 70 69 98 58 20 14 26 61 49 68 52 33 50 9 90 60 75 24 65 16 88 23 93 12 73 99 93 90 17 18 3 39 39 53 97 12 19 75 73 21 96 25 6 46 86 97 58 61 73 23 29 61 98 22 25 71 73 18 61 42 89 16 81 80 22 30 92 93 58 17 14 54 94 21 52 80 70 10 93 43 85 23 56 83 97 82 6 23 52 19 65 93 88 99 74 10 29 18 3 87 36 70 41 30 91 45 63 13 7 8 8 92 83 64 27 81 46 85 4 51 5 21 44 93 20 18 55 50 37 10 89 25 80 83 7 23 28 22 36 36 31 44 80 14 9 60 95 7 45 51 10 2 25 55 47 45 25 2 47 14 13 37 39 93 20 99 17 0 21 5 88 52 50 69 67 11 81 14 70 78 18 81 81 43 88 28 40 13 83 88 28 96 25 19 41 97 18 10 49 40 16 38 92 18 59 11 81 92 78 51 70 96 84 3 91 72 84 31 38 67 19 66 63 96 37 4 45 56 67 95 96 83 85 40 53 96 4 34 88 82 37 10 78 74 14 21 46 98 52 84 65 72 2 80 20 40 36 66 48 3 13 44 38 50 36 91 46 40 77 34 74 67 44 4 41 10 25 39 8 78 76 73 2 78 53 22 70 90 40 18 45 5 14 84 55 3 75 1 43 5 87 70 72 84 74 65 94 0 4 3 78 80 28 32 
11 34 6 81 76 99 0 21 4 66 57 12 69 85 13 65 90 53 35 62 37 9 79 83 9 83 38 39 64 67 23 75 53 30 8 81 29 8 54 85 75 12 97 96 97 63 61 87 16 96 1 5 6 80 88 67 63 27 59 79 46 82 6 99 64 15 32 45 75 86 31 2 98 28 99 95 91 60 34 59 9 35 64 67 67 5 34 83 32 45 14 30 80 21 29 44 36 61 90 11 47 21 66 98 1 65 93 45 25 80 56 86 67 21 53 87 78 40 70 10 85 84 40 65 57 21 62 93 34 52 57 33 25 23 31 78 40 77 23 17 9 80 4 76 53 57 63 31 97 85 93 35 70 85 52 79 58 14 25 92 18 82 77 95 57 9 74 49 38 49 66 47 81 70 75 86 80 39 69 29 24 14 64 46 99 17 26 9 83 51 1 54 85 31 49 94 92 75 43 30 25 9 29 58 32 4 45 12 95 66 41 20 81 6 18 32 75 96 42 10 47 95 64 84 26 66 78 18 41 73 0 66 83 81 77 15 38 74 79 33 40 20 5 21 78 24 54 53 20 48 16 20 43 80 4 22 46 35 40 88 8 93 6 43 74 35 58 12 9 37 98 50 10 3 23 88 79 29 94 52 77 10 24 73 42 28 95 89 15 87 29 24 80 87 19 7 75 78 71 84 67 69 34 77 25 10 18 4 39 12 8 17 22 32 90 16 13 85 57 28 24 38 4 5 26 24 64 1 54 35 37 73 57 24 3 82 34 21 38 73 85 47 42 59 31 84 75 44 21 33 25 46 71 29 51 49 5 67 2 11 54 40 85 11 64 88 45 98 61 84 23 46 83 66 5 66 50 80 11 72 13 88 70 85 69 21 86 75 40 89 86 94 29 71 6 93 11 51 43 72 
87 18 18 22 84 23 89 87 4 52 11 69 40 81 6 9 54 93 84 46 82 23 40 11 46 98 56 58 50 51 30 89 69 1 12 6 24 1 45 80 53 56 50 45 89 8 54 95 1 91 41 83 14 81 46 60 80 2 18 82 5 1 23 75 2 35 81 78 88 26 59 93 34 61 38 75 69 93 22 23 84 63 6 50 96 5 10 28 59 81 10 65 34 34 40 36 21 73 66 62 51 77 55 37 90 46 12 60 91 34 35 27 49 41 77 97 98 39 26 58 20 88 23 54 74 15 42 96 88 9 10 91 38 65 28 29 63 92 41 54 78 76 81 27 69 58 24 68 98 2 26 70 91 49 25 65 64 19 13 4 80 23 95 19 41 75 0 4 67 41 59 45 17 40 24 86 51 0 6 1 3 32 71 46 33 48 63 49 68 77 53 0 52 0 71 93 75 71 50 42 12 9 39 81 1 15 20 52 16 26 5 71 11 77 17 44 25 80 94 45 9 47 46 62 0 17 7 75 41 57 70 53 18 61 87 20 77 7 24 45 85 30 16 96 59 85 41 84 17 35 82 79 34 80 41 34 97 0 62 90 58 84 44 76 45 31 48 22 90 73 67 75 55 35 72 14 72 65 50 90 0 32 69 86 64 62 21 14 14 35 4 72 19 48 1 64 31 49 39 73 74 58 1 81 94 73 47 18 38 98 60 90 82 29 76 47 43 49 61 58 36 65 82 55 66 83 72 49 85 11 75 11 69 76 45 15 49 92 34 39 42 94 81 77 76 9 76 71 59 37 29 95 54 64 3 72 99 75 74 36 86 49 48 7 25 45 23 26 37 57 17 32 3 98 9 79 7 85 51 18 74 32 14 80 48 69 5 48 44 79 84 82 28 84 89 5 29 12 83 19 
21 0 51 25 98 12 4 57 97 7 76 23 92 42 3 40 11 8 88 7 87 25 89 67 61 78 24 43 91 7 62 64 7 65 89 57 77 46 15 26 53 43 49 97 85 52 38 48 13 78 55 52 3 44 72 65 22 96 8 65 4 22 30 63 39 71 73 68 17 40 94 23 83 95 20 20 99 10 20 12 89 75 65 44 71 37 9 45 85 69 63 41 43 45 5 82 16 78 50 86 18 96 9 53 91 81 73 43 92 93 55 33 20 72 77 91 61 39 88 47 60 51 88 4 96 45 38 13 75 89 99 45 37 60 98 81 93 23 24 37 68 31 70 40 56 48 83 17 39 72 16 99 23 57 3 72 54 94 85 30 83 36 27 72 48 78 53 41 53 29 79 22 61 1 14 17 49 98 86 40 70 55 40 45 12 95 17 18 89 54 0 24 42 28 49 90 6 2 84 59 84 63 33 45 64 48 14 66 46 52 6 68 7 98 65 71 46 35 90 35 89 90 12 32 70 61 74 76 15 58 88 99 73 21 96 90 21 10 8 19 15 14 87 74 65 5 46 11 40 88 98 29 30 62 13 53 23 40 29 39 50 69 90 24 91 87 66 64 49 74 84 16 88 71 91 5 76 37 68 16 77 67 98 59 29 63 12 5 3 94 96 54 63 86 30 6 25 96 71 27 70 55 43 10 78 34 68 55 23 36 23 0 55 73 12 37 89 24 42 92 18 90 98 82 76 80 40 54 28 11 81 98 66 24 61 97 11 29 4 34 65 27 87 21 53 99 58 42 23 52 86 94 42 37 28 70 69 68 24 98 32 57 48 98 34 9 95 45 90 51 31 56 79 18 29 84 17 39 78 93 91 16 87 85 53 15 55 23 35 32 73 67 41 21 18 75 31 65 72 21 
17 4 29 48 22 10 32 92 49 62 85 92 78 72 29 32 39 85 7 74 69 80 42 10 1 12 38 84 77 10 58 94 66 87 42 89 98 26 81 99 88 66 44 67 90 73 51 29 10 10 55 31 90 49 42 43 61 32 80 39 94 38 33 61 25 28 50 75 54 83 27 95 1 71 14 91 44 65 72 7 27 27 38 69 77 32 64 38 64 44 77 59 82 63 72 60 91 22 35 97 57 62 92 58 85 58 49 30 75 73 89 2 0 27 71 29 12 36 68 76 80 97 87 15 60 59 75 3 33 10 53 90 25 97 0 10 56 1 92 31 74 81 34 75 61 57 4 73 45 24 1 78 22 41 93 34 52 68 90 86 30 43 28 55 40 81 18 96 82 10 80 57 44 14 32 57 23 88 30 69 13 83 47 87 24 40 21 29 8 11 67 38 6 95 46 47 28 64 95 11 26 75 68 70 41 52 79 65 40 9 34 5 45 33 92 21 25 66 50 33 29 17 23 36 65 21 83 93 85 78 4 64 6 72 86 47 76 66 12 17 27 98 74 72 31 19 94 8 85 44 93 14 14 17 2 79 90 37 72 28 68 29 92 74 53 78 21 30 44 86 99 72 84 73 96 68 44 90 76 29 87 70 96 53 39 50 32 29 88 56 9 56 37 1 30 91 32 51 73 28 37 72 52 74 97 49 42 42 91 70 23 30 92 71 83 31 22 67 13 10 76 74 66 13 76 96 56 60 99 29 88 89 53 41 63 51 42 57 45 33 79 20 64 72 92 99 55 14 67 20 76 43 95 94 8 71 42 65 83 41 46 71 82 0 64 97 3 6 54 48 40 86 20 56 58 12 55 13 78 74 34 6 69 29 0 78 52 42 95 87 36 41 10 18 41 75 16 44 33 22 
44 25 60 17 81 18 29 89 84 60 63 70 66 33 51 19 63 3 61 58 90 97 99 0 68 93 27 36 89 61 10 34 86 71 51 20 41 32 9 25 44 24 95 11 9 46 82 72 1 43 30 43 93 30 96 13 75 75 49 64 36 11 50 75 82 53 47 24 86 56 1 82 32 97 45 42 95 27 14 49 71 45 92 16 27 40 29 2 16 30 18 52 41 69 79 76 22 26 52 60 34 53 43 67 2 88 9 50 16 75 99 87 72 43 55 51 84 84 5 0 66 24 4 59 93 84 35 15 62 39 76 97 45 19 16 99 7 77 49 75 52 0 14 25 44 69 76 80 5 34 80 71 58 36 31 3 72 18 70 35 10 46 84 55 17 0 54 77 77 56 52 29 56 19 6 52 88 35 84 94 69 16 17 79 53 0 82 77 71 52 12 81 51 48 36 20 48 42 97 77 50 2 59 7 21 65 11 61 52 96 55 73 12 25 52 17 25 34 95 96 39 59 29 90 8 17 10 8 60 60 86 10 14 45 69 87 62 33 48 67 81 56 40 93 33 93 63 10 79 58 7 70 69 88 60 77 6 23 38 18 35 24 28 1 21 50 88 35 83 88 2 64 96 43 9 81 88 24 92 19 34 51 90 4 39 2 33 45 77 71 63 12 95 44 65 68 46 53 4 29 94 6 45 42 1 6 24 41 83 68 61 17 19 3 73 58 57 7 4 35 30 19 99 26 15 65 46 61 70 50 42 16 9 39 11 62 98 87 4 81 55 17 98 74 72 24 32 29 31 88 16 61 60 68 39 75 33 86 37 55 88 31 24 49 71 35 12 69 22 68 50 29 85 0 3 9 24 35 38 55 76 7 69 36 75 60 63 60 98 52 67 87 84 91 88 55 78 52 24 0 
20 26 29 57 26 84 66 51 72 5 58 48 12 79 36 39 40 99 99 38 52 66 77 36 10 18 43 88 70 67 89 91 45 70 48 71 7 15 74 79 72 85 27 36 16 15 75 8 14 26 47 18 92 76 6 2 94 49 91 65 16 32 8 61 54 56 85 61 23 11 92 95 48 71 31 65 86 6 73 53 32 72 71 77 49 78 31 95 27 74 12 96 58 20 9 13 29 46 26 52 58 19 48 6 42 31 23 29 38 97 82 22 21 5 51 70 35 83 18 63 57 82 11 16 55 72 81 84 19 59 88 29 78 88 87 73 20 11 2 10 60 36 32 81 41 84 4 29 19 22 92 28 56 55 44 11 27 77 47 46 37 36 27 67 24 15 40 44 26 42 54 86 30 39 67 24 75 71 53 46 45 97 74 2 52 71 13 79 48 61 78 85 49 5 5 73 20 45 70 98 40 76 84 70 67 4 94 42 75 47 40 73 44 15 75 48 86 40 80 86 53 58 72 54 15 77 28 88 74 50 86 14 26 23 85 46 79 31 40 6 79 81 79 75 96 6 24 34 47 4 20 52 14 44 7 29 21 87 69 48 37 8 62 15 83 47 13 62 79 54 68 10 35 48 85 83 54 61 17 53 65 37 58 79 82 17 61 55 4 82 3 93 90 18 60 73 17 74 87 96 28 56 58 63 56 96 46 62 57 15 68 23 4 26 2 38 43 15 46 99 98 1 92 40 19 52 14 37 78 53 85 6 9 44 21 17 40 19 80 97 34 48 20 91 74 75 29 69 42 75 68 40 77 60 81 96 64 47 33 43 0 19 1 62 15 23 79 55 94 59 52 81 7 25 72 33 52 1 54 46 77 22 87 6 34 20 2 99 19 88 94 71 59 95 33 74 70 65 29 65 
24 33 46 84 10 70 69 14 71 24 61 0 46 0 6 33 20 61 32 91 49 78 62 8 25 96 34 96 61 15 13 37 48 11 73 11 81 43 77 4 19 38 5 17 90 63 50 62 24 34 53 73 12 16 33 38 64 67 86 77 82 51 14 83 62 88 46 43 83 23 99 2 14 4 71 4 68 22 67 44 56 20 18 21 88 3 11 52 23 97 29 5 48 96 40 62 36 38 57 19 62 56 73 28 13 44 32 81 66 51 25 75 72 95 96 12 51 7 65 74 56 46 31 56 42 72 18 78 10 27 49 24 83 22 52 96 19 37 29 37 88 7 12 12 54 60 25 5 19 42 79 75 88 63 83 83 87 53 61 49 80 11 74 64 85 78 12 4 67 42 42 56 1 6 20 55 67 97 13 86 39 44 62 80 7 97 63 94 51 76 44 31 39 70 95 25 48 60 81 16 54 23 24 55 30 44 10 97 94 75 35 33 20 49 65 27 47 80 74 98 57 18 29 96 40 77 73 88 37 55 56 91 30 32 98 12 29 60 61 23 36 97 8 56 46 74 83 93 54 57 91 63 27 21 12 67 98 85 8 87 40 16 30 23 49 28 35 30 88 97 53 24 94 61 80 40 87 64 34 94 73 77 57 1 50 69 20 48 7 28 87 99 45 17 22 46 45 58 76 34 55 29 58 1 42 39 41 82 55 27 28 80 5 37 33 55 59 54 56 66 34 95 65 31 13 40 77 58 98 5 44 5 86 3 6 29 94 99 63 1 27 91 33 84 80 67 91 39 73 99 5 59 95 23 91 8 63 20 18 13 26 63 18 12 18 24 93 64 23 8 17 2 99 2 86 80 21 30 71 94 29 77 6 24 52 49 84 15 69 3 80 47 18 98 60 88 74 5 4 49 
14 73 52 65 75 90 97 97 20 69 43 50 98 49 74 50 98 11 17 20 14 97 67 84 47 79 24 21 85 28 70 99 1 22 64 76 65 62 73 85 31 17 87 81 18 14 31 69 25 0 89 39 49 56 75 96 36 99 69 21 27 39 72 80 14 36 8 79 50 82 64 33 51 4 14 21 18 97 90 43 49 79 82 98 88 9 46 76 8 15 97 87 55 21 67 21 9 27 0 60 61 16 93 12 20 60 86 38 9 76 81 59 8 15 57 48 76 4 24 84 71 73 23 26 94 42 47 3 70 99 63 31 16 9 96 88 21 82 27 30 10 60 89 70 28 99 18 4 55 42 41 26 15 64 5 9 7 4 13 77 4 28 8 72 89 4 60 10 86 39 41 49 52 82 19 80 33 38 36 40 80 77 67 96 42 24 57 49 28 22 26 84 51 86 8 40 91 21 3 29 12 96 78 64 78 98 96 64 36 85 4 68 62 71 16 56 47 74 5 28 96 83 64 99 22 73 92 13 46 95 42 58 91 73 75 21 71 23 85 59 8 90 79 23 13 96 79 61 22 37 89 18 72 5 70 94 78 62 7 24 57 2 35 0 75 10 21 98 85 7 57 94 97 36 69 10 84 48 23 6 85 64 77 10 70 47 4 0 61 12 77 70 66 12 70 41 74 91 91 59 98 0 5 47 88 74 10 73 75 33 79 12 98 8 22 20 55 27 20 68 91 97 38 57 9 8 50 83 52 41 95 2 41 0 2 29 27 12 54 2 97 86 66 95 94 89 15 2 16 88 70 7 85 61 16 47 69 66 82 73 7 77 76 0 30 78 81 9 42 36 11 39 22 29 87 68 18 54 70 34 42 93 93 28 54 9 75 75 75 57 49 34 87 77 86 17 7 68 26 49 
56 89 88 30 18 27 98 89 82 21 23 24 14 69 4 68 78 79 43 6 89 44 92 28 21 79 45 80 47 23 81 55 64 22 85 34 49 83 23 31 4 99 56 18 20 12 38 50 44 34 56 33 78 1 61 52 80 58 32 79 33 14 34 49 36 19 83 85 54 59 69 59 10 77 29 30 89 68 80 33 54 89 18 32 90 31 36 22 41 21 1 74 35 87 23 23 6 59 60 12 70 81 71 80 58 53 10 48 73 90 33 27 31 52 11 21 35 48 95 77 69 96 3 56 83 79 31 41 38 43 54 8 25 77 40 83 82 50 83 55 92 17 34 24 21 98 97 56 46 93 33 67 41 37 75 77 16 6 70 6 49 24 66 26 54 6 10 88 56 45 96 0 62 30 76 35 28 74 92 26 19 77 45 60 14 20 89 82 78 60 40 80 36 6 6 90 12 68 31 20 14 27 73 28 9 49 64 38 75 56 16 94 33 62 7 0 34 96 82 13 8 75 93 45 81 99 87 46 20 18 66 34 45 91 62 55 41 26 45 16 34 13 63 68 75 22 20 62 70 54 75 79 29 68 24 11 19 63 57 39 82 75 25 79 67 88 34 60 66 31 28 1 45 43 21 72 65 41 34 88 95 61 67 25 29 43 36 1 6 45 92 40 72 18 20 91 58 6 51 24 90 80 77 35 75 98 59 93 39 46 81 35 7 0 60 89 95 48 90 53 45 34 94 17 4 66 9 62 72 12 39 62 44 16 49 20 15 61 13 6 7 46 41 14 46 53 3 41 53 45 46 98 80 40 16 36 6 77 51 31 89 90 93 34 58 95 54 25 56 19 84 63 65 25 29 63 31 33 4 84 78 50 83 10 43 51 47 1 28 50 32 69 92 26 3 50 73 9 28 29 
80 12 44 45 89 73 8 20 58 64 5 89 67 40 99 62 91 98 63 71 48 96 92 40 74 96 43 47 57 23 28 38 87 24 35 76 97 44 49 8 60 6 97 79 46 48 41 89 47 5 12 47 1 4 40 75 52 83 22 10 58 2 0 45 26 87 73 75 83 22 83 44 28 32 23 26 81 65 15 80 70 27 27 23 84 67 98 36 2 72 98 12 74 98 57 0 86 31 27 69 5 11 65 34 43 41 60 24 6 28 56 28 7 84 51 91 3 1 28 58 73 78 70 99 29 80 99 15 63 26 36 68 89 54 54 85 95 67 61 53 95 18 33 54 2 84 98 57 37 26 67 62 56 38 61 85 70 12 52 33 38 89 1 80 95 8 65 90 75 26 43 22 96 76 76 98 12 74 8 1 52 75 63 9 65 24 46 35 36 99 20 26 40 22 6 35 82 23 25 57 2 20 79 98 48 7 49 60 34 57 61 38 84 76 99 2 0 46 37 36 45 58 62 85 32 21 20 14 96 97 23 98 69 54 97 17 13 98 29 47 7 42 38 91 18 37 93 18 83 83 6 80 93 68 17 77 41 89 43 38 86 66 88 55 72 37 24 85 35 53 85 42 95 23 86 13 60 31 31 96 14 37 28 59 58 46 36 51 35 79 41 74 97 30 81 69 67 6 7 55 11 92 97 7 67 83 72 79 15 56 27 81 93 56 41 3 54 29 7 89 61 48 15 10 30 97 32 50 55 39 5 66 83 54 25 2 38 98 81 5 54 9 38 99 17 31 55 71 13 62 12 74 62 80 84 93 29 16 95 36 7 0 2 90 54 28 92 44 78 26 1 32 87 92 31 56 23 86 27 36 0 91 10 63 23 47 8 52 63 3 88 23 55 43 13 9 23 58 6 1 
84 59 85 23 51 16 79 75 55 58 63 7 1 26 70 25 73 30 29 88 33 18 11 40 13 77 2 36 87 8 89 23 19 26 46 71 94 25 98 49 35 61 57 36 87 79 61 12 62 91 1 95 61 64 88 26 41 90 14 80 98 3 3 17 29 49 40 23 26 38 25 61 0 34 50 87 65 63 0 27 54 53 75 67 17 63 93 11 53 7 91 3 62 47 72 43 48 13 19 27 51 96 40 3 30 90 91 47 54 43 75 60 48 2 28 65 17 73 28 70 81 72 25 95 19 97 39 19 62 58 46 14 54 87 17 36 77 60 83 31 55 10 92 3 64 72 21 81 45 1 3 78 25 28 74 44 78 13 16 40 23 62 6 29 49 76 65 27 88 0 10 44 63 54 99 27 26 72 61 72 74 64 2 99 45 76 96 23 41 12 63 64 74 70 93 76 46 10 3 34 63 65 30 26 20 30 5 46 54 18 70 28 83 73 80 28 1 28 51 43 92 66 7 66 36 53 94 34 15 97 21 78 63 51 56 35 33 14 33 88 32 4 68 67 29 48 47 30 28 50 25 20 17 33 39 5 38 33 92 5 83 13 84 98 64 92 33 50 6 66 38 91 22 58 10 51 59 58 34 87 8 59 8 77 44 99 83 34 32 75 40 67 40 76 65 56 68 50 6 27 17 96 70 39 55 80 43 66 38 29 53 99 40 13 76 85 12 11 71 97 38 11 16 78 87 82 35 8 32 93 35 1 90 57 93 97 37 88 63 28 17 68 27 57 82 55 94 46 67 66 95 5 77 12 84 17 46 19 25 30 12 12 32 54 69 25 51 58 65 66 86 82 35 65 91 69 21 38 15 88 4 63 93 33 75 29 2 73 0 79 3 65 91 35 19 12 12 23 23 77 
89 9 11 24 27 3 93 48 93 61 36 97 24 81 82 51 11 37 24 63 16 27 28 8 15 48 72 27 23 95 57 12 57 68 89 84 23 34 32 16 47 20 65 23 53 48 26 16 85 50 80 1 30 8 61 45 8 86 24 31 81 81 96 90 2 37 74 25 23 58 42 71 30 7 46 84 7 73 52 44 75 84 98 5 93 59 2 53 97 79 37 79 12 85 69 14 22 96 40 97 6 82 20 37 41 67 73 49 40 77 45 15 62 43 73 7 55 27 60 52 6 49 83 19 34 53 33 8 1 25 6 7 59 26 96 1 45 69 2 37 47 99 5 9 43 78 68 98 57 28 2 64 30 86 35 64 91 20 73 92 46 31 51 57 9 48 10 55 17 64 44 16 64 49 77 7 79 45 57 37 26 59 53 56 45 40 72 88 60 97 80 58 28 32 16 90 80 26 97 49 91 41 18 7 43 47 66 74 45 23 63 71 34 16 79 32 8 51 20 69 49 53 79 29 37 95 19 69 74 68 18 17 10 88 76 53 88 42 79 33 17 43 56 51 59 35 35 20 38 8 89 39 61 20 69 50 68 40 19 94 9 89 11 71 78 87 76 66 81 55 51 98 98 7 1 10 42 37 30 32 97 71 72 10 91 93 60 59 33 79 53 94 68 16 65 98 55 93 16 36 49 67 34 99 74 88 9 68 77 39 1 74 62 73 84 6 18 96 17 3 75 23 98 95 39 15 94 47 9 10 35 10 30 22 9 4 10 19 73 87 10 26 61 25 51 97 31 69 93 48 72 20 71 22 15 63 38 61 10 99 24 45 61 54 19 70 58 29 41 83 16 4 9 29 81 12 26 12 81 71 12 54 43 84 28 59 99 18 72 61 17 96 58 30 50 78 53 61 7 94 
44 76 50 6 5 31 18 84 95 52 7 8 6 51 44 86 62 43 5 34 4 74 31 14 5 33 92 58 94 0 4 91 28 55 97 33 38 67 69 34 19 77 94 77 28 38 64 90 33 69 24 89 43 7 3 0 41 96 58 87 48 15 78 76 22 75 61 60 43 31 46 62 8 40 92 36 30 56 78 63 25 54 52 20 62 56 21 55 4 31 42 52 46 73 80 68 48 41 81 43 72 27 58 80 20 50 68 2 6 46 66 83 1 70 55 15 78 28 70 34 60 64 86 6 37 18 27 38 60 8 33 32 35 91 65 7 93 33 10 51 80 28 86 33 50 42 48 29 70 70 15 82 34 2 89 24 20 16 14 32 76 47 65 63 91 30 71 84 15 33 88 95 61 74 80 63 16 28 92 39 98 8 21 85 62 62 9 34 30 23 67 6 22 84 70 13 66 41 50 81 26 38 29 87 12 9 50 81 90 95 20 88 55 41 25 69 56 86 55 86 61 74 93 84 58 63 97 76 56 99 10 82 37 91 21 50 52 23 83 42 70 3 83 77 96 8 98 52 95 54 39 56 28 32 92 39 47 42 67 55 41 77 89 79 68 10 81 21 85 64 15 8 19 98 85 15 59 84 20 6 90 59 14 70 43 7 61 42 49 29 97 42 6 86 73 27 48 54 0 85 70 15 93 89 66 79 57 77 15 77 83 57 88 97 27 31 56 89 25 57 70 22 0 28 60 73 55 8 80 7 45 50 75 39 92 41 70 49 18 37 26 53 94 14 50 73 97 59 62 22 16 84 96 68 13 56 42 68 16 74 28 61 24 3 52 16 96 22 17 14 59 43 67 5 9 69 79 58 80 93 80 97 78 76 65 91 84 59 11 0 33 39 14 10 94 66 78 90 41 96 
56 52 39 23 58 1 45 89 59 25 82 92 74 12 68 40 55 5 51 67 57 85 58 71 47 53 90 25 95 83 21 52 35 13 27 45 14 72 86 25 50 21 17 76 33 86 16 89 43 20 8 0 57 66 24 4 71 66 29 67 49 51 19 36 16 98 34 30 71 20 55 73 41 73 49 75 11 18 16 6 38 24 6 47 42 30 51 14 48 80 33 97 83 4 86 99 2 20 81 25 92 89 50 34 14 0 61 25 70 29 31 60 53 89 7 95 72 58 61 20 90 94 70 26 98 56 25 53 28 59 78 72 48 29 58 62 81 19 39 51 48 22 63 53 63 70 49 35 80 62 8 22 57 78 48 7 86 26 60 66 85 91 38 85 72 97 99 53 68 38 56 69 12 71 22 75 41 23 11 73 86 19 95 43 49 44 2 87 22 15 53 7 6 91 44 30 40 43 35 9 81 91 78 45 62 0 20 55 76 83 80 62 54 75 5 55 71 59 42 93 74 95 52 32 39 48 62 79 91 97 40 24 40 18 69 54 71 42 61 47 25 41 9 32 69 66 87 40 77 30 86 4 25 90 36 16 39 51 96 30 0 88 7 93 7 76 99 30 18 61 29 96 2 90 80 71 8 67 64 85 97 2 89 75 92 78 91 83 29 39 66 81 28 73 26 87 1 26 69 72 87 98 68 41 88 48 65 48 67 81 33 65 83 23 92 27 53 35 11 34 75 77 15 55 50 42 94 51 20 63 23 59 13 43 0 53 43 17 1 11 98 34 28 81 9 20 61 62 55 72 96 82 1 64 37 3 58 83 54 78 46 30 37 59 25 89 12 21 7 65 32 5 0 12 39 9 32 0 24 39 24 20 22 25 84 11 28 42 95 34 72 93 16 9 5 94 99 69 15 6 
35 99 63 35 11 54 96 43 6 20 34 30 93 56 7 29 20 87 24 15 22 96 60 90 58 65 36 57 35 51 15 70 50 30 57 13 85 53 56 91 26 43 74 71 99 81 0 19 21 76 86 95 73 47 85 31 12 22 40 99 25 7 69 28 37 26 41 74 32 50 18 58 93 92 81 44 25 33 16 46 10 54 41 83 1 79 66 66 53 6 65 78 13 87 58 2 13 0 77 45 2 95 55 95 39 36 91 16 70 7 63 80 62 56 15 15 87 81 81 40 39 99 71 52 86 29 54 51 81 83 49 83 78 4 30 69 93 22 86 15 29 1 47 43 9 14 59 97 95 92 37 34 43 60 38 81 42 44 33 23 28 82 59 58 38 89 28 83 63 66 50 45 67 97 88 76 11 99 25 58 92 15 44 87 75 34 69 17 79 2 93 59 36 52 17 26 93 97 10 57 15 60 2 82 10 90 11 73 42 36 84 34 51 80 21 79 15 90 96 46 44 41 5 32 93 74 59 87 24 21 96 39 33 98 22 95 40 85 21 82 73 5 68 77 85 42 56 52 84 4 50 81 98 55 13 91 82 24 30 6 97 78 45 83 28 19 78 21 4 99 3 30 56 24 59 94 66 67 46 2 71 97 83 21 4 49 13 86 73 95 44 23 74 90 6 54 9 36 75 66 36 79 96 92 55 55 38 73 74 85 75 97 34 59 19 90 60 84 29 85 79 73 8 5 63 14 60 25 3 35 91 39 66 39 83 73 46 22 46 20 59 22 17 45 33 36 35 93 20 64 78 52 90 39 9 5 5 69 30 8 57 73 99 75 12 83 49 10 57 95 82 16 69 52 61 54 88 48 99 61 65 30 65 55 69 74 60 26 96 91 35 53 16 34 28 81 69 29 91 78 
25 26 46 46 78 59 1 18 8 52 79 73 82 96 80 3 71 40 30 67 83 17 72 0 3 52 81 25 82 24 3 59 50 50 5 28 9 58 99 69 63 78 42 45 75 74 1 98 15 31 17 50 48 89 50 3 93 83 28 27 60 32 86 10 82 44 91 43 54 42 13 17 20 7 15 47 82 16 97 49 47 14 99 47 55 2 2 49 85 31 28 45 63 15 8 97 11 51 92 65 93 5 83 65 65 50 65 47 66 62 48 65 29 47 12 36 49 14 37 87 97 66 84 60 81 44 9 92 47 54 9 40 11 44 58 76 94 75 75 60 89 23 25 18 71 89 55 72 56 92 59 53 58 44 66 91 88 27 35 36 81 45 28 93 41 38 69 36 13 97 48 3 20 26 73 43 15 80 16 23 25 75 77 35 19 43 27 60 70 14 96 52 11 76 97 53 15 66 41 28 63 41 83 36 67 9 79 35 89 95 58 14 23 35 2 94 30 29 54 53 95 2 57 7 79 54 60 46 72 53 26 36 94 10 24 14 71 3 49 60 99 7 27 22 95 29 16 25 10 23 30 5 25 87 64 56 93 24 2 66 29 29 54 76 91 78 90 62 81 39 74 32 46 53 6 93 34 75 71 96 98 1 2 75 41 66 32 34 43 86 0 24 67 54 0 10 32 90 24 66 29 99 98 28 4 57 21 39 32 92 35 82 94 89 57 87 8 41 21 3 80 22 27 47 28 28 58 61 18 82 79 0 33 77 28 90 86 1 29 18 94 16 0 40 58 10 27 18 3 48 21 83 22 0 31 51 28 41 64 99 75 43 51 9 72 31 99 59 32 80 29 26 48 82 18 58 92 97 76 95 98 49 79 20 50 62 23 30 55 39 81 30 82 32 91 7 63 42 18 48 
74 47 74 23 29 45 33 73 42 62 21 92 11 0 65 61 14 88 44 21 80 25 51 62 10 95 21 25 37 91 73 12 39 0 87 20 45 20 46 39 82 67 32 46 19 49 59 85 37 3 6 17 29 57 32 91 52 5 16 42 97 90 54 88 90 93 60 35 65 6 26 0 73 10 46 92 59 5 77 97 9 83 66 90 93 50 81 97 8 97 39 5 39 45 45 29 38 5 16 4 12 43 56 85 53 2 30 13 59 59 62 20 43 80 10 88 83 43 85 91 93 77 48 32 22 93 14 13 98 30 17 10 73 25 48 79 27 78 92 38 37 6 59 32 86 21 20 21 65 58 12 10 35 60 94 57 53 8 70 52 91 39 14 16 64 62 95 43 40 39 82 30 45 41 62 84 62 35 5 79 93 70 41 28 30 36 37 36 96 8 40 39 99 54 56 16 69 51 59 61 43 41 91 40 34 6 24 49 41 82 80 34 4 22 14 34 10 51 22 58 11 14 98 63 69 54 79 90 57 38 51 0 32 43 93 18 1 17 67 42 51 48 28 55 22 94 42 32 97 16 42 9 31 40 24 52 46 3 42 56 93 93 8 25 88 1 44 89 71 63 83 22 63 63 30 85 57 24 69 55 40 64 16 71 4 40 75 3 95 17 11 88 63 19 14 3 21 10 93 92 25 28 66 41 92 48 26 1 72 48 8 13 12 76 36 68 68 12 23 63 81 34 52 44 54 18 48 27 80 93 71 5 73 89 46 65 38 25 19 10 25 27 75 89 4 64 9 72 28 33 36 9 19 40 6 25 58 6 52 90 51 75 47 24 65 46 42 3 23 61 65 48 40 93 89 44 57 98 69 37 83 57 98 3 97 56 80 7 62 33 97 13 60 96 90 25 42 32 28 65 
93 46 65 85 39 54 30 48 5 51 37 88 8 35 43 5 92 24 64 6 9 13 20 69 9 10 47 4 94 27 69 39 73 35 24 64 41 54 12 46 57 1 35 65 37 30 22 81 6 86 87 67 51 7 89 13 69 36 17 63 63 86 2 89 73 27 53 15 33 18 61 91 19 48 8 56 31 31 37 37 69 77 5 21 36 46 86 6 82 3 21 97 41 76 86 15 55 40 82 40 58 95 83 77 44 92 86 27 23 75 16 44 52 73 17 89 19 3 47 1 6 20 99 48 96 85 63 51 77 97 44 35 92 27 65 88 19 3 15 94 78 32 39 83 5 56 24 77 60 71 78 66 91 29 66 40 67 81 43 44 78 87 32 71 15 49 11 86 4 27 81 82 11 72 17 68 28 41 45 40 64 76 7 8 57 25 0 24 7 43 21 85 83 5 8 50 6 20 36 10 99 69 44 10 41 62 30 70 55 76 10 72 4 69 80 61 47 80 38 54 75 59 91 58 16 0 8 22 72 45 84 71 14 28 33 8 42 63 78 50 39 40 22 95 62 2 57 9 34 95 15 9 6 6 20 22 58 28 96 30 25 80 1 92 8 86 0 3 50 30 53 41 22 75 37 84 29 94 45 15 41 60 24 47 19 96 69 77 25 17 60 2 97 13 94 5 0 46 60 50 76 13 91 99 88 28 35 69 74 33 84 67 93 61 14 64 57 35 42 34 52 2 37 49 15 83 7 67 82 67 17 10 81 61 61 21 41 97 91 16 30 27 35 75 88 50 40 98 37 34 32 90 88 21 91 55 57 50 23 39 18 92 1 51 53 63 24 95 60 67 63 42 95 98 69 35 0 61 33 38 95 18 80 35 91 71 91 48 22 66 39 92 58 41 95 12 4 19 59 16 
87 22 10 34 20 79 69 21 41 55 11 88 73 91 76 64 62 19 65 36 85 56 80 43 97 75 7 53 47 66 21 86 40 31 20 61 63 41 34 4 96 45 44 69 88 72 86 2 91 51 91 76 7 71 72 57 99 31 62 46 98 84 32 38 15 52 51 78 45 37 34 42 34 31 63 22 3 49 77 95 52 68 23 12 39 47 69 38 79 83 84 29 67 68 19 35 72 23 65 18 60 52 60 47 35 75 21 90 77 98 85 29 66 61 41 6 8 62 96 39 98 33 68 17 1 88 52 26 63 70 44 23 74 56 22 9 31 44 99 60 42 37 90 9 98 83 67 58 98 15 98 96 0 66 13 54 6 18 80 69 88 24 45 14 32 67 23 15 63 74 76 6 11 18 67 61 1 86 72 99 53 70 95 54 88 61 8 47 79 88 68 19 64 65 33 48 33 8 63 48 82 91 54 46 9 73 59 11 11 31 62 65 53 10 71 42 71 79 41 2 19 9 21 83 75 54 31 60 14 46 8 96 38 15 94 47 40 54 10 52 85 73 69 39 83 40 33 6 71 74 8 90 35 29 25 10 35 8 22 49 54 83 97 44 98 92 92 38 46 2 42 31 27 11 22 10 3 7 16 74 81 24 64 69 5 89 79 40 49 54 41 4 37 39 48 87 31 92 77 29 47 20 12 74 83 35 37 87 94 53 13 76 30 78 45 87 19 76 80 69 82 21 25 19 12 25 6 95 18 36 76 65 56 89 39 91 76 76 30 70 82 44 98 64 74 95 3 93 72 83 14 6 57 91 26 21 17 84 17 35 20 93 52 28 34 43 20 10 72 50 33 6 94 31 22 68 27 25 14 51 61 80 57 18 72 35 39 41 72 8 28 92 54 80 73 40 75 93 51 47 
95 36 5 42 67 27 10 46 53 76 97 14 57 7 84 81 94 75 22 66 36 2 11 42 34 84 82 9 29 85 9 24 21 14 18 41 42 81 87 47 57 37 13 66 44 49 99 38 24 73 57 12 75 68 54 9 4 37 19 33 74 80 9 48 94 80 89 88 61 76 35 18 13 0 37 9 49 36 0 74 62 57 86 37 77 93 99 33 82 70 66 56 50 27 4 44 7 93 33 20 22 20 39 87 21 28 97 70 16 49 96 78 6 35 16 35 28 67 68 10 37 86 18 87 65 23 31 25 68 16 45 42 89 36 30 10 64 27 80 81 76 29 11 34 64 79 21 92 46 41 54 83 27 72 70 44 47 54 69 68 22 67 10 11 3 40 21 20 19 54 53 95 83 64 81 99 44 54 91 90 95 45 74 74 17 96 19 17 50 40 85 73 7 95 84 11 36 58 31 55 12 84 3 47 48 36 46 44 91 89 35 86 34 61 61 3 57 32 20 8 72 57 33 80 53 17 91 89 27 74 96 39 10 51 38 10 88 84 55 79 25 42 17 59 3 78 15 60 62 87 20 35 45 53 15 98 23 58 39 50 32 87 42 42 39 32 4 27 69 59 58 94 1 75 6 4 6 21 17 68 8 89 3 5 95 70 3 18 80 94 20 12 82 14 6 73 99 11 0 68 22 58 62 24 85 20 80 91 41 49 12 2 39 15 7 34 38 63 4 18 57 76 83 91 91 41 64 42 4 16 10 27 26 24 3 12 45 35 3 86 85 15 40 76 83 48 62 73 63 66 91 20 42 26 64 85 68 80 27 24 97 89 3 23 14 6 35 11 94 91 49 79 58 90 7 93 90 69 66 53 87 10 25 29 88 89 67 56 70 46 33 19 36 36 42 2 43 30 13 37 
73 62 68 31 4 27 25 94 96 43 47 83 53 25 64 42 14 83 50 36 30 35 55 18 72 50 72 67 80 85 56 5 99 76 36 4 3 13 98 99 57 98 34 62 23 50 56 89 34 59 78 16 94 33 34 66 35 6 33 67 43 89 72 42 65 61 98 68 74 49 19 83 47 5 46 22 56 2 11 42 61 89 58 56 75 92 74 62 50 8 30 45 49 54 87 67 15 38 35 42 87 7 25 86 64 71 8 72 26 71 14 39 13 72 47 40 16 22 2 18 82 84 63 31 39 3 98 6 41 86 48 80 45 74 66 9 97 74 34 75 97 48 15 10 73 62 50 89 36 5 60 18 89 23 2 80 26 52 39 19 38 87 99 35 13 17 97 11 43 31 86 41 79 1 51 52 16 54 94 4 11 54 75 52 29 77 85 8 29 24 79 20 11 79 55 25 48 52 88 92 35 74 33 15 28 36 19 96 42 65 0 53 71 75 6 1 4 91 9 86 67 40 6 78 19 13 55 68 66 43 12 1 18 45 68 98 33 40 94 76 5 46 81 77 74 39 30 78 30 91 64 97 31 22 28 3 36 83 23 54 79 35 7 49 32 76 47 65 68 93 93 73 39 75 2 65 14 84 44 97 75 60 46 59 83 74 62 71 10 37 25 89 24 32 90 56 60 37 21 28 30 15 54 21 42 8 87 56 93 83 53 20 95 0 79 30 26 93 1 88 30 26 29 6 11 19 62 71 56 36 0 38 3 6 12 45 14 51 1 7 86 7 80 81 59 59 12 85 5 65 74 87 92 3 94 55 75 56 26 31 44 78 22 47 84 34 92 51 37 46 10 23 53 90 4 12 2 68 49 7 34 23 46 78 79 40 33 54 49 11 37 93 42 11 41 26 45 85 29 34 
31 40 57 84 30 14 48 32 34 98 91 20 73 38 98 52 30 83 58 31 47 48 77 89 59 70 67 57 55 97 91 39 37 1 23 19 15 72 52 49 70 95 70 43 85 20 48 68 56 58 99 55 58 28 44 18 98 11 27 6 60 18 45 97 19 20 17 86 92 21 88 14 68 58 10 6 30 10 74 38 20 25 93 79 54 37 97 4 1 24 10 61 94 7 11 66 28 80 52 20 53 40 87 21 50 49 27 81 59 53 71 79 79 65 58 33 54 7 89 55 83 0 69 30 7 80 96 35 60 48 8 65 41 47 86 91 96 66 24 7 19 96 86 98 13 97 83 67 56 73 75 92 25 44 22 32 24 18 20 36 18 80 1 59 27 39 3 75 5 79 82 77 75 20 27 40 69 11 8 26 36 83 70 61 79 92 45 55 62 17 43 80 49 44 92 76 35 47 3 93 26 85 70 54 6 49 94 75 12 54 53 48 37 23 61 68 67 59 23 29 28 66 62 78 62 6 6 98 53 10 43 79 95 65 33 53 14 80 81 27 34 86 27 24 10 41 92 77 52 16 59 80 34 21 10 97 27 17 47 80 79 42 11 26 7 97 80 21 77 13 0 11 99 80 87 9 21 80 39 73 48 98 5 82 19 16 31 98 85 30 30 64 72 41 42 79 90 74 53 67 87 5 31 87 85 18 48 6 50 39 31 98 37 37 33 8 5 16 58 42 47 88 58 71 82 0 51 72 75 56 40 62 61 23 1 47 93 50 5 44 41 37 94 79 26 79 39 83 96 98 25 95 38 83 66 20 35 69 93 10 25 33 25 39 8 26 86 53 28 43 49 70 32 44 1 58 75 92 93 23 90 18 18 29 53 37 1 41 6 94 51 32 79 28 23 87 7 61 41 87 
4 90 57 37 86 10 47 14 3 41 37 45 11 8 26 17 45 28 58 51 22 9 35 2 90 58 41 97 19 34 84 24 77 94 13 15 4 60 29 59 1 19 57 65 27 83 82 72 63 40 23 38 1 11 92 91 69 33 40 89 20 25 65 97 71 30 64 27 90 94 87 44 13 44 9 92 79 43 64 95 83 39 33 84 50 25 28 20 58 20 61 30 45 78 27 68 8 44 96 50 38 35 94 3 31 55 95 10 98 11 5 33 50 90 70 53 15 98 73 26 18 86 56 16 16 36 84 24 80 32 74 70 67 21 73 98 76 20 61 27 83 66 60 85 57 30 38 24 80 63 50 99 1 59 67 17 95 3 41 27 36 68 97 3 89 22 2 17 94 63 96 77 81 57 14 90 39 53 67 20 16 17 71 18 28 38 35 23 93 29 50 29 49 99 85 90 21 39 59 67 2 56 44 35 65 59 78 4 64 45 24 32 14 95 2 43 85 90 18 79 19 21 60 20 20 45 10 94 84 69 61 38 77 58 26 42 69 4 47 33 1 23 65 15 71 68 58 56 58 29 87 29 50 0 49 70 45 11 64 82 80 78 20 10 36 46 52 5 2 51 38 3 75 55 19 46 75 29 54 33 58 94 14 8 94 15 31 39 26 47 21 59 25 94 69 61 92 21 66 95 25 56 98 0 12 69 98 87 51 52 73 61 46 39 22 40 55 53 32 81 0 5 92 78 99 61 39 44 35 58 39 60 14 89 60 78 11 10 18 62 62 91 75 61 82 97 53 37 50 85 71 3 43 63 81 94 77 72 38 12 30 29 24 45 19 84 75 82 46 93 44 8 84 19 69 67 69 75 56 19 12 27 74 55 43 7 2 20 80 40 32 10 70 56 7 41 92 83 23 38 
76 19 98 13 90 20 32 59 95 40 31 7 68 5 15 63 13 17 83 93 9 67 55 31 75 15 72 67 50 95 57 26 66 7 91 57 27 75 16 74 16 47 34 36 53 49 99 18 18 82 63 79 1 70 11 76 85 83 95 35 31 52 14 97 11 57 54 39 33 71 13 1 70 99 37 75 0 88 93 18 70 8 50 23 79 61 99 16 44 94 4 75 98 18 25 9 27 79 0 12 2 14 13 73 65 50 48 66 38 94 36 60 2 86 83 33 47 34 50 44 28 54 19 26 24 44 88 51 76 88 64 78 54 77 3 20 80 52 86 70 98 74 83 52 61 18 86 8 53 36 4 81 42 24 60 66 20 48 69 48 36 33 27 43 63 30 63 43 34 1 65 84 75 48 37 36 67 23 97 20 11 1 53 5 77 13 71 50 13 40 98 2 26 77 45 89 60 60 84 46 61 49 31 36 98 20 25 17 95 74 37 6 27 90 63 57 56 34 59 21 26 9 23 4 87 20 93 99 80 29 45 41 79 28 30 29 48 7 46 43 33 35 1 12 77 64 69 33 50 80 55 77 90 30 81 77 51 27 28 31 56 73 25 87 2 55 16 50 14 14 94 47 49 95 59 27 60 81 12 10 61 67 39 51 50 73 80 1 52 8 84 8 34 9 48 36 16 64 38 30 31 84 29 32 32 41 59 44 22 24 6 83 43 46 87 93 71 67 94 23 28 79 83 62 40 31 50 57 96 88 39 79 73 21 11 5 62 23 49 84 47 55 19 90 53 58 84 76 78 30 99 6 61 83 20 54 14 70 11 62 58 2 41 83 23 5 40 85 28 41 21 75 49 93 17 2 51 53 79 81 84 30 87 97 13 7 51 80 77 14 42 88 17 36 71 92 41 64 30 69 
5 3 96 54 96 13 9 0 67 40 81 3 70 21 0 36 28 4 16 58 18 10 98 87 46 21 80 39 85 10 8 91 13 56 97 62 70 6 62 89 46 95 92 69 16 44 5 97 48 21 55 67 83 53 54 30 26 86 69 12 96 30 3 62 38 0 24 8 59 38 49 57 33 41 26 50 38 31 99 86 4 54 5 40 59 60 70 85 46 91 49 95 73 4 57 12 57 33 72 16 71 22 73 4 15 52 6 53 35 5 92 92 11 97 32 22 57 54 60 56 45 9 51 71 66 60 83 23 93 7 39 64 29 64 20 97 68 79 2 4 36 94 96 0 92 28 22 1 34 34 57 79 96 60 50 62 72 85 85 65 93 76 81 74 92 54 71 61 85 74 65 21 68 13 21 12 93 96 14 27 82 23 6 78 84 9 92 8 94 29 74 39 57 7 14 50 61 85 11 98 11 28 20 32 41 93 44 34 89 10 13 24 34 71 54 70 80 47 78 27 28 4 18 86 12 32 36 25 70 99 24 81 27 44 65 20 89 10 6 79 20 19 55 6 90 9 76 23 8 55 2 37 59 20 23 23 53 11 49 75 10 25 56 89 69 22 9 58 84 15 89 56 34 96 63 76 6 39 99 14 46 1 51 58 74 26 33 27 89 82 54 99 7 62 40 28 36 49 39 20 64 80 77 50 77 92 27 35 83 26 49 82 80 53 40 54 31 73 33 21 8 87 72 67 49 13 96 38 62 87 58 79 19 87 81 48 31 8 83 15 87 85 97 19 90 89 73 21 14 58 94 22 97 67 90 98 32 38 36 94 77 95 25 96 34 7 45 66 67 80 81 54 65 30 73 55 19 98 29 33 8 23 8 5 42 98 4 74 88 40 21 17 87 98 65 22 5 62 40 73 
43 21 79 60 3 5 68 22 55 97 7 64 72 15 69 67 65 73 41 53 66 14 22 53 13 88 27 70 50 67 95 45 40 75 6 43 32 74 65 87 23 73 51 95 40 73 62 6 98 56 11 64 70 34 70 35 22 97 6 24 65 1 70 5 28 76 49 12 2 66 0 25 91 3 72 32 28 35 38 27 43 49 43 13 83 13 1 57 63 7 82 28 60 52 85 41 80 34 53 82 53 5 7 44 61 79 76 41 66 14 68 9 16 64 75 99 29 76 57 92 35 91 20 47 43 58 40 23 92 94 57 97 51 16 42 64 47 70 6 14 37 26 75 53 90 2 4 20 30 13 12 17 4 85 65 99 43 5 22 87 51 31 37 55 47 79 19 95 49 77 61 86 4 88 91 46 91 96 66 73 9 31 91 14 68 8 13 63 65 88 2 17 71 39 24 19 18 43 14 20 73 27 58 77 15 50 23 58 98 42 32 59 25 23 73 93 83 39 56 48 79 10 17 50 50 41 21 20 37 87 92 10 14 51 39 30 53 62 88 3 56 72 62 81 47 88 74 30 79 82 79 58 45 96 60 95 90 34 67 27 21 60 89 36 63 80 18 68 94 58 71 51 83 33 32 30 21 59 61 0 93 92 10 90 40 23 37 30 57 5 9 78 17 50 66 80 30 36 0 25 47 71 76 30 56 60 60 78 71 73 78 17 65 41 7 6 64 45 88 21 2 50 51 19 0 18 51 31 6 51 8 53 74 36 35 30 96 48 8 20 21 39 37 39 80 96 45 96 41 85 17 43 35 68 14 36 38 65 19 45 68 79 50 42 15 38 73 11 86 33 83 7 24 20 46 56 17 43 52 10 81 21 6 16 90 20 4 80 38 75 77 6 54 80 49 69 18 74 33 4 
59 16 63 84 89 10 40 58 5 93 20 38 14 26 7 56 47 63 89 37 39 66 43 45 46 44 67 64 18 52 68 78 20 32 62 61 94 54 19 51 99 92 42 66 18 49 22 17 12 63 54 3 30 98 49 28 42 68 45 13 20 65 43 92 49 57 54 95 11 25 99 11 17 41 77 36 90 51 5 54 67 60 58 49 10 59 77 4 27 74 17 99 40 60 91 89 17 45 85 81 23 36 92 40 77 21 76 19 24 82 73 91 94 31 40 4 90 70 8 69 44 78 68 84 90 12 26 60 9 63 41 32 99 85 73 76 6 1 95 82 35 68 74 29 52 66 85 94 36 46 64 81 24 84 17 66 48 43 26 58 6 67 42 5 52 15 33 10 69 28 93 4 49 19 86 1 85 71 95 22 17 11 55 93 48 72 60 96 16 86 6 74 6 49 32 58 16 65 69 37 46 14 42 95 33 28 48 18 51 95 92 21 7 47 14 7 20 26 3 88 65 62 14 71 11 46 81 79 64 2 17 10 16 11 57 49 39 5 68 42 0 60 63 59 60 30 66 32 8 22 72 73 84 86 96 47 85 78 78 49 80 95 11 97 6 68 46 97 73 66 40 25 79 55 37 39 85 55 23 94 29 95 19 65 33 16 12 70 46 43 71 26 38 82 75 97 2 74 94 27 40 86 53 71 94 42 62 31 97 85 25 79 32 97 44 66 13 9 36 11 52 8 37 90 42 13 39 45 87 34 72 79 72 77 51 66 19 13 98 69 51 75 48 83 24 92 49 37 1 38 48 53 98 38 96 40 3 35 37 42 21 10 21 46 39 24 12 59 38 62 28 41 90 76 24 14 20 74 4 74 64 4 27 62 42 75 54 97 63 92 39 84 54 61 82 93 85 95 4 75 
9 32 16 99 60 93 66 33 19 70 7 83 74 86 97 69 14 51 66 77 95 6 13 1 19 96 47 56 43 51 32 52 36 0 4 96 93 70 81 12 92 88 47 66 27 44 87 41 48 54 18 95 12 31 97 31 27 44 87 22 95 71 75 31 24 31 80 17 53 61 82 45 2 81 63 29 26 51 70 26 57 40 21 21 71 18 52 51 14 91 73 62 15 0 45 39 83 77 8 36 39 42 33 93 24 97 74 50 0 96 76 9 36 49 30 59 20 82 62 34 25 88 48 40 40 94 31 24 71 40 12 62 82 46 7 6 43 81 8 95 77 36 4 65 86 34 25 6 68 87 92 93 75 41 86 16 87 17 92 58 9 4 73 44 50 80 50 45 62 11 40 91 47 96 57 85 30 34 43 98 21 36 44 49 29 82 17 16 99 61 26 61 65 99 5 68 32 7 13 46 18 6 37 18 2 46 55 33 80 99 83 54 87 79 55 16 61 24 84 13 85 10 74 2 62 31 70 46 38 84 92 9 42 81 79 44 28 34 29 60 33 13 14 20 92 21 88 6 45 72 19 82 35 45 85 49 76 55 95 14 91 87 23 33 20 54 30 48 89 59 61 74 24 75 47 69 49 35 75 94 60 46 77 47 91 14 96 67 69 43 81 13 82 57 46 2 11 76 3 52 88 64 27 12 91 74 33 40 61 8 87 21 54 16 68 45 30 16 64 51 59 98 64 93 55 11 96 18 39 99 23 79 15 50 44 6 76 77 99 37 38 86 11 44 54 31 42 84 48 6 35 59 4 0 53 11 63 1 82 2 0 5 34 67 7 78 73 83 55 24 72 93 10 35 38 64 67 80 0 67 38 36 78 43 88 31 54 51 32 88 5 84 93 39 3 52 17 77 87 25 
53 12 18 64 47 8 80 14 40 81 33 79 69 12 22 57 95 28 60 80 17 65 16 62 57 20 67 74 49 54 51 2 66 70 66 14 30 99 80 71 32 66 50 1 78 24 10 73 52 22 5 21 39 22 36 96 42 3 23 91 9 74 93 76 96 12 42 27 63 74 98 95 92 0 48 70 24 10 96 28 32 1 50 71 75 38 68 17 41 43 8 2 17 54 78 14 18 72 41 81 99 91 76 91 91 76 14 67 86 10 95 70 63 97 41 39 35 61 8 28 4 69 31 74 23 61 88 41 86 81 74 85 24 50 76 15 26 42 82 64 52 29 34 68 27 27 59 14 89 67 43 45 36 26 71 11 39 11 4 25 92 78 10 16 28 39 83 6 81 17 22 86 47 56 6 26 84 17 40 25 84 35 22 73 13 46 84 53 57 41 78 50 19 41 18 0 32 2 58 13 71 81 51 18 89 9 96 25 26 37 50 63 24 25 36 38 71 72 91 28 13 69 30 85 62 1 85 94 55 43 60 26 24 11 97 14 73 93 39 99 82 42 62 7 19 50 45 42 23 88 22 88 9 53 73 72 6 10 66 61 54 78 39 30 90 36 44 63 82 36 14 64 30 77 23 49 79 20 91 2 8 13 43 18 18 68 42 76 79 60 37 33 39 77 63 81 65 60 96 47 48 10 12 78 39 87 27 19 8 70 73 68 35 16 38 6 37 80 82 16 93 20 1 32 49 16 13 14 28 9 14 76 71 78 54 11 65 33 30 73 55 55 42 91 24 80 49 61 13 31 29 6 3 82 90 52 98 3 19 27 64 33 55 35 11 10 98 76 95 80 2 51 36 96 94 60 28 43 21 93 74 2 99 30 84 89 34 82 44 53 61 60 38 69 48 1 31 46 30 26 
27 32 29 15 80 23 75 8 18 48 2 45 50 53 75 34 95 9 68 91 15 82 52 53 51 0 7 82 98 37 60 77 21 90 92 1 65 67 61 36 15 15 81 17 69 8 3 16 17 72 7 84 6 11 90 9 63 97 43 62 34 3 39 55 45 32 8 63 99 69 99 67 85 80 84 6 40 40 74 57 12 81 42 70 45 84 79 8 81 22 70 15 77 10 22 23 94 82 86 45 51 85 64 88 17 1 46 9 41 20 66 53 54 60 75 99 44 54 7 25 28 30 92 5 92 66 80 86 48 66 31 52 3 48 92 72 49 91 81 90 63 0 95 17 12 70 68 57 76 28 34 56 58 79 61 2 97 42 88 98 60 71 2 16 19 94 88 68 37 22 58 1 22 5 70 34 75 91 43 3 19 30 59 29 61 21 31 58 15 71 8 27 42 10 43 14 57 84 82 94 6 93 95 80 98 66 66 26 57 62 29 28 44 89 57 5 62 40 15 29 11 24 56 53 86 52 19 43 36 54 38 42 47 33 74 97 51 40 23 8 54 5 36 98 94 45 3 8 85 71 37 48 95 45 54 81 97 73 25 33 27 63 27 26 48 1 24 0 94 99 60 48 4 97 47 50 94 2 58 32 73 47 80 68 93 86 2 42 60 79 76 87 94 55 66 42 57 90 94 3 41 55 51 46 4 98 48 98 53 7 82 26 6 15 47 99 1 49 94 61 80 70 1 26 25 67 68 34 9 15 37 50 70 41 48 74 91 97 24 44 56 59 71 62 74 18 14 75 19 8 89 51 30 42 77 7 61 97 94 70 12 83 72 82 24 21 8 68 70 85 12 26 44 35 88 70 5 54 97 76 62 86 27 92 28 4 52 41 2 46 11 14 29 36 49 6 9 57 74 79 
94 38 5 90 74 45 60 31 0 58 8 62 96 35 7 77 40 59 18 42 5 82 8 86 18 57 92 27 67 66 6 61 5 63 4 31 8 64 62 60 74 70 23 71 58 82 48 98 93 66 92 50 48 0 36 18 58 29 45 25 47 3 38 4 18 42 35 27 7 50 39 81 72 14 4 30 96 52 28 89 71 20 39 19 21 28 38 31 9 35 56 56 91 46 61 9 89 48 88 48 50 28 81 23 42 86 53 39 90 34 80 61 6 72 33 27 52 71 10 61 58 66 69 49 13 82 59 54 31 47 2 33 27 83 56 70 21 62 61 12 96 93 73 2 17 6 82 69 29 92 30 40 11 52 89 76 34 0 30 65 0 32 51 27 67 7 49 89 69 62 1 17 56 26 72 73 33 6 95 14 98 77 54 61 29 44 37 64 96 19 81 96 3 32 76 71 92 77 60 13 40 13 31 96 39 55 21 72 61 16 39 11 46 93 25 75 89 62 91 86 34 73 34 37 57 62 8 49 40 20 63 80 33 46 28 73 53 49 97 14 18 36 77 64 82 2 91 71 17 83 9 51 8 96 88 65 58 49 67 50 69 30 82 3 28 10 28 81 12 77 47 82 66 24 98 48 27 89 71 44 24 81 47 32 29 35 50 39 84 17 90 54 99 72 9 27 35 89 60 47 18 7 29 84 31 79 84 10 20 56 54 45 89 53 29 70 89 79 9 25 48 99 31 47 24 40 26 59 81 86 58 0 45 39 36 77 18 21 87 38 29 94 35 70 47 65 40 88 96 49 14 45 1 45 44 25 38 71 84 71 9 94 71 55 33 60 84 51 81 23 89 62 17 77 32 17 42 72 5 38 73 71 35 74 69 32 99 59 3 35 30 64 29 54 71 14 14 55 65 47 
79 7 9 48 84 41 17 78 13 75 68 86 46 4 13 67 36 64 26 91 0 57 7 81 63 79 96 77 34 13 24 65 20 33 66 56 26 83 34 39 58 3 77 5 59 42 72 47 7 51 38 7 8 45 40 71 76 88 0 63 2 76 80 74 9 46 31 35 30 17 26 88 20 55 45 31 98 70 78 57 21 68 16 81 66 56 4 42 45 4 5 99 80 38 73 41 84 4 28 14 22 6 55 94 13 0 78 11 22 56 20 43 25 36 24 91 93 80 85 90 36 43 89 68 81 62 9 65 19 89 32 41 95 87 87 9 39 65 72 62 74 93 57 99 29 34 42 74 14 79 64 51 22 5 71 55 68 81 21 87 22 5 80 70 92 67 31 83 85 55 97 59 48 55 10 30 89 4 56 55 83 21 6 58 78 30 13 46 11 34 33 85 91 65 55 35 85 38 19 70 94 16 81 94 71 43 24 12 47 81 68 30 54 26 88 32 56 54 31 19 40 16 5 32 82 12 67 19 51 86 41 97 55 22 91 26 65 16 91 64 49 59 94 55 85 35 39 94 89 22 13 29 39 70 13 73 35 81 92 38 19 33 35 74 7 26 53 72 42 44 36 43 3 82 50 40 69 42 34 10 64 0 92 3 70 5 28 5 86 20 43 6 5 78 80 12 5 33 84 99 29 72 95 32 7 45 25 28 39 59 91 4 59 83 59 82 88 88 39 27 60 35 85 66 13 17 78 70 3 15 22 32 39 17 65 98 14 90 27 54 1 18 10 13 53 69 95 41 9 34 20 70 69 5 36 35 23 14 57 26 29 31 10 21 0 75 19 15 17 46 21 71 16 83 84 69 52 31 63 62 65 83 32 87 41 20 74 64 34 83 42 16 15 4 37 15 80 56 82 49 
55 55 20 23 38 56 93 91 87 8 5 5 91 89 44 32 9 18 48 95 53 42 11 68 47 0 36 79 57 70 80 64 26 53 87 64 9 32 7 97 40 64 2 32 53 46 16 62 16 17 58 69 11 21 90 10 22 78 89 31 48 22 47 74 75 34 91 84 19 50 81 59 15 83 43 20 81 12 35 97 81 45 19 92 18 9 3 40 39 44 23 87 66 70 14 41 57 5 78 76 7 59 87 74 95 31 47 76 95 82 26 76 79 97 68 97 58 23 38 97 20 13 84 38 84 98 32 93 55 10 69 63 69 8 89 16 39 36 45 34 18 23 62 49 20 83 47 78 6 37 75 26 50 59 17 86 10 49 79 65 59 0 80 80 9 22 97 0 58 94 87 29 17 49 78 37 32 25 15 91 62 42 69 65 53 86 51 63 35 31 81 94 83 13 75 92 35 24 93 46 18 32 75 35 81 5 72 66 83 39 57 97 81 78 62 34 65 66 50 0 97 31 47 80 44 22 25 32 46 70 78 16 2 5 51 35 62 75 1 97 14 10 95 47 89 9 33 54 75 83 6 24 66 53 57 63 27 82 47 25 52 25 41 6 82 92 93 96 67 47 94 33 57 89 32 98 98 18 4 26 53 63 50 20 16 7 35 96 89 82 21 93 59 63 51 41 7 45 37 27 92 31 12 1 72 45 0 23 15 56 49 68 19 99 40 36 7 75 32 48 9 5 94 68 68 45 61 76 90 51 55 34 34 67 36 7 64 36 30 79 92 31 48 12 30 88 0 89 16 84 90 25 89 84 94 58 29 55 86 72 6 93 6 41 60 42 0 25 30 82 4 75 13 4 87 95 93 39 37 9 23 27 86 64 11 80 74 92 88 60 64 46 5 71 39 66 65 39 91 96 
73 47 71 86 52 10 34 97 1 71 58 76 50 44 40 61 77 15 5 65 27 70 63 33 93 3 99 10 94 42 58 68 89 81 54 93 43 40 90 44 63 48 20 13 45 61 74 22 76 32 39 55 54 2 88 47 57 87 9 52 81 68 20 71 49 26 16 45 19 7 89 82 7 62 96 4 23 22 78 51 54 69 6 8 72 95 7 81 34 17 33 16 37 5 39 38 84 55 83 3 14 73 85 74 35 33 78 10 56 9 13 10 78 71 71 2 18 78 84 5 47 69 21 84 27 12 23 11 19 58 66 34 83 51 60 70 85 90 80 93 99 45 3 78 69 74 80 87 5 16 92 4 86 65 89 13 77 64 76 97 74 42 83 58 45 43 28 82 33 61 75 85 6 31 63 75 57 95 15 62 12 7 67 50 73 8 15 2 24 91 99 98 85 82 56 30 77 85 13 63 46 88 48 4 19 63 32 77 10 47 91 22 6 58 24 79 18 39 82 42 82 33 93 67 68 49 98 97 86 63 60 84 51 60 41 23 23 73 52 34 72 43 8 78 54 85 10 72 76 44 67 59 77 12 78 97 61 28 95 0 91 55 36 95 16 77 18 91 50 70 25 74 13 86 53 19 71 63 92 47 7 11 58 36 23 37 34 36 65 29 88 9 36 25 4 4 2 22 96 5 44 73 79 9 11 32 29 34 47 73 82 6 84 92 43 59 81 77 95 99 58 84 8 46 9 64 51 63 38 47 68 82 72 48 91 84 32 20 18 32 93 52 38 29 97 33 40 78 62 88 29 20 72 89 67 33 53 70 48 91 69 17 73 41 17 17 77 1 37 48 85 83 0 24 64 49 57 5 28 72 93 9 92 17 99 11 2 4 33 50 96 2 19 21 96 88 38 73 42 28 
21 27 63 74 51 27 23 61 84 3 85 29 13 29 46 64 41 0 68 26 3 16 29 22 38 25 63 76 98 5 56 72 32 19 46 36 99 21 49 35 25 34 65 90 63 63 6 56 64 74 83 67 91 12 41 81 89 4 9 39 61 66 11 94 37 9 82 88 31 31 24 8 17 89 50 32 52 56 89 16 82 24 35 25 88 77 6 77 33 16 16 95 34 80 41 23 89 23 12 72 6 36 32 23 77 82 7 29 38 96 98 73 20 33 98 8 62 5 37 96 73 54 43 59 34 84 82 75 59 46 0 65 82 32 40 59 15 47 41 5 96 39 78 16 24 77 77 87 34 14 35 59 20 78 70 6 14 4 82 73 51 82 90 33 66 30 45 81 29 86 87 25 77 17 94 1 46 23 88 80 89 75 91 10 5 61 16 19 18 50 44 69 84 34 54 51 16 99 84 46 37 23 23 14 41 69 16 87 92 56 20 82 84 63 44 89 77 12 61 95 15 57 64 51 92 70 2 60 70 39 58 59 62 82 74 55 3 42 95 96 50 15 30 86 30 26 76 7 38 89 54 53 46 70 5 90 41 59 51 63 50 9 22 13 43 48 20 47 42 15 95 93 82 25 79 13 51 7 72 41 96 27 47 95 97 52 85 38 63 36 1 14 98 76 79 41 24 99 40 19 67 35 64 49 12 43 14 15 3 87 57 51 14 4 46 63 8 84 2 23 20 55 37 70 83 68 12 8 20 4 27 87 40 91 88 4 86 3 20 41 90 29 93 56 33 91 19 93 75 73 16 48 29 6 70 12 74 34 72 46 39 51 33 31 94 74 35 33 77 55 74 19 84 19 75 69 63 94 62 90 20 79 90 1 85 61 65 11 95 38 58 34 41 43 65 88 17 53 21 46 
8 47 65 45 19 40 66 34 87 29 24 59 60 67 60 97 28 25 60 75 63 70 10 57 14 27 45 83 32 18 30 93 65 47 38 36 40 56 70 27 85 95 86 97 62 98 46 42 23 7 17 39 77 79 96 43 59 41 27 91 59 9 84 76 56 74 13 96 31 83 75 68 30 13 66 44 11 12 86 35 19 4 74 49 35 22 92 94 15 71 86 74 80 22 2 89 97 67 37 28 3 65 96 33 78 14 78 42 79 16 77 50 72 3 99 8 25 44 2 40 15 40 66 48 63 20 89 12 88 26 92 91 91 40 76 22 55 54 64 86 23 93 36 95 96 36 55 73 32 10 65 47 50 31 47 65 3 36 29 91 63 21 34 6 62 11 28 69 17 44 55 40 37 91 36 33 79 43 58 11 53 23 11 4 6 58 21 10 95 3 1 10 24 36 16 38 99 97 59 16 41 14 57 31 58 45 16 89 88 75 1 42 98 64 98 57 22 71 67 69 74 20 79 51 8 48 89 7 97 49 24 90 15 33 21 73 78 38 63 18 65 16 60 63 32 10 72 54 82 39 76 8 60 7 59 68 7 49 28 4 50 52 47 65 85 68 39 15 58 54 33 23 22 46 39 54 56 11 60 90 51 88 99 63 96 58 83 3 59 11 60 9 15 7 75 52 27 66 67 86 20 53 9 94 99 48 0 7 12 60 98 15 49 97 78 97 7 13 52 67 77 12 76 44 71 3 97 99 69 16 85 41 21 46 35 20 47 35 80 59 48 78 74 49 27 4 98 34 69 50 53 98 63 82 43 34 85 92 33 55 60 70 48 82 17 84 54 64 71 34 75 71 12 1 72 91 5 70 26 26 21 31 25 84 13 68 70 99 60 56 6 20 26 54 54 95 90 9 11 62 
43 38 85 8 39 58 99 96 28 77 23 49 9 48 85 22 68 8 73 80 64 79 52 42 34 7 90 76 68 1 90 11 92 76 71 31 34 71 28 14 48 3 64 9 3 1 32 23 9 57 3 25 37 55 68 23 14 10 99 82 63 90 46 55 66 17 87 52 40 67 66 41 22 82 50 25 84 34 48 45 92 3 71 81 10 91 4 77 1 55 59 64 97 57 20 15 27 59 67 67 78 86 60 0 68 11 77 4 45 77 50 89 80 21 70 90 64 26 67 65 82 79 29 79 88 1 95 15 60 14 35 90 0 95 90 21 6 67 25 4 44 75 45 76 48 16 67 12 42 86 29 76 17 11 8 6 12 55 73 25 69 8 15 22 4 58 43 62 77 68 18 74 96 64 50 96 32 69 61 26 56 90 3 73 53 63 31 66 18 5 43 87 13 10 61 69 68 4 84 46 25 2 72 73 18 22 21 2 92 82 29 0 25 84 73 78 99 5 96 17 62 39 56 75 2 18 97 22 74 81 20 51 35 92 24 6 15 98 8 7 80 89 7 57 25 32 36 24 89 84 41 51 76 98 79 78 68 76 0 94 57 21 46 44 13 22 50 28 20 11 87 1 0 46 58 26 31 46 50 72 31 92 24 7 42 55 37 62 31 37 56 40 10 2 84 24 25 87 4 45 98 44 98 98 42 9 24 73 7 27 98 38 19 74 97 13 29 34 75 60 24 31 0 34 86 36 10 11 23 15 8 21 11 7 20 53 68 96 79 75 23 77 66 94 51 15 7 32 2 34 92 26 18 44 12 4 32 23 67 56 90 75 29 1 34 1 6 2 98 85 30 73 14 96 68 17 11 27 49 13 14 93 91 32 37 4 36 70 79 3 78 69 30 7 22 65 9 80 19 59 
18 1 32 32 97 52 2 61 32 51 26 46 45 70 78 34 74 66 56 5 21 86 26 51 46 0 68 7 80 40 66 98 41 50 83 91 3 85 4 35 88 30 81 85 52 11 72 26 29 28 83 50 67 9 53 13 9 74 20 42 14 86 40 7 88 75 98 91 60 54 78 49 37 11 86 89 22 58 68 3 39 51 53 6 13 7 19 22 81 39 16 47 77 57 54 65 84 5 9 45 59 87 46 96 51 32 86 25 43 54 29 82 57 82 88 70 41 7 45 74 98 61 21 27 70 28 92 55 33 53 0 44 93 98 41 44 82 79 69 25 33 50 7 42 33 95 13 26 54 58 53 52 19 74 79 90 54 24 97 39 29 97 84 22 47 77 18 29 56 40 7 41 90 14 83 75 62 96 2 68 54 55 21 26 81 52 68 88 28 65 27 10 14 11 32 61 88 3 42 96 43 49 37 33 16 73 61 30 21 63 98 76 70 71 54 3 76 22 91 4 87 19 14 1 82 99 14 23 2 56 19 97 58 9 82 74 34 43 4 55 58 54 83 28 26 37 32 2 11 75 58 98 94 73 51 29 24 17 52 78 26 23 75 84 84 9 10 70 5 66 26 63 20 9 44 46 99 28 48 10 3 7 61 50 32 64 79 8 82 83 86 60 58 13 44 95 74 54 65 79 20 91 43 92 53 39 39 52 67 39 14 22 46 27 72 30 92 3 38 26 38 76 86 97 41 82 44 16 88 9 95 60 53 90 52 6 29 91 10 48 31 76 71 29 4 43 60 48 99 50 74 37 79 12 34 20 94 30 36 82 40 84 94 93 26 46 51 56 90 61 56 21 37 27 2 93 71 14 41 22 65 67 59 44 79 46 16 25 76 5 59 16 89 53 61 67 0 12 23 90 
25 32 63 15 59 17 8 82 32 50 4 49 17 64 45 49 10 61 74 38 66 34 55 7 87 68 75 39 81 50 81 6 82 96 73 42 14 82 76 98 84 81 47 1 45 92 2 7 5 77 45 72 63 52 31 50 21 6 42 54 9 75 60 91 72 34 85 38 68 62 36 52 43 83 5 40 27 8 99 84 85 44 8 48 49 40 50 70 98 44 24 7 20 36 99 92 22 84 82 90 98 18 42 41 53 0 33 32 8 32 16 45 29 25 93 78 65 95 48 15 40 24 23 12 12 22 56 35 58 38 25 9 56 20 50 61 72 36 93 80 68 9 25 97 34 70 75 51 65 75 67 57 51 42 69 64 16 77 99 26 15 76 35 71 48 38 84 20 74 77 52 42 87 77 92 73 99 19 77 17 95 96 26 98 38 96 62 54 25 13 32 41 42 68 64 90 6 49 63 32 26 15 26 65 45 18 91 96 38 20 13 85 16 40 83 6 88 98 12 13 11 44 54 53 64 19 96 70 20 11 54 46 26 81 64 23 99 55 20 89 75 85 26 43 25 62 49 65 60 13 79 23 9 85 29 74 56 25 96 76 36 51 75 14 32 39 90 83 46 10 25 21 95 51 16 73 65 17 38 77 30 69 1 39 55 30 65 11 7 62 40 95 13 15 9 45 54 51 80 0 61 5 73 9 9 89 34 74 6 24 4 88 94 5 79 49 87 45 12 46 7 52 93 20 19 2 17 25 6 49 77 19 55 50 80 16 91 14 42 49 39 46 37 33 3 17 34 42 14 98 40 21 51 33 93 22 88 62 48 94 11 25 13 18 28 94 86 71 8 29 21 99 27 10 84 31 79 18 25 93 69 66 66 20 99 59 94 87 73 42 81 37 20 95 7 48 41 94 19 1 
75 92 1 2 3 37 85 34 56 11 28 77 77 94 97 28 6 43 16 31 86 49 68 6 96 28 6 37 22 77 91 49 70 92 51 25 29 89 59 37 0 39 14 29 86 63 57 44 7 25 75 45 27 96 3 23 24 9 13 46 86 4 47 8 48 98 85 29 87 45 19 39 36 33 20 22 49 78 66 8 55 42 5 82 90 8 58 14 69 71 12 7 27 59 16 75 9 1 4 97 98 23 88 87 9 9 9 10 39 28 70 46 22 75 29 12 35 39 26 4 62 38 11 89 49 79 64 58 33 20 7 83 96 96 70 5 5 32 67 96 60 37 42 82 64 23 46 99 62 72 3 24 62 14 13 63 94 29 21 79 2 29 62 98 77 33 55 34 65 22 30 25 11 72 59 75 96 5 26 10 29 29 35 43 95 0 6 41 30 27 20 32 8 83 82 85 16 37 19 33 11 49 10 22 74 69 49 70 26 75 32 55 56 67 98 51 68 4 93 50 31 65 34 92 0 16 77 68 53 97 1 16 98 11 38 72 32 39 94 58 14 27 13 70 46 63 73 66 67 18 16 51 84 2 43 84 18 72 53 23 69 6 39 20 18 29 44 50 68 39 9 34 18 74 56 64 38 30 31 57 48 99 8 84 2 3 21 72 76 74 48 97 32 39 17 50 69 62 53 89 53 14 76 71 88 32 87 78 62 70 36 63 70 96 47 24 0 68 48 76 94 96 25 79 36 43 29 57 57 34 98 62 48 74 33 89 7 72 19 21 43 55 36 65 52 36 89 4 56 37 32 3 86 57 82 22 52 11 31 61 98 29 23 98 4 56 39 63 81 59 84 24 14 73 89 18 9 30 22 65 19 6 68 5 64 50 79 68 14 10 30 64 40 53 62 96 62 2 59 43 
61 95 19 27 68 60 46 77 90 20 95 61 27 63 67 43 66 98 11 80 9 41 44 1 47 58 97 9 60 56 52 21 3 71 1 72 31 99 1 73 19 96 34 98 12 53 93 78 52 57 10 13 98 6 14 45 64 63 6 77 71 10 50 74 81 51 46 64 50 0 89 22 96 76 72 60 29 18 38 33 75 0 98 73 58 64 71 75 27 29 52 98 40 54 25 73 6 71 90 8 23 79 82 20 55 7 80 37 25 71 22 0 23 21 25 34 85 48 9 65 78 13 15 18 67 40 43 25 64 33 86 87 65 68 7 72 75 40 9 52 63 84 52 38 5 78 72 42 26 81 7 56 94 23 26 14 63 70 39 79 3 25 67 20 46 26 93 73 66 2 26 81 86 78 72 43 8 44 86 87 78 45 43 24 68 70 38 84 92 78 63 47 55 30 68 53 9 61 27 27 15 53 9 2 83 81 97 44 77 35 31 55 81 26 32 1 48 70 85 40 0 1 88 8 83 56 61 92 17 88 20 32 93 81 86 29 14 36 73 91 71 56 99 52 82 31 54 31 53 39 71 54 92 11 62 76 67 23 20 36 64 40 69 9 73 7 38 87 43 63 31 15 19 30 67 2 13 73 33 66 65 56 72 57 68 34 85 87 10 6 24 26 98 45 35 72 4 26 11 48 89 42 15 9 24 34 63 89 8 48 56 73 4 80 30 24 15 68 12 77 74 88 3 24 33 90 96 37 16 60 37 6 2 52 67 79 39 30 68 47 78 76 20 34 57 2 59 24 70 23 1 44 11 56 21 96 46 69 85 15 29 75 21 84 79 40 63 18 70 83 65 0 12 37 34 69 40 93 45 10 68 46 7 31 54 28 27 52 49 65 67 79 40 40 63 19 80 78 38 2 
13 55 2 25 93 37 94 33 82 39 95 51 37 54 34 43 82 62 96 32 79 15 63 19 8 78 90 88 8 80 91 21 36 45 47 81 82 93 66 17 85 61 20 74 16 54 18 50 16 66 34 95 81 49 66 89 27 57 30 35 89 73 57 77 18 56 58 53 49 24 70 86 38 90 61 6 44 79 8 13 97 43 60 30 92 27 72 72 36 2 59 77 27 68 55 45 24 13 50 26 90 20 12 28 62 73 86 7 4 94 72 53 89 32 84 82 11 56 6 47 10 65 25 37 34 32 34 10 45 85 36 87 57 1 67 20 26 53 79 83 48 51 36 37 35 20 71 47 76 29 94 38 95 71 75 81 3 62 91 1 99 80 88 56 81 56 28 59 61 59 42 9 62 79 99 98 51 22 45 80 52 91 18 47 15 46 80 70 8 71 71 7 51 12 15 84 20 96 44 81 55 86 43 18 17 42 68 69 64 13 49 16 4 67 15 19 65 95 90 73 19 13 32 70 25 0 7 97 48 51 79 55 89 22 25 59 16 93 28 80 6 29 49 63 48 16 82 14 12 24 87 31 90 72 53 67 72 60 65 20 63 44 75 5 18 1 64 34 46 44 66 53 73 67 16 21 84 50 35 48 27 75 31 17 47 36 36 71 49 1 43 64 97 70 69 15 23 85 1 70 29 20 23 54 87 91 28 23 93 63 23 72 90 54 41 37 43 78 60 92 79 3 56 77 74 78 44 49 63 46 19 45 18 94 99 57 85 27 81 31 43 56 3 33 63 45 23 6 23 83 98 54 39 54 83 13 32 28 62 48 26 34 93 44 28 44 1 66 24 34 97 19 91 52 52 54 97 27 12 72 11 10 27 50 16 10 15 1 90 29 1 16 63 94 12 92 90 66 58 66 
0 7 85 43 59 90 49 9 17 61 81 80 23 60 82 40 23 49 93 13 79 94 82 42 40 94 86 30 12 96 49 13 55 86 8 15 76 10 76 46 71 9 78 95 70 61 87 45 10 80 10 41 26 92 84 66 39 22 48 51 71 97 16 26 84 77 93 12 87 69 10 58 79 89 5 1 50 44 98 12 76 8 54 2 53 90 20 92 64 69 95 35 18 64 62 2 41 55 67 28 77 77 38 56 66 96 9 68 40 7 33 69 15 39 71 68 81 92 12 45 13 60 33 31 24 95 86 65 2 53 45 79 82 83 87 49 79 96 69 72 3 54 41 71 93 64 91 74 8 4 72 21 16 5 53 40 52 91 5 6 44 2 38 78 85 25 79 17 74 49 41 77 3 34 0 49 98 92 75 59 48 99 80 64 4 85 4 8 76 61 67 72 15 5 51 0 30 30 69 56 31 62 34 87 96 86 88 47 78 63 6 78 63 86 42 19 24 98 80 0 11 47 25 26 4 76 79 86 58 0 43 42 63 77 29 59 15 17 58 94 32 64 24 95 3 19 67 27 17 47 79 81 46 4 7 50 32 38 36 43 39 79 85 2 8 14 13 76 83 72 22 15 36 46 63 91 65 30 70 35 29 50 16 27 6 75 77 91 14 65 86 5 97 71 59 57 37 72 33 20 44 55 87 33 2 2 76 19 84 47 54 13 49 22 40 7 98 69 98 64 87 84 69 36 7 28 93 44 52 27 16 49 34 56 34 36 58 10 8 43 9 62 8 58 85 1 66 35 22 16 99 9 53 20 45 60 0 91 57 52 70 25 53 4 33 87 93 92 50 1 87 59 63 95 18 0 48 36 35 71 52 34 32 57 6 30 70 6 21 27 11 91 4 64 95 38 52 40 82 54 
41 21 13 57 68 31 57 17 67 93 40 72 79 72 29 86 54 99 44 75 78 55 18 35 20 66 25 24 6 7 78 48 80 91 5 48 75 14 17 94 7 57 18 39 82 0 25 36 51 69 64 30 77 34 17 49 0 42 73 7 1 3 7 81 46 64 29 73 78 47 68 38 56 38 77 38 38 54 27 90 75 91 72 4 25 89 53 78 83 26 37 84 81 96 17 28 60 98 1 90 97 21 80 54 60 9 92 50 15 71 40 43 62 64 47 40 53 1 70 88 79 7 24 61 3 41 89 15 40 42 5 37 64 38 43 76 47 88 26 63 59 19 6 74 83 5 66 89 6 36 77 86 43 2 99 98 95 40 13 35 82 70 25 98 8 68 26 8 56 5 71 68 24 29 42 7 86 8 48 93 44 26 31 39 80 82 37 75 22 2 63 56 72 40 7 81 8 33 41 17 38 64 85 14 93 79 22 79 87 70 24 83 48 7 74 80 89 11 56 11 13 71 20 37 11 27 70 19 12 11 88 51 75 25 17 68 4 39 0 43 62 76 78 62 84 52 43 25 63 99 37 28 22 57 66 33 36 36 4 48 0 93 51 75 70 69 96 75 60 48 18 74 24 97 37 60 1 80 86 65 31 75 45 53 84 63 86 20 52 42 20 52 87 72 27 58 93 75 33 53 23 3 28 48 52 17 60 54 97 46 71 28 21 68 33 5 32 71 77 36 13 98 40 53 22 19 11 15 95 96 20 18 99 48 66 4 17 79 58 14 25 29 94 99 97 79 56 81 50 34 69 16 84 9 69 6 29 80 21 24 76 41 94 27 42 13 31 59 92 41 26 17 70 72 68 20 52 25 53 2 11 75 70 95 84 91 1 65 71 74 41 99 67 36 79 61 49 62 73 41 
4 99 10 74 71 79 46 23 4 52 78 15 27 0 62 63 92 63 29 15 89 70 67 56 58 46 18 7 8 91 0 64 42 11 91 13 90 37 89 46 41 19 13 68 19 75 32 11 90 13 79 79 35 46 35 94 44 5 53 4 96 54 69 38 65 60 4 7 49 45 53 91 64 18 11 83 93 95 47 35 60 78 14 96 24 1 90 20 59 95 24 7 49 93 98 66 5 2 73 55 99 78 98 63 96 61 98 41 57 97 28 17 75 42 65 51 96 7 71 7 3 96 14 52 41 12 19 47 66 44 54 65 23 52 80 71 13 79 13 22 28 41 92 4 36 57 55 84 65 27 91 68 75 57 72 16 22 43 15 40 88 69 58 11 73 38 82 39 69 47 13 98 41 5 2 77 15 9 13 80 88 56 0 15 65 24 32 87 68 99 80 56 21 38 67 46 76 1 85 98 49 51 96 90 56 50 19 71 11 84 3 0 40 55 15 5 80 99 45 48 51 25 56 72 63 23 18 91 76 56 41 25 7 37 67 15 39 38 39 51 22 94 3 62 50 70 20 82 22 65 82 73 42 38 97 57 13 67 48 89 75 90 67 82 79 86 50 71 25 89 22 47 83 77 62 85 99 82 67 21 99 1 46 41 39 95 98 4 63 98 46 38 40 13 73 72 99 23 43 76 64 17 24 47 94 86 85 93 20 4 67 19 6 65 12 97 61 62 2 24 12 48 14 5 13 39 77 64 62 72 41 78 89 65 78 35 3 63 80 23 67 47 42 25 65 6 23 26 68 77 2 80 25 16 85 90 8 14 6 70 86 47 49 27 64 79 62 19 42 43 42 61 42 36 87 7 42 10 85 62 87 87 95 64 56 32 6 64 47 12 86 85 60 87 13 76 66 75 96 60 
70 90 22 65 27 61 24 21 71 10 36 10 49 31 26 57 63 32 73 62 44 60 48 56 99 61 33 18 88 81 78 11 71 52 76 50 13 0 24 36 62 60 46 12 91 72 69 6 56 43 69 1 55 17 9 6 30 42 24 70 75 55 81 99 7 57 49 73 58 73 9 72 33 8 84 76 32 6 83 89 1 52 42 8 21 51 14 3 46 91 73 21 46 55 20 5 64 22 30 74 95 92 47 81 0 31 57 32 89 40 73 90 44 15 50 17 19 65 20 65 8 46 38 6 53 11 11 17 33 94 44 80 86 91 61 86 74 71 70 64 11 96 6 8 63 57 77 82 74 98 47 82 96 38 88 49 49 51 18 82 45 62 14 83 5 76 69 80 99 92 96 62 40 2 70 3 11 48 86 37 98 85 19 94 23 59 95 72 11 65 6 8 28 73 92 85 1 13 65 0 57 61 62 97 16 33 1 79 33 87 17 83 72 88 29 48 48 24 72 59 89 31 19 69 4 11 55 5 25 72 5 82 86 67 80 54 52 33 85 85 20 2 68 44 91 97 44 91 73 17 2 15 48 21 36 52 33 43 57 10 16 14 44 54 81 76 8 34 9 93 71 81 48 40 78 91 89 22 82 63 39 84 30 87 5 66 91 90 10 0 52 78 14 97 32 96 25 92 30 35 37 53 16 85 93 46 76 35 69 10 50 8 46 80 48 52 98 39 94 60 40 47 38 6 96 22 2 21 14 84 8 52 38 77 89 83 23 18 18 92 28 68 53 75 0 53 79 99 44 25 59 36 24 50 43 20 72 45 94 39 82 2 43 20 79 32 55 3 50 74 47 31 94 52 58 47 5 37 98 50 62 9 86 39 59 29 59 84 27 5 75 9 8 18 81 39 2 36 42 5 
62 42 88 9 94 46 56 0 35 54 2 49 63 40 88 75 22 48 11 49 5 86 10 13 56 91 53 10 79 47 15 42 41 55 3 36 1 11 88 36 65 90 86 80 82 74 7 4 74 18 53 80 56 15 45 12 6 98 23 38 98 90 32 39 46 35 27 99 46 15 36 63 57 74 95 40 48 3 44 75 73 50 7 30 65 52 94 24 3 17 62 1 60 94 40 58 81 68 57 79 35 93 42 45 67 89 85 68 44 81 95 18 31 2 0 49 54 94 73 57 64 87 58 76 33 51 34 14 71 91 93 58 37 87 3 56 76 88 24 73 22 71 91 5 73 43 54 28 37 27 85 53 14 96 29 47 99 63 13 70 7 58 80 44 45 84 0 74 24 77 99 46 48 90 52 22 85 58 2 74 86 39 28 52 35 9 52 34 25 65 56 32 24 37 28 21 73 28 47 97 57 46 96 6 88 48 80 73 6 82 48 44 73 28 97 9 37 49 95 14 66 4 46 42 41 74 64 14 55 63 63 12 10 59 70 98 59 2 24 66 36 24 62 10 52 11 71 41 12 66 56 79 22 54 21 63 29 37 29 36 1 45 0 63 4 23 13 64 25 37 82 14 61 44 76 65 56 47 7 20 65 15 99 88 69 73 3 50 62 85 86 63 30 87 26 34 10 92 98 87 29 32 53 43 77 29 60 85 28 67 57 94 34 9 34 4 82 89 54 96 74 41 60 4 80 38 91 42 30 41 29 12 74 35 55 3 64 67 40 45 87 97 91 21 6 25 25 40 14 32 37 89 25 97 45 5 87 88 47 70 30 28 82 4 15 89 59 32 56 99 77 43 96 68 65 55 45 42 95 59 74 32 0 51 29 98 56 69 86 55 39 16 36 73 72 51 14 83 83 70 
82 12 66 31 80 83 86 25 77 81 37 4 14 89 55 95 39 64 16 26 19 7 94 7 80 19 11 94 2 46 17 37 59 35 68 39 70 6 17 47 87 6 51 53 47 59 49 87 23 17 65 94 25 59 2 5 30 65 52 33 11 21 22 70 56 42 62 26 48 31 25 87 89 29 41 36 88 42 23 63 59 40 57 84 0 11 42 82 76 46 67 40 67 89 10 75 31 72 53 79 55 78 67 44 7 60 81 47 2 56 10 13 97 20 50 49 83 92 31 12 38 99 52 57 88 62 32 72 87 85 3 94 63 70 39 23 82 72 22 36 28 33 50 77 5 52 26 88 96 10 52 86 9 4 43 49 19 27 73 58 12 77 52 27 99 43 2 82 15 25 70 96 10 72 73 15 24 0 55 20 62 8 58 23 64 1 24 83 80 98 93 92 75 46 72 74 89 74 8 57 99 79 53 61 51 26 76 28 78 84 0 40 44 59 63 8 12 88 44 93 38 37 85 13 35 9 39 77 84 0 34 35 31 87 97 82 65 25 62 44 9 63 36 5 22 52 66 34 92 10 79 30 99 17 95 35 26 86 12 10 38 46 46 69 85 95 4 50 20 66 46 82 29 35 87 3 39 53 90 31 15 69 13 15 86 60 50 13 46 14 75 85 12 21 6 97 16 10 99 89 29 98 71 58 85 10 14 24 64 4 55 31 25 20 46 12 80 48 77 78 62 52 15 74 26 22 23 94 84 75 83 13 73 6 72 58 17 38 82 81 42 89 12 67 9 11 31 41 59 8 19 22 13 35 48 39 9 72 85 93 47 69 7 72 75 31 82 92 69 64 25 63 5 90 82 66 1 14 7 60 74 26 34 87 13 83 78 22 55 64 68 54 85 75 26 60 6 8 5 27 
24 30 90 81 72 72 47 25 38 54 86 65 32 72 4 46 55 83 20 62 99 88 68 84 15 46 96 73 6 1 0 30 84 42 63 56 67 10 82 57 64 20 22 97 44 27 95 52 62 15 66 61 56 35 97 71 81 93 45 88 47 97 70 31 40 34 39 7 44 73 64 61 45 39 10 90 66 5 42 80 20 8 93 76 95 90 0 77 35 45 17 82 42 39 65 34 73 5 93 70 30 58 83 76 49 93 18 67 98 12 47 18 72 40 47 68 30 47 97 17 44 14 0 38 53 65 73 79 22 66 1 53 76 84 81 77 77 99 44 75 63 91 45 35 83 44 3 65 91 0 83 87 66 83 26 20 0 51 51 23 69 52 28 98 36 9 75 13 60 20 88 23 63 85 10 47 30 14 12 73 14 95 61 81 30 39 53 31 42 4 54 11 8 82 9 44 43 37 9 55 57 49 30 20 34 40 67 64 54 32 38 21 27 51 54 58 42 7 89 84 63 95 47 71 29 9 67 72 46 76 27 55 25 9 27 59 49 47 76 4 79 66 77 58 17 31 68 11 38 57 95 53 4 94 24 33 55 91 57 1 67 36 8 44 45 36 3 95 35 79 51 14 97 28 24 14 59 93 77 97 2 24 2 7 19 26 40 74 69 98 28 88 34 88 32 80 24 35 27 11 67 78 25 16 6 2 31 65 95 60 14 97 85 16 4 4 94 97 30 63 47 10 51 33 99 83 13 75 70 92 87 89 70 64 6 76 66 89 93 61 49 7 59 34 75 15 90 69 12 73 32 59 83 83 93 82 18 58 10 41 3 97 30 73 13 88 2 80 77 95 93 27 55 52 13 30 20 56 0 84 29 32 96 12 68 89 47 38 99 57 79 2 6 10 28 19 98 82 51 28 
77 45 7 84 49 20 15 21 76 67 6 57 51 2 70 19 43 69 10 94 78 89 49 36 51 77 7 2 59 59 30 88 56 89 73 57 9 40 79 38 7 85 95 58 87 17 30 30 38 40 24 16 29 73 4 33 2 12 35 13 23 17 2 79 6 27 36 67 67 15 5 74 52 53 32 39 22 62 21 61 54 98 29 84 23 34 69 26 98 4 39 21 21 93 52 79 20 88 46 87 56 4 61 60 57 46 52 79 60 73 92 67 23 74 51 47 8 72 25 6 76 64 79 49 58 31 28 30 71 74 18 79 78 31 40 87 29 92 19 42 17 11 9 41 37 12 88 45 84 13 3 60 29 82 61 39 13 89 70 85 15 40 16 46 23 56 33 53 48 4 95 18 68 56 59 5 68 99 51 52 12 6 64 93 89 25 85 54 66 7 91 33 47 8 79 70 16 65 75 65 69 70 83 37 78 94 43 46 93 46 98 57 52 14 2 93 91 87 0 57 94 91 43 93 51 22 16 68 39 91 85 9 14 20 98 92 14 93 39 59 39 89 16 44 56 18 89 47 58 89 57 52 81 0 98 84 22 14 52 14 57 37 23 71 57 73 16 23 67 55 82 58 96 50 54 52 69 44 0 27 33 57 31 66 9 81 51 83 95 55 97 53 45 72 76 54 46 92 78 65 99 12 23 96 63 30 0 84 74 52 63 7 61 94 26 70 28 29 54 23 84 3 28 81 76 57 36 74 49 66 39 1 78 14 49 93 44 49 77 18 54 40 78 15 87 56 86 15 85 92 90 21 95 71 3 71 28 91 45 29 57 36 30 87 51 31 81 95 81 58 66 35 99 96 2 38 52 40 53 37 84 43 10 80 14 65 3 94 56 1 24 65 89 6 53 40 38 34 88 71 
44 6 58 95 2 12 33 54 53 86 43 37 82 53 69 48 71 25 95 27 26 71 93 15 77 46 8 67 32 48 90 76 54 48 72 56 13 5 62 66 44 5 55 78 10 25 78 33 50 73 61 28 44 6 43 74 4 3 41 36 51 32 64 5 32 36 13 97 94 27 63 90 84 19 68 47 96 46 80 46 20 41 26 16 99 21 90 55 25 32 91 28 16 8 86 0 96 99 98 90 27 13 32 63 84 52 10 80 99 91 78 71 84 4 39 84 26 30 39 3 14 83 31 30 43 17 82 39 69 32 82 48 46 14 11 82 67 22 63 18 13 93 41 49 50 80 33 28 62 25 31 76 60 62 58 3 32 41 94 1 25 76 49 23 43 60 6 62 82 21 32 47 14 73 97 16 5 82 44 68 59 75 44 71 90 3 26 22 96 21 23 21 49 72 45 92 84 51 54 19 72 86 66 38 11 15 55 69 98 51 37 9 27 33 81 69 36 7 91 84 80 66 6 30 90 3 74 74 6 29 93 30 67 12 68 31 27 75 0 77 27 89 39 6 22 20 75 11 79 18 95 60 84 53 42 74 56 16 0 14 97 46 44 65 58 13 48 37 40 0 67 67 89 6 25 11 78 0 74 57 70 22 69 54 75 11 80 84 28 81 98 25 27 43 42 37 8 42 74 48 42 41 68 83 99 45 95 77 46 21 87 68 43 56 23 19 20 55 55 0 88 5 77 15 48 72 4 8 14 79 57 9 72 77 92 72 22 39 49 20 61 36 89 4 45 64 75 65 19 30 17 8 36 94 75 36 66 32 45 33 63 54 42 35 83 34 59 5 74 61 78 35 49 19 91 46 83 67 63 54 49 80 14 37 75 42 74 41 74 71 74 37 25 68 24 8 3 36 65 29 
97 95 64 98 14 7 45 49 74 8 56 76 89 70 13 16 64 87 57 38 10 84 27 35 4 4 95 7 40 13 36 89 8 52 87 23 12 32 24 86 93 80 14 82 3 28 98 67 67 7 58 78 43 85 65 48 41 61 7 81 74 96 22 82 0 10 57 12 94 34 51 39 14 65 73 17 93 23 85 13 31 43 91 26 80 56 26 22 69 86 55 43 34 78 78 34 40 87 47 86 21 50 26 36 15 51 5 61 75 90 74 6 85 17 84 18 73 63 40 43 49 47 38 83 77 16 69 17 4 16 56 25 66 34 13 34 85 19 95 60 9 21 18 47 38 3 65 63 18 57 6 19 4 97 2 82 13 71 51 69 40 59 47 58 93 60 44 79 79 39 91 41 12 10 88 50 65 5 14 83 62 72 2 18 69 56 0 35 79 4 56 71 63 3 82 9 64 26 88 43 18 31 36 30 41 76 33 58 81 99 41 95 71 95 14 93 3 66 80 35 70 36 6 86 40 88 95 4 67 35 99 85 66 88 67 8 64 52 66 98 51 60 93 75 7 7 68 63 74 48 98 96 36 4 82 76 45 29 32 12 64 84 49 31 72 68 91 88 21 57 86 72 69 80 47 29 39 67 92 65 67 42 62 56 46 96 32 43 26 17 7 90 1 8 73 25 77 64 13 50 74 0 74 95 32 74 24 71 93 68 37 61 10 51 17 9 99 1 4 25 18 12 68 71 72 41 48 49 6 62 51 80 14 26 75 98 52 52 69 45 20 58 58 83 9 27 44 9 29 48 86 99 12 6 23 85 48 71 86 6 85 90 86 99 16 13 97 20 65 19 65 38 29 24 73 39 51 17 0 32 17 38 32 30 45 7 67 45 78 5 51 64 95 89 15 63 2 65 83 20 
36 49 58 65 25 31 56 28 0 8 61 17 47 45 99 44 4 18 89 82 24 40 98 19 29 66 83 83 83 18 3 19 19 13 36 44 96 93 25 96 1 38 66 0 35 17 96 39 36 85 73 12 77 72 31 58 90 66 42 73 85 97 44 4 11 80 1 7 25 26 56 79 64 74 79 51 43 28 90 31 13 63 43 43 87 27 1 77 93 95 2 30 93 98 35 56 79 88 15 56 14 23 35 30 97 67 81 41 95 23 24 60 86 68 3 26 95 57 3 40 52 58 23 97 56 58 53 87 98 69 44 64 92 31 94 42 98 27 35 45 2 59 58 40 79 61 66 26 18 70 67 23 28 90 20 84 0 26 72 98 95 68 62 39 99 8 33 50 87 68 47 89 80 5 29 59 67 96 86 37 18 5 60 98 95 33 34 47 59 6 97 6 26 11 45 26 19 79 28 58 99 75 99 79 81 80 91 0 76 77 89 46 34 50 44 81 83 79 28 94 37 77 0 16 88 45 94 59 76 22 17 28 49 68 59 30 48 50 82 77 79 72 23 13 74 20 94 9 51 74 3 40 51 3 56 91 0 50 50 77 72 19 57 74 87 16 4 36 67 39 13 98 63 88 64 37 8 10 46 11 85 49 52 88 4 8 80 4 59 82 33 83 2 90 57 41 7 14 77 26 5 42 24 68 31 88 5 91 99 3 3 36 4 7 76 8 15 56 12 26 91 46 62 93 36 19 34 95 85 64 21 90 58 98 58 41 86 15 33 37 18 88 25 22 95 2 30 62 10 95 89 1 41 51 46 29 22 33 25 60 49 46 50 7 44 61 49 83 28 34 72 99 74 98 21 21 52 4 35 14 51 24 16 44 27 14 73 2 99 50 62 48 49 64 8 45 25 9 28 6 
43 53 5 69 3 78 42 55 34 77 69 85 2 37 29 81 4 55 83 3 5 97 4 54 62 12 0 39 21 80 45 16 85 2 85 88 81 27 95 15 4 17 1 58 54 82 92 10 37 27 14 95 25 18 49 87 30 1 78 3 34 76 19 19 78 56 8 59 83 55 75 39 72 28 50 79 10 94 89 0 21 55 95 46 73 44 85 55 98 64 58 32 92 29 3 70 85 63 30 20 19 57 60 91 85 62 22 47 56 12 47 77 67 42 76 93 39 13 48 89 29 59 73 21 88 76 92 26 40 74 46 11 31 58 54 68 20 77 15 28 41 15 58 8 9 34 53 0 47 2 89 29 13 62 50 53 39 42 79 31 16 78 42 99 36 48 67 57 25 35 85 66 2 43 27 11 29 80 12 29 34 1 58 47 16 60 53 7 3 84 38 71 62 32 23 99 80 90 8 58 77 45 24 79 41 51 43 22 32 7 51 66 60 61 66 76 22 71 83 77 55 73 0 70 57 23 69 90 66 29 48 95 74 24 27 67 76 70 90 60 77 41 78 37 55 44 66 77 15 1 6 23 75 6 93 84 82 14 74 48 95 74 95 69 99 22 89 27 92 79 87 21 72 65 11 79 62 77 56 29 30 14 52 5 73 97 42 55 11 68 55 6 43 50 28 94 73 17 21 17 48 60 91 72 77 2 52 39 31 60 69 61 75 73 19 48 71 13 55 82 81 10 41 76 12 69 70 37 38 43 55 38 3 98 10 33 52 62 72 35 23 93 96 98 67 67 98 38 80 53 20 14 15 13 90 27 82 13 17 72 8 24 10 64 22 21 97 74 83 69 9 58 63 57 8 30 77 58 20 57 11 40 23 78 54 14 58 88 79 75 13 87 99 23 51 73 96 48 47 32 
18 8 90 33 17 99 15 94 57 35 4 21 27 27 51 33 93 9 74 72 36 87 12 35 10 63 8 59 12 7 91 82 67 81 67 85 32 82 31 42 69 87 15 96 15 18 30 60 28 4 85 16 91 97 52 53 60 12 12 24 72 3 58 39 37 25 76 21 59 8 15 28 47 30 25 62 49 7 75 29 11 60 45 54 57 49 59 17 62 72 94 34 27 52 25 16 30 2 38 89 62 5 70 9 36 47 24 37 54 99 18 17 11 15 23 68 65 82 37 79 6 83 65 86 36 90 54 18 44 44 7 58 50 29 68 86 76 44 75 82 95 45 51 6 60 74 26 25 9 15 56 67 99 21 5 87 64 60 5 8 4 64 67 54 94 87 92 22 83 19 5 78 64 8 36 25 35 62 2 44 29 59 63 28 32 69 15 96 29 20 57 85 85 76 40 31 63 32 53 98 52 10 76 68 19 64 93 54 78 48 50 7 7 13 36 91 34 3 88 63 24 45 49 61 73 41 44 88 25 97 86 77 60 14 98 79 78 43 85 56 91 87 15 50 0 51 42 35 7 82 50 83 79 51 44 52 92 40 40 18 37 26 47 49 40 97 80 70 41 65 26 32 52 41 83 5 45 77 92 52 59 94 87 38 98 83 42 42 23 82 12 60 60 60 10 0 57 42 70 50 8 48 83 12 41 18 69 38 95 13 42 6 8 29 96 58 12 38 0 35 20 13 48 80 25 10 32 34 52 54 85 12 54 68 25 95 38 46 34 85 60 76 91 20 58 87 78 70 25 30 6 97 43 54 29 68 64 61 55 68 15 40 81 21 60 58 16 98 4 2 83 16 31 26 88 89 65 18 59 90 49 17 39 44 23 68 13 39 29 68 8 96 60 89 17 20 47 85 70 3 
40 5 72 71 31 60 12 96 79 23 38 80 41 29 24 64 97 89 56 78 9 64 26 69 5 95 41 52 32 11 7 72 16 79 95 99 92 7 47 23 83 37 3 76 66 27 92 15 17 48 93 26 12 71 48 17 66 89 21 99 1 81 23 69 12 19 21 4 78 20 27 61 58 30 89 76 10 82 44 27 30 89 5 95 61 53 64 27 43 86 78 96 19 2 17 31 73 38 36 3 11 15 17 69 46 6 97 8 88 41 87 71 83 92 66 44 98 30 23 41 68 54 89 39 56 6 71 81 97 59 84 60 74 1 81 72 8 78 80 48 72 67 19 55 60 37 51 58 20 74 51 40 28 92 80 36 50 51 17 99 10 54 59 84 55 40 9 15 71 89 64 43 57 35 50 69 25 1 79 45 27 82 85 56 74 65 44 76 68 62 76 30 16 35 67 23 28 76 91 99 65 7 94 74 42 96 43 67 97 22 64 24 4 2 32 30 19 77 7 88 91 83 18 59 70 37 34 50 13 25 49 31 32 95 5 27 91 49 94 40 23 11 65 28 13 49 58 32 78 17 72 69 0 43 80 23 80 15 73 46 40 75 77 73 70 82 0 14 83 46 54 7 9 71 35 22 21 45 7 51 63 31 21 15 74 1 90 7 16 16 53 9 43 82 82 65 64 34 79 48 80 34 55 90 57 42 64 30 39 23 82 54 55 55 70 29 56 12 88 25 80 41 86 23 23 68 89 40 54 68 40 34 54 47 76 64 89 93 94 28 16 76 83 71 31 5 53 40 69 41 17 50 35 3 73 10 23 14 50 77 35 42 63 89 89 92 53 78 85 0 59 1 76 94 73 60 51 26 0 20 19 69 22 54 72 96 65 47 62 67 76 97 10 39 87 99 83 92 30 68 
92 41 22 21 35 95 81 86 73 33 58 44 2 81 99 26 29 16 25 91 35 1 41 45 40 80 97 24 72 79 44 17 20 66 90 55 13 23 93 38 56 3 83 10 84 34 88 65 50 13 9 85 14 50 83 6 30 32 82 54 11 27 23 31 45 13 38 59 88 83 97 96 86 80 6 23 14 94 88 16 59 49 54 73 51 89 80 81 21 14 88 84 41 11 67 87 77 57 98 65 40 95 14 26 28 20 49 42 67 90 11 26 39 65 52 91 6 84 24 27 98 12 63 92 76 30 79 5 39 77 70 79 24 84 5 52 57 7 47 76 97 58 54 36 75 6 79 81 42 56 60 41 68 23 33 96 5 64 1 44 93 24 75 17 60 80 22 69 87 69 45 84 79 52 73 54 58 4 87 53 60 99 94 81 74 79 29 79 95 31 75 88 55 50 57 67 82 79 37 22 48 34 58 27 86 83 33 45 88 72 50 0 71 44 33 45 75 63 76 70 94 3 58 1 53 67 68 88 47 57 10 47 92 68 75 78 52 60 75 92 85 25 92 56 21 78 2 96 41 78 66 87 82 76 88 87 44 8 27 91 18 37 38 10 58 65 40 62 78 16 54 63 41 98 71 15 76 73 11 69 4 30 56 38 58 96 77 2 57 5 45 75 94 36 85 4 53 25 66 83 93 72 98 87 71 70 2 99 95 65 69 51 95 77 89 54 74 19 8 31 76 6 6 22 94 43 27 99 20 93 35 14 18 33 1 89 55 55 40 51 20 61 2 16 39 44 22 65 15 82 96 91 40 54 13 34 49 92 86 69 38 21 35 56 6 88 97 62 43 37 13 64 51 67 80 90 63 54 7 78 36 55 21 77 9 35 63 10 79 1 31 17 22 67 73 81 55 70 43 99 
60 8 15 11 27 47 53 91 1 60 69 37 15 91 66 76 78 82 86 57 83 17 27 58 36 0 39 44 23 34 95 83 94 10 94 21 57 99 12 58 59 82 47 74 25 66 2 3 48 40 12 83 57 39 41 46 92 32 90 15 18 37 50 12 47 44 34 4 95 46 14 54 80 13 80 5 79 82 60 79 22 25 63 31 64 56 29 8 41 71 23 59 8 73 72 55 69 6 11 64 4 77 70 85 91 50 42 22 84 3 2 58 28 17 90 44 25 71 53 66 43 28 78 51 2 50 59 23 8 70 88 12 48 10 49 91 61 92 13 45 47 15 56 27 84 46 71 10 69 76 28 12 5 6 64 59 8 75 34 68 45 22 81 45 33 82 36 46 74 50 43 21 17 99 0 2 97 72 12 67 0 40 31 57 99 47 68 7 22 3 28 68 77 9 65 62 43 2 60 18 4 4 91 21 55 44 23 5 68 87 72 68 80 55 78 79 3 46 38 25 1 66 45 79 27 11 93 71 65 54 41 21 10 84 42 17 28 18 22 96 5 46 17 37 2 47 68 5 93 7 82 47 25 28 78 5 91 71 28 8 77 21 29 39 57 23 57 38 41 79 34 99 26 3 36 80 50 5 85 96 64 19 43 41 47 73 46 90 96 26 98 74 47 27 13 5 51 70 43 44 2 29 43 80 85 32 60 35 89 97 83 5 16 78 46 16 51 45 6 48 71 5 22 71 32 87 76 35 10 71 80 12 52 75 44 37 59 4 25 0 1 8 5 17 87 4 33 90 1 40 38 72 97 12 95 81 52 23 17 62 94 49 26 47 76 70 36 36 26 61 36 27 22 94 96 61 98 82 51 99 74 90 23 71 54 71 52 6 94 21 20 89 70 98 88 99 20 24 35 46 
38 23 25 60 17 22 73 67 56 24 18 30 66 94 53 73 65 57 79 59 79 52 0 1 50 88 0 23 65 87 69 55 11 95 67 80 69 40 0 25 16 18 7 83 12 12 56 77 69 87 89 0 39 89 54 42 78 6 65 95 94 34 50 57 81 69 89 2 9 89 79 25 8 86 60 72 50 16 2 20 56 91 72 95 80 26 89 10 33 54 5 79 41 7 88 74 76 77 77 85 19 56 63 79 95 23 51 45 92 53 17 48 44 90 95 77 16 85 87 1 91 93 32 84 0 20 59 29 50 88 66 69 96 29 48 91 5 51 37 97 57 6 45 1 96 40 78 65 77 18 66 69 11 51 5 63 71 16 44 73 4 11 94 1 40 94 44 45 46 33 94 3 40 39 56 36 32 87 1 9 5 20 30 68 71 88 83 94 4 28 20 9 39 14 62 31 61 6 77 7 40 71 62 32 63 70 68 47 9 22 8 14 94 39 34 65 27 18 11 83 46 83 92 85 98 6 16 59 65 45 18 57 69 32 89 84 2 9 31 12 31 39 78 25 78 13 42 57 31 6 93 29 89 85 14 39 44 82 50 9 80 68 66 49 52 55 33 55 64 64 19 48 3 49 73 34 62 68 43 45 74 36 74 63 74 40 3 18 75 53 79 55 74 45 4 26 52 89 33 68 53 4 16 8 54 42 94 68 10 38 14 84 26 40 47 52 33 50 70 8 56 1 63 30 46 19 8 50 8 42 19 13 46 87 21 52 29 68 21 39 58 87 23 84 27 23 37 12 25 59 20 81 61 35 63 59 6 72 10 14 14 81 79 12 68 53 65 98 21 86 89 79 25 13 15 52 88 52 17 13 64 37 47 25 25 10 36 31 82 46 98 48 79 29 13 48 82 78 98 55 
16 87 34 93 52 50 97 40 54 14 6 70 4 53 47 29 63 84 12 98 82 62 98 62 92 11 62 26 41 60 82 9 47 16 2 0 18 0 40 25 66 98 95 70 51 95 51 67 79 64 65 13 78 15 75 70 79 37 97 20 97 31 82 97 99 36 97 18 88 89 95 55 88 42 25 91 37 77 58 16 93 75 82 23 91 57 94 22 47 43 42 96 26 76 93 25 65 42 95 53 84 90 8 24 85 86 15 22 63 26 91 8 1 73 31 44 82 77 66 29 72 61 78 98 89 23 24 54 66 19 8 2 62 16 78 47 54 93 69 17 71 12 77 73 85 61 69 68 38 36 49 63 49 27 61 38 51 37 93 69 9 53 23 71 69 1 18 76 94 39 45 18 4 23 91 89 84 12 9 74 48 11 37 49 90 51 88 41 40 33 62 49 86 85 20 7 86 90 83 33 82 29 51 86 52 94 27 88 6 89 14 7 0 4 56 90 55 96 84 95 29 98 45 15 36 17 23 74 60 58 7 42 87 10 80 91 56 7 79 15 48 46 74 48 50 82 91 5 79 27 52 60 77 49 28 13 19 3 88 79 61 47 73 49 10 53 40 66 12 72 33 61 18 7 61 20 42 4 25 21 83 29 33 61 79 61 26 98 16 14 29 78 62 2 79 24 55 71 90 67 95 76 80 13 83 42 33 25 46 10 98 30 92 84 43 23 45 69 73 62 36 2 92 50 4 71 74 11 94 16 30 90 92 11 55 28 53 41 53 51 51 4 33 95 88 76 18 85 98 91 99 34 45 43 84 49 66 10 12 61 26 43 51 19 54 6 47 7 47 52 10 51 8 44 98 48 72 17 86 22 60 85 56 6 81 92 55 47 2 20 8 29 63 11 0 17 18 47 76 17 
51 86 20 60 82 19 8 55 88 94 29 48 32 38 54 13 30 62 12 85 82 73 66 45 84 18 62 54 65 38 72 68 76 44 28 59 63 89 66 51 35 95 0 19 85 6 84 68 68 97 53 50 70 71 47 54 89 61 61 6 51 33 74 28 77 55 39 93 96 5 96 31 52 48 3 38 55 87 6 75 84 11 78 6 34 25 13 23 87 74 29 38 59 55 18 88 62 57 81 58 62 30 42 67 78 45 57 33 32 63 61 69 26 39 27 60 64 40 35 3 66 16 42 25 71 60 14 34 18 47 44 32 29 86 99 8 31 8 93 64 71 54 85 49 93 12 61 10 53 96 13 19 12 7 97 36 20 63 22 90 10 66 22 92 53 74 0 84 82 45 0 6 0 85 7 45 98 69 55 51 65 21 22 30 28 71 66 48 34 88 38 97 6 13 89 59 39 89 96 21 86 96 79 86 82 87 84 80 8 91 83 73 12 57 55 93 29 21 93 63 61 84 12 68 97 1 27 88 42 23 9 29 72 41 67 54 80 51 86 88 43 21 13 7 30 69 0 59 42 46 75 4 30 87 24 79 41 51 67 83 27 28 12 99 69 80 5 1 83 43 89 78 64 3 86 94 24 38 6 66 84 81 22 66 20 46 45 61 50 12 97 77 41 9 28 62 41 85 64 77 28 53 55 44 8 93 90 84 84 96 51 68 29 73 35 2 20 32 63 70 45 60 99 38 22 79 0 15 64 16 44 44 22 0 88 30 45 78 67 29 27 18 50 56 43 85 58 15 17 74 85 14 86 36 52 60 15 5 76 31 21 72 75 43 24 15 26 70 46 93 99 73 63 49 29 6 86 40 22 56 14 59 22 0 48 27 13 15 32 89 47 5 13 74 1 38 42 79 8 88 
24 59 61 39 61 42 97 47 34 71 55 48 31 78 1 31 57 14 46 41 55 93 46 68 20 99 6 62 30 66 2 54 26 15 45 87 57 43 86 92 14 42 92 97 72 45 28 81 11 75 22 66 20 20 87 92 20 45 54 2 12 56 9 38 71 54 77 81 97 63 25 12 57 69 9 81 15 90 62 26 65 36 45 37 57 84 30 29 29 36 31 41 93 40 31 16 47 60 49 44 24 74 8 33 96 70 67 11 60 81 89 77 18 86 66 75 70 96 56 52 33 87 45 78 80 29 46 79 89 96 23 65 22 84 99 18 54 18 81 66 99 23 95 17 9 61 44 32 10 0 84 95 40 29 25 72 58 71 51 0 19 74 65 94 10 16 64 64 34 98 82 86 21 77 55 82 91 0 14 1 52 50 48 92 32 73 64 42 96 15 42 68 42 60 62 52 76 78 69 63 76 3 49 49 33 4 32 24 56 98 77 9 49 25 53 81 98 70 75 46 37 18 14 79 30 76 84 6 7 5 69 83 8 70 33 93 27 17 69 35 15 46 96 64 23 50 97 73 20 25 20 57 43 34 89 25 63 25 31 70 30 53 5 90 75 90 36 2 7 5 38 23 52 34 39 75 36 37 1 8 62 21 18 57 7 59 34 70 84 65 92 66 70 98 8 46 88 44 0 96 50 90 71 54 77 10 81 13 99 82 74 13 3 92 22 11 51 56 33 87 22 26 53 44 76 13 90 16 58 91 64 60 81 35 14 58 46 95 24 97 78 98 11 33 42 33 96 93 90 30 32 64 8 85 60 36 98 51 52 8 94 17 68 27 4 82 38 2 30 14 0 8 12 11 93 54 96 90 99 38 72 31 54 32 68 15 68 66 18 72 27 12 41 95 91 46 30 29 0 60 
43 0 20 7 63 13 61 60 55 12 98 27 43 53 59 11 20 79 30 38 52 57 2 45 4 93 43 86 75 44 46 70 44 18 78 8 32 91 68 87 56 18 67 99 23 78 63 43 58 93 33 62 2 35 7 6 81 3 45 8 47 91 78 91 62 8 51 94 52 71 33 8 90 0 59 65 79 22 61 89 15 94 51 17 82 10 76 63 13 73 71 12 16 1 4 78 62 7 72 14 79 58 22 21 10 81 86 89 56 47 30 71 42 33 41 76 44 69 91 9 42 14 22 58 15 78 37 77 37 61 43 16 19 17 37 30 51 24 71 7 23 2 78 17 35 71 93 31 40 84 93 34 98 67 45 66 97 82 43 34 95 87 3 67 56 40 97 7 16 20 14 40 74 45 57 62 16 51 45 9 87 38 95 86 57 40 52 6 74 47 41 70 86 44 37 43 36 86 50 53 6 17 45 33 62 2 95 30 5 40 91 45 31 87 31 88 27 35 95 2 34 88 24 21 84 61 16 72 47 66 25 5 35 22 38 97 77 85 80 34 26 71 79 57 58 10 97 38 97 44 40 32 84 64 53 68 77 21 41 76 87 18 81 75 41 72 24 70 57 4 4 83 76 84 92 86 46 42 24 44 38 64 28 23 80 81 43 9 54 84 85 93 55 19 68 48 91 93 18 48 97 22 84 25 58 28 12 5 70 36 1 9 53 29 84 33 62 27 43 16 64 80 9 19 99 78 19 90 71 37 91 20 11 27 46 70 55 58 27 78 46 28 39 99 57 23 85 19 50 80 35 14 60 44 85 60 74 4 2 97 93 45 18 5 72 16 27 28 26 54 58 72 82 97 72 91 72 57 10 74 37 97 41 49 93 26 61 68 31 64 65 24 9 35 81 82 51 8 62 77 
14 72 2 96 21 74 87 93 83 49 67 72 46 8 21 40 87 35 8 18 99 25 94 60 61 28 94 64 36 8 42 51 80 96 99 1 70 39 46 5 88 14 29 87 74 2 27 61 37 87 31 36 12 78 49 25 6 43 90 94 52 84 97 84 80 49 86 2 88 84 7 28 50 36 15 25 38 94 38 76 81 22 64 46 0 65 71 58 9 61 4 13 97 54 97 77 3 35 79 43 20 38 23 70 26 91 47 65 85 38 93 19 60 9 65 12 75 88 22 36 2 26 1 99 80 98 77 35 86 8 78 58 47 54 80 73 45 80 90 30 18 35 49 78 45 66 42 72 55 64 8 57 90 61 56 23 59 85 58 97 94 89 7 41 43 40 66 88 20 57 70 90 92 72 20 89 38 62 13 45 26 73 2 68 34 11 43 46 96 54 95 90 43 3 83 38 95 50 78 15 59 0 57 3 72 77 93 63 39 58 8 17 32 11 37 66 74 81 64 70 87 60 61 82 63 44 20 10 46 50 25 5 50 34 9 75 11 54 38 2 12 98 71 96 61 8 15 35 41 79 6 28 39 67 10 54 63 82 64 10 84 41 15 35 75 76 62 86 30 52 40 95 50 11 91 12 20 6 47 13 86 5 94 77 24 56 32 88 39 96 50 23 90 17 10 65 94 72 4 76 76 44 71 27 56 15 39 28 21 38 93 59 44 87 37 68 44 69 8 35 17 10 10 7 28 21 25 74 45 29 50 22 73 74 1 81 41 92 61 14 30 55 74 26 94 63 47 38 84 7 25 1 18 36 61 98 9 38 72 54 67 74 28 92 0 81 26 41 73 87 56 56 42 82 82 37 45 81 27 29 89 53 82 7 41 95 5 50 33 29 56 0 3 37 45 56 18 71 97 92 
58 53 48 53 35 82 42 32 64 21 61 5 26 44 64 67 39 21 17 73 50 26 25 5 63 70 61 33 93 11 25 4 64 25 9 52 8 51 36 24 24 98 81 51 94 45 18 85 66 88 10 68 66 36 25 29 58 87 62 4 98 40 8 14 65 17 18 25 20 55 1 44 5 34 95 51 79 66 36 97 54 47 17 20 35 43 1 45 82 15 49 32 7 57 46 25 26 17 2 46 24 4 43 29 90 38 80 22 4 68 19 10 15 89 82 2 84 35 48 66 3 49 98 10 59 96 35 85 13 38 84 37 94 27 18 84 17 50 6 74 19 78 36 86 19 71 41 3 6 41 69 9 90 67 72 49 63 7 87 29 97 71 18 43 50 37 80 67 39 38 41 58 16 78 97 87 49 38 90 7 79 11 69 69 78 41 71 94 0 58 75 50 29 93 93 31 82 25 98 22 64 92 32 32 70 29 20 71 19 10 30 98 22 99 20 52 92 91 98 45 1 25 95 82 19 40 13 53 66 11 27 82 3 60 14 25 41 34 48 61 97 79 11 71 30 83 75 23 26 26 20 27 51 67 61 22 59 74 76 77 38 3 59 93 15 74 19 57 60 19 70 9 50 81 32 81 65 8 56 43 34 28 71 37 95 32 60 54 59 36 32 97 91 43 90 7 17 61 16 30 33 86 91 83 19 24 16 36 32 72 80 18 0 51 7 47 35 67 2 94 55 86 43 99 29 34 6 99 47 74 29 80 60 20 16 79 96 32 16 80 5 48 50 57 99 58 5 86 25 59 81 33 45 76 32 74 10 90 73 10 64 54 42 76 27 58 55 23 91 23 4 48 23 54 57 22 12 14 61 90 73 94 23 70 70 55 45 33 45 70 43 9 77 37 85 4 96 92 79 39 
68 83 39 91 90 48 66 54 63 27 44 88 73 67 59 43 74 56 76 19 78 71 80 55 9 17 11 57 62 91 48 82 26 87 73 16 87 91 71 50 70 67 91 43 87 50 87 61 58 15 33 36 87 13 44 48 83 55 5 45 98 53 27 25 92 52 41 31 96 64 34 66 32 25 62 19 27 1 32 37 68 65 25 55 31 69 55 14 77 60 11 75 65 38 52 9 42 46 41 38 10 75 57 94 52 71 65 79 72 50 68 40 15 93 48 98 63 3 12 92 16 23 19 81 13 72 43 56 18 36 46 80 63 55 27 15 26 44 46 50 94 14 43 62 7 91 60 22 46 25 14 62 0 34 96 14 58 91 22 28 27 20 8 90 76 87 57 2 32 3 5 78 69 48 92 76 39 53 51 37 30 65 0 30 51 48 96 9 39 70 37 18 91 98 8 19 85 65 73 69 20 78 0 89 26 92 17 17 97 68 55 27 86 7 10 89 7 6 99 98 77 88 16 20 38 76 39 76 93 12 45 13 43 97 54 69 90 23 39 87 44 46 67 30 5 77 19 12 35 70 10 64 11 78 84 49 54 75 25 47 40 23 12 83 20 18 4 10 41 95 50 37 41 69 67 46 46 39 10 33 61 20 98 72 98 34 74 4 62 99 51 2 22 15 37 95 33 93 5 27 89 7 64 82 76 84 29 74 75 39 8 36 12 6 61 62 92 35 19 54 86 22 8 61 38 45 56 23 91 13 50 32 21 67 14 97 3 43 72 78 35 32 66 99 90 79 61 82 66 80 37 5 3 97 66 93 95 74 16 86 87 19 18 8 38 32 58 41 28 82 71 15 14 89 14 4 21 27 86 87 60 75 44 15 25 10 8 20 84 76 58 24 47 76 84 85 60 94 78 40 
76 1 7 42 43 73 46 64 1 85 3 13 12 48 28 37 10 88 9 47 16 67 71 64 95 7 1 8 2 32 48 78 33 8 21 28 81 19 92 82 4 48 47 69 48 27 6 58 15 16 57 84 35 80 48 31 88 1 39 42 33 39 20 19 47 93 47 29 65 40 63 21 40 11 90 88 38 49 98 6 17 56 90 52 88 90 83 28 91 22 70 77 62 43 96 61 36 43 90 53 35 6 75 75 17 65 15 7 66 66 65 83 74 7 36 62 97 19 91 41 94 61 18 8 4 14 69 93 9 12 98 45 18 73 72 87 91 40 46 57 6 12 41 80 19 77 94 69 48 85 62 94 99 32 54 55 98 24 0 7 88 99 52 6 72 77 45 63 17 91 21 23 55 62 3 75 91 97 96 91 35 10 86 34 42 40 41 40 16 42 47 4 41 52 62 65 29 7 29 46 51 2 21 6 64 76 33 7 25 29 98 60 39 36 46 33 77 40 73 45 82 73 50 75 25 64 40 6 72 69 4 23 71 25 29 87 1 15 94 78 44 45 39 36 81 37 21 10 29 95 56 11 68 6 86 45 22 79 51 94 48 55 69 72 32 51 11 33 66 58 11 62 3 2 50 84 92 72 95 21 19 3 85 87 9 23 84 31 2 35 78 3 42 99 75 74 2 38 59 20 96 22 83 99 77 85 36 69 57 83 42 76 86 27 15 47 3 51 30 5 38 8 8 80 60 35 6 14 74 65 35 70 88 70 22 65 55 58 86 65 93 28 93 79 8 9 26 11 12 56 68 51 17 77 31 29 64 38 43 38 55 78 61 43 0 83 60 56 93 46 21 86 27 66 17 87 75 95 98 40 3 66 91 20 95 22 1 12 12 45 50 68 75 63 63 76 46 24 84 91 
22 57 29 49 23 46 36 51 41 86 91 45 5 82 17 52 56 19 64 21 16 67 41 43 30 56 71 29 80 55 20 55 64 50 56 88 48 45 39 90 83 82 87 88 64 4 93 72 75 9 93 43 76 86 87 59 43 10 40 75 18 12 30 82 14 39 22 63 84 13 53 67 95 40 8 11 96 53 84 72 62 29 67 91 68 6 50 11 17 90 86 87 2 69 69 17 8 44 80 44 57 85 63 53 77 71 64 25 76 0 97 39 30 65 30 98 71 32 61 40 22 47 27 76 68 49 45 76 93 77 72 50 62 36 3 91 59 20 17 36 20 66 75 2 83 57 0 7 89 13 47 63 61 27 39 81 76 37 10 21 14 82 71 29 18 27 20 78 99 89 14 19 56 41 22 91 98 74 98 87 88 46 2 1 25 41 82 53 30 92 74 45 75 97 74 45 24 46 75 23 36 89 95 44 82 17 35 80 43 34 19 31 32 21 84 57 15 67 62 45 11 36 90 38 33 16 84 10 63 59 33 51 1 80 95 83 49 30 16 93 16 35 76 0 57 61 9 72 80 71 69 91 7 60 82 41 76 66 51 91 77 36 42 30 17 37 14 18 20 82 11 36 17 40 89 74 53 98 98 33 70 68 76 77 80 58 70 8 76 21 0 54 10 94 36 79 84 50 97 4 32 61 92 2 1 81 28 54 80 27 39 50 47 15 79 27 26 50 87 2 23 39 8 33 34 45 64 18 47 14 22 32 75 66 34 28 48 62 82 80 41 73 82 88 40 61 67 66 63 55 21 87 94 29 72 80 26 89 98 74 3 72 6 78 39 92 58 39 6 40 71 48 13 53 88 5 66 8 72 82 15 93 21 61 74 45 42 1 34 92 75 37 65 33 67 56 77 25 95 83 
17 66 83 82 71 24 88 89 84 12 71 99 5 92 60 31 38 54 32 24 47 59 14 12 44 33 68 21 11 15 57 28 33 92 63 4 16 3 45 0 15 69 51 72 61 12 3 51 18 36 28 65 95 42 77 40 75 97 13 86 12 70 67 97 63 30 1 31 33 99 84 48 68 35 20 81 99 23 85 18 11 13 35 59 55 65 99 30 62 64 69 27 35 36 24 50 18 78 33 51 29 69 51 97 5 23 78 56 98 63 26 62 76 62 21 83 27 72 66 41 36 35 68 23 23 45 73 41 75 59 44 4 28 47 1 33 22 31 42 20 95 68 82 23 30 55 59 9 27 25 51 64 12 19 87 87 16 13 28 91 72 24 95 0 71 48 86 45 80 80 65 27 48 0 2 31 7 61 40 35 38 91 99 2 63 38 89 79 51 69 23 75 45 70 28 68 19 14 13 51 46 31 30 94 83 32 77 90 46 18 25 36 61 76 91 24 15 80 56 18 2 31 94 47 1 22 16 72 88 29 75 34 12 5 80 95 90 58 86 88 76 11 24 37 88 15 14 55 48 70 73 50 1 19 49 54 41 17 27 81 47 2 15 11 60 96 7 50 54 93 38 82 56 14 19 96 82 33 51 82 55 77 84 8 96 33 63 90 51 90 71 50 44 87 61 4 35 68 6 89 13 44 23 70 11 42 66 93 28 70 27 35 47 11 44 95 44 7 85 47 49 57 97 93 96 11 50 31 31 56 72 45 1 95 67 64 89 33 9 69 55 36 5 2 47 1 98 91 8 83 91 57 92 88 2 88 99 52 71 31 9 95 28 62 42 95 26 84 80 87 53 36 23 10 38 70 11 88 13 71 24 4 28 16 45 83 57 44 35 80 27 96 76 7 10 18 2 88 2 83 
75 8 19 98 70 9 68 82 98 34 53 22 38 34 90 83 69 47 80 4 28 59 53 56 67 63 26 69 52 81 4 27 89 23 78 11 33 46 45 83 80 51 57 71 85 47 54 6 47 86 10 27 46 15 83 13 79 61 34 83 42 39 62 83 14 40 95 99 39 40 82 19 91 39 42 28 39 97 34 86 35 97 65 81 12 48 46 43 61 81 78 4 72 41 87 86 81 34 86 72 75 20 92 18 12 86 99 51 83 85 89 71 82 54 52 47 54 99 42 15 32 21 19 56 62 59 42 95 93 80 68 20 53 12 39 65 50 90 16 34 75 5 57 10 59 9 57 13 60 51 80 92 72 0 48 86 59 43 34 52 75 54 73 28 18 64 93 68 54 61 54 81 66 11 91 77 21 0 42 33 52 23 26 76 75 26 63 34 21 49 38 97 3 63 25 21 79 71 89 85 32 96 67 51 7 10 28 80 11 23 14 15 46 92 91 73 70 6 7 92 55 97 41 58 13 18 31 92 89 73 30 22 69 97 73 28 59 53 9 70 76 23 37 74 67 29 47 37 35 6 29 43 4 22 53 69 41 37 61 30 10 91 4 31 40 77 11 0 31 20 22 59 95 60 34 62 41 81 52 28 40 33 71 96 56 25 65 97 62 78 27 24 22 32 7 14 61 18 14 44 39 89 4 86 1 38 1 42 71 53 70 63 38 94 59 94 71 24 91 85 55 71 9 77 3 68 91 16 86 58 61 77 47 65 64 48 55 17 42 78 22 12 42 60 6 53 55 77 30 98 14 85 69 23 62 24 91 5 41 30 15 2 7 14 19 23 62 26 40 56 4 14 69 98 75 27 52 82 57 82 80 71 19 2 47 33 26 90 38 19 20 54 73 28 68 44 51 83 70 44 
91 27 10 60 77 85 40 29 19 49 63 52 72 82 6 19 67 84 10 6 4 82 12 29 10 32 74 14 67 44 10 59 23 20 71 1 58 63 82 77 12 98 81 85 32 87 56 0 72 18 58 28 1 22 57 63 6 31 77 74 28 39 85 3 60 8 4 18 72 39 47 36 37 81 73 69 68 82 69 40 0 27 20 53 1 78 17 8 61 46 34 89 86 19 45 46 79 49 16 3 40 15 40 77 96 65 47 65 47 68 57 0 48 78 53 49 56 22 57 69 69 91 11 55 62 56 53 42 57 69 45 98 84 37 75 81 55 74 98 2 95 55 54 43 85 60 44 93 82 54 63 51 45 74 58 60 30 11 54 87 32 51 37 17 89 13 50 44 39 48 98 34 55 5 77 41 65 74 34 47 28 49 51 25 23 9 85 5 73 91 45 5 43 82 74 32 47 24 28 87 24 78 21 80 83 51 73 0 77 59 0 5 9 51 30 32 12 68 38 85 59 35 43 2 17 17 86 65 42 66 4 18 45 25 98 80 28 23 81 5 83 81 62 92 84 93 24 96 61 14 34 72 49 77 75 19 94 13 84 88 80 88 7 25 65 57 57 46 81 38 3 64 71 66 56 55 11 32 52 24 99 38 96 0 67 23 19 13 37 55 2 17 95 61 94 13 18 51 59 51 42 14 67 13 80 75 69 91 8 73 15 59 11 64 59 30 87 31 43 24 86 45 41 82 58 35 95 29 39 6 80 81 20 48 94 1 23 15 44 83 88 12 94 51 76 6 81 63 37 25 88 75 22 81 9 81 69 4 62 8 62 42 89 83 42 35 36 18 51 32 53 91 44 48 43 20 6 76 36 95 53 76 70 76 57 80 9 26 36 71 86 99 65 27 34 60 63 70 78 14 
2 83 5 99 83 0 19 89 29 7 84 82 83 7 10 41 87 71 19 23 94 58 74 60 85 8 72 48 78 2 14 33 85 72 32 69 24 3 10 53 63 47 36 46 54 46 39 41 18 11 16 12 69 91 24 54 51 96 55 82 50 69 15 36 93 99 57 18 54 67 71 69 14 7 16 68 6 7 61 76 18 30 88 87 21 65 94 24 13 1 6 64 22 73 52 16 72 9 34 79 28 57 48 43 65 16 63 23 24 77 99 42 7 39 82 80 56 28 4 70 29 11 86 51 84 38 19 9 99 53 40 27 11 88 70 28 57 86 51 81 63 2 75 70 41 9 2 98 89 6 20 18 69 6 22 54 96 41 15 95 47 55 22 10 95 45 38 52 31 41 85 46 43 61 68 84 22 70 34 12 28 54 82 98 12 56 4 8 98 19 55 97 74 78 7 69 75 97 74 58 38 59 4 33 20 24 69 95 46 4 7 74 10 41 24 23 98 28 83 96 47 39 45 21 69 52 43 44 49 17 54 87 76 10 20 49 34 41 44 32 45 3 58 56 44 83 31 94 11 14 42 11 5 87 84 74 39 27 70 88 96 24 27 25 34 99 74 20 41 70 52 38 25 63 46 21 46 77 16 9 44 58 20 49 46 57 76 85 36 46 26 33 23 5 58 9 57 84 82 50 6 86 88 31 49 35 52 95 64 68 57 8 79 29 58 25 86 34 62 23 32 40 56 55 46 66 17 3 2 99 53 8 85 93 39 35 28 43 82 93 64 39 53 43 69 63 20 7 97 82 30 82 23 38 89 21 4 6 76 6 57 29 66 95 74 57 30 55 53 64 0 17 56 53 12 77 17 32 84 66 66 15 0 41 53 90 62 10 48 38 68 6 19 35 1 46 44 83 1 97 
99 1 14 55 54 78 32 23 62 17 90 81 32 90 22 37 32 37 47 81 27 68 39 99 3 92 45 99 27 46 97 78 99 11 34 5 42 18 29 4 35 71 37 19 13 60 9 46 49 8 79 76 76 70 27 31 14 72 31 93 70 28 71 69 91 5 75 85 76 4 90 11 27 27 83 40 39 44 86 88 52 17 17 29 87 44 12 53 69 43 46 39 23 18 9 15 75 36 0 51 92 42 15 19 22 50 59 13 94 98 54 46 15 71 27 55 67 40 8 36 35 7 76 59 77 37 26 52 25 78 56 17 73 23 88 47 73 47 60 19 97 66 65 65 89 45 20 57 37 80 93 72 39 21 83 16 10 9 69 35 40 77 4 65 0 92 12 25 92 24 44 41 91 61 6 80 6 78 37 43 11 83 68 50 56 51 67 67 13 88 54 5 65 11 70 17 3 82 42 47 58 86 89 49 99 47 82 6 26 71 1 37 6 69 39 63 73 6 82 38 94 88 43 11 99 13 28 55 47 70 54 57 8 43 7 8 91 41 66 69 12 67 58 19 89 97 34 14 56 68 52 2 56 95 66 8 60 94 63 59 17 17 16 25 13 75 85 56 16 51 25 81 71 35 52 12 84 86 26 40 54 78 95 62 73 61 70 85 7 85 44 24 3 60 2 68 88 39 24 4 91 1 37 14 88 89 26 72 27 52 65 33 30 60 96 55 73 18 92 80 4 36 57 59 48 59 27 36 50 51 93 41 4 30 7 92 72 33 64 99 37 81 33 19 93 81 74 66 51 66 99 55 54 56 66 3 67 93 91 17 96 84 11 52 67 18 44 39 4 61 90 41 42 75 61 36 8 87 54 60 6 5 67 60 61 34 15 80 79 59 50 28 95 13 80 62 83 25 53 87 
38 44 81 32 71 94 68 80 81 75 40 39 80 59 52 94 93 67 26 25 78 76 53 74 89 33 36 73 10 42 12 48 86 93 81 57 87 1 89 21 28 29 60 9 89 12 55 34 32 81 59 10 58 64 84 99 98 73 72 60 67 37 9 53 30 42 62 70 95 4 91 24 85 51 85 26 16 40 61 48 21 72 10 31 37 47 31 87 72 55 47 39 92 8 44 75 50 58 45 46 62 88 22 48 39 7 74 7 47 87 55 68 60 18 52 49 65 83 36 37 38 35 76 83 44 20 58 46 78 3 92 41 91 66 41 82 73 15 42 20 3 97 41 15 15 93 64 32 28 52 69 66 87 45 49 83 17 59 30 48 62 74 41 5 41 82 40 14 49 82 87 52 31 80 19 99 25 83 31 53 87 1 19 27 98 21 10 68 80 92 16 95 67 9 52 60 91 44 26 40 78 65 45 10 45 64 9 70 0 92 23 87 45 95 14 96 68 77 64 48 69 32 95 88 41 0 0 32 44 79 24 23 44 21 33 42 86 94 12 86 38 88 25 84 35 92 80 3 69 96 3 90 28 99 31 21 99 83 5 95 62 29 18 59 51 3 1 89 49 65 27 88 5 52 24 40 44 4 95 65 52 99 8 80 50 39 53 1 74 58 96 89 87 67 48 90 70 1 31 72 66 58 12 24 11 36 64 7 92 60 25 44 11 33 76 61 24 29 62 98 87 58 87 26 25 35 69 48 36 0 20 55 59 32 79 22 68 95 81 12 7 6 56 18 39 84 79 15 13 41 14 52 0 53 78 77 41 99 25 29 0 97 84 11 81 15 85 1 63 18 13 70 25 69 89 16 5 68 32 18 10 98 22 62 51 53 91 92 52 69 22 4 66 58 67 48 26 4 1 89 
23 15 59 48 36 0 64 42 69 48 12 31 46 35 45 98 88 88 42 92 57 16 97 76 27 16 76 53 21 77 94 44 92 5 44 29 6 60 23 27 9 35 58 55 70 55 5 10 43 48 3 1 64 52 29 91 68 5 96 41 82 90 85 75 96 29 56 2 42 79 29 51 14 39 58 37 46 64 47 89 12 2 42 28 6 71 20 75 76 68 16 59 59 54 86 7 35 42 9 77 73 90 80 39 81 39 76 27 55 76 68 67 30 11 47 37 34 19 64 11 88 32 22 99 86 60 6 74 54 15 3 27 57 84 66 38 75 95 17 30 23 85 49 53 96 96 90 83 68 6 94 56 39 68 55 25 28 61 51 82 28 55 61 37 91 79 27 66 74 44 48 97 29 97 3 78 45 45 61 13 52 7 21 91 27 76 68 7 89 20 89 69 27 2 6 18 81 33 36 8 29 84 57 11 81 60 41 26 6 54 92 58 13 13 1 40 42 69 47 31 41 88 1 68 90 59 86 23 45 22 31 26 58 89 37 39 1 30 18 7 84 10 17 97 23 18 89 65 40 36 49 81 76 2 50 18 13 88 42 58 63 73 85 21 14 74 13 16 5 31 75 41 93 93 91 16 63 80 34 55 69 35 37 45 37 39 64 50 27 58 61 42 83 98 64 98 24 77 66 29 60 41 23 53 86 14 21 50 94 55 57 63 42 94 61 31 33 25 34 13 35 95 7 18 45 71 16 69 0 82 51 60 24 74 13 62 88 35 64 82 42 22 98 85 16 59 68 2 36 2 67 71 97 74 89 94 98 58 64 98 92 15 11 68 89 76 31 29 63 95 63 6 17 61 43 86 72 63 88 60 66 7 31 15 81 73 10 31 83 74 82 75 41 93 44 82 21 75 11 85 
70 74 43 88 88 38 26 12 1 14 73 67 73 56 83 6 81 93 38 64 19 72 40 12 17 84 94 38 11 57 75 81 83 18 21 71 8 99 36 10 13 9 29 38 17 64 45 99 9 35 63 80 7 55 92 24 91 86 14 2 43 90 36 27 60 9 50 69 9 86 31 74 47 60 13 65 77 10 64 86 45 79 67 4 35 11 28 26 98 94 81 93 84 17 20 45 78 23 14 87 9 45 62 9 57 27 74 86 37 38 73 34 69 92 38 4 3 18 83 53 12 64 47 49 33 19 94 11 42 60 51 4 57 65 13 66 92 87 53 81 77 78 15 46 70 5 3 25 75 38 79 39 54 78 88 87 97 34 50 92 94 53 48 3 18 13 70 10 52 23 43 29 1 10 27 23 67 82 48 42 20 79 34 74 9 22 61 59 9 64 3 55 17 51 59 88 64 29 50 16 52 94 97 5 4 76 28 72 59 28 66 79 60 0 54 21 75 67 80 84 83 83 91 53 86 50 41 2 79 91 70 83 37 67 40 94 96 68 66 55 49 84 34 61 37 40 82 12 60 63 48 43 98 39 96 85 42 37 87 21 81 58 57 18 77 97 12 73 18 30 80 19 67 67 80 4 7 62 16 67 77 16 63 76 7 59 13 49 49 52 23 30 62 80 0 40 29 65 65 99 95 46 18 62 13 50 18 72 65 86 92 42 2 55 70 10 14 83 11 15 88 34 45 50 66 98 90 96 63 8 95 10 54 66 25 19 16 43 91 81 30 83 76 84 90 98 46 5 82 58 20 22 92 18 72 59 68 63 7 31 71 54 41 77 20 66 96 89 62 39 22 44 23 50 28 13 49 75 70 83 33 43 5 77 13 77 88 81 92 95 12 15 50 5 92 22 24 40 63 38 
80 38 82 55 40 10 20 89 37 43 24 22 38 29 0 51 59 40 84 51 36 96 19 38 53 63 12 29 4 28 67 36 66 49 43 58 60 15 48 97 58 72 20 48 54 72 99 13 12 83 64 0 31 35 90 37 99 3 66 55 31 34 43 49 35 86 7 95 1 7 45 12 32 17 60 86 41 12 99 5 47 15 6 31 3 96 68 2 51 86 57 34 20 0 35 8 38 95 3 91 2 0 55 86 69 68 72 62 80 23 68 79 91 26 10 94 22 78 96 26 65 5 60 37 57 96 45 95 91 1 38 45 53 94 32 23 62 56 37 42 80 5 73 23 31 84 17 6 62 65 32 79 22 44 17 79 40 14 26 83 15 64 29 21 58 13 96 20 69 33 14 1 39 88 24 22 24 93 28 86 58 12 18 80 57 87 11 97 1 37 33 69 2 62 90 12 27 86 85 96 19 99 50 10 39 74 33 63 20 61 2 78 74 20 11 83 59 74 32 60 12 65 81 66 79 23 78 6 61 63 3 81 15 5 43 6 79 76 70 51 90 24 30 16 96 93 99 55 67 31 67 31 49 49 97 28 72 28 35 34 43 90 67 58 95 62 65 26 39 87 78 81 63 60 49 59 53 48 14 72 31 81 4 80 30 53 9 55 81 96 41 25 86 60 35 81 22 52 7 13 39 37 94 2 97 43 61 2 43 27 75 75 9 31 7 91 84 68 46 66 64 39 43 50 99 78 83 22 31 43 35 22 80 82 77 30 25 90 32 69 18 7 96 79 38 55 70 23 24 69 41 88 8 84 91 60 14 74 82 45 69 69 68 50 51 97 80 77 87 12 98 5 72 46 36 62 1 7 37 77 28 78 18 88 14 9 48 29 35 82 26 5 52 46 7 55 43 87 32 31 
51 82 88 75 80 25 38 82 84 27 11 64 58 29 52 72 90 1 53 78 35 80 35 39 26 42 95 22 81 79 5 84 62 45 60 42 22 50 76 6 77 40 70 35 69 75 60 12 28 13 42 63 45 77 3 24 71 98 46 4 29 51 88 91 96 0 86 71 2 14 77 32 54 0 19 76 75 79 40 55 45 82 18 90 11 73 66 82 23 64 86 53 67 26 96 16 27 34 87 81 49 64 13 55 16 33 83 43 12 23 98 9 57 69 52 68 42 18 2 18 83 88 23 50 67 19 66 46 54 53 27 55 70 93 62 38 26 46 82 90 21 80 0 79 1 4 99 96 74 2 14 9 42 37 12 9 8 78 7 14 84 35 21 6 28 84 44 6 30 78 96 3 11 48 82 12 4 82 60 79 36 74 88 78 63 0 40 24 31 99 38 67 86 60 25 66 96 69 72 26 0 21 81 11 21 64 75 26 98 36 5 86 62 93 16 78 46 56 2 77 8 92 44 94 4 69 61 0 90 33 78 90 6 60 53 28 24 29 54 74 17 59 60 79 4 76 57 50 85 59 27 93 4 23 87 8 44 0 9 35 34 87 77 40 47 83 68 23 64 22 49 81 33 9 12 38 38 70 88 23 81 68 68 85 43 7 94 88 8 55 75 94 42 4 86 42 87 55 17 51 29 67 84 15 76 97 53 66 19 93 41 0 13 9 38 57 69 84 97 77 39 72 23 33 76 9 75 64 64 45 67 46 12 4 61 40 1 66 7 20 11 48 72 77 10 62 86 79 46 83 8 37 55 31 71 83 40 98 99 57 43 19 55 7 23 68 48 24 86 55 96 49 55 20 26 65 83 64 96 81 47 56 19 54 87 42 38 80 92 89 89 88 8 44 95 31 12 43 7 98 
50 55 99 6 28 26 23 63 90 20 44 90 76 15 44 16 9 34 48 2 76 37 90 84 81 85 68 45 29 75 95 79 83 94 37 11 72 61 74 63 81 70 5 9 86 1 77 95 88 25 49 64 62 39 0 95 77 68 40 6 96 35 37 79 30 27 42 2 88 68 17 21 38 74 82 76 76 60 24 64 85 73 80 0 13 80 95 42 1 36 48 97 71 37 28 53 64 22 8 4 90 77 25 28 4 8 57 80 68 81 96 5 54 28 5 19 8 1 61 9 89 61 58 12 51 86 18 67 8 26 72 50 55 97 79 59 57 88 91 77 69 87 83 23 15 40 95 76 93 56 37 82 70 96 95 21 34 65 88 95 91 60 45 98 10 76 58 19 64 1 97 85 89 32 9 56 24 56 84 18 12 22 52 82 70 99 55 56 64 44 3 7 56 1 6 18 29 16 38 46 17 35 31 58 19 92 67 43 48 51 13 61 25 66 95 47 65 51 4 30 47 7 37 3 8 95 22 90 11 12 36 81 99 67 39 18 60 58 13 8 10 27 21 87 93 17 35 58 20 91 40 67 98 30 70 59 25 44 49 89 56 37 70 7 4 9 25 64 20 39 25 30 66 46 69 11 15 4 21 35 95 62 2 46 44 25 57 69 21 58 58 30 95 80 37 99 90 15 16 62 54 41 92 72 39 13 35 55 70 56 90 65 70 93 63 14 70 72 36 91 30 46 73 77 27 11 77 69 26 45 31 32 38 75 56 77 88 91 32 58 99 23 76 70 68 91 36 90 64 24 81 46 23 7 24 50 18 53 71 44 98 54 28 88 81 84 65 69 75 98 80 74 73 8 96 93 51 85 83 15 9 16 62 32 23 38 34 41 91 57 37 41 11 65 29 92 49 46 14 76 
96 46 3 69 6 99 62 57 84 97 73 46 14 87 30 89 77 17 83 68 74 20 61 38 38 90 82 39 36 48 16 33 46 19 54 52 18 69 10 55 66 35 53 32 74 83 74 51 0 57 71 27 77 32 17 67 74 51 7 62 0 23 95 98 42 2 51 12 23 13 19 41 0 72 74 26 56 48 77 8 57 0 87 34 32 56 2 6 8 9 20 60 84 68 58 78 70 61 90 93 26 62 34 26 34 60 52 42 60 81 51 17 81 90 4 65 47 58 23 7 19 44 67 3 12 77 33 34 91 23 79 17 37 13 96 72 26 0 14 38 82 17 56 15 8 12 33 7 70 8 14 89 52 33 44 16 62 77 2 53 52 81 23 90 47 19 14 73 19 28 11 53 98 19 69 58 31 54 65 53 62 31 94 67 64 38 83 78 67 38 32 20 19 55 62 66 26 76 91 45 56 55 99 6 26 20 64 58 74 81 63 36 12 58 3 28 96 39 7 64 77 91 36 96 46 50 15 72 78 58 69 86 13 68 93 40 88 9 50 14 91 13 51 55 23 6 84 20 45 43 36 22 34 24 71 32 26 38 56 4 96 25 42 10 94 87 2 34 97 4 49 40 69 52 95 93 58 31 65 56 74 1 30 60 77 1 92 3 91 48 59 88 74 1 50 20 89 4 6 38 8 7 30 77 59 77 22 70 9 87 26 35 88 56 96 17 58 40 20 1 89 31 89 15 33 39 35 74 43 93 64 3 1 94 33 60 23 55 30 32 43 56 20 31 65 68 1 23 8 21 24 97 5 66 12 90 57 99 16 53 93 80 56 94 26 89 6 49 45 89 34 88 97 54 71 62 22 72 37 30 46 14 80 51 80 44 41 89 44 57 42 37 89 99 83 67 40 41 16 85 
82 2 25 80 56 49 94 30 21 32 13 19 98 45 22 30 89 15 19 33 24 62 22 65 13 57 32 53 99 1 91 81 3 16 13 12 65 8 94 39 92 7 10 90 4 33 20 94 0 39 27 25 53 2 90 66 59 23 20 10 24 11 44 79 79 57 91 97 17 38 36 9 97 46 51 2 31 71 96 32 63 75 9 16 77 99 83 89 74 55 51 98 18 47 30 97 57 73 94 74 11 82 36 9 81 87 11 64 59 59 96 74 34 5 90 64 57 25 5 31 32 56 82 50 56 12 0 13 85 46 87 49 29 75 58 10 63 21 74 74 80 23 48 14 80 90 78 37 68 35 69 0 44 51 3 0 63 55 13 0 1 52 49 30 28 7 92 43 80 19 17 60 94 17 75 74 59 5 64 27 93 33 80 37 84 35 37 99 90 50 51 43 54 1 74 82 60 18 77 41 89 94 1 83 63 28 10 23 86 74 2 79 7 34 16 43 21 5 94 63 7 45 7 61 98 33 96 59 3 73 52 93 20 5 28 83 34 38 58 72 64 13 3 23 47 71 18 21 76 12 84 83 10 91 96 8 76 92 19 80 18 71 73 38 29 53 73 15 92 32 87 8 97 90 32 96 13 50 17 89 15 54 72 25 97 20 85 74 13 5 54 31 28 79 21 9 32 46 24 76 78 11 85 27 53 17 24 66 67 93 7 82 47 31 59 45 52 45 71 17 2 25 0 82 56 21 92 40 67 16 17 98 80 2 25 85 71 1 4 90 95 63 25 42 95 84 39 47 81 10 64 35 87 64 18 95 37 62 36 56 30 53 54 62 7 32 0 30 33 56 20 80 19 97 75 66 82 14 13 15 77 29 51 16 45 21 12 34 35 48 91 17 53 97 80 12 29 32 42 15 
88 14 47 59 12 22 26 46 89 91 61 66 21 64 82 18 37 94 53 72 94 44 90 47 41 22 11 23 54 53 90 42 20 37 53 32 60 79 78 49 71 91 67 92 56 49 62 45 96 15 18 90 11 60 90 5 82 1 28 36 7 70 30 27 7 83 11 19 63 41 68 86 32 87 30 40 37 92 38 85 60 56 27 71 16 69 28 98 23 56 86 30 78 68 9 86 51 72 57 66 13 78 52 97 65 82 90 54 75 28 39 87 36 67 58 52 36 87 2 59 95 88 41 74 8 2 12 59 74 69 78 39 47 30 37 13 65 79 19 92 7 59 79 43 78 89 47 66 76 1 78 24 89 71 50 49 74 62 8 48 83 38 40 83 69 77 48 86 8 67 78 15 26 9 10 56 98 9 23 75 10 53 51 51 24 1 0 98 15 60 99 98 99 39 81 68 68 81 6 76 49 36 43 27 45 53 84 43 14 59 18 24 12 21 75 36 22 75 35 37 35 86 88 86 77 21 6 45 3 12 21 52 48 16 79 93 21 15 37 35 74 7 59 86 29 86 75 51 13 10 41 0 48 29 87 25 50 93 70 53 6 43 57 54 59 89 0 80 4 37 67 79 96 26 17 77 12 92 29 77 54 22 77 2 51 64 79 53 58 1 7 16 96 16 70 7 5 22 87 10 11 6 41 8 32 10 85 96 55 66 73 9 88 3 64 91 67 95 45 77 97 4 93 93 20 16 1 78 38 40 40 50 47 33 10 31 43 47 80 98 14 5 60 54 8 24 98 76 19 95 53 68 99 47 62 71 63 15 1 53 7 41 3 54 74 65 38 70 13 18 20 79 23 80 33 32 56 83 60 28 78 65 96 77 64 10 1 79 25 2 33 33 96 88 39 70 54 77 92 67 
47 13 46 71 93 31 55 2 67 67 30 45 32 26 75 97 89 76 76 66 30 61 51 26 50 91 49 4 20 41 23 68 54 69 91 0 52 46 2 19 13 84 65 97 62 92 94 51 68 23 70 50 84 21 77 86 64 26 90 85 19 13 5 26 34 96 26 87 94 80 58 59 16 75 56 78 67 3 82 87 26 52 38 62 73 67 49 38 45 91 75 64 5 80 90 91 28 68 30 22 0 89 81 16 64 89 95 32 92 29 71 70 81 9 33 54 28 34 44 73 77 19 38 82 51 80 26 79 1 56 53 1 45 86 18 62 76 65 46 68 94 17 91 75 79 76 81 7 10 78 81 87 49 71 22 1 3 48 32 4 4 38 6 2 24 76 64 52 41 10 73 35 79 64 62 58 40 95 66 2 73 99 41 23 70 63 76 25 63 60 30 20 98 36 74 75 12 38 27 5 0 0 92 79 16 54 90 56 1 56 10 27 55 52 50 77 15 78 2 31 38 32 3 89 20 77 64 84 67 43 89 19 96 81 98 12 87 40 21 89 96 31 16 3 83 18 80 51 48 35 34 86 67 37 27 40 66 91 24 33 35 14 52 83 47 2 95 35 43 16 76 91 0 44 95 83 62 27 86 62 62 20 0 82 57 28 22 23 19 98 8 6 12 12 89 60 15 37 47 10 5 23 1 5 67 48 41 81 76 27 43 38 48 95 20 57 23 94 33 95 93 93 1 57 6 43 69 73 80 16 83 85 91 36 91 58 85 32 91 61 59 86 99 59 82 72 69 5 66 54 0 11 47 54 69 53 97 90 26 77 59 61 62 50 98 5 61 83 37 52 44 49 91 95 60 73 67 81 30 86 35 83 49 83 37 70 88 86 61 15 63 20 28 77 22 26 83 83 9 72 
88 5 73 31 53 86 4 72 67 86 58 3 69 8 38 58 30 26 44 91 93 59 63 22 89 86 0 72 21 10 96 61 67 22 92 20 8 48 93 75 35 3 30 56 63 68 67 94 47 63 37 92 23 1 14 12 39 15 36 60 77 84 74 96 6 66 69 14 15 62 42 2 17 24 10 33 45 77 27 92 93 64 84 16 65 51 80 56 18 16 17 95 0 91 43 7 9 12 73 76 26 67 30 44 92 41 77 37 70 56 81 63 20 65 31 38 68 11 94 86 79 63 33 80 6 77 39 68 89 64 44 16 32 75 12 76 68 41 13 90 97 94 6 69 11 37 59 80 1 6 18 80 21 52 12 28 29 3 96 18 68 92 86 52 19 98 28 87 39 93 30 88 39 36 58 2 73 17 34 26 75 53 7 97 5 19 25 86 75 73 56 43 17 43 47 37 93 75 24 85 20 6 73 59 42 83 61 68 53 48 94 28 1 1 25 58 73 2 44 48 27 0 43 45 95 90 34 89 17 10 74 89 17 99 48 59 35 61 27 88 9 22 68 62 23 46 20 48 0 16 96 28 17 91 25 64 81 59 53 50 69 79 39 86 31 39 46 66 53 25 6 14 47 26 77 23 72 49 71 73 66 20 53 35 63 30 99 45 89 53 47 10 84 87 49 15 78 47 33 31 72 39 46 20 18 75 95 90 24 18 15 90 38 20 25 2 50 25 99 91 30 98 2 14 37 51 82 16 98 15 99 22 7 97 94 25 72 89 67 97 8 83 39 98 55 65 52 6 42 3 97 24 2 51 38 39 54 72 7 4 40 7 27 99 4 21 24 77 11 43 26 71 78 65 69 34 82 22 92 24 77 89 0 79 93 91 71 47 63 78 4 3 85 31 2 42 4 78 71 15 
22 97 38 52 14 60 86 97 82 78 73 11 20 74 91 13 65 62 12 80 40 16 36 78 99 90 20 4 69 43 71 43 40 10 47 6 70 34 3 4 12 29 15 84 3 58 49 20 20 62 0 13 30 88 43 82 79 15 86 0 58 9 95 50 71 42 56 93 76 12 97 41 41 65 25 96 75 27 16 96 41 68 61 71 57 4 5 36 19 43 88 29 53 83 79 24 25 35 18 2 47 67 95 40 84 72 36 60 99 4 8 40 73 21 64 82 25 69 70 96 13 58 77 18 41 56 42 66 43 12 20 43 32 67 83 16 40 72 28 91 76 36 32 49 57 48 83 34 17 53 82 82 11 59 0 4 67 95 23 63 7 95 6 39 63 41 8 55 13 36 46 42 25 30 43 34 78 27 21 48 80 3 30 44 15 83 0 82 78 23 97 37 71 55 29 34 97 37 41 62 25 39 4 2 22 48 37 0 27 58 0 59 13 31 3 28 66 56 63 44 79 60 33 50 16 62 36 65 51 29 27 77 69 84 31 91 84 68 43 63 26 44 22 92 27 78 20 93 34 83 89 13 96 22 16 12 85 52 29 88 34 8 17 3 92 49 46 28 17 89 91 96 85 66 88 12 44 60 57 78 44 46 43 92 21 59 56 58 64 85 46 98 93 64 53 38 13 99 66 82 40 10 78 26 76 18 90 72 79 48 50 75 46 93 67 67 5 23 25 69 60 72 19 53 36 72 91 1 23 10 83 63 72 62 89 0 32 32 72 11 80 74 86 26 67 5 94 72 80 71 93 40 43 12 94 31 36 37 32 59 47 16 75 71 30 16 71 62 48 95 26 28 69 12 7 89 70 53 13 50 24 59 91 68 71 37 51 60 74 84 71 74 52 46 45 34 63 17 96 11 
64 74 92 34 39 99 75 9 52 88 59 28 47 2 96 71 39 48 31 14 84 54 88 36 1 33 70 64 2 18 27 19 93 71 5 84 70 80 93 74 20 4 3 68 7 51 91 98 51 74 12 35 28 52 71 29 38 93 45 92 64 25 11 9 96 16 93 19 48 86 93 69 42 48 37 49 0 80 0 51 54 64 87 82 17 10 64 7 56 61 99 20 86 63 29 83 31 22 2 80 60 47 49 2 96 38 4 96 18 4 99 24 68 86 6 37 49 22 44 5 84 96 77 70 11 6 5 42 80 7 74 40 55 75 94 3 13 98 99 83 54 98 7 75 37 66 12 38 40 9 95 24 57 72 95 68 78 52 10 10 60 85 2 67 12 96 70 26 47 21 61 53 71 21 28 60 39 93 98 79 54 93 4 11 65 51 79 95 3 41 57 15 78 59 82 91 8 4 69 7 25 30 12 97 3 41 57 42 86 8 74 40 53 78 51 19 81 82 66 36 23 76 52 2 35 86 93 95 91 14 2 68 44 67 17 0 8 27 42 46 35 16 86 88 46 89 59 79 71 78 16 46 54 20 0 41 6 93 37 49 59 91 18 4 58 35 4 18 14 98 64 49 67 2 90 13 43 1 45 66 79 61 13 85 81 13 27 87 59 64 89 18 7 7 74 66 94 30 36 9 81 1 10 48 55 0 13 51 54 58 17 33 19 82 19 52 48 46 92 59 62 81 77 69 40 4 87 86 86 24 95 67 77 58 15 84 10 81 35 64 39 5 98 11 87 69 15 87 67 7 46 81 40 76 2 80 80 90 19 18 66 14 86 95 72 53 31 35 34 67 99 26 24 49 89 63 18 4 51 37 64 97 18 4 73 21 37 5 63 56 24 81 22 10 28 47 15 59 82 2 
78 81 28 2 83 69 18 1 25 69 91 89 66 9 46 40 82 35 45 97 43 21 30 17 83 58 64 99 70 98 1 48 32 81 3 15 50 21 68 27 90 59 17 8 21 15 0 55 2 98 5 45 19 35 62 3 46 79 2 16 29 55 16 13 88 19 28 38 92 49 17 34 60 34 43 33 1 43 89 3 93 94 0 13 29 15 68 27 94 70 43 75 77 60 89 65 31 69 55 24 18 72 58 31 59 53 64 60 49 53 16 42 99 16 55 81 31 23 8 77 45 52 5 74 12 94 39 43 63 46 19 34 19 30 65 78 83 29 90 32 35 58 75 34 27 82 15 10 58 24 40 55 28 45 30 92 39 21 87 54 68 7 40 87 37 5 17 20 87 59 5 74 18 32 8 97 66 76 7 24 52 47 80 80 92 62 72 31 83 59 38 51 18 78 90 7 36 7 80 23 19 85 97 89 69 57 86 35 33 93 60 85 41 92 17 33 54 41 17 37 53 7 41 71 85 31 79 21 91 11 96 10 96 45 51 65 3 37 0 88 30 12 26 23 4 95 9 10 37 78 48 90 85 41 13 22 72 44 96 63 55 92 25 3 90 76 20 45 65 21 33 48 85 11 71 90 7 32 52 96 10 0 86 47 41 51 70 66 48 66 81 55 10 59 11 52 87 31 97 53 4 83 1 90 94 24 32 1 57 84 97 67 37 35 67 30 39 37 96 39 55 78 46 17 37 57 70 76 89 67 29 93 50 82 35 97 7 67 98 16 4 48 83 41 35 2 71 26 39 20 65 46 50 12 64 39 69 34 15 10 53 45 4 56 79 91 53 86 11 3 2 15 3 38 8 39 40 31 65 32 51 83 78 1 47 42 92 16 28 8 79 34 5 35 90 84 26 95 23 37 
98 77 52 2 15 60 93 8 92 10 40 95 93 70 49 40 65 41 9 45 1 88 79 58 23 21 43 1 16 18 39 67 95 43 69 63 56 14 23 48 24 63 95 70 85 96 62 50 38 23 48 91 63 27 50 38 1 45 40 17 63 79 84 10 74 5 73 30 71 96 30 48 11 26 18 49 22 32 51 12 56 99 4 19 79 6 58 80 51 98 49 66 29 86 76 3 43 2 34 15 50 64 63 62 42 33 63 65 65 14 29 21 14 33 93 93 91 3 25 42 53 74 8 82 60 37 37 4 39 23 71 41 40 34 3 82 67 18 99 84 33 29 58 99 14 51 92 58 54 69 0 59 43 61 93 56 50 30 12 41 6 83 82 46 69 38 80 88 56 32 72 89 13 30 88 79 33 32 37 39 1 38 98 97 51 91 5 1 74 17 42 80 52 24 78 21 62 10 9 19 42 33 60 55 64 49 35 49 33 72 89 35 62 39 84 65 83 41 66 57 58 60 89 62 85 19 83 99 29 44 70 24 77 31 79 93 32 66 43 65 91 84 52 5 23 88 71 6 29 89 15 39 50 56 1 87 75 36 86 57 32 57 81 10 40 12 55 72 31 50 89 22 34 42 79 10 82 50 68 12 92 84 51 42 40 5 29 68 41 67 25 74 76 6 36 16 70 91 40 1 42 30 75 28 24 55 38 58 57 7 70 49 43 74 91 35 79 72 3 72 40 28 98 16 34 34 85 57 78 25 58 72 7 34 0 83 89 91 42 98 50 12 48 93 38 91 28 17 16 32 42 56 12 40 24 99 75 9 56 5 35 14 77 94 48 29 78 89 20 20 40 70 84 88 15 75 31 96 44 47 80 86 55 92 27 80 91 54 89 47 59 76 14 36 71 14 65 1 4 38 
73 44 8 9 84 76 84 15 72 29 15 4 15 70 96 42 50 40 48 92 87 7 68 1 43 91 68 61 44 72 99 17 68 59 79 4 35 63 71 59 92 86 63 60 57 12 54 59 52 3 51 91 10 72 45 6 15 13 67 60 85 66 29 5 25 8 9 13 72 32 72 16 19 88 28 28 52 83 87 4 38 91 95 0 63 40 6 78 53 25 90 90 91 20 47 69 28 8 82 0 41 6 69 12 46 97 40 98 32 79 2 22 70 50 23 85 90 81 64 96 7 54 38 50 74 38 19 55 46 53 7 39 12 76 51 58 26 91 57 10 71 11 33 93 61 8 79 4 41 95 52 0 1 90 51 28 80 22 83 27 28 90 66 40 19 70 98 45 61 7 7 84 19 92 30 32 52 9 36 94 56 88 94 57 31 97 85 63 20 20 90 0 63 9 40 82 79 90 79 92 98 86 29 69 31 59 1 83 20 90 77 76 30 24 33 13 21 71 77 93 91 19 93 54 80 85 88 11 76 67 4 26 6 33 47 37 44 0 20 64 90 50 40 73 74 25 86 95 96 15 89 40 35 34 46 67 20 35 79 48 54 83 26 60 68 73 49 12 73 22 28 16 72 68 41 46 93 79 93 42 95 34 34 82 69 80 49 41 67 28 41 22 63 67 34 83 40 84 47 65 6 75 33 30 95 74 76 89 54 21 83 1 56 17 35 77 97 84 70 17 65 11 39 80 78 73 16 70 9 63 87 67 39 73 97 86 99 25 75 5 47 10 6 55 27 41 84 77 78 54 94 95 17 33 27 47 58 43 69 20 7 56 87 98 81 85 84 81 10 12 38 57 22 97 64 2 38 48 79 68 2 25 15 71 10 43 18 68 86 87 40 45 96 28 43 29 13 80 10 23 
92 49 33 66 98 97 68 36 98 99 57 52 24 72 24 86 15 42 7 54 82 47 99 30 75 43 59 88 75 70 64 67 71 49 85 69 98 54 57 96 5 66 49 82 91 73 68 58 67 75 12 49 23 12 79 98 7 39 39 82 61 55 1 84 4 86 5 2 92 62 99 50 81 48 32 72 73 0 30 40 28 95 42 3 59 21 53 66 12 92 0 73 99 53 9 3 91 14 58 36 29 9 86 10 9 70 82 82 22 64 22 50 59 16 53 18 38 7 36 2 51 88 76 51 93 37 6 37 52 64 73 81 25 11 43 34 81 77 16 55 41 91 6 53 7 11 23 97 70 12 0 22 52 28 25 46 65 31 83 69 48 8 2 73 19 45 60 52 22 28 7 16 71 65 21 79 77 44 28 47 8 80 21 61 8 46 59 26 30 42 95 78 2 50 3 21 95 15 25 18 44 32 86 15 98 7 46 27 51 75 26 12 55 48 73 16 94 32 94 76 26 41 54 28 91 10 1 87 25 26 57 69 10 43 37 60 50 83 87 53 58 14 65 66 14 38 82 60 22 28 37 48 69 91 28 61 53 29 48 31 7 5 52 70 0 89 30 50 73 70 3 83 36 21 1 50 11 35 10 34 63 47 34 33 91 63 94 44 44 94 27 4 51 80 74 51 21 4 1 94 74 56 30 10 77 31 12 89 67 23 75 30 70 61 15 13 76 61 10 21 55 37 77 6 17 51 57 39 7 10 85 34 67 67 96 96 99 9 37 18 32 64 0 54 26 16 20 2 77 30 75 85 67 52 91 37 3 1 28 63 11 65 97 30 33 93 79 84 2 68 2 86 33 54 93 11 22 13 13 0 43 89 37 62 93 28 99 49 81 27 12 93 93 9 75 78 54 54 62 9 
75 64 47 8 70 92 19 93 57 84 45 0 25 82 15 19 62 66 20 44 94 32 89 39 93 64 69 99 71 31 8 46 47 8 6 17 0 77 10 58 61 55 10 39 37 25 58 0 92 78 96 38 62 85 29 7 49 98 6 72 29 67 70 76 75 28 45 75 5 56 33 19 63 44 58 1 21 68 53 65 98 49 3 60 34 84 67 35 82 25 60 63 92 30 91 67 11 37 43 16 93 28 87 56 24 45 9 46 65 14 63 63 63 67 23 49 3 42 85 86 68 97 1 60 79 93 80 90 30 23 59 75 3 46 83 28 44 93 26 9 7 89 73 23 8 48 72 12 43 9 98 63 6 99 75 38 44 55 28 74 30 87 1 34 86 85 62 30 30 40 91 89 29 64 12 38 65 37 50 60 98 0 23 57 51 50 95 96 6 23 22 36 63 24 22 49 61 36 79 91 76 70 80 6 87 45 96 4 34 98 64 32 98 39 89 1 89 84 97 47 8 72 36 23 48 58 72 9 47 51 52 23 73 84 81 60 29 29 16 63 27 32 96 25 71 37 27 13 22 76 60 82 0 96 5 48 7 77 57 54 80 9 29 53 94 63 66 75 92 82 91 20 15 39 97 38 76 76 51 98 5 64 32 5 12 37 6 19 66 63 25 46 25 7 0 71 70 18 98 14 0 89 86 67 28 36 6 5 64 9 55 69 25 88 27 38 25 33 9 92 48 87 90 73 94 42 96 16 60 95 82 13 36 69 80 65 57 38 22 21 0 77 91 25 65 70 63 43 3 25 87 51 12 77 77 58 20 25 26 32 72 8 45 9 29 26 74 86 16 96 60 16 25 51 42 91 21 57 86 76 34 73 27 46 2 56 56 74 82 34 7 6 95 52 15 24 30 41 63 99 
37 23 15 15 26 9 6 99 19 92 75 53 17 54 52 19 63 60 94 97 95 53 3 90 57 19 66 88 60 81 87 50 56 54 65 82 16 23 33 35 67 8 40 84 15 44 55 78 5 1 27 52 54 30 42 12 49 60 52 62 42 91 12 98 97 29 33 13 52 66 0 71 27 41 55 94 37 62 24 42 64 51 46 70 81 40 82 83 1 86 45 95 29 9 45 27 90 78 40 94 97 41 65 76 34 72 70 71 34 94 66 50 45 12 21 78 5 55 61 6 42 58 1 71 19 98 98 61 77 91 55 26 84 72 2 18 96 72 41 31 18 7 33 63 72 54 41 77 10 55 35 4 65 88 27 37 86 78 98 63 69 6 41 53 78 43 23 75 67 64 58 85 24 43 48 96 98 42 25 60 49 60 16 14 48 43 51 34 73 2 50 94 8 91 99 86 87 22 13 54 39 23 40 63 67 88 59 17 82 36 77 31 96 45 98 44 40 1 30 14 3 32 8 11 76 8 50 63 82 63 17 21 39 57 84 6 98 95 23 32 31 52 64 27 49 14 23 89 15 6 55 19 38 64 30 14 24 80 77 58 96 47 80 35 56 16 41 54 12 16 87 95 20 3 75 69 17 98 58 84 56 14 3 95 30 86 61 6 18 91 64 14 38 96 1 94 13 94 1 25 10 40 20 30 43 95 51 12 46 62 48 54 28 52 49 10 90 63 16 8 54 32 23 44 81 76 90 94 71 91 71 33 83 43 64 78 91 67 42 89 29 91 43 57 43 45 67 85 8 35 93 14 20 68 10 1 45 0 95 16 44 18 49 27 61 65 6 4 85 48 93 14 39 37 24 34 34 91 71 94 27 65 8 47 33 70 0 30 70 95 98 66 65 0 94 26 17 52 83 2 
52 76 17 44 65 41 30 99 84 2 45 63 67 53 62 52 23 62 35 46 9 33 64 74 85 10 53 3 62 36 5 67 64 74 11 30 67 93 81 52 95 27 67 14 32 30 19 8 44 6 6 54 39 70 80 77 81 33 80 95 21 85 62 86 12 25 68 79 19 1 31 14 28 51 81 13 81 0 73 25 6 79 31 97 49 64 26 82 97 6 78 71 44 40 9 56 18 77 35 37 78 19 3 59 70 84 24 3 36 97 28 94 76 12 44 77 76 70 60 25 29 90 96 73 82 57 29 0 34 16 37 65 35 93 24 5 77 0 8 66 97 89 12 73 53 8 2 81 79 62 6 60 52 55 33 35 12 14 87 99 30 25 64 18 18 40 75 47 40 84 65 89 25 78 62 30 86 16 11 17 79 69 77 83 24 62 70 89 76 58 40 59 35 4 77 5 96 52 4 88 88 70 77 65 0 91 95 86 7 58 56 38 28 85 22 4 48 44 45 76 54 85 87 89 41 64 46 37 69 51 77 9 21 54 75 73 45 22 11 5 33 67 43 61 5 17 17 53 62 63 81 16 48 69 58 90 85 4 79 6 7 57 16 80 63 43 53 61 17 65 66 50 84 9 63 89 79 81 42 41 44 76 9 44 97 19 34 34 76 66 41 83 23 9 64 38 52 17 99 21 34 65 72 19 27 35 8 6 16 3 99 12 79 60 57 76 80 43 62 56 61 3 91 84 12 55 23 16 25 74 38 59 40 10 30 19 97 39 77 66 42 28 30 73 88 87 1 20 83 63 28 44 67 20 81 31 27 56 48 52 30 38 64 22 48 94 93 97 85 70 63 79 98 94 52 39 33 5 59 68 69 88 13 88 60 46 71 87 2 71 92 84 9 56 59 57 2 52 7 40 
23 70 19 73 16 24 12 2 29 24 70 50 64 35 90 24 81 62 11 35 33 3 72 43 11 31 52 14 83 59 54 58 82 25 84 50 49 48 52 79 72 23 29 36 58 20 60 92 34 24 27 67 27 51 62 39 82 15 5 18 26 11 76 8 36 60 59 86 9 11 17 33 86 46 70 97 18 82 89 4 6 68 72 86 20 86 25 54 1 82 72 28 93 1 88 29 13 99 67 74 11 84 8 49 83 30 46 53 12 87 58 71 8 82 57 28 68 34 82 70 68 7 50 61 8 90 42 21 90 10 96 53 46 4 2 29 34 1 83 98 88 41 21 96 75 78 76 43 64 11 65 32 18 67 45 26 58 40 47 48 50 43 1 96 99 55 78 85 56 61 84 97 54 5 45 81 36 22 24 52 85 42 37 3 9 34 81 19 74 28 67 76 24 20 25 23 76 3 9 32 16 45 81 70 2 27 51 90 1 27 43 86 21 32 41 83 66 22 2 41 2 22 69 78 42 94 54 18 97 63 3 13 60 84 35 62 63 38 53 16 18 48 54 39 32 95 22 98 69 25 91 24 99 61 2 41 7 8 12 5 71 15 70 83 51 58 46 67 96 51 83 66 51 38 6 83 85 80 33 7 57 25 31 56 38 85 98 97 94 10 54 17 77 25 1 28 35 99 47 31 2 31 50 53 69 56 36 54 36 69 61 94 46 44 2 36 82 0 86 28 62 40 45 39 65 98 20 0 97 67 84 99 98 34 4 19 42 40 26 30 62 39 76 60 84 79 49 18 31 35 46 94 75 43 85 93 42 5 45 91 25 81 43 75 67 47 95 61 40 21 92 54 60 20 66 96 51 67 14 83 2 60 77 30 4 14 75 98 20 72 89 97 54 84 72 73 32 67 35 24 
40 27 30 53 99 96 49 51 64 16 34 18 28 63 0 84 77 75 82 49 48 24 46 54 60 71 27 44 90 62 68 31 41 98 36 41 47 37 92 11 53 78 81 34 93 82 18 22 9 53 72 57 29 70 11 89 93 91 34 84 53 54 67 95 5 3 88 52 40 32 15 46 10 96 80 55 78 50 77 40 3 1 97 32 24 61 74 17 52 8 1 5 14 20 52 19 23 92 23 16 24 38 14 86 87 46 41 17 96 19 57 0 72 7 84 96 68 58 14 72 18 67 29 85 88 82 4 63 74 80 79 51 70 45 37 57 91 31 75 88 2 84 40 74 91 24 71 59 35 85 31 53 4 61 90 92 95 95 56 21 27 87 72 97 33 62 55 76 93 82 16 47 66 56 21 58 33 44 69 68 81 1 73 86 14 64 78 61 11 86 82 38 74 7 87 59 21 42 35 66 76 52 13 43 60 34 53 93 79 22 61 12 75 87 98 41 3 77 2 14 63 37 4 89 44 91 48 17 86 36 83 62 40 96 57 0 30 62 94 61 85 7 74 12 94 24 54 49 1 56 63 17 45 19 6 41 11 7 58 49 43 41 63 83 37 21 83 20 83 29 33 20 37 59 33 83 84 87 85 37 95 48 54 41 20 13 82 31 20 93 32 15 34 95 98 24 68 33 44 52 15 29 24 4 89 57 39 73 96 24 10 44 25 17 85 45 30 19 28 2 64 60 17 99 55 67 23 24 52 19 28 67 48 52 71 37 62 63 62 58 87 73 54 12 90 39 9 72 11 37 74 75 97 91 26 5 10 1 81 62 20 61 82 69 65 5 58 27 68 21 38 8 46 92 20 88 84 30 60 47 19 34 74 17 77 1 74 87 2 7 1 75 68 83 96 33 89 54 13 9 
27 3 17 73 95 38 61 31 20 73 30 39 59 5 8 36 58 34 75 12 41 29 87 61 12 83 47 53 90 12 63 17 15 80 43 62 70 4 46 42 30 76 34 89 81 42 78 39 29 5 4 22 34 91 36 99 27 83 52 17 95 67 86 62 48 29 76 70 86 22 13 68 99 47 57 32 41 35 24 70 93 28 45 27 71 81 26 98 64 31 67 11 98 6 25 98 87 1 69 73 24 82 41 75 29 51 59 22 38 83 93 31 63 90 59 35 71 37 85 87 20 53 98 19 11 75 17 98 76 38 24 52 20 17 79 1 68 39 24 59 22 69 90 86 59 1 21 82 91 58 69 11 11 19 30 74 94 0 73 70 38 97 75 11 14 54 64 35 93 40 94 68 9 84 54 20 38 27 2 29 85 71 40 49 90 23 23 84 75 48 7 13 45 82 76 12 88 41 47 82 81 41 50 43 77 56 15 15 83 18 96 20 41 37 21 84 12 45 20 87 45 27 52 91 61 29 3 50 22 2 84 55 95 34 50 24 90 66 92 25 36 88 97 77 77 19 13 89 16 34 76 61 13 81 52 27 62 7 77 84 61 13 91 56 47 42 81 89 60 73 66 96 61 63 25 91 82 39 80 98 73 9 60 86 90 64 13 4 24 42 40 85 7 31 42 54 25 75 95 85 48 61 33 61 77 59 52 59 98 85 10 71 46 22 9 36 86 75 92 62 69 32 48 77 63 42 83 41 17 79 26 17 92 60 30 69 19 35 81 69 20 91 40 18 13 1 54 51 76 46 14 98 30 14 75 93 56 58 34 25 89 13 42 34 25 24 55 96 59 36 65 31 79 57 49 44 58 55 96 87 53 62 85 83 76 12 29 32 22 63 57 64 28 51 98 53 75 53 1 87 
42 66 18 21 75 20 18 86 75 14 73 81 76 10 64 4 22 45 36 44 61 45 8 89 96 58 95 71 64 96 10 6 15 29 79 90 49 97 76 76 63 1 9 91 11 26 95 85 71 83 82 32 28 90 22 76 1 69 0 65 17 10 23 32 91 54 75 92 4 3 69 67 5 78 11 68 4 58 54 28 42 88 60 22 30 34 99 31 3 99 96 21 61 71 5 53 26 80 45 30 84 66 49 41 97 60 61 1 71 67 29 13 55 42 87 86 76 86 17 80 37 66 53 51 89 58 4 15 91 49 97 27 68 99 68 65 11 29 18 82 49 0 95 4 42 83 90 18 21 60 50 11 26 3 62 15 62 66 83 53 67 32 80 35 31 0 0 43 81 19 25 30 71 73 87 13 8 77 31 29 37 82 92 15 37 54 83 99 20 18 4 40 50 36 27 34 88 80 29 70 51 6 52 22 79 39 35 39 69 66 69 58 0 61 26 38 68 9 89 40 79 46 80 81 82 8 15 23 88 96 45 91 3 97 13 82 89 48 22 10 66 43 68 19 56 94 9 24 55 98 65 34 96 97 68 79 5 83 54 45 80 99 88 35 48 1 17 37 49 91 99 68 86 68 87 43 14 48 19 70 46 84 56 43 34 24 74 91 60 80 89 92 79 77 27 27 79 96 17 80 40 16 48 26 36 87 69 51 35 41 73 34 77 29 29 11 6 55 3 18 35 92 10 14 69 89 93 0 85 10 81 25 27 81 4 63 21 25 66 8 66 39 42 44 21 23 7 79 30 10 97 65 54 59 31 76 48 77 76 85 87 57 63 66 91 67 82 12 44 48 20 11 40 15 7 61 38 14 40 21 77 89 86 31 48 70 7 48 47 84 85 86 93 48 53 84 67 35 96 12 
35 69 75 75 84 82 36 74 48 28 95 25 17 34 9 65 56 16 65 55 52 51 41 98 99 46 82 19 81 31 83 69 52 10 44 36 44 33 62 92 61 58 70 31 44 79 48 0 47 14 7 52 65 48 50 16 95 84 35 28 67 70 97 19 80 42 55 76 27 70 69 88 28 91 71 24 70 20 76 69 34 83 21 99 31 23 15 78 8 3 7 75 25 4 95 58 98 2 34 77 72 55 66 52 46 89 76 68 9 4 38 43 87 11 94 71 35 62 49 95 17 8 22 94 65 69 52 15 24 39 93 96 94 11 1 93 0 29 61 62 34 51 5 73 15 52 96 2 66 98 49 83 6 71 77 23 93 82 39 17 21 84 13 67 95 14 60 47 96 74 9 30 77 67 55 92 19 52 46 85 50 95 20 56 67 97 32 60 31 71 77 52 55 42 72 2 9 84 49 5 58 11 87 88 78 42 32 49 46 79 34 96 74 6 5 93 55 37 5 87 60 34 39 67 29 11 69 38 96 70 95 6 81 34 46 59 28 31 8 75 10 94 71 36 0 28 82 56 65 39 95 77 74 34 44 3 98 65 93 46 36 40 4 17 74 3 29 2 34 89 29 44 84 53 32 36 81 14 44 99 54 39 76 80 26 21 35 24 86 28 22 74 68 26 44 94 29 73 48 63 62 78 59 98 31 44 35 64 10 31 15 16 71 92 96 97 65 31 73 3 11 95 30 31 73 74 77 55 47 26 70 61 56 82 60 39 26 47 3 36 78 19 53 1 63 1 98 80 85 23 83 96 70 65 80 96 39 57 3 38 35 73 0 91 7 12 30 33 59 86 22 89 57 27 91 20 28 41 52 13 65 87 62 87 53 94 83 92 51 86 31 39 12 31 30 19 95 13 5 54 
51 27 43 8 6 86 80 34 28 32 0 45 19 62 84 72 8 68 17 11 6 48 50 70 31 33 90 26 46 47 32 49 26 27 57 32 14 89 66 94 21 18 91 92 32 75 17 40 95 34 52 54 34 2 24 17 87 14 95 85 61 27 34 39 6 91 71 72 80 90 66 53 8 9 46 93 85 15 33 32 49 85 86 35 40 11 52 27 77 99 13 91 78 99 30 84 91 2 57 23 44 75 29 52 85 75 45 22 42 31 54 91 68 41 78 60 4 82 40 81 81 5 24 59 4 55 43 95 9 52 71 53 28 0 57 13 27 55 35 69 38 89 12 6 82 90 67 38 72 7 72 5 12 96 64 16 3 59 64 12 12 87 17 40 87 27 5 66 82 40 35 20 81 99 78 16 89 45 6 13 4 78 18 68 75 82 37 30 93 53 95 5 40 12 97 79 39 2 45 73 94 32 93 76 31 24 44 72 21 50 37 26 29 55 46 56 89 83 38 82 88 33 40 28 98 37 59 37 92 56 11 86 88 56 14 71 32 58 43 54 61 32 80 42 87 78 50 28 14 88 11 2 22 3 83 20 40 42 9 84 99 72 71 39 81 85 11 13 96 6 67 57 39 99 51 78 78 1 7 92 89 70 46 63 73 29 35 65 24 45 50 23 17 73 14 50 58 25 64 6 84 83 15 23 83 66 53 61 67 60 5 9 30 51 72 55 33 8 73 57 53 75 32 22 48 46 73 58 72 89 65 8 72 32 83 7 99 36 20 18 49 25 27 31 29 0 87 62 8 12 71 13 87 3 87 35 49 12 93 73 1 10 81 26 95 16 33 94 53 6 12 2 31 40 33 12 40 72 74 0 84 97 65 71 0 52 58 2 65 52 75 18 14 9 96 9 25 82 55 30 
88 68 32 19 60 18 84 52 90 10 4 75 8 69 98 8 21 57 10 38 61 38 57 27 47 53 37 24 35 44 55 23 64 39 95 24 57 79 76 0 89 32 27 49 1 25 58 23 82 20 61 43 10 70 71 9 76 60 34 11 4 41 87 69 80 34 45 90 65 74 90 6 6 17 56 8 94 66 83 77 86 96 72 97 19 95 6 95 7 92 58 64 33 97 85 66 31 30 8 48 56 50 55 63 19 11 23 13 29 58 42 67 6 15 64 25 62 23 72 70 67 31 34 53 80 19 71 12 1 79 12 58 29 67 73 48 30 96 13 59 6 56 27 12 71 43 90 33 18 62 55 86 45 89 91 26 60 62 90 62 93 2 20 74 70 93 74 52 41 87 12 47 43 91 11 66 34 53 52 5 16 7 43 61 97 34 39 9 48 29 71 41 84 91 67 54 36 41 58 29 28 22 28 72 13 40 90 0 93 42 5 61 50 48 75 99 34 14 8 82 96 80 75 80 23 42 86 12 35 44 41 63 67 70 87 32 62 78 32 7 20 37 21 22 37 96 21 71 62 30 5 10 62 32 90 37 26 28 49 61 73 43 77 92 13 64 24 27 94 9 86 67 46 7 89 36 55 63 59 70 45 17 80 59 49 71 96 76 51 46 89 76 89 66 68 54 83 45 33 29 54 19 96 52 79 38 40 86 53 0 56 98 17 37 57 18 60 53 46 11 51 36 88 92 54 8 98 37 5 31 67 59 3 15 64 34 5 4 20 58 4 29 8 73 66 17 44 78 23 90 41 26 78 29 19 33 90 17 22 95 1 41 7 56 57 71 90 14 75 62 25 32 91 33 57 9 3 1 87 26 92 29 52 22 10 71 55 0 41 78 48 94 71 7 50 28 78 92 95 5 
6 20 89 98 53 47 7 8 48 47 34 92 76 87 15 86 10 22 39 3 52 39 97 24 46 99 4 76 43 99 81 50 19 71 0 25 18 7 33 18 54 20 11 82 59 78 21 69 52 12 25 5 51 74 81 97 74 85 73 69 37 6 19 8 77 19 85 47 79 71 66 85 91 29 68 50 59 41 71 11 53 96 68 4 71 49 53 97 87 78 66 24 84 38 32 62 57 70 61 36 41 79 74 32 8 94 34 67 35 5 31 88 54 99 44 25 1 97 74 88 75 92 12 59 30 96 73 88 18 35 76 59 14 2 91 75 96 77 94 31 83 25 71 37 77 15 14 78 12 40 66 39 32 30 51 63 78 24 3 97 11 31 8 78 34 52 53 82 29 99 66 12 77 37 1 54 5 67 84 69 7 50 9 92 32 60 7 62 36 10 11 48 93 20 78 79 72 83 62 1 82 80 66 59 17 19 65 22 39 49 92 46 51 53 90 83 65 97 46 1 59 9 1 53 29 79 84 53 62 98 7 97 78 25 56 48 44 74 70 35 23 14 34 75 19 24 58 84 22 56 38 81 18 39 86 47 71 23 1 85 21 60 82 0 85 91 48 81 65 70 17 88 37 51 15 56 75 74 93 49 82 31 83 0 22 69 0 93 92 53 31 66 13 13 66 98 56 66 31 21 88 48 62 77 99 77 34 27 3 79 28 38 10 11 90 84 33 90 78 77 95 9 43 8 74 61 58 31 79 90 4 68 90 18 45 42 48 31 69 3 10 97 41 72 61 32 9 94 74 39 71 70 48 15 30 74 76 89 57 56 31 14 76 21 32 73 63 32 5 84 36 67 34 77 92 95 61 1 89 88 40 12 58 40 27 40 66 56 29 24 64 12 38 92 34 22 65 49 55 70 
86 91 90 20 20 82 67 34 35 8 74 75 20 84 67 48 24 33 56 6 57 20 18 47 64 52 70 29 54 77 52 40 20 42 60 92 76 79 26 11 87 0 38 7 84 5 7 61 90 63 67 0 35 85 47 99 90 69 81 44 98 33 84 18 75 96 11 3 75 89 14 62 42 4 21 78 9 29 39 51 44 6 51 32 44 99 83 34 20 64 78 19 97 62 37 24 58 0 27 85 90 93 47 84 97 68 62 58 49 54 10 94 12 61 78 56 12 61 90 33 78 20 52 27 82 41 4 92 42 31 77 84 77 76 20 74 97 34 85 46 88 95 92 1 8 70 9 21 84 52 6 62 72 58 41 7 51 45 51 45 29 81 81 6 57 1 32 6 36 17 53 76 64 97 29 73 68 39 46 4 43 52 66 15 62 59 74 13 5 26 11 34 7 92 92 64 46 24 23 82 94 76 58 58 73 40 83 93 79 29 97 74 81 15 89 43 75 64 57 32 90 20 66 49 12 10 65 58 34 88 92 80 64 3 39 90 43 74 83 74 4 33 48 85 0 37 81 75 53 90 59 95 10 25 44 22 87 62 33 22 50 25 54 67 28 45 57 71 20 92 45 24 77 93 61 78 83 42 5 88 32 65 36 42 42 32 17 30 94 50 4 45 75 58 12 4 4 21 27 24 65 73 0 43 18 13 21 53 56 78 94 40 43 30 35 86 62 52 16 57 2 20 54 29 78 18 85 34 39 13 10 56 38 62 99 8 76 72 62 84 51 8 24 94 38 59 80 52 63 48 9 17 68 15 47 99 33 84 85 24 97 96 81 87 58 32 96 34 5 10 70 8 18 95 2 56 6 35 8 22 35 70 39 56 37 38 55 71 23 40 47 72 88 80 60 47 13 56 33 18 
66 4 78 84 51 80 92 9 67 0 31 3 22 23 59 60 13 66 83 36 58 30 61 47 11 21 46 76 77 79 94 95 35 24 31 86 4 23 48 24 23 31 79 98 54 38 58 68 56 41 56 14 23 17 61 86 90 7 62 67 39 8 14 74 32 45 13 89 68 13 13 44 44 92 42 51 82 52 19 38 45 27 52 68 97 66 55 87 73 69 7 64 78 21 39 10 67 4 99 87 17 12 31 61 56 25 64 38 77 35 28 74 63 81 43 60 47 50 47 72 19 6 37 97 28 28 60 47 84 59 86 1 24 18 14 32 95 31 23 25 66 51 99 29 32 94 41 31 96 41 56 16 47 93 65 75 73 77 74 57 89 61 10 65 31 76 97 26 7 20 3 74 72 55 55 56 49 97 88 46 90 44 14 37 89 31 65 14 9 39 71 50 52 33 15 83 61 12 62 21 33 17 47 57 72 54 13 22 51 53 20 93 97 86 31 38 17 96 52 78 87 75 28 40 8 43 75 22 8 37 95 93 55 42 50 27 96 15 1 0 69 73 93 18 59 76 57 29 24 9 59 12 85 88 4 45 83 79 19 43 69 14 36 76 8 38 55 57 54 57 57 75 82 2 93 42 31 50 23 55 12 82 19 97 22 23 94 58 3 14 1 24 80 90 0 89 28 55 46 34 64 55 9 47 9 3 41 40 5 64 96 17 98 15 66 21 91 13 31 46 79 32 70 59 22 70 0 3 77 98 37 42 53 47 41 15 2 82 55 7 98 3 25 96 71 91 69 62 4 0 8 83 85 30 95 59 52 95 62 29 94 52 23 99 99 16 14 1 98 22 60 48 25 85 97 48 29 18 62 85 71 70 21 56 52 16 67 4 63 82 86 9 34 61 9 85 78 75 38 28 
97 98 77 75 36 26 23 65 44 86 2 15 8 23 23 13 91 43 17 55 25 55 64 11 17 73 48 47 49 38 75 98 36 4 73 24 82 49 41 79 35 44 46 95 67 70 8 59 65 78 14 90 33 30 53 2 56 1 1 57 39 29 55 27 33 81 52 68 30 45 47 17 89 93 12 57 15 73 68 80 51 34 22 36 64 75 91 20 28 92 29 19 21 85 99 7 66 3 75 48 48 22 65 38 67 29 47 83 2 15 63 53 1 38 42 17 13 33 90 94 77 19 13 99 4 12 58 22 15 33 70 64 7 35 54 74 17 1 9 19 68 25 25 69 63 19 38 28 52 28 22 29 48 36 80 4 0 38 27 68 23 97 84 30 85 38 57 54 91 66 73 59 91 50 80 6 69 18 35 73 99 57 3 47 45 35 51 46 74 78 66 97 28 50 80 65 40 37 71 31 55 44 42 99 47 74 5 16 92 40 42 91 98 97 90 43 32 42 41 6 72 59 56 52 9 36 69 1 25 40 32 80 37 26 79 84 0 85 52 45 77 94 36 75 91 79 71 76 73 64 34 45 24 90 50 85 78 71 39 3 12 71 36 1 98 67 85 98 52 89 95 82 36 32 57 79 63 80 7 36 97 42 33 73 32 83 10 63 55 49 66 19 21 54 20 71 22 57 21 26 98 17 8 86 1 18 18 64 98 25 52 95 67 85 20 52 21 31 15 28 80 33 99 53 88 19 24 10 28 98 88 26 67 97 13 68 15 83 84 65 8 88 13 76 25 33 28 46 64 43 26 45 76 25 98 16 96 75 78 24 25 67 3 92 16 68 12 31 51 48 48 59 36 61 35 61 95 15 60 59 58 38 56 87 64 7 55 60 34 34 37 59 1 40 51 17 8 15 0 59 
63 48 18 51 62 6 64 57 21 24 68 32 15 77 71 79 84 26 91 18 60 80 29 13 20 80 82 80 47 82 91 10 83 62 61 45 68 25 54 41 2 74 73 17 3 44 48 87 71 91 57 31 24 86 97 96 18 79 77 65 62 68 27 97 30 88 94 50 66 0 92 20 74 17 89 78 62 89 17 85 32 27 68 56 65 65 53 84 45 30 1 59 50 29 56 33 69 2 35 87 2 27 7 28 97 48 6 11 37 76 96 70 3 16 26 20 82 79 4 79 61 58 38 64 87 46 49 56 48 84 44 2 64 3 30 61 52 89 72 89 17 20 11 20 36 90 40 18 21 97 49 83 55 87 99 94 85 48 50 85 32 46 87 48 2 70 9 54 59 33 95 76 53 59 48 90 49 40 60 70 89 62 5 96 49 4 90 87 4 93 72 89 39 12 37 93 82 47 99 93 32 47 21 86 6 69 28 55 61 40 77 51 2 83 47 4 39 38 91 44 83 15 33 22 79 22 68 61 21 67 6 54 14 27 92 20 48 20 27 10 12 5 13 67 40 60 71 79 50 14 75 33 81 60 8 61 83 76 74 4 95 81 10 10 60 2 82 9 74 10 19 87 67 32 54 7 44 77 86 95 43 62 80 24 22 88 85 57 16 12 14 12 45 24 74 5 79 56 14 53 18 33 92 85 65 98 92 10 27 31 57 70 93 37 95 67 78 32 25 46 44 91 10 89 15 84 95 94 93 9 0 11 95 92 97 12 43 41 74 70 72 31 41 17 21 88 85 51 20 62 49 17 53 60 58 20 96 5 67 89 67 67 53 62 11 2 74 54 43 49 25 68 32 18 85 5 6 22 56 78 84 58 95 89 18 6 62 14 11 29 56 78 96 61 92 7 63 19 14 58 
68 39 26 52 9 12 10 15 34 66 45 71 24 93 12 94 99 74 61 62 3 69 93 51 30 85 11 93 4 25 3 24 16 30 29 25 42 39 92 28 57 89 99 34 82 64 28 33 38 41 96 94 10 89 97 40 26 8 85 83 85 41 7 1 71 88 78 65 27 22 93 85 12 45 19 46 61 99 80 99 41 28 45 3 69 43 44 95 3 81 78 89 22 38 42 45 26 73 10 54 95 56 91 59 53 62 6 14 61 38 65 54 66 63 58 35 6 54 82 61 87 13 50 10 51 45 7 29 18 70 83 65 78 26 77 31 88 83 97 50 73 14 4 91 77 14 78 83 68 60 97 56 25 47 18 76 44 25 6 62 47 41 80 25 68 57 56 8 92 5 58 65 20 15 56 49 81 86 85 50 46 82 58 72 29 76 0 74 53 58 88 1 52 68 78 20 25 35 80 69 92 39 34 64 6 42 14 87 28 99 89 27 81 47 51 62 75 3 88 81 62 29 34 14 49 12 86 75 99 66 96 92 57 31 56 15 25 22 3 6 73 92 85 6 92 36 21 67 39 9 48 53 90 82 19 40 95 57 67 94 76 63 38 33 46 47 49 72 69 4 30 95 48 15 1 40 3 22 8 94 84 56 48 74 91 19 66 86 77 33 32 53 97 71 38 43 18 39 67 39 43 97 34 92 12 36 84 15 10 92 10 94 1 10 21 92 29 87 30 58 73 14 11 22 85 2 65 55 41 85 95 85 82 29 29 47 17 13 14 28 58 76 74 59 38 47 3 68 87 85 78 60 99 90 82 37 44 99 92 85 84 87 70 19 69 51 18 86 17 84 66 75 13 93 86 51 40 41 71 79 26 50 91 77 92 73 14 36 25 7 21 61 46 44 32 15 47 50 54 64 
87 72 39 0 17 77 51 10 18 23 89 96 25 81 26 17 6 40 53 31 99 26 93 46 22 77 13 70 28 19 34 67 92 26 67 61 3 18 71 74 93 61 22 18 94 48 87 0 41 92 84 40 19 29 38 41 6 4 63 86 75 98 53 67 24 20 81 79 91 52 5 36 13 28 7 59 28 94 60 69 39 44 62 58 73 52 51 31 8 15 18 84 65 71 3 41 44 84 20 87 37 78 23 2 6 82 62 86 29 22 56 68 18 70 78 43 22 81 74 31 96 44 67 13 16 70 54 12 55 27 51 92 5 26 94 63 9 8 49 38 82 57 6 0 27 84 43 2 65 70 85 14 14 52 27 82 22 34 94 29 61 97 21 66 24 68 81 33 28 30 71 11 40 29 11 19 13 7 21 30 29 58 44 43 62 24 26 37 58 72 66 19 70 40 37 94 60 18 79 88 0 50 99 40 79 63 12 44 70 33 74 99 44 71 94 6 95 72 95 5 97 62 76 67 54 13 13 14 83 92 2 35 94 54 28 25 17 40 21 39 25 95 90 21 18 84 28 65 9 75 70 6 37 46 25 91 11 38 57 46 82 12 34 28 66 14 5 35 54 26 26 31 73 68 53 92 4 33 9 13 8 80 19 98 78 44 41 42 34 99 40 68 11 74 96 29 88 53 16 94 79 94 26 53 62 31 97 66 64 6 80 72 38 51 22 17 96 64 11 82 63 51 51 26 26 99 7 66 53 75 61 32 69 39 37 31 70 34 49 86 93 81 10 31 33 33 48 81 97 59 63 12 63 14 90 89 66 97 7 19 24 20 3 93 11 41 76 81 27 77 19 20 59 30 52 92 15 52 73 64 64 36 76 27 3 66 68 21 15 75 40 91 96 95 36 7 88 64 41 16 
41 12 88 0 94 40 44 9 45 17 73 9 6 1 36 61 19 4 82 86 79 74 77 27 69 13 87 58 77 80 26 71 92 14 71 39 7 68 48 52 85 74 61 43 75 97 4 95 1 86 81 32 60 11 12 82 24 99 40 54 31 66 25 75 80 48 14 39 16 63 91 54 89 52 97 64 1 54 11 54 40 45 87 53 56 99 35 32 50 27 86 81 45 63 56 77 12 23 17 28 86 8 34 27 13 32 91 66 86 55 21 78 52 60 83 8 11 70 92 61 97 31 94 42 94 2 20 58 25 37 39 63 97 73 90 62 5 34 29 43 41 50 22 93 62 57 53 73 28 45 86 77 28 32 20 23 34 92 81 12 81 20 75 30 94 18 93 51 52 22 95 45 24 69 38 86 78 43 11 6 40 97 84 69 29 56 92 15 0 25 27 81 46 55 11 92 25 56 95 29 78 42 74 54 63 64 40 42 7 51 48 47 0 84 16 29 92 60 97 92 86 76 25 84 83 89 28 8 45 23 37 76 66 63 30 29 27 23 23 34 74 72 34 27 8 2 8 1 63 5 45 1 34 71 37 17 60 65 78 57 88 15 33 6 31 64 88 58 87 11 45 13 35 31 40 44 33 1 97 48 6 42 49 40 65 38 10 25 3 88 83 44 55 68 50 86 84 90 97 23 2 94 37 37 25 29 33 10 30 82 59 89 77 60 81 42 99 43 20 54 31 55 98 39 75 1 77 60 91 74 83 45 68 72 35 45 54 68 56 36 3 15 25 80 27 59 74 26 2 46 81 86 53 31 25 29 32 2 89 76 77 72 21 97 45 56 43 99 77 99 35 80 66 13 12 93 72 38 72 26 85 5 12 38 36 37 67 21 92 8 97 21 33 70 18 78 27 13 29 56 
64 16 88 82 81 0 76 5 90 0 32 75 5 96 66 41 86 85 62 78 94 11 99 27 82 69 57 61 83 38 17 99 6 5 82 88 57 58 45 47 10 29 75 15 26 41 56 12 78 71 90 24 34 89 51 68 10 60 29 93 50 98 45 57 55 27 97 12 37 42 12 47 72 39 62 98 32 70 62 10 93 52 35 28 93 38 96 3 51 78 49 1 76 94 58 32 73 7 96 10 50 60 57 74 99 71 24 31 41 86 94 87 90 29 67 35 19 15 90 70 93 91 72 22 85 82 6 10 90 2 20 92 15 29 18 66 0 94 98 94 32 44 33 22 73 0 9 44 15 99 15 61 91 39 83 28 73 89 39 15 43 11 59 58 41 77 25 93 23 75 39 55 19 72 77 44 72 38 88 40 38 55 1 81 94 84 9 20 25 0 35 68 12 95 27 53 24 4 46 48 79 86 3 50 10 33 94 83 71 34 75 61 90 76 42 36 12 52 56 37 52 92 5 64 39 84 69 63 88 68 63 19 6 67 21 16 52 15 51 23 2 26 37 92 54 79 80 66 83 37 3 36 81 9 52 20 45 74 35 34 94 99 5 0 66 27 68 70 94 20 45 96 98 82 40 53 62 21 19 45 10 75 33 91 36 38 63 81 64 98 67 58 97 73 10 15 52 78 85 46 50 31 95 49 13 35 2 27 8 73 25 18 48 58 61 84 48 24 18 64 23 85 22 20 10 32 36 62 63 73 61 13 4 56 62 70 43 16 97 4 90 22 22 90 33 84 27 33 8 45 98 83 30 72 4 41 5 92 55 20 17 16 33 22 72 48 44 68 64 93 72 6 16 46 49 1 30 76 86 91 73 84 74 3 57 30 96 14 74 52 86 92 68 19 14 93 67 10 13 84 
3 85 42 71 83 91 72 14 19 11 57 92 95 31 48 4 14 44 70 88 48 56 80 69 28 46 14 47 56 27 31 12 64 74 83 47 17 8 13 37 19 70 81 66 54 29 71 20 26 93 8 74 2 89 95 30 87 9 29 44 88 61 56 4 87 39 52 56 99 17 45 18 40 27 85 46 8 8 66 34 1 74 61 55 15 56 37 3 18 67 47 58 80 55 63 19 46 15 75 46 84 21 64 24 0 1 70 8 9 88 43 11 63 56 18 78 64 56 33 82 23 80 41 3 87 56 22 86 71 49 32 7 22 48 32 22 50 54 31 59 43 26 22 58 82 41 36 98 49 70 33 72 2 74 27 42 30 1 28 53 50 12 60 73 60 44 47 10 51 78 22 94 56 96 52 90 37 40 89 38 62 22 10 17 48 37 59 30 90 39 35 41 51 47 66 11 44 13 74 95 44 48 89 52 44 93 43 34 33 84 72 96 6 83 65 6 72 24 36 63 15 23 56 66 70 74 29 14 87 55 9 83 3 50 36 48 43 31 34 77 15 6 25 21 41 90 79 66 66 67 29 81 90 37 99 60 11 80 27 50 36 88 34 39 39 22 39 34 53 73 63 68 32 88 41 73 30 20 39 96 87 20 29 77 9 28 89 20 9 68 23 45 9 9 36 0 31 28 34 84 53 98 4 85 86 45 11 17 17 2 65 4 75 95 33 84 23 74 57 84 95 80 29 4 89 18 4 20 98 38 56 51 88 60 89 27 57 52 44 74 54 61 30 29 56 63 66 32 89 23 16 84 3 98 40 44 16 44 16 14 35 72 17 23 84 58 50 41 10 46 67 17 8 97 46 16 12 12 48 1 87 65 38 90 63 78 86 31 75 2 45 10 26 14 85 62 73 88 3 35 
34 22 52 94 19 51 11 31 15 11 85 3 76 23 45 91 1 84 22 28 86 19 38 65 86 76 27 59 64 83 46 50 5 99 45 25 2 8 56 69 71 41 72 0 16 70 91 18 54 66 46 92 85 37 57 71 13 85 82 29 68 29 79 25 80 76 50 34 36 59 3 8 0 28 8 17 50 51 87 56 17 85 48 55 74 58 78 39 95 61 68 15 42 0 40 74 76 91 8 13 2 63 73 2 91 81 71 93 84 10 49 2 48 50 57 74 8 35 14 55 48 34 22 42 34 62 68 63 5 76 28 7 92 1 62 35 34 85 29 18 48 78 72 48 28 81 22 88 17 88 95 17 23 17 12 9 32 80 24 37 9 52 97 1 5 11 36 39 48 65 10 96 96 82 44 76 64 19 17 33 7 12 2 82 30 14 92 62 95 68 51 4 21 0 57 26 63 93 18 12 11 28 8 59 62 5 35 26 24 52 11 31 17 14 66 99 80 10 13 27 78 64 83 99 17 40 78 80 86 96 92 49 76 53 8 38 58 95 17 34 0 28 17 17 94 83 16 75 93 29 2 72 45 86 23 14 78 53 95 64 1 39 65 77 44 73 68 54 21 85 88 21 65 58 38 12 41 6 39 87 35 93 11 32 31 34 47 10 88 94 26 89 85 92 19 30 17 87 84 38 24 25 11 41 35 1 5 76 7 44 15 94 38 26 27 69 13 74 31 1 68 10 42 53 2 13 35 71 52 72 62 76 49 73 70 84 75 75 12 34 72 28 29 10 6 56 31 19 82 15 72 50 25 67 55 79 80 43 50 33 15 64 61 64 38 31 0 65 59 12 99 31 92 80 93 99 36 24 18 18 39 91 20 64 10 28 43 90 71 46 23 86 10 37 2 0 20 2 17 79 
14 69 62 7 49 55 58 86 32 76 56 71 19 29 88 29 57 83 72 28 81 47 66 92 84 68 44 5 22 62 84 36 31 99 95 32 54 53 18 86 82 27 10 53 56 50 35 13 85 7 93 67 6 11 11 91 79 7 96 1 69 32 89 52 31 37 85 38 42 55 24 76 82 86 30 90 36 17 3 22 76 48 41 82 59 52 73 90 59 21 43 81 6 33 85 37 70 22 75 64 78 52 41 12 38 71 3 27 40 58 1 68 7 42 50 18 46 76 9 57 49 52 38 55 37 76 45 59 98 72 24 76 24 65 41 15 88 96 94 28 54 95 96 13 89 98 84 35 74 93 44 76 97 83 31 35 59 76 94 9 49 70 38 25 35 79 40 23 75 86 3 81 81 99 47 22 50 31 57 24 24 2 52 73 37 84 8 48 12 55 9 13 25 47 39 13 26 31 36 53 18 40 35 51 91 82 74 41 13 31 18 89 85 70 62 74 6 23 74 19 30 84 32 7 31 71 20 10 55 9 63 73 1 50 24 92 32 98 86 97 82 4 86 19 26 1 46 33 76 20 4 58 56 36 65 40 60 38 50 15 47 13 40 48 64 16 40 48 67 78 46 49 82 84 20 61 37 66 94 13 39 98 71 47 86 89 87 46 27 37 13 74 3 5 74 19 22 66 19 89 45 65 90 27 2 62 88 39 81 34 5 20 32 28 19 71 17 7 17 96 96 83 22 51 88 96 22 10 63 42 99 8 7 41 87 61 4 76 53 85 62 10 57 47 38 76 18 8 35 35 4 84 18 27 35 59 75 58 69 38 0 21 46 59 62 34 73 18 62 26 55 24 36 12 71 26 41 89 34 76 77 91 60 47 70 48 6 45 58 28 84 10 49 82 69 63 16 94 34 30 
20 89 55 8 2 78 35 95 20 21 71 97 64 84 96 34 84 3 80 42 31 16 4 32 98 73 47 67 20 81 97 92 71 4 1 25 83 88 20 3 61 43 52 26 79 48 12 63 3 92 57 86 60 61 70 59 87 18 78 7 99 75 51 22 80 4 47 63 92 19 18 6 63 22 84 42 70 96 58 26 41 67 64 1 81 35 12 20 53 90 79 4 66 30 27 98 35 26 13 79 46 31 85 61 53 21 55 75 18 13 53 11 33 18 12 14 53 77 34 58 67 13 62 85 95 41 83 30 68 96 10 66 79 47 27 84 21 82 12 39 48 65 50 81 83 14 47 88 91 33 46 11 98 61 96 93 2 32 24 22 80 86 88 60 85 67 96 6 50 8 97 98 26 99 31 61 66 78 50 57 63 48 20 61 61 17 54 64 1 30 38 81 68 79 93 54 46 90 12 48 50 10 46 28 9 29 90 75 59 92 85 22 92 57 83 54 26 90 18 27 20 8 9 41 87 2 95 86 44 7 34 47 69 33 75 31 62 65 58 74 9 43 96 2 53 32 56 79 22 26 7 94 86 68 35 74 22 82 60 67 42 46 66 11 79 41 42 42 59 53 16 68 96 64 22 49 96 78 81 70 56 88 17 43 8 4 69 30 39 81 49 81 27 15 44 7 57 39 1 68 92 17 88 40 33 11 42 30 41 23 52 98 63 21 93 71 78 14 1 17 95 3 50 22 18 94 29 27 85 82 95 77 99 84 70 85 95 12 67 88 87 19 38 50 93 31 21 71 45 74 88 92 77 38 15 48 84 96 75 70 79 71 99 30 7 69 15 54 81 82 42 20 54 81 70 99 64 43 70 62 18 10 54 47 48 21 95 84 70 71 54 1 94 6 83 1 75 51 7 9 
85 49 29 39 30 0 38 47 95 60 9 65 70 15 13 70 37 60 55 59 83 61 60 29 67 43 30 43 46 37 4 32 39 33 23 21 85 14 68 81 74 77 46 45 93 11 15 82 72 22 93 55 84 53 85 3 48 67 46 95 57 50 79 96 36 2 17 21 16 38 54 91 15 1 88 60 12 55 94 84 30 87 92 14 92 29 17 93 96 16 40 5 18 19 53 6 21 23 28 90 61 82 81 28 35 21 41 48 28 87 84 58 27 28 72 71 57 42 64 6 10 56 63 28 75 17 87 49 40 15 91 53 49 24 81 37 45 22 37 73 62 73 84 89 2 8 60 11 50 77 69 12 33 33 93 61 50 80 62 42 95 53 95 96 77 28 33 22 3 22 47 65 96 31 54 50 40 66 61 42 43 31 55 77 16 48 38 18 28 0 60 75 5 7 23 82 87 9 56 90 31 3 7 79 87 13 29 79 80 91 73 75 74 80 52 90 28 42 8 8 94 20 35 99 79 11 81 66 20 89 9 3 93 16 83 32 82 12 63 14 55 36 89 29 17 94 71 97 36 31 58 83 3 93 82 82 4 16 1 76 5 10 80 50 78 15 34 12 27 97 26 35 34 16 16 3 62 40 0 98 71 58 81 75 52 16 9 8 84 10 37 41 72 69 44 51 84 78 63 63 76 42 98 62 10 67 65 72 7 65 70 30 76 4 57 80 72 67 88 56 29 77 49 2 46 93 5 30 72 20 46 0 62 44 62 72 63 79 44 70 96 67 1 72 23 58 52 95 77 93 3 7 70 52 9 17 46 66 99 70 86 45 70 49 42 84 21 5 63 18 28 59 37 29 32 60 39 36 7 17 29 10 24 0 14 85 69 12 51 68 82 37 66 4 86 8 40 60 65 3 
30 93 15 67 22 99 27 62 35 34 31 65 96 55 17 10 92 86 75 95 6 9 32 72 66 71 80 6 83 98 10 13 91 77 80 66 76 59 80 63 93 11 80 41 18 97 51 10 35 78 5 42 88 89 14 54 12 47 60 95 45 22 8 36 51 40 2 79 99 82 43 92 45 23 33 63 73 37 25 8 67 82 50 55 72 17 61 36 64 74 32 61 48 92 49 0 33 4 79 32 86 74 77 84 50 62 47 23 51 25 31 19 7 34 26 31 51 40 68 67 14 52 28 62 44 77 62 29 81 94 62 20 68 91 56 70 5 3 93 57 80 77 28 40 11 54 71 14 94 91 81 60 95 61 23 40 90 37 69 72 83 83 44 4 26 0 74 32 55 68 41 36 45 69 76 8 75 99 22 22 43 55 82 38 16 5 30 6 95 52 30 78 35 74 82 14 26 57 98 82 77 39 70 22 8 98 30 35 97 4 57 40 59 40 79 27 97 9 33 92 61 16 23 49 90 5 15 69 14 13 51 91 52 73 65 12 71 47 47 68 51 57 61 62 97 92 89 46 53 75 91 67 91 14 68 33 71 83 2 86 48 5 29 52 78 95 64 49 42 63 70 46 20 83 60 69 75 2 68 28 77 59 47 20 25 15 53 96 50 8 34 98 13 64 50 92 11 66 93 5 82 15 3 54 98 64 24 73 66 92 54 95 3 53 15 28 21 20 24 71 28 11 22 42 27 24 86 38 91 31 95 73 47 99 27 97 15 3 23 33 47 29 28 2 82 43 30 3 15 7 27 44 70 49 38 97 73 76 87 16 7 82 41 6 33 21 4 48 24 79 81 24 8 61 26 90 56 9 46 72 68 73 16 38 22 54 35 47 82 22 64 89 56 5 48 42 26 4 90 3 
83 24 79 91 37 5 33 94 66 79 66 34 52 34 72 26 40 59 74 22 33 38 63 90 95 11 32 22 67 74 77 50 50 56 93 88 13 79 82 80 58 0 66 63 34 39 89 74 50 15 48 84 53 11 26 1 75 10 75 42 84 52 93 87 8 38 75 73 17 9 53 28 61 20 91 47 11 32 73 61 48 21 97 53 32 23 54 7 33 29 50 70 81 95 57 41 85 84 15 3 45 20 31 6 92 74 5 55 6 78 17 54 99 66 8 83 90 14 43 75 44 45 45 77 40 54 71 25 38 86 80 35 58 63 93 51 37 98 6 44 76 75 50 27 42 10 11 84 25 54 59 21 99 57 98 91 11 69 68 50 7 49 37 18 64 31 69 2 29 27 98 6 3 48 33 97 11 96 81 88 50 92 9 1 49 59 44 61 81 13 63 40 14 0 58 78 31 27 80 13 7 78 19 62 79 4 59 90 1 92 78 3 84 39 5 86 98 49 47 31 14 62 72 28 14 30 59 98 10 39 11 69 70 30 31 1 86 42 91 87 34 21 91 70 12 48 56 62 49 55 94 64 17 18 44 32 0 3 30 10 95 93 31 17 23 62 18 61 4 61 49 90 82 92 61 46 40 17 8 41 25 2 5 94 20 50 26 21 53 8 83 0 1 15 17 76 29 35 38 34 96 39 24 30 83 37 76 23 7 85 64 32 39 22 26 12 24 5 33 29 65 68 30 19 35 47 47 65 35 37 51 31 28 27 14 11 65 42 86 24 79 51 8 71 25 34 83 49 91 68 78 9 36 8 28 72 8 27 89 43 65 40 26 93 19 92 5 36 35 91 60 66 94 68 37 71 55 20 20 98 88 51 7 77 59 87 49 19 15 90 62 80 82 41 25 1 33 30 38 20 
74 50 87 20 71 24 92 78 97 12 76 37 63 84 14 75 71 15 94 38 5 9 18 87 50 96 41 83 78 31 56 52 81 43 73 4 19 65 82 16 29 59 6 45 95 20 72 18 36 18 57 93 27 27 33 29 23 74 65 2 5 21 54 38 16 79 43 35 96 77 4 78 36 10 75 31 30 47 50 18 65 59 12 45 86 45 74 10 71 91 12 28 64 18 66 80 50 61 16 46 39 72 76 27 82 51 11 64 98 13 35 16 72 99 61 58 44 87 20 67 31 32 95 95 3 13 76 53 75 44 51 66 16 80 45 50 31 56 66 30 21 53 98 93 52 59 4 96 98 24 15 29 9 10 25 12 24 53 17 51 97 20 17 65 0 14 67 32 71 85 14 92 39 12 38 91 23 42 40 73 66 55 3 27 66 80 91 90 85 8 41 82 81 10 99 81 24 66 65 47 51 31 92 90 95 30 34 70 24 74 44 42 29 99 70 95 79 61 37 64 22 30 98 3 92 49 36 69 15 54 16 18 85 60 61 81 90 95 3 14 69 47 57 50 46 79 98 77 40 35 93 62 18 43 17 10 92 6 79 59 60 48 30 45 8 91 78 99 38 34 65 59 81 74 9 80 53 7 57 46 95 3 8 13 46 78 75 91 84 55 50 44 3 32 41 11 75 72 62 13 6 28 24 87 54 34 19 8 93 77 6 40 80 14 5 78 44 81 69 28 36 72 24 91 4 66 54 80 90 17 45 96 97 70 35 51 56 55 11 1 84 17 42 16 84 47 94 28 28 16 9 16 88 33 59 44 51 14 24 41 31 22 89 28 44 25 31 0 32 95 53 68 64 95 84 48 95 30 29 75 46 38 44 86 23 3 31 75 17 7 68 0 29 58 80 25 35 12 25 67 
59 79 35 23 26 71 24 73 1 5 49 48 95 45 34 18 48 65 45 18 25 14 18 6 72 99 32 7 63 9 26 22 88 13 97 67 84 21 40 85 26 41 33 21 86 20 92 87 37 37 5 62 51 23 69 75 74 53 82 37 62 60 11 3 73 9 70 57 30 62 43 9 56 28 30 94 0 74 81 38 12 38 52 63 62 73 39 88 26 73 26 89 34 89 92 7 98 14 17 81 28 12 90 84 92 72 31 93 47 12 31 59 3 83 74 17 9 65 5 35 39 83 76 25 73 68 84 71 34 53 52 63 65 94 99 58 67 82 51 66 47 34 77 50 69 51 67 78 69 72 14 60 8 90 85 81 11 21 4 97 75 9 60 40 3 12 50 22 46 53 88 93 87 17 43 9 21 10 87 90 35 53 50 43 96 35 76 7 8 80 4 83 89 17 76 93 81 26 67 27 80 8 73 19 25 16 80 46 79 68 36 66 73 38 61 69 25 37 28 34 17 85 17 59 54 93 4 87 72 71 14 52 79 87 23 57 56 4 3 35 24 92 53 97 30 14 19 56 51 47 42 20 32 59 31 38 5 35 25 77 59 40 81 90 79 4 47 87 60 3 74 84 47 27 34 29 41 53 37 44 52 79 17 37 39 48 75 44 36 1 21 95 93 2 85 24 58 85 12 71 40 86 7 87 14 41 16 7 46 6 4 51 85 21 88 76 21 63 20 57 16 93 4 61 47 42 86 58 27 98 29 67 36 36 6 2 30 74 10 28 80 14 79 66 87 67 42 8 83 15 18 99 60 22 61 8 64 99 18 43 49 47 10 85 35 68 88 65 43 50 94 23 16 73 41 3 93 84 63 76 51 81 27 11 56 40 71 20 39 89 16 88 36 78 74 24 47 14 89 42 
16 35 65 32 61 59 87 54 95 50 82 46 32 9 57 40 50 81 12 89 70 28 78 59 7 4 83 6 70 72 48 86 60 13 70 21 72 57 27 19 7 9 65 91 18 75 31 20 56 96 10 26 24 40 85 83 96 20 89 18 93 37 56 5 3 26 78 75 35 5 47 42 66 12 86 36 87 69 57 95 65 19 74 42 11 11 25 7 32 15 77 77 52 33 82 55 59 60 83 46 17 30 88 35 94 26 71 82 48 28 29 65 99 3 7 10 15 33 69 99 48 46 76 52 79 58 8 90 70 43 36 39 73 77 74 67 55 45 1 3 26 83 21 25 86 28 88 53 61 57 52 61 56 28 66 87 38 74 30 60 69 18 51 42 47 25 61 3 23 15 58 1 98 79 78 36 60 66 90 73 76 94 87 84 75 53 71 65 79 1 26 48 72 29 42 19 55 3 74 30 70 85 31 68 16 61 5 76 28 47 2 56 93 89 40 68 42 63 34 21 65 12 69 89 41 11 8 48 66 83 30 37 20 61 5 36 23 62 65 3 61 67 59 55 56 51 23 98 14 9 71 31 73 40 20 67 3 29 15 69 64 46 58 84 59 16 72 34 30 37 37 92 4 48 47 12 51 22 10 66 84 81 97 57 73 70 24 28 51 92 98 15 90 8 51 49 24 75 84 55 13 73 99 69 74 46 34 25 20 44 43 56 78 93 14 3 63 90 32 14 34 82 81 24 90 84 26 67 59 62 74 24 87 73 46 61 71 80 39 43 76 82 0 6 75 66 10 90 56 94 56 43 76 37 67 18 21 45 85 33 7 59 9 95 84 55 56 55 35 47 99 64 30 99 70 57 65 32 48 73 26 56 16 54 94 36 73 67 81 10 52 41 22 62 36 6 17 44 14 5 
92 13 69 74 64 91 83 81 76 83 54 2 40 23 9 34 11 34 53 44 44 6 85 18 68 73 25 37 18 91 42 62 4 63 88 20 7 71 1 83 55 55 37 95 30 46 81 41 80 34 86 77 92 23 95 60 97 72 98 67 63 92 81 19 56 69 39 15 40 40 98 47 96 35 94 78 82 75 20 14 62 58 91 54 81 39 67 30 11 65 97 27 9 78 46 17 47 86 32 40 26 30 39 74 66 34 53 0 61 25 66 75 35 58 30 68 49 49 99 60 66 96 87 75 27 34 93 26 72 25 66 98 8 58 25 26 92 30 26 5 55 44 81 42 54 63 10 3 12 61 64 78 10 3 53 37 89 98 63 61 24 82 12 32 40 37 58 84 67 36 89 74 80 70 68 87 33 30 90 97 92 6 75 2 62 81 91 51 79 54 65 55 36 77 87 28 66 97 12 85 85 2 11 18 24 31 5 10 61 95 7 53 54 35 7 16 16 98 67 47 5 84 3 41 61 90 70 79 40 34 16 25 36 27 95 61 58 0 23 72 48 30 25 54 65 85 70 33 83 89 81 88 74 84 82 87 26 4 67 66 38 83 44 27 63 91 40 73 44 63 45 92 93 23 46 11 8 68 96 43 57 77 84 31 13 18 19 40 22 38 58 12 21 54 39 36 46 79 10 90 94 7 34 88 30 32 51 38 0 47 34 57 77 18 89 90 36 60 82 10 98 41 74 71 47 66 8 45 97 70 35 92 77 21 80 8 53 83 98 53 82 84 11 59 2 52 2 90 12 84 52 10 77 27 33 77 45 41 22 42 63 58 34 93 79 66 1 85 49 51 38 84 36 1 43 90 53 97 33 17 34 37 79 11 64 13 40 9 6 63 4 70 73 38 63 4 5 16 89 6 
19 80 90 7 81 86 50 87 83 83 4 17 20 84 81 37 97 21 98 55 36 2 25 9 41 40 66 98 8 55 4 28 35 95 87 69 81 37 56 64 20 60 34 93 96 15 30 45 88 80 1 25 83 78 86 76 19 52 74 79 8 78 7 95 25 95 16 6 32 72 23 5 85 57 98 81 72 80 79 12 60 80 37 95 10 24 71 81 76 45 61 36 76 20 84 1 67 0 8 0 73 83 57 10 40 7 43 64 87 22 76 99 54 14 95 65 90 18 46 18 64 59 55 92 80 91 93 47 91 53 99 16 88 56 26 28 15 70 92 2 92 21 54 99 35 49 64 77 67 62 95 83 22 2 27 54 93 73 1 85 26 53 53 15 9 80 95 77 2 40 79 46 61 85 45 48 34 9 25 54 24 20 89 98 75 17 52 68 90 5 53 68 58 59 35 20 39 31 97 41 71 28 87 84 14 85 32 0 46 57 54 70 29 44 68 4 61 72 25 3 78 30 71 36 89 7 8 28 38 5 21 61 34 61 45 0 46 29 0 44 38 7 15 67 51 35 24 64 8 49 67 38 79 90 26 69 97 35 49 87 92 23 0 78 36 97 78 82 26 79 26 64 86 93 84 89 81 8 5 41 9 24 79 40 14 5 61 64 92 11 51 85 86 52 63 22 1 42 56 28 73 34 92 11 28 76 0 9 36 57 50 97 81 81 38 47 38 99 11 31 62 63 68 48 67 31 22 68 25 78 96 50 13 41 61 93 69 13 54 58 70 56 55 3 37 93 51 27 45 62 58 59 77 78 60 44 10 82 65 87 13 13 38 26 6 99 71 76 65 25 34 87 81 41 91 70 87 42 97 32 56 8 43 34 86 3 30 48 38 47 36 3 61 74 29 67 25 52 95 90 
77 81 30 10 23 21 32 10 15 81 94 71 89 37 57 28 93 88 76 83 35 12 86 48 38 67 68 16 19 63 6 48 45 36 10 20 9 94 30 24 75 76 48 65 65 57 93 58 97 21 93 85 34 31 33 24 98 53 40 69 17 99 69 14 87 31 34 97 25 16 73 1 92 73 18 57 31 63 68 80 84 13 65 70 45 99 47 43 4 87 65 21 38 34 87 26 18 73 75 43 89 0 96 33 74 66 43 57 81 11 37 18 24 3 88 69 54 87 65 58 75 82 32 13 68 71 91 86 45 66 30 86 67 78 20 93 45 63 2 26 26 39 44 2 94 85 72 0 72 89 11 99 71 43 65 39 14 56 26 59 23 8 46 42 38 18 35 35 33 37 62 59 28 58 61 23 95 85 75 20 74 86 19 97 29 84 89 96 41 67 7 16 27 5 58 65 23 45 1 56 34 15 67 62 25 29 37 21 14 13 41 41 99 60 90 81 97 79 77 90 98 84 6 25 90 16 43 65 13 44 22 47 11 89 61 36 70 51 57 37 64 50 30 15 63 72 48 60 52 25 2 2 62 8 28 4 76 71 69 89 67 43 36 78 85 49 14 55 0 24 44 16 26 74 32 89 47 80 1 51 58 3 5 72 63 33 76 39 56 97 28 23 93 16 53 78 66 20 85 66 96 82 83 22 56 67 64 55 99 65 58 9 21 64 81 84 49 9 24 6 7 4 81 52 21 35 30 39 7 67 57 3 49 40 77 58 59 41 13 11 7 24 20 28 88 2 64 89 63 40 95 70 45 29 74 18 16 4 9 23 24 66 78 73 59 55 83 18 97 49 81 56 73 2 84 13 56 0 2 19 41 50 42 38 79 16 8 47 21 17 70 97 35 48 22 94 3 6 65 52 
55 46 8 80 48 44 45 4 45 99 24 38 49 18 28 80 34 36 27 7 5 49 4 40 97 27 87 53 85 52 57 92 98 66 24 99 10 69 55 7 68 31 45 70 49 25 50 84 61 78 91 18 27 48 11 77 27 98 82 12 50 39 56 0 57 80 51 68 1 59 27 69 90 25 91 92 50 42 76 64 72 19 82 51 19 93 80 46 43 62 10 45 54 18 46 11 98 49 31 51 8 59 73 51 84 64 43 86 6 71 50 30 90 33 82 10 78 14 8 22 77 19 67 83 37 65 46 88 15 30 39 75 41 12 26 77 29 69 63 87 40 14 18 83 99 52 45 77 66 53 51 95 24 19 78 14 84 77 54 51 7 45 79 48 10 5 77 39 27 40 26 19 54 44 54 53 96 99 83 15 5 34 10 81 53 41 47 90 18 1 93 77 47 72 77 57 30 54 96 9 46 22 80 1 19 35 6 67 86 41 82 43 76 93 25 81 86 72 23 56 74 69 33 73 93 62 30 23 68 78 84 14 52 65 67 71 52 74 39 90 67 73 34 43 18 59 77 4 83 52 60 9 21 45 82 15 7 64 90 27 94 75 42 47 92 9 70 96 35 61 86 3 35 20 98 5 31 27 10 15 80 22 76 1 68 11 68 27 75 59 55 22 34 97 69 78 58 91 74 94 53 60 97 40 33 47 45 64 75 55 31 7 78 8 60 98 19 29 25 46 88 80 68 74 29 37 52 88 29 78 82 34 90 31 74 23 30 19 88 57 27 19 64 5 79 25 55 98 54 80 45 94 13 13 68 42 3 72 82 84 50 16 70 40 99 44 64 30 15 4 87 42 75 52 99 55 29 54 53 83 87 50 29 0 16 97 94 71 21 29 7 71 45 77 63 45 73 79 75 88 
35 14 31 11 18 82 66 47 89 71 82 76 74 11 28 90 60 74 13 81 3 20 4 49 49 20 46 22 99 73 10 87 87 93 98 6 76 16 53 17 39 88 93 13 99 73 55 12 47 20 93 51 40 50 52 89 70 98 11 21 71 74 8 10 67 6 16 95 74 22 64 14 10 57 79 61 30 35 73 78 55 19 81 48 69 85 89 39 83 53 60 6 27 21 68 46 27 85 94 54 59 58 68 21 68 99 82 50 34 8 80 42 27 61 42 48 46 83 87 81 36 99 39 15 20 8 14 0 45 60 54 56 18 74 77 38 73 11 89 60 71 69 54 98 31 48 46 29 31 85 63 20 85 54 35 57 62 1 9 59 61 63 15 32 89 44 70 15 8 59 27 79 29 81 78 12 81 76 93 12 14 56 84 51 11 72 8 25 73 18 37 87 33 4 19 75 49 89 90 57 1 69 88 30 2 66 94 83 95 87 47 9 96 32 60 59 4 20 36 29 90 73 16 76 30 35 51 31 77 93 40 78 62 28 60 64 95 6 99 42 45 46 3 41 30 63 52 86 35 89 68 26 14 84 54 44 72 57 75 1 50 15 79 64 96 91 80 91 97 31 85 94 77 88 88 60 3 40 46 38 81 14 16 48 51 70 92 75 27 20 76 29 87 7 45 83 98 77 26 47 8 11 41 38 51 81 50 54 22 48 45 55 15 13 3 66 36 48 41 15 68 17 97 7 76 42 43 74 72 69 73 32 33 66 22 36 48 72 91 22 21 88 77 36 1 81 54 37 81 47 53 1 16 50 8 92 44 51 18 68 73 91 1 6 57 23 94 57 48 85 79 21 25 57 9 27 90 15 16 71 62 21 72 78 23 32 70 68 84 88 88 9 31 89 15 40 65 9 98 65 
47 77 86 24 86 47 3 28 62 20 99 76 93 23 54 17 56 76 37 92 16 25 1 47 15 68 39 32 29 89 97 28 67 35 53 5 34 56 86 48 28 37 24 22 61 78 91 69 6 28 13 74 53 14 21 20 34 12 4 15 2 53 44 21 88 49 78 74 57 64 22 86 2 46 60 63 76 51 84 34 31 97 8 36 63 81 9 49 94 13 64 96 67 8 69 7 57 47 34 15 12 56 53 14 55 65 29 31 16 13 66 99 62 74 35 77 56 44 26 2 10 90 98 29 51 19 88 60 66 22 27 78 79 80 44 34 45 73 17 13 38 35 12 0 10 48 29 18 44 55 20 54 46 70 83 49 89 24 9 7 46 37 38 77 69 82 63 67 56 33 32 46 68 45 99 30 45 28 48 41 36 20 96 34 42 31 83 83 55 92 91 54 81 29 31 3 11 47 70 19 80 54 18 48 99 17 79 96 97 79 38 33 52 86 67 94 17 50 78 25 95 21 31 28 50 14 31 13 61 53 85 41 8 3 42 59 72 73 56 69 52 94 3 4 80 70 51 49 73 29 26 68 2 57 96 52 72 28 17 33 33 2 27 41 57 69 1 29 94 9 99 46 55 54 3 35 24 54 36 97 35 63 17 37 72 66 41 44 46 58 30 79 13 57 21 70 78 74 0 72 83 51 70 38 5 25 25 81 79 13 31 66 76 48 55 1 14 96 45 60 7 75 92 20 84 65 42 14 39 42 38 74 93 9 64 50 34 41 32 66 54 63 32 83 11 40 84 78 36 81 90 43 9 82 15 93 47 58 60 38 52 98 64 98 59 28 48 46 21 80 12 28 43 96 63 7 36 47 37 25 80 27 20 89 10 36 35 9 46 95 48 98 45 12 48 5 93 97 51 66 
29 15 94 25 63 57 84 52 56 21 77 37 48 97 78 10 85 13 72 31 60 72 82 6 84 30 11 29 79 14 96 9 81 42 34 44 0 18 96 56 91 25 45 39 75 24 2 60 37 74 44 98 46 26 56 82 8 19 64 88 33 12 97 66 54 83 62 54 1 59 63 92 36 8 83 11 32 37 72 70 63 68 20 61 94 76 96 2 95 60 42 80 72 39 46 26 22 8 33 75 19 96 19 8 4 3 19 37 92 43 59 56 11 31 17 57 7 65 12 54 25 54 86 49 94 32 28 68 92 61 96 64 57 15 72 13 70 43 2 63 87 61 19 50 44 88 60 3 54 72 57 31 26 43 81 72 27 61 93 72 22 89 36 31 4 60 44 75 3 47 90 42 60 9 93 5 49 53 60 55 77 18 39 55 13 72 80 93 33 73 65 7 14 53 38 18 13 34 45 16 33 35 11 94 96 56 51 98 61 11 5 38 81 44 93 47 16 73 40 49 98 5 56 12 58 46 83 71 81 80 39 66 16 2 60 64 58 63 62 19 27 68 57 8 64 3 55 81 28 47 82 27 52 91 91 62 89 74 85 22 55 25 89 23 27 49 87 38 65 2 57 92 22 15 52 86 70 60 19 98 7 54 25 12 45 17 74 34 43 60 57 50 37 46 73 16 47 13 54 64 67 12 8 89 79 13 27 1 73 99 99 32 53 77 44 98 46 19 84 89 31 93 40 68 91 13 36 91 78 91 55 45 55 16 86 86 29 14 87 2 13 38 86 18 15 31 68 61 2 52 51 85 98 43 5 41 8 41 32 87 32 40 32 39 56 71 25 85 85 64 39 50 3 25 68 18 8 36 80 62 40 83 99 90 26 4 32 86 46 64 73 30 56 58 70 12 29 47 49 66 
12 88 68 67 66 36 37 26 24 69 41 64 52 40 55 30 45 39 69 43 3 42 73 60 52 43 24 33 43 74 51 7 14 19 74 80 55 11 59 79 33 0 96 85 92 3 68 37 42 37 80 97 31 6 9 36 49 34 21 44 8 73 51 22 92 77 55 0 89 14 31 22 66 27 59 58 82 79 48 76 68 80 74 52 86 83 40 88 17 61 32 77 86 84 52 79 61 7 79 2 73 62 76 39 42 88 97 24 19 45 1 88 26 27 92 64 10 84 52 80 45 85 9 32 21 61 63 34 68 94 89 41 56 17 80 98 5 30 75 77 27 28 17 5 55 9 70 17 93 22 97 90 59 7 74 32 68 89 19 89 35 8 82 92 25 15 42 83 45 69 12 24 97 29 30 4 90 0 22 35 74 19 77 34 78 52 66 99 93 85 40 29 45 22 73 23 37 67 58 34 37 70 59 86 99 89 91 89 41 13 76 15 84 53 49 15 5 68 14 51 5 54 80 51 28 53 74 18 72 84 52 9 54 63 48 5 4 39 46 45 4 22 61 88 75 62 55 33 30 69 84 88 75 16 91 56 21 65 74 93 1 78 3 55 42 3 60 46 42 6 44 46 80 5 86 55 19 94 40 2 63 24 90 91 92 81 47 13 98 73 7 99 51 62 6 93 65 18 92 7 24 36 5 4 93 43 11 64 37 52 66 53 28 8 96 21 41 95 34 39 68 93 90 19 55 48 65 20 66 9 79 90 45 36 46 90 32 10 54 69 62 73 74 90 81 22 63 23 17 98 14 37 91 57 57 99 5 74 71 72 83 51 14 80 39 61 22 71 23 76 93 85 1 19 27 35 42 91 58 59 41 24 97 84 81 6 83 87 32 55 59 15 58 25 47 97 38 69 21 61 
97 14 46 99 33 26 34 27 17 44 87 10 20 36 46 2 94 82 41 26 89 52 93 47 77 92 96 16 13 17 77 10 83 24 61 69 2 47 96 19 43 35 81 64 23 27 18 69 9 59 47 98 11 92 97 88 84 46 4 97 15 34 60 99 58 21 20 60 21 68 31 16 56 64 80 79 43 98 1 53 57 48 3 20 41 53 9 25 99 65 75 14 99 35 13 9 8 85 21 81 54 4 98 10 68 78 41 12 29 42 17 38 43 72 59 84 25 20 61 24 37 36 91 37 71 56 98 32 42 20 13 96 76 11 58 97 42 51 61 23 46 78 61 89 2 72 73 80 44 86 56 82 23 47 71 46 4 21 78 46 93 92 94 70 55 4 67 97 55 28 72 1 58 34 42 12 58 67 92 55 54 49 89 77 96 12 75 0 33 54 98 27 98 92 97 53 48 16 3 4 44 75 57 54 61 52 66 72 19 11 27 73 60 68 2 8 80 78 9 13 84 59 40 34 52 89 87 0 5 42 56 1 70 66 7 31 18 26 55 89 37 34 15 49 2 17 57 82 47 18 96 83 78 88 17 82 78 57 82 35 99 91 37 21 9 44 53 27 70 60 16 59 95 31 8 97 1 66 80 0 84 28 84 62 16 53 44 94 10 79 82 62 22 19 83 31 15 88 10 38 49 78 49 44 62 58 93 63 24 73 15 60 1 51 75 70 5 71 16 67 50 98 81 24 69 17 55 85 5 65 75 6 44 24 2 6 82 96 21 58 21 36 71 75 40 46 45 45 17 61 64 20 12 46 96 81 63 52 18 20 69 93 79 65 70 33 23 4 29 96 15 3 85 86 78 25 84 75 70 53 36 86 25 0 32 22 82 47 74 0 20 95 46 99 61 68 32 36 72 14 
33 87 69 18 25 47 43 9 74 65 15 62 51 40 63 36 62 45 35 88 97 55 84 95 6 97 63 91 33 88 5 66 27 26 36 53 25 31 14 99 96 29 61 0 22 24 88 84 21 23 73 19 79 9 66 85 6 30 28 39 18 85 58 45 11 94 50 36 78 65 35 74 46 97 26 68 21 14 5 43 90 78 14 21 87 80 58 93 62 87 84 80 72 94 78 84 41 28 20 19 45 8 45 92 5 72 12 78 38 17 73 28 95 39 49 34 20 60 79 82 47 16 15 19 10 45 55 51 73 76 70 19 84 16 63 41 40 27 19 78 45 45 59 92 84 60 79 56 20 58 91 19 74 6 39 37 51 94 88 76 22 11 47 58 79 62 99 19 90 71 49 87 68 60 79 52 73 58 9 45 69 0 65 95 58 56 32 61 2 73 37 77 84 37 35 15 99 87 34 41 10 35 28 78 48 8 30 73 18 91 18 87 91 35 83 1 91 15 62 46 88 52 23 24 89 58 39 40 97 25 82 7 13 62 85 61 22 68 34 41 59 4 80 3 40 15 4 83 31 19 81 71 71 4 48 12 15 87 4 12 65 38 72 78 1 57 91 23 77 77 16 89 81 97 92 73 12 48 9 95 67 90 19 90 47 67 2 62 6 59 26 23 97 98 53 98 8 44 74 85 21 90 74 55 87 18 80 52 67 89 47 86 32 18 29 79 37 83 41 96 42 67 19 40 18 73 38 26 69 12 11 43 55 86 98 42 56 30 46 75 20 46 62 4 64 43 83 54 26 76 50 69 95 21 9 13 46 99 39 16 64 51 11 19 89 61 13 97 91 12 73 63 58 87 67 74 30 2 28 56 78 78 25 74 52 86 39 98 38 79 66 54 82 77 25 23 38 90 20 30 
2 45 93 12 32 13 87 62 15 15 19 46 46 96 72 50 35 11 48 73 42 67 79 76 44 4 99 83 94 72 65 49 17 10 61 50 75 48 12 91 16 83 89 14 80 61 64 15 72 12 40 67 79 19 43 76 23 43 11 69 67 76 18 84 38 80 34 14 80 99 5 96 82 46 10 62 7 26 29 31 39 69 98 70 88 42 98 63 37 9 33 4 85 3 40 76 35 27 90 68 26 47 64 60 93 27 75 0 53 4 83 44 26 82 67 66 76 65 30 65 75 15 21 12 70 61 88 6 88 30 26 66 77 90 27 70 69 54 22 75 10 6 71 36 40 38 3 16 56 85 81 83 52 2 47 22 15 36 80 4 18 6 22 96 49 1 18 70 55 41 97 66 99 69 54 39 59 9 55 15 46 88 50 98 42 98 73 57 86 53 13 4 12 88 0 61 89 19 83 97 12 81 15 11 50 21 50 61 31 57 29 77 97 79 76 39 29 1 48 15 54 14 20 18 2 72 79 43 43 15 40 55 96 7 18 98 29 68 59 12 77 88 89 74 20 17 13 49 18 14 65 25 28 37 43 82 61 75 25 5 90 18 12 86 77 31 36 6 51 95 18 29 36 60 3 8 77 69 57 48 83 74 73 63 63 16 45 77 43 22 82 33 40 46 71 18 29 7 76 81 55 47 62 43 7 17 51 36 86 60 84 21 87 9 84 2 78 81 79 21 4 13 55 96 12 78 66 41 38 43 74 93 42 36 88 49 54 91 37 92 3 22 14 90 31 98 45 61 80 24 83 36 90 90 32 2 68 99 43 6 94 18 51 36 6 39 37 12 82 74 5 86 96 19 28 80 69 73 41 1 50 24 37 40 14 22 42 35 73 85 41 67 55 93 3 14 84 40 26 67 
66 83 5 63 54 33 95 24 7 88 77 9 65 67 49 31 89 43 66 62 28 60 81 36 53 36 2 89 28 28 8 94 64 13 57 18 47 4 94 6 93 24 67 58 91 16 89 32 59 8 46 39 68 27 27 73 63 29 62 43 10 71 37 26 36 47 44 35 51 91 41 96 15 8 54 6 76 96 90 87 4 36 27 72 15 6 45 30 88 59 73 98 82 10 24 19 57 20 54 61 11 48 57 26 8 64 84 37 60 74 24 16 62 3 40 29 10 37 59 98 96 84 48 31 95 24 50 4 44 56 65 8 56 75 86 17 39 71 54 51 97 30 19 12 34 59 41 96 96 53 46 44 37 46 75 84 70 77 41 66 34 58 26 42 33 13 11 24 36 65 27 33 96 46 97 82 5 39 78 53 44 76 98 33 22 73 18 44 51 11 10 37 69 89 31 55 2 43 79 38 60 7 23 8 5 21 90 11 12 20 64 8 96 14 41 70 88 11 14 91 22 77 28 92 66 59 47 68 54 78 58 15 37 81 23 43 54 14 6 18 86 22 78 35 37 20 5 25 31 20 16 54 49 96 98 15 55 97 35 62 27 93 77 65 26 0 8 33 66 66 3 53 88 82 88 25 2 45 2 85 17 70 91 66 66 41 81 74 38 16 36 66 61 13 83 88 65 43 21 32 9 24 85 97 58 25 75 60 70 29 98 88 0 89 6 18 83 88 92 21 56 80 39 18 45 22 6 11 65 79 43 26 55 80 76 14 57 51 26 79 80 76 19 32 18 26 51 1 66 43 22 22 76 14 92 21 36 50 32 54 29 27 80 37 7 56 3 16 59 81 96 92 58 15 24 76 93 75 77 59 71 51 34 47 65 26 68 54 77 53 8 58 80 40 47 40 49 50 56 8 
32 4 52 42 72 77 18 65 4 47 77 75 98 11 74 16 89 95 70 18 0 30 77 80 70 76 72 71 27 29 80 11 85 84 5 57 61 75 75 66 22 52 93 72 15 20 88 56 67 10 75 67 40 4 99 63 80 72 34 59 53 66 70 38 51 75 48 64 50 23 82 24 27 28 97 94 48 37 50 15 48 77 34 40 81 33 55 14 5 90 73 58 8 96 49 59 71 97 24 74 72 6 50 99 34 99 45 34 37 47 1 37 25 35 29 58 21 85 72 26 75 98 37 83 94 38 95 17 87 19 91 59 77 94 10 64 93 55 98 30 2 52 19 79 87 49 90 60 34 62 39 61 60 28 96 54 66 91 72 53 62 15 12 92 9 74 56 3 29 6 85 83 58 57 15 98 6 5 58 92 19 97 53 32 25 1 86 43 93 10 96 7 78 60 99 39 34 7 94 15 14 32 51 24 89 18 22 95 23 33 87 94 82 92 26 8 93 65 3 38 75 0 98 5 12 97 45 99 57 91 66 71 23 17 47 12 87 70 7 62 55 46 57 37 90 83 97 36 48 1 26 76 1 24 81 65 74 78 64 31 70 31 54 93 0 1 6 40 23 65 2 78 64 59 16 54 43 13 90 43 66 69 19 67 93 1 85 67 31 1 98 1 32 4 95 85 6 53 25 81 18 27 12 82 39 28 89 82 93 31 25 60 0 97 79 94 98 16 13 29 18 64 83 2 68 78 87 26 83 64 8 1 44 20 36 83 0 77 17 45 8 42 57 9 91 89 55 89 5 68 71 23 32 6 78 1 36 65 79 19 82 87 72 26 59 8 61 11 85 78 57 46 72 66 7 64 55 62 5 13 82 28 88 15 34 66 68 70 32 99 89 66 87 62 92 98 22 5 10 60 
83 67 6 55 85 13 19 41 27 25 54 9 53 42 76 40 9 96 10 93 96 0 59 35 14 3 85 36 8 95 48 43 14 54 98 0 19 70 41 46 47 47 8 52 41 36 92 50 85 3 95 81 55 6 68 21 61 53 9 21 49 58 64 15 64 15 15 84 85 8 82 84 7 42 36 49 79 81 51 64 84 47 97 91 5 17 12 67 70 73 88 71 31 5 87 96 20 54 32 57 63 66 41 22 9 29 71 40 10 23 56 46 22 53 37 27 70 1 94 92 27 35 64 58 92 3 6 64 9 38 21 24 5 14 47 66 43 18 6 6 41 62 52 15 67 42 43 89 95 89 81 22 76 97 81 68 0 87 32 10 78 5 34 35 19 33 1 15 52 7 21 45 21 25 61 88 67 56 77 63 45 10 85 74 8 18 94 60 6 79 22 36 84 9 71 56 42 72 23 94 31 96 92 4 21 53 92 89 61 21 52 58 31 89 32 39 8 27 52 66 6 74 54 42 83 25 50 26 49 73 72 32 69 64 36 43 69 28 32 30 1 36 89 32 77 21 24 85 0 76 3 58 2 57 53 86 82 3 64 83 29 36 15 50 1 51 93 22 31 25 53 32 13 42 17 91 15 93 28 16 21 32 74 23 41 79 61 76 83 25 59 12 14 27 62 67 78 8 89 62 33 42 46 99 84 63 42 52 8 70 68 29 54 94 5 48 74 66 24 9 44 35 21 58 62 35 25 93 43 66 55 29 9 1 80 45 17 22 97 25 44 17 7 99 12 64 47 38 82 23 47 26 58 20 36 21 55 13 66 51 80 21 80 41 74 60 86 91 34 36 69 78 53 28 77 17 92 76 55 74 99 54 53 10 74 89 83 82 3 49 33 35 70 13 76 96 25 14 40 59 
2 9 37 56 89 67 25 81 43 33 7 95 87 60 5 62 2 88 44 57 89 77 92 11 42 20 7 19 86 47 30 89 56 19 45 97 86 22 78 82 55 38 29 43 50 34 57 52 74 1 61 63 30 5 26 24 77 33 95 64 81 25 53 89 44 98 87 83 72 17 65 28 55 94 71 6 80 80 10 6 81 24 21 63 29 47 39 7 80 34 71 13 11 24 55 55 74 42 38 46 11 55 26 19 1 49 77 81 29 87 39 62 63 60 25 93 59 16 52 40 50 75 5 61 51 60 69 25 54 59 23 66 15 50 37 16 99 14 50 29 53 41 43 17 54 69 62 13 85 14 5 88 89 11 49 40 71 18 17 78 78 92 96 45 42 33 13 94 47 15 75 0 57 18 17 11 39 79 24 77 45 30 65 86 93 66 26 16 37 95 94 67 88 42 12 82 75 77 28 22 93 3 75 2 74 44 13 65 24 89 42 21 71 59 8 64 26 86 33 63 82 27 30 22 70 94 4 97 71 85 72 16 40 47 18 66 91 83 32 67 25 74 89 48 34 49 13 12 35 98 75 69 77 57 91 99 3 48 97 74 33 69 43 25 68 13 92 59 97 24 27 74 50 68 22 36 17 87 48 52 85 75 74 63 32 65 62 35 65 11 62 50 80 5 76 48 70 68 60 67 92 39 93 42 59 16 79 76 3 79 80 41 55 54 4 39 72 18 75 37 30 89 88 62 46 16 63 16 84 75 36 28 14 29 22 25 45 53 1 1 33 33 42 88 40 98 27 64 68 54 53 98 95 93 13 41 9 28 58 45 3 46 73 69 75 96 94 73 1 47 74 34 32 68 74 24 66 54 88 34 60 94 85 56 87 50 97 97 78 7 42 33 53 68 54 81 16 0 54 17 
99 28 4 31 96 78 8 14 84 96 48 45 90 85 53 78 35 50 27 65 10 21 50 15 41 4 96 57 4 50 75 55 30 79 87 26 9 95 92 94 43 41 91 86 26 44 16 14 46 43 79 56 16 30 24 58 86 20 15 43 23 42 98 53 21 37 32 83 32 24 77 28 17 68 14 44 12 30 10 10 25 89 67 93 71 91 3 58 63 19 1 86 13 51 92 35 89 24 18 73 0 47 1 18 67 15 14 31 97 24 41 74 13 8 68 37 51 71 47 67 42 48 53 56 51 45 43 40 21 13 14 22 12 15 92 79 83 6 10 32 30 51 7 95 12 27 32 63 98 79 30 93 79 36 49 31 33 44 23 7 9 37 81 21 5 73 0 88 79 62 72 9 13 79 56 25 6 89 41 57 20 23 50 52 11 51 35 97 47 58 4 56 96 85 77 53 58 29 93 37 91 65 98 56 45 54 34 3 95 27 12 68 50 62 20 14 65 55 11 12 65 15 20 13 52 49 66 62 30 59 99 21 25 49 30 22 55 64 25 3 91 90 71 93 52 43 7 70 50 70 34 67 37 7 81 89 56 47 51 87 7 2 60 84 3 90 6 59 6 83 14 97 73 37 43 78 80 50 0 82 73 34 49 10 41 30 0 50 30 51 89 37 6 49 73 9 92 79 68 50 14 34 48 88 71 43 18 51 93 18 85 18 4 87 29 46 17 29 48 99 32 37 36 38 38 61 48 30 40 68 81 7 55 81 47 26 24 65 30 69 83 15 88 87 2 69 85 72 98 85 71 82 22 60 21 61 21 21 43 14 41 76 21 96 9 68 23 85 85 5 7 20 20 95 59 75 64 45 99 14 82 70 96 5 82 69 18 56 90 13 22 84 90 95 32 51 63 7 37 0 
12 44 20 33 91 79 60 7 76 59 73 59 81 69 16 16 91 34 72 81 99 94 17 41 89 50 93 4 57 82 56 70 26 76 55 69 55 15 28 84 74 1 43 7 22 11 23 13 45 95 47 96 41 64 38 82 66 31 38 24 13 94 46 91 70 1 60 78 68 88 62 94 41 57 1 63 68 25 77 65 72 24 61 66 88 51 48 55 82 87 31 47 33 77 90 4 30 50 34 98 90 48 92 31 57 93 47 77 70 24 42 43 48 55 9 88 7 9 95 41 48 26 89 82 55 79 38 85 82 72 83 24 72 75 8 29 21 55 6 43 79 0 86 79 55 47 67 14 9 63 56 57 89 97 39 45 76 77 82 10 1 66 87 73 93 95 2 66 2 60 10 81 60 48 60 68 48 79 82 57 42 90 14 84 87 54 81 16 31 63 26 85 81 65 58 27 60 13 93 62 73 55 95 86 4 7 6 52 87 88 9 81 79 75 65 18 29 98 34 13 62 61 98 95 26 8 22 39 21 68 53 47 23 1 33 79 8 91 83 47 31 92 29 62 20 46 81 49 45 15 14 59 28 64 54 7 73 77 46 94 97 51 41 20 52 26 0 13 17 83 60 1 28 41 63 0 40 44 49 37 60 16 96 40 80 2 47 53 31 45 0 28 97 93 1 1 72 1 14 41 36 27 42 16 20 6 16 12 50 18 49 62 34 97 3 66 0 50 72 31 48 72 12 97 65 13 98 37 66 65 79 2 44 21 71 16 79 39 29 82 57 78 44 43 76 99 62 28 50 34 59 50 6 71 47 23 36 45 13 2 62 44 57 6 17 28 23 97 67 52 79 77 82 75 72 10 75 34 38 77 68 98 27 26 21 74 2 58 19 15 60 34 11 17 40 28 97 15 25 17 
19 56 46 54 32 18 64 7 5 3 84 25 1 11 4 74 85 6 84 56 73 97 90 84 66 83 12 64 50 90 33 22 46 31 76 30 1 40 37 6 43 73 84 96 84 88 23 21 46 7 30 19 4 20 3 23 55 67 39 6 57 72 28 56 3 56 86 4 96 76 63 92 49 47 88 86 87 11 7 33 71 37 52 27 10 7 50 65 74 89 23 84 13 3 40 68 59 78 73 8 54 88 0 4 35 88 42 74 52 49 7 23 39 59 2 49 66 53 66 92 42 42 76 8 45 68 76 57 99 1 65 53 89 17 9 76 57 51 50 9 53 57 84 92 16 87 93 34 92 59 79 34 1 55 94 99 76 71 56 75 72 73 80 62 90 42 90 47 45 41 9 50 50 45 42 19 32 35 53 24 47 32 11 0 40 57 99 68 28 7 95 1 80 27 15 22 21 5 22 67 98 83 69 49 28 12 68 13 99 73 89 98 58 0 99 50 10 98 18 38 58 65 91 90 92 6 13 14 64 87 33 62 70 2 63 98 66 31 11 66 57 1 16 15 53 15 17 63 66 87 2 24 52 93 14 96 52 27 10 16 66 95 30 36 98 94 87 64 77 98 82 34 51 99 1 5 66 70 20 32 57 74 56 9 20 71 58 72 50 68 40 17 64 70 5 14 64 92 78 94 91 13 80 94 64 82 99 30 4 72 63 62 46 71 23 66 42 81 90 45 2 30 62 66 53 67 32 17 60 62 63 3 75 44 97 91 78 49 22 82 21 37 44 19 60 20 86 3 1 28 0 3 59 62 21 12 81 53 81 93 16 45 96 43 41 46 35 19 95 9 1 68 98 98 87 58 18 73 13 19 2 13 75 13 27 48 77 9 2 58 54 70 55 51 65 96 97 52 15 44 
13 17 12 63 67 99 22 85 25 87 56 79 53 31 92 80 80 21 41 34 79 96 56 87 99 73 83 48 26 51 92 91 20 56 55 87 55 29 72 80 16 28 11 21 60 55 54 92 76 47 26 56 95 34 43 94 7 78 94 85 29 38 77 49 94 84 36 50 13 8 82 81 89 46 3 49 1 9 93 78 56 71 86 52 5 81 98 12 59 93 50 41 31 79 90 78 63 79 28 76 39 62 9 28 8 12 29 62 21 22 40 30 93 26 82 50 59 32 15 18 77 65 59 61 44 2 39 7 81 19 35 20 33 44 1 42 9 30 4 30 53 96 12 98 74 94 49 33 79 64 51 56 81 63 17 25 17 8 84 50 27 19 22 61 63 23 55 72 54 11 55 59 7 67 9 81 14 10 14 45 26 17 1 7 32 71 84 1 79 68 51 7 39 74 20 55 49 75 79 55 86 86 14 45 6 76 78 72 86 44 17 13 61 70 72 46 41 57 47 21 77 51 80 69 25 0 76 74 75 55 30 13 94 96 58 0 24 88 24 11 32 41 76 45 11 0 91 5 9 91 26 87 42 6 8 19 58 84 93 33 91 75 98 85 24 8 37 0 96 13 11 28 54 39 73 18 40 17 23 49 8 1 88 50 59 48 21 17 32 66 2 76 42 0 13 18 8 51 18 4 64 82 84 71 73 57 41 65 74 16 67 34 17 7 36 76 56 57 45 40 24 47 16 18 99 30 88 7 33 58 63 49 40 47 20 66 56 13 31 83 29 50 69 46 58 6 74 14 15 71 54 39 18 71 9 69 53 97 76 86 56 91 35 48 90 8 66 47 21 98 82 51 48 51 97 6 57 24 72 25 95 27 64 66 50 26 35 3 23 64 41 31 55 76 32 98 84 98 97 58 
48 79 9 97 30 58 55 40 82 80 65 30 59 81 48 9 7 83 64 83 99 5 66 55 33 98 5 70 49 2 28 97 81 89 46 63 47 2 55 82 34 72 12 93 6 60 54 65 95 18 48 95 75 67 2 60 17 7 82 66 61 10 64 42 99 10 57 99 64 65 81 98 37 45 43 43 57 97 9 52 67 9 99 94 28 1 55 46 60 37 12 21 0 28 15 51 91 73 50 55 90 83 6 27 28 49 23 85 99 84 90 66 45 89 61 74 91 16 20 51 5 84 25 57 13 40 9 4 65 59 11 55 43 69 83 23 71 58 9 70 42 51 36 87 40 49 61 31 17 33 35 75 18 12 32 83 52 41 39 18 53 2 73 48 24 8 71 95 18 32 17 60 83 5 0 24 55 13 7 72 47 94 99 17 6 32 52 11 73 91 29 26 45 54 74 69 15 98 16 33 30 33 46 66 39 46 90 94 11 49 18 58 44 18 27 2 2 79 13 75 22 94 54 20 1 80 89 68 78 6 1 61 91 99 27 30 97 69 76 9 18 47 67 14 17 47 69 19 78 82 94 1 29 0 21 82 81 62 50 59 20 51 72 64 3 99 94 0 68 23 9 87 70 29 53 87 76 22 58 54 57 52 7 38 53 80 20 86 43 70 45 15 73 70 79 76 69 26 77 38 49 86 77 19 15 82 58 43 5 16 50 14 20 57 52 25 38 24 11 33 94 9 0 67 79 80 44 48 58 21 38 7 59 67 78 27 2 88 70 59 56 20 73 76 30 77 54 68 1 65 53 95 26 53 62 5 85 58 6 43 31 96 2 91 16 32 18 18 20 40 77 28 13 50 5 43 79 11 63 80 76 16 27 55 21 41 60 7 0 18 2 31 15 57 74 31 89 92 1 62 
85 78 90 98 28 47 93 59 58 56 39 87 24 66 42 45 59 54 4 59 73 59 43 40 16 17 23 5 62 24 19 99 2 10 49 82 9 42 41 20 50 32 7 26 50 1 71 9 55 28 21 80 87 64 20 55 33 95 60 47 19 32 46 73 94 95 55 3 89 48 23 39 80 82 65 82 83 89 92 39 69 13 19 8 29 92 63 14 87 23 14 59 7 60 32 1 8 40 5 97 40 80 89 73 63 6 55 46 47 47 85 16 12 57 24 93 1 87 8 88 63 22 99 70 34 32 24 94 24 81 44 64 61 85 37 24 91 45 23 91 92 60 7 57 69 84 50 70 23 10 59 38 84 58 61 71 42 85 65 18 66 61 35 79 46 24 56 38 69 79 29 62 91 88 71 61 24 21 31 48 84 90 38 20 1 99 91 95 84 9 14 2 70 49 82 17 73 38 7 43 69 88 57 60 28 28 21 53 1 53 53 37 95 91 58 96 91 1 44 27 10 58 30 33 7 64 50 32 54 9 75 23 97 84 83 25 64 57 30 66 10 83 55 57 27 13 54 70 67 98 97 29 8 79 62 67 95 64 99 49 73 27 24 22 11 8 48 28 17 30 94 79 14 1 36 93 67 42 63 34 92 12 63 0 44 78 67 39 42 19 41 16 98 65 38 61 25 38 89 42 69 35 21 35 37 58 80 4 0 95 38 45 7 53 45 3 31 65 43 74 36 84 42 34 49 32 95 75 23 85 69 44 20 91 31 57 1 11 61 53 6 51 98 65 5 96 69 36 61 64 62 97 48 4 31 49 37 26 76 12 11 46 56 84 89 87 41 90 98 55 43 56 6 94 21 11 90 90 0 51 54 62 0 54 67 83 56 56 9 32 68 73 30 24 57 19 11 50 61 61 
5 5 17 12 51 38 75 41 81 75 92 87 38 44 94 57 27 50 13 88 34 33 13 17 57 22 36 20 73 98 81 30 55 50 42 6 88 70 99 21 45 43 9 35 87 55 92 66 5 57 54 91 90 68 8 99 42 97 71 15 47 52 46 2 54 40 60 95 62 59 16 8 2 77 95 41 32 40 7 89 97 61 81 40 81 41 91 24 38 63 91 85 67 89 39 22 82 51 17 44 62 33 4 16 63 0 57 95 40 16 85 89 78 18 81 11 59 73 87 98 36 79 35 3 20 75 77 2 78 94 47 41 80 51 57 43 3 15 38 95 31 75 37 61 45 18 25 5 91 12 55 79 43 42 35 64 69 12 18 48 7 65 89 87 69 46 30 24 13 20 20 97 96 9 10 93 27 35 50 71 0 5 50 43 0 85 59 69 98 78 17 5 95 6 44 16 5 74 41 18 94 13 15 42 22 78 36 49 13 86 20 13 44 23 9 96 8 20 65 6 98 83 63 46 41 7 62 46 33 55 17 80 68 84 22 42 62 10 44 76 49 16 41 45 39 2 41 0 23 58 58 73 41 22 71 35 81 34 33 15 41 50 95 62 87 69 4 49 32 0 77 33 17 71 30 8 73 71 8 96 81 67 22 75 89 93 10 70 79 43 37 21 46 32 83 33 2 87 82 86 88 60 19 57 83 49 65 56 72 74 5 53 93 27 28 82 72 38 4 52 34 94 73 80 26 8 13 80 47 47 66 87 59 37 44 42 86 62 99 58 88 56 64 81 35 92 15 7 83 71 11 17 65 36 49 92 44 14 24 92 61 91 31 21 28 76 15 67 90 66 77 78 22 41 59 57 86 74 65 69 45 28 38 11 65 39 55 9 53 79 53 66 22 85 87 51 13 55 70 3 
21 47 81 44 89 40 1 27 66 18 96 63 47 86 26 64 77 81 73 30 61 79 96 35 64 36 38 29 91 8 32 64 56 65 8 97 57 62 24 23 32 72 86 31 10 13 95 87 46 21 69 59 0 65 95 64 53 33 45 96 42 77 61 50 42 69 99 99 83 75 74 68 99 12 99 9 77 95 48 24 16 17 83 68 82 78 84 36 64 29 32 58 6 45 60 0 15 59 51 50 86 25 18 85 37 70 94 67 65 94 91 33 11 74 1 93 5 85 81 21 66 66 79 72 11 91 24 78 2 75 81 88 52 51 73 41 21 19 8 38 13 99 23 24 26 76 69 83 61 3 4 79 21 35 51 84 26 27 15 28 2 48 16 6 99 41 0 21 12 8 59 25 60 83 1 38 59 22 21 73 77 77 52 98 12 56 35 90 83 2 70 38 50 38 96 49 79 96 70 43 5 82 68 17 17 21 55 76 95 28 1 73 5 6 23 69 62 10 11 97 12 81 87 62 19 84 64 50 32 86 45 89 68 13 6 85 86 13 14 81 41 67 6 98 73 82 67 87 92 78 37 5 11 76 19 82 12 83 84 45 70 29 34 90 94 93 76 80 6 42 14 0 61 72 98 35 54 66 74 99 96 11 56 60 88 75 42 0 11 27 97 81 8 32 71 3 77 99 35 83 93 1 83 55 26 34 90 80 0 16 79 48 80 35 8 68 63 51 20 74 30 18 7 38 2 78 93 79 30 29 14 23 82 50 78 8 84 20 41 36 37 72 36 69 60 45 37 23 48 9 97 30 79 4 20 81 34 14 12 64 95 79 40 77 29 70 86 65 91 79 53 80 51 89 49 11 34 38 34 34 47 83 64 79 39 85 60 26 51 25 42 46 4 82 75 85 53 13 50 96 
92 55 28 44 44 29 55 31 67 42 65 66 25 82 45 17 19 58 43 70 83 37 68 39 20 43 24 25 57 26 73 1 81 1 45 25 30 53 8 49 95 74 15 72 8 13 89 27 71 84 97 6 22 65 45 94 60 21 71 17 47 44 19 80 97 16 57 27 69 66 76 64 92 43 37 0 56 78 27 79 15 76 37 89 41 82 35 1 55 6 71 2 2 42 34 99 58 92 78 28 58 54 44 50 49 33 50 58 64 29 37 79 5 75 68 98 9 55 51 17 61 74 19 15 68 6 14 27 98 44 7 56 50 3 58 99 37 60 57 1 89 47 32 46 74 52 96 83 7 99 0 20 74 72 35 94 78 1 21 28 45 80 84 95 84 42 46 73 54 4 26 43 3 58 41 77 10 89 12 17 88 13 89 14 37 24 9 67 77 82 95 74 15 31 21 51 25 67 24 79 23 50 74 26 60 15 55 70 56 68 39 96 33 80 11 22 56 72 89 33 6 36 59 21 67 80 72 92 99 48 23 75 50 97 1 10 64 9 32 20 77 23 16 10 3 79 84 59 51 73 44 10 61 3 31 28 35 56 72 35 4 95 10 55 92 63 17 56 72 50 28 1 25 96 63 81 76 47 40 79 72 37 89 33 40 73 61 28 29 85 63 33 80 73 40 24 88 58 32 13 60 60 14 37 57 78 18 85 25 11 16 98 48 58 83 40 31 45 68 60 82 83 45 63 8 38 87 97 48 72 10 60 32 24 97 41 54 16 78 32 27 95 82 27 53 65 67 36 62 88 48 45 71 45 8 80 83 47 77 83 19 87 43 4 63 41 97 18 9 28 50 36 75 32 63 28 49 82 64 12 70 64 57 42 9 17 22 93 64 51 76 36 90 20 92 53 13 41 23 22 
69 25 10 44 9 25 24 59 7 40 71 78 4 28 72 14 97 46 59 61 97 87 49 39 59 93 44 72 35 68 94 56 45 56 53 7 81 77 66 89 70 89 19 74 69 43 40 66 89 99 79 38 87 81 77 46 74 21 71 61 41 17 18 87 74 23 46 55 0 64 96 70 5 15 97 74 58 37 92 99 89 23 37 28 4 66 74 79 88 97 40 29 15 10 68 89 33 66 96 86 30 93 8 35 60 5 61 71 95 53 70 84 77 60 12 81 26 38 12 66 88 5 48 3 67 68 44 1 35 40 39 65 85 47 53 46 5 14 69 52 68 91 88 97 3 52 30 82 90 43 48 78 0 96 33 67 17 77 68 52 70 59 69 55 7 22 53 64 37 22 16 57 66 4 6 69 56 36 51 46 79 0 77 31 48 62 99 17 40 19 69 62 79 91 17 86 13 23 50 2 97 66 11 63 22 17 33 78 54 36 76 85 88 5 17 89 68 68 6 8 87 28 22 66 19 39 4 84 14 54 87 12 72 50 27 94 68 12 24 74 49 1 11 37 6 80 26 74 48 85 34 36 13 56 2 32 48 7 68 62 13 7 26 38 58 54 84 78 66 9 52 15 10 15 5 16 96 83 43 44 68 77 32 33 86 35 65 34 94 86 96 59 93 23 97 51 29 82 29 95 91 33 63 53 49 20 21 97 3 64 93 24 94 26 57 80 13 75 14 7 61 62 66 54 37 16 58 66 98 87 14 41 73 29 46 22 49 67 71 4 84 64 28 78 90 38 58 55 13 24 62 26 38 81 80 76 97 38 94 47 78 8 40 51 89 86 25 38 53 96 43 37 12 23 67 3 61 77 58 26 1 73 52 40 6 85 68 55 23 62 54 53 23 94 56 12 32 81 3 85 
29 46 75 42 21 94 97 35 72 7 61 73 80 14 65 38 99 33 45 74 48 99 80 71 93 36 35 25 18 38 63 99 36 90 41 58 84 38 93 56 46 6 82 78 20 47 69 71 33 14 98 81 14 30 4 59 66 39 37 36 78 52 36 14 94 29 24 78 20 69 87 18 76 21 48 48 20 17 72 53 32 22 86 98 52 90 57 18 30 46 55 8 98 43 74 92 72 99 23 44 68 62 62 96 35 11 45 55 28 17 61 12 39 47 10 91 38 20 61 20 66 68 28 17 11 54 9 36 5 84 80 26 98 95 22 33 6 67 89 86 36 50 99 27 49 61 70 87 81 32 7 48 0 87 65 64 94 26 52 99 63 32 25 61 27 48 95 85 67 84 72 56 86 23 83 35 84 6 75 18 38 82 18 90 22 35 54 16 13 6 67 76 91 93 38 70 93 85 8 12 69 32 68 7 55 4 94 91 10 69 9 0 4 79 90 26 14 97 94 28 55 61 56 98 6 94 21 99 79 29 12 0 61 32 59 68 36 54 59 98 23 21 50 27 0 41 5 67 90 51 47 97 65 3 48 71 50 69 23 81 50 87 34 11 19 93 79 8 47 90 58 23 63 9 2 16 2 60 83 44 11 30 93 28 85 41 0 35 62 23 17 12 62 51 23 81 96 54 41 44 97 0 19 60 61 21 76 63 33 11 7 45 93 0 73 79 94 25 66 56 0 83 69 62 86 44 96 83 51 37 79 48 89 50 60 50 71 89 65 57 52 72 54 46 25 79 77 19 5 43 75 57 79 96 20 17 41 16 0 92 5 31 92 47 81 52 97 5 93 63 62 46 87 16 44 64 95 21 35 52 16 11 10 95 59 30 13 0 98 65 44 55 97 36 2 30 41 52 35 86 
67 49 32 6 65 76 71 13 49 6 65 66 69 75 61 29 57 26 81 7 92 78 63 41 14 17 71 7 69 59 94 36 8 78 43 26 7 66 39 56 24 56 22 46 84 36 27 93 14 8 1 6 86 16 99 53 33 23 12 3 82 58 91 42 37 86 68 44 52 59 52 29 68 27 75 52 15 2 45 29 62 98 88 49 14 87 54 48 10 18 51 44 77 42 87 14 81 7 10 33 67 14 14 35 41 89 87 56 91 84 86 54 83 74 55 97 13 61 97 76 79 48 20 56 43 59 22 24 67 84 9 86 99 76 21 92 65 60 49 9 96 87 15 79 13 22 29 78 83 26 54 14 27 27 23 22 38 45 98 5 82 59 43 81 35 64 73 53 76 74 62 73 13 77 4 78 99 85 57 34 64 63 0 91 42 23 65 81 21 63 38 3 74 82 36 10 98 61 15 75 88 77 48 1 6 4 80 57 90 89 43 54 52 43 97 95 19 14 76 40 29 66 95 3 0 31 65 99 44 80 74 32 9 74 34 15 78 66 72 20 55 15 74 7 11 23 54 30 37 82 70 66 49 17 22 49 48 87 48 92 20 74 77 29 48 11 45 79 29 69 99 84 85 26 43 48 49 98 78 39 80 0 57 81 17 79 31 17 19 31 61 39 6 38 20 6 49 17 37 78 87 37 14 24 15 58 72 16 56 50 55 88 50 13 70 19 92 1 36 63 84 97 2 42 36 23 1 37 40 38 16 79 27 82 3 42 40 27 59 48 77 66 37 79 79 7 98 24 60 34 87 44 84 42 87 20 17 88 57 9 78 25 89 6 8 92 0 0 20 11 49 49 78 86 81 9 93 79 85 53 66 25 49 2 67 88 22 84 76 31 93 7 9 34 13 69 27 65 69 99 
77 18 0 7 4 81 16 49 13 54 54 79 79 4 33 46 92 55 82 21 38 27 28 47 62 93 16 41 58 86 92 35 56 92 42 61 74 11 62 87 65 17 18 96 73 51 94 65 58 76 38 96 55 66 96 69 59 12 10 18 50 2 5 7 47 0 20 73 63 34 12 28 51 82 24 76 85 18 42 43 46 80 91 53 99 39 23 10 4 85 80 54 40 86 13 87 38 85 60 1 20 72 81 23 54 5 0 39 75 94 34 73 26 77 26 25 17 49 88 21 35 68 27 75 54 93 14 44 78 74 45 50 98 26 26 4 83 26 43 58 72 29 31 98 6 10 76 23 59 64 96 46 32 24 73 39 17 87 35 47 13 81 50 11 59 76 15 43 54 10 53 26 39 37 76 46 47 52 21 58 68 18 5 53 94 78 44 63 18 79 10 31 12 60 95 72 88 10 67 42 73 20 68 64 57 45 62 56 49 84 15 70 54 20 75 0 50 19 63 68 98 25 52 63 38 47 35 26 9 2 69 82 74 89 99 32 86 61 88 88 97 55 58 51 75 85 3 78 4 66 46 54 44 98 17 82 45 4 60 7 6 81 89 81 71 88 65 9 2 5 97 99 61 7 3 88 92 6 66 48 25 65 3 69 63 72 3 61 77 63 68 35 45 9 68 68 50 33 77 52 91 27 51 4 34 54 92 79 13 59 27 38 24 82 7 39 55 62 52 84 25 72 71 22 82 40 42 32 25 72 36 16 99 87 20 85 94 65 64 7 76 44 97 52 26 56 91 33 18 96 69 95 68 41 18 50 81 12 34 58 84 70 27 83 10 99 21 4 64 85 63 40 81 60 92 60 16 36 45 34 32 15 81 0 8 99 3 89 64 89 99 48 60 26 84 22 26 5 78 90 
42 41 83 76 53 27 36 69 63 81 55 47 48 36 0 56 88 55 97 52 44 49 52 56 75 88 78 1 93 56 44 88 49 79 64 2 6 52 23 22 85 78 69 86 67 21 42 7 76 92 11 21 41 63 29 68 4 8 70 49 64 66 37 14 45 53 68 51 57 92 25 43 22 95 29 89 68 23 48 45 67 59 18 60 75 47 29 79 7 51 28 24 69 18 90 14 23 58 17 81 50 43 76 25 90 57 14 58 32 63 55 52 74 25 12 49 25 93 80 32 44 9 56 13 79 98 79 2 57 49 35 59 92 11 84 34 68 51 44 53 66 0 5 92 25 69 42 2 63 22 35 59 83 43 25 62 42 4 17 51 53 52 62 97 64 99 31 84 50 76 37 68 28 94 60 5 64 54 8 27 77 95 38 12 38 63 75 32 20 92 35 25 44 98 23 60 97 6 97 99 34 86 19 62 81 79 20 45 34 28 24 63 23 62 27 13 26 54 98 46 46 33 71 43 83 46 55 32 53 52 31 39 39 50 2 72 82 22 17 68 2 93 83 77 55 10 90 33 65 40 31 63 26 55 58 9 1 14 42 6 18 25 46 9 76 0 81 10 74 98 78 76 43 61 53 99 23 95 84 88 88 16 52 14 71 10 75 24 76 17 83 95 95 29 4 23 81 86 33 55 36 11 83 80 24 88 31 47 83 15 36 23 31 40 37 54 2 13 79 79 82 62 26 77 43 30 0 76 68 85 31 57 96 66 89 72 54 20 20 89 35 8 13 19 48 2 73 2 15 4 81 50 18 59 79 13 42 32 89 10 17 72 19 66 38 8 38 92 28 10 34 16 18 47 87 18 49 12 21 17 17 54 19 87 14 50 1 56 82 42 18 52 15 38 18 53 98 8 98 27 
19 84 95 37 31 82 8 32 94 29 1 63 35 72 51 49 23 4 57 5 46 28 57 13 18 27 19 16 36 69 95 55 53 90 44 36 24 52 20 19 81 22 34 69 94 37 18 17 93 28 75 92 56 84 5 26 12 24 42 48 45 90 55 98 32 99 34 57 52 55 28 85 29 62 54 75 52 25 45 45 5 20 37 13 56 43 39 68 19 33 68 17 23 75 15 56 75 2 13 79 9 93 64 90 55 71 65 59 96 62 5 1 82 42 14 91 37 5 11 9 38 80 26 62 7 93 18 82 47 83 13 56 76 30 98 83 1 64 43 49 26 0 2 61 94 68 4 84 73 15 93 11 47 71 25 55 16 95 37 64 78 3 72 6 33 71 42 34 87 85 35 65 37 89 78 31 57 82 15 82 98 60 45 45 31 71 52 48 18 42 64 97 45 36 55 78 7 97 64 46 34 51 12 71 40 42 55 97 25 70 79 75 31 76 72 14 47 25 14 66 67 78 15 12 67 22 42 26 72 6 73 6 57 37 30 49 79 85 46 4 7 77 31 90 53 4 57 53 29 71 71 48 2 38 60 69 12 54 95 84 12 68 91 69 5 73 70 37 10 16 41 17 45 73 60 50 29 17 55 10 40 78 58 42 68 70 11 81 24 59 65 36 79 8 57 85 81 27 74 91 95 15 61 92 40 73 94 21 42 50 31 82 80 89 25 49 59 88 30 35 47 95 23 27 4 80 64 37 59 38 81 6 5 94 98 98 67 93 19 9 95 51 43 75 92 68 76 4 9 6 39 8 54 15 87 10 95 51 47 55 41 80 61 99 74 12 97 93 57 68 54 52 71 98 79 16 18 8 20 79 14 11 88 20 26 75 30 74 79 30 81 20 62 94 71 37 6 20 82 63 
89 37 67 12 87 99 28 57 7 48 37 73 12 25 94 90 52 76 64 31 58 45 4 21 40 75 10 98 96 92 14 37 81 81 49 68 32 78 26 39 78 15 65 42 40 59 33 44 87 97 76 46 95 80 19 35 7 29 85 3 21 99 92 3 33 42 23 65 72 1 57 2 16 22 45 8 33 78 53 20 27 81 18 22 13 37 9 20 66 95 76 40 46 68 43 79 62 18 45 34 72 2 37 88 24 82 49 9 12 54 29 39 35 0 14 48 37 75 20 56 22 96 96 69 17 91 0 79 9 45 66 33 99 3 74 75 37 23 84 49 29 66 40 64 66 6 64 3 82 36 11 4 85 7 25 2 50 26 33 60 23 99 45 23 54 19 50 91 94 35 92 23 53 85 39 19 91 55 74 25 92 86 30 77 45 7 31 96 33 64 8 57 64 53 32 70 73 82 62 67 69 6 43 22 91 82 93 35 38 68 60 30 6 42 59 51 50 90 99 35 54 7 92 70 13 76 41 86 11 55 5 80 61 48 55 5 83 48 40 21 68 0 3 26 95 62 30 45 4 29 80 10 89 25 33 2 1 74 88 12 81 45 45 94 46 52 99 29 52 39 50 21 92 5 99 87 67 29 84 23 11 64 33 0 41 66 2 43 92 42 7 25 39 52 20 85 4 19 14 57 11 16 30 55 21 29 94 40 11 78 63 22 94 97 74 36 15 76 79 60 70 86 85 9 91 5 95 47 77 61 4 88 78 86 95 51 68 89 92 79 67 7 53 61 56 79 97 72 55 28 32 77 67 17 86 58 75 33 5 52 95 62 92 25 48 87 76 68 76 20 47 95 28 52 8 84 31 6 56 38 86 40 15 53 10 54 11 85 87 69 89 34 83 81 59 31 68 36 52 96 
56 51 43 84 4 51 21 87 57 29 26 96 70 93 49 32 47 13 17 87 82 58 21 17 39 81 0 59 69 52 55 25 4 50 62 8 1 35 47 11 64 25 7 86 19 56 18 18 69 87 5 3 45 79 20 84 60 73 95 29 25 2 6 29 52 20 89 54 55 37 65 72 62 72 58 33 80 77 52 2 64 9 57 62 88 30 98 0 3 94 81 28 96 40 10 49 12 99 55 20 88 20 92 51 44 50 36 24 79 40 78 44 50 36 58 90 66 56 43 69 2 24 97 99 16 7 0 29 59 55 49 47 27 41 50 71 43 87 47 23 79 78 19 29 14 77 72 80 85 15 1 88 91 98 87 8 58 39 89 69 94 38 16 73 31 19 96 26 6 95 49 37 73 20 67 87 49 91 19 35 58 20 23 1 71 62 9 29 53 50 50 99 40 18 72 71 37 68 50 95 63 99 33 89 72 52 76 21 43 96 56 53 16 31 54 87 45 16 68 98 66 70 97 7 89 21 30 26 89 32 22 5 84 7 94 56 59 22 77 54 70 86 7 87 69 13 26 15 81 47 65 48 17 15 7 58 36 89 85 78 22 59 35 58 66 29 14 77 3 91 31 74 29 90 13 99 55 91 66 37 90 31 37 8 46 96 66 35 37 3 13 11 14 48 69 80 29 83 9 32 27 92 58 56 82 71 7 90 15 73 27 5 57 64 65 3 12 84 90 49 87 3 61 2 3 30 34 32 14 44 17 93 36 27 1 71 51 9 61 66 34 40 71 91 56 37 47 68 21 37 17 60 41 78 62 96 9 49 81 75 45 98 68 33 25 69 56 28 30 17 94 65 9 18 56 65 55 3 33 28 93 51 40 86 81 55 82 42 4 63 17 1 13 37 34 91 59 91 19 89 
60 14 54 70 84 63 35 91 18 69 19 11 72 59 97 53 14 32 96 70 95 65 71 61 3 6 52 14 49 71 3 9 37 10 79 21 73 67 12 43 88 83 55 60 95 4 65 61 88 13 32 84 31 55 45 34 13 49 0 62 20 3 72 10 13 3 31 38 22 96 82 10 79 89 22 74 45 40 36 34 53 20 70 84 75 67 70 89 16 70 51 88 26 75 98 91 79 82 82 1 78 16 64 57 5 86 32 2 78 20 36 32 40 58 68 15 25 39 4 93 61 8 82 87 83 32 79 14 14 61 68 92 77 32 50 34 70 34 88 49 6 25 33 46 35 1 13 13 92 70 6 54 78 40 93 61 73 24 28 87 37 96 80 66 28 82 0 50 68 89 51 74 66 84 72 53 86 85 66 30 55 25 84 85 65 30 99 38 54 27 78 92 23 10 58 3 92 11 53 12 52 5 38 70 41 10 23 27 47 90 10 55 67 94 40 32 76 39 23 31 66 1 75 89 11 85 44 55 48 98 67 0 55 5 70 96 67 46 76 14 88 86 69 55 32 62 87 9 1 10 92 20 63 19 61 74 4 6 29 53 4 48 5 11 53 28 59 72 74 35 87 14 73 8 69 6 22 8 67 24 71 11 96 34 30 57 9 86 63 90 91 19 39 97 82 44 25 42 17 51 29 56 65 3 16 86 9 39 94 28 15 65 39 11 0 69 68 61 55 84 51 47 55 42 96 38 87 73 80 56 24 9 64 41 64 80 27 25 19 73 53 34 39 92 97 91 13 18 52 21 2 55 20 9 98 16 47 37 89 79 45 65 41 9 58 5 41 85 31 61 10 36 47 1 29 97 92 94 15 96 15 69 4 35 78 54 3 26 43 44 57 88 9 98 49 67 56 90 4 87 
3 67 75 3 68 4 0 61 51 15 9 18 84 13 54 14 19 9 92 62 54 50 50 15 48 51 35 56 42 91 43 45 58 71 48 27 75 0 40 78 15 49 97 51 15 3 66 86 12 58 49 66 60 51 82 61 3 17 17 45 8 13 42 67 84 43 46 11 43 86 90 59 87 87 62 54 90 80 41 54 91 42 21 51 45 55 12 48 24 82 45 84 95 88 3 79 83 49 90 26 87 32 37 75 71 0 81 61 32 74 68 75 16 41 27 62 96 91 62 20 25 8 56 20 48 60 99 31 9 42 9 97 74 47 24 46 47 5 59 31 80 79 7 48 20 86 62 16 29 77 88 55 37 45 75 85 5 27 68 66 21 77 63 47 76 87 45 75 45 57 7 77 36 14 77 57 0 40 25 81 17 66 36 6 63 12 43 20 91 11 86 12 40 2 11 69 41 57 44 86 14 51 15 2 17 93 59 69 85 37 51 54 55 87 60 18 51 3 90 42 66 28 6 58 30 18 27 72 75 72 10 41 75 26 43 93 71 55 62 56 44 13 10 99 53 22 69 4 25 59 99 43 87 5 1 70 75 81 42 50 53 4 43 80 82 87 73 53 94 88 61 38 53 23 37 6 45 6 63 22 17 62 65 4 67 67 74 43 48 68 45 53 25 89 33 7 28 59 13 74 47 74 12 52 98 1 59 95 59 74 18 76 36 35 32 55 54 59 50 54 79 96 7 4 37 93 64 17 4 77 91 3 3 3 55 53 4 66 49 63 40 19 91 76 54 23 32 9 34 82 63 14 30 23 70 19 68 34 36 72 11 79 75 15 34 30 68 38 49 69 53 89 88 96 18 95 72 50 4 6 84 19 20 67 94 91 86 62 77 75 34 89 54 61 56 89 44 76 79 93 
46 85 82 86 33 0 81 5 2 37 12 39 9 84 6 3 27 44 66 5 71 52 46 26 14 2 67 10 30 98 3 28 35 85 15 69 38 48 74 92 38 38 31 47 23 89 2 50 86 20 7 57 73 53 35 39 7 54 49 38 53 52 66 40 89 33 9 79 82 36 72 72 74 55 71 49 45 73 0 83 94 59 40 19 13 76 58 20 30 59 58 35 63 77 76 4 10 37 84 44 73 8 16 0 15 87 49 12 13 1 95 7 61 36 78 74 12 88 46 94 47 57 30 62 34 6 66 44 95 2 89 69 62 57 69 78 45 70 90 58 72 86 17 33 74 95 59 38 35 57 32 82 14 62 96 48 20 62 45 16 17 34 37 31 91 58 9 88 28 52 98 52 90 67 37 64 14 96 2 49 54 86 83 20 1 79 21 21 94 66 89 63 52 78 94 95 36 4 36 17 8 34 69 98 54 7 14 68 55 68 70 61 54 53 82 55 85 55 29 79 21 70 42 25 49 36 20 85 92 56 54 0 43 24 50 97 83 16 17 90 36 87 52 91 41 86 98 26 41 79 57 14 50 51 39 99 39 11 36 32 68 91 84 63 67 87 12 50 3 29 40 40 17 44 83 10 82 33 88 23 13 97 89 15 48 28 14 87 40 50 19 60 93 56 75 60 43 87 62 98 16 3 90 85 99 25 47 82 59 35 57 24 32 47 91 32 27 5 20 19 7 91 31 53 99 6 13 42 93 76 93 62 31 35 99 82 61 99 64 72 34 22 48 19 21 39 3 48 96 23 68 55 67 99 8 66 58 22 61 3 50 6 65 33 41 17 15 2 16 80 26 2 54 74 73 75 65 77 75 13 52 43 69 19 95 77 38 53 51 99 56 53 5 74 86 46 43 2 1 59 
34 79 13 40 6 39 15 71 16 42 85 20 86 6 40 33 35 30 86 87 29 42 92 34 68 31 32 11 33 85 22 19 65 36 59 71 75 26 42 43 68 79 63 6 85 55 39 21 85 77 60 66 20 4 0 40 35 85 52 20 70 74 39 35 62 50 58 37 76 53 32 97 32 96 3 70 3 43 91 41 20 3 7 92 7 60 85 43 97 37 63 67 11 55 55 26 5 13 63 34 66 96 31 51 44 34 21 99 29 64 40 2 67 0 46 26 12 31 69 9 20 85 76 84 40 83 10 97 49 73 31 67 21 14 18 17 1 91 69 30 7 61 84 74 61 83 1 73 14 22 82 35 7 11 19 99 94 29 49 43 54 32 11 28 47 81 97 48 73 66 30 80 80 15 7 41 98 60 67 64 34 1 99 94 12 70 45 59 51 94 54 6 27 17 86 74 99 35 74 24 2 4 56 82 71 15 75 69 27 94 34 62 96 85 8 60 8 53 71 59 48 26 17 27 95 55 53 46 91 27 70 45 83 79 27 55 46 54 24 74 49 10 88 45 48 96 57 8 1 29 67 1 7 37 28 2 92 81 49 35 60 71 80 44 2 7 51 49 14 27 75 63 90 15 60 38 63 17 98 64 98 65 66 5 54 46 60 99 80 61 34 92 84 15 36 87 74 87 88 40 67 15 3 57 30 15 95 45 85 93 61 83 10 79 41 17 26 53 16 58 14 2 50 98 69 39 37 96 78 25 36 45 92 40 2 74 7 49 19 92 42 81 28 5 12 69 74 38 74 90 96 88 44 47 38 14 38 76 10 16 53 46 62 46 38 64 20 98 14 92 90 8 25 18 65 37 39 39 76 13 81 24 53 26 23 44 92 61 72 2 78 77 0 92 23 91 56 96 89 22 
88 31 31 65 50 48 2 41 88 30 7 69 55 12 47 30 56 39 44 80 93 74 58 46 66 33 37 74 29 78 97 69 9 80 34 11 28 37 53 16 19 12 38 26 24 37 57 33 77 1 13 22 75 71 68 93 5 57 67 86 35 16 56 45 96 42 8 25 31 61 93 51 73 83 77 50 21 86 83 50 87 96 72 14 20 93 59 77 50 27 63 38 43 71 83 92 14 91 17 97 5 62 48 30 98 26 80 19 12 63 21 52 12 45 18 84 38 78 61 41 57 76 79 52 0 62 44 66 5 13 63 62 28 12 93 26 90 25 97 54 41 18 58 53 15 77 89 54 7 50 95 16 78 74 68 78 88 65 96 45 78 60 8 58 72 53 84 14 78 33 68 71 3 79 24 19 8 65 73 15 15 20 83 46 94 3 76 34 68 73 79 99 33 39 57 57 44 94 23 75 79 43 46 83 22 23 2 30 88 27 97 56 47 80 2 93 84 30 27 4 3 58 3 88 98 13 97 42 59 20 17 38 16 16 21 90 39 75 21 27 2 70 83 1 3 37 94 39 68 73 43 23 32 99 64 82 64 61 24 23 34 94 13 2 10 87 92 1 62 65 28 17 36 64 18 39 1 65 30 21 38 73 97 22 24 61 4 88 74 81 63 8 75 29 62 37 16 55 90 30 20 18 47 56 34 18 47 88 35 77 61 25 3 58 48 27 19 52 68 94 33 83 54 60 12 17 49 80 72 39 11 44 10 10 1 44 28 0 84 15 78 46 41 33 4 89 60 24 93 80 70 27 64 76 39 28 93 89 9 17 28 20 62 90 82 15 87 11 15 71 78 45 17 19 78 74 8 91 50 54 23 20 81 39 96 72 68 42 61 29 11 42 1 73 84 83 40 71 46 8 
43 25 5 12 44 84 86 5 27 88 59 50 60 92 90 57 64 10 51 78 39 62 72 92 88 56 75 28 28 22 36 23 47 42 87 43 78 26 48 57 14 59 7 75 3 49 84 68 11 35 98 2 49 70 94 37 26 70 66 6 44 54 81 43 48 69 86 26 95 87 83 9 46 43 36 50 44 20 70 8 7 20 10 57 90 5 46 68 27 64 75 71 19 8 14 67 77 52 46 72 39 81 34 38 76 22 40 73 43 62 81 2 82 91 11 72 48 58 92 75 22 19 98 93 28 12 61 5 65 59 30 56 40 16 94 69 38 86 42 33 48 23 36 30 66 47 54 15 57 99 42 80 18 41 73 46 53 86 4 70 45 86 27 38 2 73 7 40 12 49 74 60 24 62 43 90 9 49 5 67 48 48 99 19 89 72 17 94 11 21 17 8 59 96 46 61 21 53 54 33 54 28 94 78 42 89 21 51 90 26 70 39 26 69 58 67 94 27 14 5 49 31 13 8 27 12 22 48 17 76 82 72 56 28 2 98 69 23 1 59 2 72 50 80 93 60 48 39 88 62 44 89 45 10 49 72 22 71 72 39 99 6 63 55 86 18 5 55 93 59 15 95 83 65 76 76 78 76 16 66 90 12 55 35 74 4 7 48 76 31 88 27 38 3 35 24 73 40 80 67 51 47 14 34 64 42 63 42 18 31 8 60 43 15 95 18 20 54 66 48 86 6 75 76 62 10 52 87 3 84 54 54 31 21 41 48 63 4 90 34 35 51 94 30 66 42 0 38 96 19 38 34 25 14 10 39 76 63 27 31 47 33 38 31 54 79 79 70 83 21 56 70 24 2 0 43 44 1 81 41 20 20 75 97 86 86 89 14 1 16 46 48 1 84 79 8 15 10 30 98 
84 86 68 8 88 20 51 33 21 85 74 41 57 1 91 95 87 80 9 40 48 7 89 49 43 20 9 58 83 39 8 67 25 28 75 66 49 79 99 22 16 25 16 25 26 7 20 66 87 81 58 35 41 47 36 84 20 46 95 3 85 3 22 63 32 49 29 33 28 80 55 96 57 71 21 35 78 93 53 17 27 12 52 68 11 89 4 31 35 99 86 72 3 60 35 87 10 16 20 90 96 27 87 5 99 60 41 29 6 46 47 33 58 51 53 70 40 57 53 27 57 92 0 12 52 87 99 14 4 71 5 52 98 92 58 49 4 51 79 10 97 78 43 8 29 48 30 22 6 35 49 63 79 1 27 32 89 26 98 45 97 3 97 47 47 7 97 52 10 76 14 60 6 10 20 35 58 50 57 64 85 59 79 65 60 6 49 49 32 47 46 81 3 44 29 50 3 78 54 66 6 69 78 12 79 98 47 37 48 57 54 85 16 33 2 76 40 3 78 24 3 24 58 6 20 39 8 76 17 63 42 23 84 20 35 15 18 34 4 18 91 58 3 7 44 58 84 36 61 14 12 64 38 70 22 11 9 31 87 78 46 81 1 30 53 88 97 23 23 1 41 14 12 96 74 56 6 10 92 68 24 4 84 14 27 7 25 88 38 64 67 36 97 20 66 2 9 15 25 32 16 18 98 28 67 72 36 73 82 80 41 58 37 26 73 64 85 50 52 23 67 71 59 16 92 77 19 1 92 44 85 60 15 83 41 82 56 77 7 90 58 49 49 95 27 22 11 12 24 63 87 91 87 98 8 79 75 79 32 19 23 17 31 90 0 72 24 8 50 32 99 60 33 0 55 12 74 66 24 98 81 63 42 20 61 2 99 88 81 31 59 56 0 90 47 53 15 71 61 65 
55 12 25 88 12 32 0 38 50 76 37 83 91 79 4 4 33 3 44 14 87 3 22 39 46 69 92 61 93 6 78 0 18 55 89 83 87 41 21 89 70 10 72 61 41 28 66 74 84 10 40 71 66 63 62 64 32 55 25 77 13 3 78 31 10 19 66 49 12 40 38 82 2 62 96 44 91 14 18 75 76 59 98 42 74 60 6 58 67 83 36 80 38 66 64 48 37 82 97 49 22 87 32 25 50 28 21 93 42 39 68 70 50 66 13 76 78 71 35 46 7 71 26 45 89 42 46 26 25 43 75 47 83 59 24 33 87 45 78 81 37 46 52 39 64 17 16 42 40 51 88 47 74 67 93 15 9 39 41 34 34 68 34 17 28 10 2 67 8 80 49 45 78 53 36 42 22 4 85 62 55 25 10 81 44 55 96 54 46 89 40 80 58 26 50 86 89 4 53 97 37 54 94 15 59 30 10 81 35 95 44 42 72 6 76 17 61 24 23 7 14 15 39 72 42 89 10 31 46 63 80 83 70 74 50 29 56 60 11 43 7 7 86 80 13 14 97 74 38 72 33 4 87 72 76 81 14 38 64 60 2 44 43 24 18 93 53 27 54 16 70 61 23 8 93 88 22 42 62 13 14 47 17 54 20 46 35 34 84 52 46 38 96 89 62 67 34 68 94 40 84 16 54 60 25 47 48 99 42 11 12 56 10 30 62 82 28 50 16 12 2 14 3 98 3 65 17 90 85 11 82 70 80 36 30 5 36 78 4 78 41 17 86 52 99 49 34 27 99 3 91 1 69 94 51 25 12 69 15 97 32 97 67 12 34 49 17 22 28 74 0 21 91 38 25 42 87 12 21 38 67 12 91 36 59 43 61 71 64 76 68 48 26 88 61 12 37 30 34 17 
4 86 39 47 24 64 41 64 28 62 54 95 27 46 32 86 41 45 57 57 22 25 5 0 13 66 12 3 49 98 20 5 84 11 53 60 28 46 76 56 9 31 52 88 29 36 74 70 81 31 27 55 8 32 55 74 51 19 29 0 17 49 5 53 61 10 14 41 9 90 97 70 73 1 58 2 89 32 24 71 15 3 78 75 88 86 1 39 5 30 91 75 80 48 28 93 11 94 34 20 37 83 90 10 85 48 65 74 32 41 97 99 45 28 74 33 14 76 24 71 6 67 98 38 67 79 31 78 73 17 50 10 1 92 73 38 92 38 12 24 79 62 23 76 90 50 61 56 26 85 79 84 4 78 23 72 57 6 2 82 76 5 93 77 97 18 15 90 8 79 66 39 93 42 16 35 92 29 91 18 67 23 54 71 1 77 95 10 36 50 92 12 55 37 41 4 55 8 94 15 39 13 55 33 55 23 68 47 52 12 17 71 35 23 43 88 53 90 98 89 40 42 53 47 80 94 52 87 2 98 55 41 11 62 26 18 85 47 17 89 11 86 13 98 10 56 86 63 98 36 4 39 30 57 38 62 51 90 50 5 89 5 98 52 19 25 23 4 72 40 45 35 27 58 33 89 66 71 4 17 7 8 8 37 65 46 0 16 37 2 21 78 59 19 82 78 96 5 34 20 98 31 55 77 42 88 66 60 59 70 77 18 78 85 8 95 32 60 11 21 14 84 51 25 55 33 55 4 91 89 24 89 72 32 66 14 72 84 75 84 6 4 54 84 90 62 79 22 74 42 95 88 78 46 65 85 79 20 89 22 9 66 11 34 50 29 0 22 13 27 58 19 32 13 55 22 27 86 96 54 80 43 94 10 89 60 96 20 80 37 43 42 55 6 76 5 36 76 80 1 
4 38 73 88 3 80 62 83 67 58 37 99 1 31 10 42 91 58 62 24 95 57 18 51 64 46 8 52 22 88 53 78 79 78 18 34 59 80 17 78 90 54 77 91 38 39 85 81 97 48 5 93 57 23 96 21 69 4 73 44 45 79 74 76 9 93 10 68 25 28 98 16 82 76 7 72 15 45 54 13 45 59 58 2 35 6 24 56 62 49 52 7 80 79 83 90 72 94 10 49 74 9 65 56 37 25 29 52 70 35 17 15 94 27 17 81 33 93 90 96 95 42 55 75 73 39 17 97 85 28 47 59 37 12 67 74 37 48 78 7 83 48 22 30 27 92 63 13 37 53 9 32 48 16 60 21 7 77 19 92 5 66 3 94 78 23 20 68 71 51 75 7 99 50 37 26 94 52 39 31 58 0 16 6 69 76 79 76 53 50 21 11 16 24 57 47 99 78 67 71 29 42 30 80 44 19 58 38 71 50 22 29 50 38 87 19 14 67 48 19 17 69 82 86 45 40 85 45 18 52 68 99 46 98 79 91 17 37 81 88 87 3 70 90 41 57 61 7 24 9 27 94 78 9 32 24 49 69 21 19 21 89 18 67 87 97 10 56 87 92 44 74 95 66 64 89 24 78 96 0 87 75 46 66 37 78 42 38 47 63 58 20 52 28 40 91 78 2 47 65 94 43 91 42 10 8 31 86 86 79 38 73 55 85 91 44 15 33 82 15 48 40 35 0 21 27 91 99 30 90 16 24 34 7 18 96 15 1 82 1 81 20 27 88 57 18 32 73 4 66 40 52 59 75 5 80 55 48 79 85 39 95 61 73 54 80 21 70 81 3 23 14 75 2 54 33 21 86 58 77 53 98 29 12 25 34 44 80 35 23 65 74 70 79 99 76 59 20 46 92 
75 22 59 50 24 13 35 97 52 93 26 57 91 56 21 69 42 65 49 77 40 67 3 62 46 2 38 57 74 37 49 49 59 60 0 35 74 87 85 78 81 11 35 24 19 56 93 14 73 95 43 65 62 47 27 8 1 65 65 76 54 66 25 65 27 77 1 53 65 38 31 98 1 66 74 73 74 20 87 47 15 82 12 77 29 91 37 83 8 2 59 63 68 36 28 47 14 81 0 31 19 31 81 73 49 55 46 23 75 85 22 42 67 86 71 49 77 8 32 86 10 91 49 31 27 29 30 93 11 31 76 82 14 57 55 64 65 1 87 92 38 62 35 58 48 6 7 26 67 91 64 29 34 65 60 13 94 43 7 57 26 35 40 40 93 95 4 10 49 44 2 87 6 89 97 54 48 4 32 15 47 48 44 81 65 57 95 60 0 54 69 26 89 9 66 34 5 23 44 6 19 99 45 25 88 43 31 36 99 16 51 47 16 96 28 82 5 23 42 5 29 11 83 19 73 49 5 30 24 2 36 43 1 81 20 41 76 52 30 76 20 33 23 36 81 51 18 86 27 12 91 56 76 74 27 49 76 85 79 52 87 15 96 40 48 16 81 25 20 11 53 92 45 76 81 26 79 99 13 58 64 56 67 40 83 94 89 59 31 20 11 18 87 59 58 87 28 40 12 0 3 17 93 0 93 26 79 25 25 44 83 89 0 50 29 35 97 70 94 28 42 58 47 29 69 57 17 97 49 81 50 5 99 95 5 44 21 84 69 46 80 5 88 33 7 69 68 4 92 15 85 34 73 84 64 94 41 33 44 91 14 94 96 13 89 53 10 10 90 79 8 70 36 48 3 44 18 72 48 62 87 33 96 12 17 12 6 11 45 50 54 60 96 2 25 85 55 35 47 45 
67 8 68 55 8 71 99 26 95 0 40 34 85 37 46 55 1 5 66 47 7 20 59 4 74 36 89 29 24 89 27 91 49 47 98 57 70 98 36 66 98 76 0 83 65 99 38 67 4 56 66 11 28 77 15 2 13 57 84 37 98 63 80 47 10 79 56 32 29 92 98 27 21 51 62 86 50 53 5 6 61 23 17 90 0 85 44 66 94 28 55 44 43 88 43 5 19 99 38 48 92 88 27 13 39 41 51 89 94 57 47 56 80 65 98 33 2 42 99 48 23 6 92 66 94 35 24 13 86 62 13 30 50 40 95 90 82 47 31 28 56 79 36 88 96 34 21 50 77 72 98 52 31 42 18 25 29 42 91 15 56 4 98 7 45 93 49 79 40 80 7 96 11 96 37 59 30 10 9 59 83 59 11 14 1 30 91 82 24 82 50 81 87 48 40 84 41 89 15 34 21 74 82 85 70 19 44 1 30 54 60 65 65 72 31 67 54 74 1 30 57 51 63 96 51 3 32 45 44 47 79 66 21 13 51 44 33 47 45 15 53 57 32 19 81 15 38 87 89 39 18 98 43 81 94 94 37 78 91 81 25 70 99 99 84 2 43 69 50 40 36 3 49 68 22 31 35 12 70 24 52 88 23 95 22 69 41 11 48 85 44 25 55 44 24 91 98 19 12 0 11 0 4 13 20 78 44 55 91 66 80 95 55 3 42 29 24 35 92 72 20 36 98 28 32 74 19 31 46 84 31 9 84 87 22 5 18 18 60 61 85 92 56 92 47 50 73 72 85 65 44 6 1 94 34 34 21 5 17 19 41 48 28 78 88 51 83 6 21 95 67 6 88 75 98 87 25 71 59 10 36 56 68 90 2 54 76 23 60 45 42 53 45 23 31 33 74 14 91 47 
62 10 54 2 85 52 89 62 76 49 25 64 57 93 6 59 0 82 35 60 27 77 13 73 0 45 58 26 11 50 26 25 12 80 27 98 84 69 12 60 70 37 77 27 83 83 86 83 66 73 95 45 51 60 70 3 57 81 82 21 83 8 46 95 40 74 45 24 43 58 37 13 47 14 92 82 97 30 17 15 4 12 61 7 25 83 62 82 64 44 3 47 4 50 43 44 76 88 21 71 98 58 36 46 72 28 28 21 10 98 37 14 10 98 21 87 33 84 70 98 80 25 97 37 27 92 33 55 81 6 26 31 64 62 77 88 42 58 10 53 56 47 19 18 97 41 58 82 77 28 80 9 5 30 98 85 22 84 40 55 90 19 87 55 33 16 95 76 26 5 81 34 4 0 53 53 93 11 36 22 91 68 84 48 98 82 33 73 66 26 80 57 45 67 64 30 36 11 58 62 69 39 97 73 92 2 79 37 65 15 60 8 35 44 56 86 78 42 59 97 20 91 6 65 11 22 47 47 33 6 61 2 45 10 28 89 12 59 27 29 74 39 37 61 83 46 47 13 40 58 10 60 50 16 77 61 38 24 60 24 30 21 26 28 32 6 17 96 65 96 78 91 35 15 53 70 13 0 84 53 11 94 13 61 63 90 74 53 15 34 77 45 55 56 25 39 62 95 88 28 91 66 71 27 81 24 97 47 77 33 0 40 80 14 1 43 4 75 96 71 61 26 69 16 82 94 8 44 89 96 24 81 62 96 60 95 72 9 42 1 43 43 41 75 9 94 18 13 21 66 37 82 44 6 51 26 0 59 23 42 7 47 75 69 95 35 16 20 44 11 21 39 6 15 14 15 9 84 80 31 3 69 13 47 75 64 74 28 75 97 70 82 96 45 51 92 80 20 64 76 
83 85 68 41 0 34 8 62 19 40 93 74 10 58 21 85 23 47 13 98 96 83 81 93 28 84 37 60 56 1 89 91 38 9 32 91 43 40 53 14 81 98 88 91 56 62 76 31 9 42 82 58 77 15 51 58 51 88 18 8 41 59 99 79 68 32 22 12 24 75 78 5 73 67 48 82 81 25 13 42 19 95 0 96 10 51 54 62 91 25 22 84 84 73 16 53 57 38 17 82 14 95 39 39 14 88 21 95 65 87 38 84 82 38 80 45 42 35 59 85 12 81 70 96 54 38 1 12 76 18 46 90 66 85 82 80 73 55 28 38 42 66 22 77 56 55 22 50 42 81 36 54 14 58 2 20 96 4 84 24 74 30 67 40 68 49 73 41 4 1 32 47 67 6 24 75 61 98 26 55 31 14 9 45 24 64 17 72 68 2 96 42 84 63 35 52 64 8 46 69 9 78 68 28 36 44 55 98 42 33 5 25 47 67 22 23 31 39 47 99 41 44 93 78 59 28 30 24 88 28 45 97 6 65 77 43 9 33 93 3 66 98 28 66 17 50 41 48 41 89 99 83 85 93 13 44 73 43 20 62 72 17 11 30 82 41 25 43 26 70 46 44 21 26 10 38 28 4 87 70 93 86 5 78 31 18 74 5 61 95 19 85 12 82 68 47 23 93 90 49 64 37 94 37 15 56 75 44 60 62 14 5 1 19 83 32 89 58 89 2 5 60 88 69 43 8 16 18 1 7 68 17 96 14 54 11 22 82 55 35 96 21 40 97 92 76 82 81 86 23 84 91 84 24 60 79 32 29 97 85 36 65 55 84 31 9 95 54 43 3 41 40 76 81 89 69 57 71 2 43 47 38 86 83 62 99 62 46 28 59 32 16 77 87 0 8 48 47 14 92 
50 55 84 27 89 73 48 46 97 2 42 44 41 28 27 55 27 41 2 7 0 86 23 77 73 75 38 73 23 52 17 25 60 53 4 49 27 52 47 76 7 89 72 48 70 51 3 49 92 5 57 92 43 80 22 16 56 60 42 31 64 11 56 76 65 61 25 92 65 25 20 72 66 92 72 36 43 76 86 35 33 43 27 77 75 49 45 83 61 39 14 26 51 71 2 16 84 80 60 49 5 80 74 71 72 46 60 15 74 98 2 8 93 29 37 20 31 82 4 92 74 18 18 25 41 73 93 77 53 53 79 10 85 53 33 9 51 93 76 26 43 78 34 36 59 71 57 42 5 13 35 31 83 5 56 25 78 49 2 83 54 33 93 91 86 27 0 38 72 76 64 16 6 50 4 66 73 13 8 30 26 95 62 10 53 18 87 31 20 41 67 26 75 60 18 61 39 70 51 12 99 67 80 5 17 36 23 90 50 84 73 76 79 35 38 32 5 25 16 77 67 35 4 42 47 74 55 87 44 59 51 95 26 83 53 44 19 76 86 69 60 59 98 92 94 88 76 52 14 44 29 33 79 85 27 27 59 82 66 56 41 17 51 20 0 4 64 71 33 50 41 45 62 91 89 8 79 66 60 45 62 90 78 94 75 5 73 87 40 39 43 33 8 46 53 60 3 69 31 88 72 72 33 34 15 23 42 95 41 3 92 3 45 71 49 72 28 22 59 20 61 54 6 21 1 59 81 56 81 13 44 53 37 77 87 53 52 81 0 93 36 92 49 81 15 98 54 96 73 65 16 34 20 22 56 73 34 37 29 67 2 73 20 40 2 59 45 7 40 97 52 77 41 53 10 57 52 16 5 25 82 21 11 2 96 19 75 82 9 56 49 11 81 21 3 83 80 0 42 72 
97 95 1 39 48 12 48 52 28 5 29 10 78 93 64 74 12 91 8 21 47 9 85 28 30 40 12 62 41 6 35 38 1 36 29 2 0 29 54 81 34 84 43 13 77 8 39 41 99 48 15 47 9 0 75 40 40 39 2 81 98 89 72 99 78 53 1 78 83 8 59 69 44 3 34 73 63 74 14 14 74 29 13 83 81 89 75 74 80 78 55 78 19 79 30 97 33 83 76 68 91 87 37 87 42 24 60 5 98 75 20 24 56 33 7 90 74 83 64 7 13 71 37 32 51 19 30 36 3 58 56 46 45 45 34 88 69 46 45 67 73 65 91 30 51 51 20 77 86 84 36 99 7 74 31 58 45 13 46 0 71 2 47 69 48 33 57 17 79 2 37 53 20 80 35 23 31 7 52 17 43 89 68 50 15 52 9 60 65 7 13 89 10 60 58 10 45 67 27 24 21 16 29 93 97 64 16 80 71 21 98 14 10 18 65 77 70 26 89 88 85 2 77 95 62 35 57 59 54 37 84 75 53 65 69 2 30 37 83 53 58 33 20 68 51 37 97 22 63 87 10 48 89 39 96 4 26 53 63 80 42 47 55 96 13 76 98 95 14 81 0 72 14 20 93 18 57 90 92 72 77 2 73 19 93 69 23 19 74 86 99 17 86 6 65 51 35 63 46 1 97 46 73 63 19 18 81 76 61 73 49 90 27 22 9 20 43 32 91 69 71 42 38 57 49 55 8 36 71 6 37 68 4 62 83 23 81 17 52 94 42 1 36 70 75 46 42 70 30 34 91 53 28 82 10 77 37 70 65 8 76 2 28 81 65 12 56 98 29 8 92 71 61 80 93 36 26 88 58 9 74 50 62 2 84 25 32 21 95 97 82 72 0 10 5 17 74 61 15 55 
22 59 79 83 39 24 20 18 12 30 27 38 32 41 41 16 66 25 38 14 22 72 86 74 34 43 91 9 56 58 16 78 17 95 62 9 72 34 27 36 64 6 75 97 99 68 13 18 93 3 32 67 75 70 94 10 13 37 71 69 96 87 0 65 35 62 74 7 96 53 43 12 59 70 61 59 38 75 77 83 30 61 51 58 31 97 20 44 34 91 65 30 30 65 96 17 79 22 76 27 76 72 40 87 42 1 98 33 28 27 16 11 88 19 69 19 16 89 15 51 32 81 33 14 98 81 32 78 4 8 5 32 80 45 19 75 99 70 8 27 97 24 38 86 44 59 57 12 48 73 63 32 6 49 47 4 30 31 82 34 91 40 18 24 37 38 99 36 60 7 16 57 83 6 95 79 66 53 92 66 78 7 51 84 56 98 88 87 81 23 73 72 15 44 96 52 34 95 89 94 2 57 51 38 63 47 17 81 52 9 0 30 17 51 66 25 49 6 64 30 29 38 2 96 82 51 49 16 46 90 62 1 47 13 39 62 12 56 96 64 18 96 46 35 47 12 12 48 19 77 30 0 67 84 97 49 35 98 17 82 88 79 35 87 44 26 1 9 82 97 25 52 45 72 39 92 36 52 40 7 29 70 8 96 55 57 97 42 55 66 24 95 97 11 34 41 37 87 50 72 85 76 24 30 0 64 75 36 68 67 44 97 38 4 45 45 13 94 87 20 60 64 15 57 75 1 50 65 88 53 89 25 81 13 8 81 29 83 69 49 50 65 98 40 69 43 37 34 37 25 54 49 41 69 6 68 22 9 33 11 62 22 36 43 88 44 76 69 79 45 19 30 11 17 22 32 13 60 67 2 37 21 52 78 43 58 46 65 19 80 28 81 54 17 76 94 13 52 64 93 
50 35 75 61 52 97 45 17 9 12 20 46 86 72 24 81 82 71 98 2 3 27 35 9 96 64 4 9 16 20 54 66 55 29 79 59 79 25 77 88 89 97 35 27 21 59 8 3 82 7 57 85 86 45 95 82 9 51 91 25 71 46 44 26 27 75 85 6 52 14 95 42 11 30 69 84 41 78 88 24 37 97 61 23 42 8 5 3 59 96 81 30 94 25 8 74 0 94 80 53 8 27 47 72 9 68 56 51 46 96 27 35 46 88 58 40 97 63 44 56 12 25 39 58 2 47 32 2 93 13 7 2 40 6 26 2 75 34 53 73 31 80 9 29 20 67 69 17 83 13 26 95 38 65 53 40 12 86 95 58 51 54 12 43 61 38 45 88 72 50 13 55 30 22 84 3 42 54 20 25 67 46 20 58 63 25 98 28 11 45 86 14 0 98 58 13 88 3 53 60 54 66 68 36 41 52 39 35 58 12 60 78 10 32 36 74 9 86 2 73 84 40 87 36 90 45 49 78 1 54 38 7 72 58 43 13 11 35 48 21 47 60 99 57 44 35 83 54 74 37 79 58 77 66 94 67 64 95 45 65 1 36 72 73 94 67 87 57 2 87 79 1 0 78 59 96 66 94 2 92 32 81 2 9 48 96 29 64 43 74 81 44 62 53 69 57 72 8 66 27 96 45 28 48 76 39 44 94 34 99 86 66 80 88 75 80 36 56 96 31 31 77 27 93 30 96 2 55 5 69 82 53 66 10 1 42 50 97 88 36 48 74 2 29 14 29 61 2 86 58 33 17 35 12 62 18 9 17 73 14 38 55 19 4 17 20 99 19 69 87 55 70 14 57 99 80 87 12 83 25 22 68 94 58 81 56 28 90 25 1 56 63 8 75 20 77 47 71 97 68 
10 52 38 24 62 89 5 1 2 40 26 24 8 20 34 89 28 62 79 54 15 35 69 75 10 41 53 9 12 2 78 75 6 16 51 68 6 56 69 60 48 95 84 57 15 71 46 96 33 78 50 1 13 71 76 76 13 81 37 77 35 15 52 42 32 4 10 90 12 32 50 13 27 34 70 95 57 16 91 91 46 93 44 60 64 20 88 29 54 25 59 89 93 63 83 25 67 94 67 32 78 17 45 5 3 67 52 61 35 95 52 82 40 48 94 57 68 34 38 74 11 97 16 4 61 99 81 80 45 48 64 23 65 61 81 69 28 85 30 64 81 34 98 73 82 92 30 2 26 69 29 37 66 45 94 79 96 75 60 42 24 24 65 89 86 46 10 66 32 92 82 65 26 80 38 60 72 21 15 50 42 96 40 60 93 34 40 89 9 0 31 85 76 49 75 14 47 85 81 31 30 63 96 8 96 87 69 68 60 36 71 2 32 63 62 25 49 2 66 10 54 50 96 83 99 23 97 46 60 30 30 90 94 26 99 90 65 20 10 25 56 33 79 40 48 42 17 97 96 35 60 51 85 56 34 84 31 83 83 91 14 13 82 60 91 81 50 9 1 12 86 9 98 66 1 46 8 70 96 4 5 56 7 91 64 93 27 95 29 62 86 43 75 68 3 19 1 5 28 54 69 66 15 67 32 16 14 40 38 10 97 44 18 56 35 82 2 14 77 31 77 63 26 4 84 81 23 37 86 3 92 7 70 59 75 54 28 41 47 66 3 44 10 21 52 97 3 6 12 32 37 89 95 63 93 31 96 69 69 82 24 13 90 94 72 17 49 0 58 48 19 13 92 29 86 96 27 89 3 91 73 92 80 20 8 25 52 4 94 73 39 19 38 81 65 62 98 66 15 8 
14 34 21 58 63 7 55 42 48 10 33 73 54 65 93 62 91 97 19 85 70 58 56 60 39 22 23 89 40 38 97 55 72 70 13 87 29 20 82 77 82 15 50 37 33 95 51 24 93 70 61 15 28 70 76 19 44 99 8 84 89 57 91 61 27 5 0 56 77 82 85 12 50 87 1 35 83 52 11 28 23 72 43 3 94 19 75 38 70 83 23 59 41 14 72 20 71 25 77 1 59 62 65 9 2 66 44 85 18 55 13 93 80 8 49 74 80 24 65 50 59 88 62 52 54 86 73 78 11 2 31 71 16 96 32 18 62 29 55 80 84 20 26 16 29 75 43 9 51 8 11 10 48 73 15 54 60 88 32 23 90 15 94 6 11 27 77 73 56 32 6 92 53 32 61 34 59 4 43 62 64 54 24 64 80 39 18 92 27 3 15 69 18 10 28 30 89 5 55 97 89 61 89 42 45 2 76 56 6 71 70 22 78 95 86 58 34 57 50 14 60 65 35 30 27 63 12 68 20 68 65 10 81 7 4 79 9 81 87 16 4 58 90 82 53 77 40 39 34 42 53 46 60 89 28 87 4 41 8 25 61 73 87 94 80 91 73 42 24 13 10 29 71 0 11 24 29 4 15 15 46 69 61 6 10 42 46 14 35 54 39 96 79 26 90 12 70 16 54 94 29 64 23 52 16 35 28 46 39 43 61 37 12 75 44 22 17 42 37 52 48 28 0 27 7 42 91 77 58 97 71 39 61 47 91 30 82 19 76 73 63 89 10 27 64 6 50 33 0 39 37 48 19 37 28 78 32 71 7 90 69 31 82 82 78 73 12 12 45 88 37 8 78 99 35 94 6 37 28 58 28 17 7 0 7 87 78 39 58 86 81 27 17 63 10 95 89 74 59 86 
63 96 94 93 95 81 87 53 71 67 12 51 37 71 51 44 10 30 83 68 16 16 48 85 32 10 32 73 84 91 59 99 39 5 92 34 38 32 40 9 51 4 61 88 75 64 32 85 94 67 5 62 36 5 47 68 15 31 41 52 74 0 51 13 57 96 0 95 28 40 5 31 44 18 20 71 82 4 8 29 24 65 91 60 71 91 28 38 74 21 90 49 73 94 62 30 42 14 25 22 54 82 53 50 52 73 73 35 30 81 16 54 99 7 14 70 50 94 60 25 67 3 74 40 97 88 70 39 3 47 13 9 82 66 12 34 92 85 69 22 19 85 76 18 45 42 40 47 36 0 72 3 55 98 95 52 39 17 43 94 16 56 3 98 75 67 33 67 5 2 89 24 40 17 94 37 11 34 84 99 86 57 54 42 7 49 46 46 18 42 40 34 50 96 33 25 63 66 44 68 20 85 44 12 54 38 49 65 24 34 64 63 43 18 57 2 19 55 49 37 49 41 72 0 89 5 77 5 23 22 73 43 59 70 56 14 60 5 79 37 91 96 0 86 66 9 89 86 64 90 75 14 83 99 66 73 56 95 78 79 17 3 23 29 73 79 43 86 36 74 23 80 70 75 66 37 36 7 75 0 97 50 66 81 50 84 6 6 80 84 38 49 39 61 78 65 92 21 51 80 48 26 60 18 53 27 7 89 86 34 41 84 85 60 17 87 44 23 45 24 59 35 74 50 96 4 15 40 26 18 21 26 44 81 44 49 60 4 38 47 38 80 83 75 40 0 14 84 75 12 61 86 47 35 36 96 39 52 36 17 22 57 95 67 39 40 16 51 96 7 98 34 87 81 62 79 33 76 15 8 40 76 46 88 63 83 84 55 87 20 24 9 30 20 28 69 12 97 72 8 
4 71 94 43 4 8 22 90 85 89 98 25 66 97 65 81 80 49 36 67 22 13 28 52 33 57 73 45 54 45 5 58 68 51 1 25 60 75 15 97 64 65 74 82 62 40 64 42 41 52 61 15 65 90 67 50 99 92 47 53 38 4 11 58 56 64 83 16 91 50 65 55 16 39 90 78 31 6 73 73 58 86 88 76 28 8 78 27 0 26 80 90 30 43 49 38 59 84 6 50 35 71 58 51 11 48 81 42 54 6 67 64 45 8 92 73 68 71 53 20 97 85 11 79 29 12 18 40 96 24 43 31 96 1 34 59 1 16 53 7 74 73 23 19 33 16 93 1 87 46 21 36 31 32 67 12 44 85 5 93 62 48 24 10 1 11 21 54 79 74 61 53 47 36 73 32 52 18 33 91 16 7 79 99 39 47 64 36 84 69 81 46 69 5 56 22 68 29 76 47 4 89 1 3 25 26 36 30 96 21 21 64 28 1 63 20 48 79 56 32 48 37 31 69 94 39 91 63 69 19 62 25 8 63 28 86 41 16 16 37 38 89 1 66 42 17 86 42 96 94 75 97 83 58 18 30 97 10 45 18 81 7 43 42 23 24 28 64 40 96 54 78 37 7 97 80 24 35 22 73 30 49 22 65 7 40 95 57 2 40 75 84 48 71 26 71 95 6 87 35 2 41 66 39 49 63 19 25 50 94 50 80 43 72 46 51 13 93 60 15 34 87 99 34 58 77 5 53 83 92 41 85 86 7 77 35 22 48 12 72 42 63 5 38 35 3 41 48 96 1 64 82 88 15 16 99 93 21 52 76 66 45 14 52 52 43 39 26 91 51 51 86 66 8 24 2 11 17 2 59 18 18 42 58 34 10 57 79 84 62 55 50 7 21 54 12 64 93 38 56 
96 41 94 63 49 70 17 12 87 19 24 57 90 18 15 24 28 73 3 12 35 10 14 94 32 68 6 96 13 97 4 10 38 50 25 40 20 94 4 59 65 28 16 55 98 32 31 27 57 86 91 44 49 58 38 81 26 45 29 92 94 86 54 32 36 79 24 9 25 29 68 90 9 85 98 8 69 29 87 26 68 78 22 17 36 12 98 15 57 79 7 51 65 61 36 54 92 12 15 17 41 35 59 51 20 57 11 41 39 98 19 7 28 41 24 65 54 74 32 63 53 91 67 71 52 55 77 96 67 44 65 61 79 24 64 52 34 75 93 25 73 13 32 1 6 8 18 12 82 2 28 87 93 95 10 97 2 39 93 69 83 10 82 63 35 46 15 21 21 8 46 46 73 30 0 32 38 70 44 20 73 72 59 66 19 70 16 73 9 9 95 45 72 77 8 59 24 75 80 97 35 78 96 9 8 96 93 46 18 89 18 91 14 77 10 85 99 26 59 61 87 54 6 59 83 66 18 7 41 50 57 76 28 53 37 36 1 30 34 19 72 52 11 86 82 73 71 81 51 30 42 38 36 0 50 20 66 20 79 7 23 36 36 51 41 73 40 42 56 74 62 28 79 73 14 61 98 37 42 49 68 37 39 56 37 41 76 4 62 8 63 85 44 99 88 38 25 80 80 81 55 42 61 86 67 27 47 65 64 41 66 84 78 6 41 68 47 69 24 61 77 87 98 74 87 87 64 12 67 44 45 74 87 6 60 6 33 59 72 49 1 38 34 31 96 27 51 44 48 75 57 78 63 56 4 2 95 68 14 14 12 11 89 51 17 1 58 2 13 30 3 66 20 37 49 17 16 1 13 65 76 70 43 91 26 47 93 21 15 59 36 79 70 77 31 39 30 89 93 43 
71 97 61 91 86 11 60 55 12 25 20 40 96 15 32 74 14 25 48 81 85 36 60 55 13 91 47 95 32 40 91 3 89 52 47 76 63 59 31 75 85 3 16 81 70 48 55 84 25 55 65 10 91 25 18 56 69 17 52 1 57 43 57 99 95 4 27 59 63 58 86 48 13 54 81 83 54 89 67 80 44 84 90 36 61 60 44 82 77 96 36 87 91 93 86 39 49 13 50 64 23 36 65 88 43 46 71 97 35 90 77 32 26 20 20 87 32 64 70 10 13 6 49 56 51 35 95 0 0 45 64 75 34 29 63 77 28 86 74 15 76 4 99 54 24 19 41 56 36 63 18 1 21 67 57 72 54 53 24 54 50 41 81 84 22 44 61 50 30 36 18 58 40 17 12 16 89 6 24 25 69 43 78 43 62 35 15 17 40 92 23 91 33 5 27 55 1 89 58 32 77 76 90 69 93 55 85 34 61 9 59 82 4 37 25 67 25 93 36 17 85 11 8 18 68 36 25 70 77 83 2 54 59 44 23 5 51 60 91 12 69 51 47 26 40 72 45 17 65 81 35 2 44 95 20 13 83 46 83 60 81 85 14 93 81 89 50 33 49 41 97 71 44 44 97 37 17 42 54 34 75 41 37 19 37 9 32 20 7 67 81 89 52 47 82 86 37 32 19 38 25 16 9 70 61 58 7 30 52 61 16 27 3 53 99 92 15 83 12 22 51 93 11 55 93 45 41 30 29 12 20 55 29 30 25 42 88 32 72 41 45 88 20 0 94 19 92 9 55 5 31 6 50 95 61 43 40 55 25 70 67 46 77 96 28 2 90 68 86 14 9 31 55 82 32 49 53 24 10 8 81 93 66 32 88 80 27 81 35 5 3 2 51 80 51 79 82 93 47 68 
8 9 51 63 43 35 64 96 60 74 57 93 67 23 77 56 55 5 89 90 10 92 45 13 72 48 44 6 41 43 26 49 4 29 12 47 65 76 96 77 2 53 70 70 28 48 78 84 53 67 26 15 11 71 80 35 19 24 41 61 19 19 62 24 48 27 23 65 3 19 42 58 24 13 28 5 61 58 41 66 25 67 33 36 91 13 71 62 89 64 75 60 35 38 84 35 65 60 1 20 31 43 78 8 56 58 13 69 16 54 87 41 73 72 29 64 37 52 79 78 68 54 39 3 92 75 39 9 35 40 30 67 35 60 75 44 19 40 13 35 46 53 29 19 25 58 36 63 63 15 93 31 21 32 35 14 8 74 75 95 66 5 14 1 66 41 45 85 81 11 72 79 64 1 99 41 12 87 56 75 54 50 6 75 34 41 41 42 67 17 38 85 74 4 39 92 46 84 29 27 47 2 7 63 3 58 57 15 97 13 42 3 15 49 30 50 42 24 44 62 93 34 47 67 39 86 60 85 23 41 64 22 43 23 86 99 33 95 66 30 60 9 85 76 58 16 78 52 40 74 14 33 9 14 52 0 52 64 85 27 6 1 50 49 25 88 48 58 83 67 41 43 76 26 71 86 42 1 38 34 76 53 19 85 19 72 85 71 36 22 99 42 23 49 44 0 89 44 59 72 11 0 67 39 26 91 25 21 92 64 7 68 69 27 5 88 99 42 59 87 64 10 30 40 59 26 40 0 70 99 72 82 51 92 73 30 83 99 3 75 15 10 96 36 37 1 24 88 44 35 76 60 46 58 0 57 84 93 58 6 44 82 40 96 26 14 78 9 13 81 37 80 91 85 16 81 86 92 21 82 79 97 95 77 7 95 35 43 88 45 50 33 79 42 81 6 56 59 67 21 
92 56 1 35 41 17 16 28 61 38 62 41 87 57 18 47 5 5 90 93 2 92 78 82 35 11 40 43 22 59 65 14 16 18 50 57 36 18 37 49 8 0 90 96 57 9 95 62 66 85 8 69 30 38 3 17 2 95 60 24 54 25 39 70 44 89 28 32 7 65 81 68 17 24 64 27 85 11 41 51 48 1 72 78 40 75 95 94 22 56 18 77 33 57 99 29 98 79 13 58 97 95 26 14 71 42 41 56 53 83 7 1 36 80 80 28 7 27 22 30 35 41 59 69 98 58 50 49 38 64 7 35 11 33 49 82 75 43 38 80 78 45 81 14 77 13 43 37 41 17 19 76 58 78 97 9 36 48 58 26 64 65 61 75 50 63 57 25 58 95 57 88 92 38 2 22 52 97 59 45 15 30 73 25 8 71 34 96 71 92 23 35 9 36 62 59 51 19 36 9 66 93 97 10 84 52 32 36 1 43 81 68 73 54 94 33 77 28 30 0 73 5 87 34 93 49 94 45 20 82 6 38 76 56 49 12 60 81 48 13 77 81 82 2 87 76 36 17 56 18 17 81 75 57 16 68 6 10 65 79 44 24 17 72 32 66 84 92 0 32 5 29 65 39 31 53 15 19 70 24 37 39 5 64 96 21 33 55 83 50 86 28 74 3 0 6 22 85 50 22 69 8 51 35 47 34 40 63 54 62 39 43 1 44 8 50 66 93 57 49 43 43 29 70 46 30 76 68 15 79 42 36 87 45 71 34 32 11 49 38 25 40 81 79 85 41 29 3 34 38 4 78 81 34 0 79 64 28 0 31 7 94 19 46 40 91 33 24 54 34 62 80 75 43 11 60 85 40 63 71 30 19 1 11 53 1 42 69 30 42 52 89 89 72 36 81 63 69 5 69 
3 67 1 78 62 12 90 99 4 53 71 34 25 24 97 78 26 92 48 8 86 52 97 75 24 33 56 39 2 61 9 6 80 62 36 95 27 27 94 31 32 17 18 57 42 67 36 68 59 36 76 46 88 25 73 65 59 30 4 61 43 65 19 76 28 56 71 55 83 65 38 67 35 8 25 77 76 13 97 87 49 25 85 89 50 59 54 9 41 11 23 84 76 42 12 4 50 83 11 85 1 50 53 36 10 78 13 38 43 10 26 44 35 11 33 37 22 40 47 63 51 70 0 27 64 12 84 15 96 47 0 49 49 5 85 60 35 50 98 78 12 24 22 99 88 8 36 62 0 83 26 3 5 26 82 70 38 66 85 86 14 37 35 63 95 20 75 30 70 74 61 34 50 83 33 90 43 70 53 43 5 79 46 11 5 81 81 95 47 18 82 13 55 17 29 2 38 4 33 60 30 46 95 81 81 80 23 25 50 76 20 56 7 19 19 64 0 0 60 99 18 42 13 25 11 94 28 1 98 13 14 29 59 9 62 40 89 85 17 92 14 38 0 21 57 19 86 9 19 46 8 89 40 21 66 51 15 94 5 66 59 19 47 70 80 9 11 69 46 80 13 60 18 13 82 27 84 68 36 3 66 45 44 6 18 11 9 34 57 66 52 17 85 99 87 65 60 50 87 6 31 0 67 1 66 1 81 50 69 17 6 87 14 50 45 33 61 6 19 71 73 71 88 58 70 27 24 30 30 63 88 13 15 55 14 81 8 95 84 29 65 90 16 31 92 61 64 6 68 35 77 93 6 65 51 28 44 27 10 74 90 99 87 6 6 54 39 15 1 23 44 66 65 13 98 58 74 14 64 94 50 93 39 8 58 91 37 54 70 99 29 13 98 16 19 57 22 10 72 24 
34 68 42 51 33 92 9 60 7 25 54 9 18 94 17 28 37 6 83 7 6 64 20 56 80 91 13 3 54 37 79 40 58 21 91 91 14 53 51 73 30 58 82 49 4 51 29 41 58 64 0 64 28 73 72 61 16 86 16 70 23 95 62 81 16 54 73 82 7 76 55 89 34 89 90 38 41 20 31 51 84 84 67 65 57 39 26 25 25 42 48 1 89 10 34 57 16 59 40 75 36 47 65 70 89 55 9 30 75 92 33 12 76 0 77 85 91 55 63 17 49 11 70 90 73 4 47 90 64 39 65 0 39 30 70 28 86 31 10 13 76 43 25 52 95 54 38 86 61 1 55 10 64 25 0 37 30 0 79 46 39 45 46 78 75 68 6 13 52 68 27 28 11 4 32 6 11 22 45 72 23 0 35 39 26 87 29 8 87 8 6 79 53 4 57 81 72 16 46 76 84 73 56 48 30 89 54 41 11 51 13 87 52 48 26 30 88 7 90 75 16 96 54 21 0 64 2 24 80 49 53 16 74 9 64 4 50 71 97 62 22 11 1 26 11 79 56 99 87 46 27 3 94 81 24 46 97 79 71 77 80 24 46 6 85 62 63 36 33 60 98 8 71 99 34 35 78 43 86 17 41 13 20 36 47 97 82 44 28 5 74 60 81 20 66 67 82 29 3 68 90 53 28 13 4 14 0 34 57 87 52 99 0 72 87 99 21 21 44 49 27 18 9 8 90 76 75 24 57 30 44 99 83 72 13 87 87 13 22 96 52 74 95 53 98 34 4 20 56 48 21 83 18 31 43 8 59 19 85 68 49 29 68 85 54 33 72 93 46 46 89 99 72 37 4 71 71 60 43 27 9 64 62 79 95 6 40 6 25 25 75 26 6 43 11 60 76 36 53 74 
34 95 25 7 32 81 30 3 42 73 31 3 37 93 82 85 99 22 43 76 47 18 55 6 13 18 66 41 54 72 16 41 67 93 48 99 27 78 54 69 3 85 24 40 31 6 77 82 29 21 59 28 91 14 34 5 32 53 46 39 77 14 32 96 60 80 47 87 10 1 8 65 87 32 5 70 38 35 52 19 56 63 0 47 29 34 4 14 39 51 5 68 17 37 64 29 69 11 16 79 13 76 44 52 8 1 74 99 88 26 18 44 42 18 44 71 5 48 85 96 51 90 65 21 27 81 50 48 45 67 27 10 43 23 62 4 77 88 3 65 14 73 62 56 44 6 80 49 54 65 97 58 8 14 79 87 96 29 36 41 48 15 3 44 91 17 48 20 5 3 85 71 76 99 80 20 5 60 21 12 77 71 70 37 85 1 25 33 30 13 26 79 28 29 75 71 46 75 91 51 78 29 23 6 28 3 79 34 15 52 98 92 23 20 30 61 21 7 94 3 20 21 34 0 2 9 72 49 84 63 52 14 92 27 21 73 82 0 59 97 52 57 42 28 29 72 89 2 31 83 57 51 56 92 3 59 53 27 60 90 91 64 4 35 92 25 8 74 77 67 72 82 76 66 10 57 38 99 59 21 34 17 24 43 61 27 2 14 55 14 4 98 78 61 85 22 38 46 97 16 65 21 50 42 87 12 51 77 11 11 98 97 80 22 40 93 1 94 7 8 8 64 6 39 25 92 61 63 90 58 31 55 31 33 49 18 45 1 47 8 64 45 6 44 19 46 37 21 41 96 81 1 60 88 92 37 32 54 53 22 64 36 77 96 70 27 66 15 28 14 24 44 11 82 88 83 28 77 56 21 25 37 75 38 25 67 75 9 21 80 31 38 17 61 34 39 40 52 54 68 
18 30 64 30 12 52 65 93 81 21 14 6 58 41 44 36 9 72 97 82 4 29 20 21 42 6 60 82 59 67 2 29 97 66 11 62 70 76 55 51 97 21 9 8 63 6 96 24 30 93 6 34 74 79 8 16 85 20 50 96 87 52 26 37 18 37 51 40 14 6 43 63 27 53 23 42 11 19 66 93 65 73 27 91 52 87 60 89 8 10 86 47 63 12 36 33 1 87 26 67 93 69 31 73 74 6 15 85 78 82 30 43 7 58 86 59 97 46 48 5 57 86 5 72 50 41 57 52 81 83 19 26 5 2 51 79 9 67 17 87 1 47 82 8 57 68 19 55 15 19 12 24 6 69 96 8 63 5 12 44 89 32 22 46 86 74 25 47 41 42 34 94 42 68 54 99 37 73 6 4 44 71 28 2 40 24 11 3 81 23 99 22 7 22 68 46 96 94 93 89 88 80 35 30 48 89 30 85 62 88 89 58 59 17 61 0 93 72 55 27 47 55 49 7 77 18 53 25 12 46 66 0 26 1 83 75 90 65 12 4 53 54 62 13 23 23 13 69 47 68 96 95 75 45 54 4 63 7 29 27 53 47 80 32 48 63 59 90 28 71 94 33 77 57 46 1 32 59 70 80 80 66 27 55 63 81 60 79 40 41 6 45 89 38 77 89 53 88 80 33 12 74 67 89 83 13 90 68 25 60 0 5 78 79 12 42 12 24 21 52 18 79 97 7 70 27 48 23 15 28 9 27 55 76 69 90 41 59 58 66 72 10 23 2 89 88 44 1 12 17 53 30 49 3 89 19 30 90 94 97 18 3 77 25 79 46 68 73 57 78 39 29 89 15 32 78 3 28 80 67 98 85 50 47 88 91 18 70 81 12 20 0 68 97 77 99 95 45 72 52 
24 64 34 13 79 66 43 34 46 75 53 44 61 3 43 1 95 61 24 76 26 44 28 94 41 58 93 36 3 66 88 79 30 22 44 61 40 40 47 39 15 0 83 28 4 79 30 51 92 54 27 18 50 8 64 91 66 58 79 21 76 19 53 58 94 49 71 34 89 18 73 5 18 9 33 22 40 15 25 32 21 53 3 71 13 67 14 31 77 93 4 5 13 9 15 7 59 86 93 48 4 19 53 75 28 39 49 68 6 75 52 80 80 55 51 45 23 18 76 52 11 32 58 76 42 73 83 1 12 77 49 68 48 55 43 76 46 45 96 4 20 0 84 0 56 88 45 31 6 73 35 69 5 93 46 99 19 29 0 83 58 2 51 6 57 47 34 55 92 82 59 64 35 44 16 91 84 13 74 90 86 9 59 43 55 5 43 26 87 95 9 97 97 12 56 6 59 42 61 3 25 21 67 60 17 35 3 1 48 29 43 86 38 2 82 93 60 77 19 99 72 80 96 70 93 52 76 4 95 90 8 72 11 27 84 80 63 39 33 63 68 76 2 6 30 84 52 90 61 23 41 33 4 38 55 97 42 32 1 37 22 61 61 85 41 45 17 56 36 50 19 4 78 21 11 8 5 15 51 18 38 92 52 42 30 7 91 25 91 45 62 65 58 76 2 99 73 19 55 10 21 27 14 99 0 77 60 6 92 11 76 31 3 80 25 86 40 69 11 31 14 25 49 72 1 3 24 27 23 31 37 96 58 51 48 59 29 8 17 73 19 45 4 74 26 82 12 66 51 75 49 65 1 98 89 54 2 65 81 77 97 70 73 7 74 21 18 55 81 87 28 0 33 85 27 59 67 39 77 18 15 26 35 68 25 76 74 79 42 8 8 91 78 33 50 52 7 69 7 88 
8 88 89 93 73 68 52 40 7 29 58 74 8 45 42 85 21 69 64 15 77 72 58 55 57 9 60 64 30 19 53 90 7 94 84 80 62 36 20 21 18 30 96 26 27 90 63 49 59 27 16 36 51 75 44 8 36 4 73 66 23 78 56 31 72 40 63 34 29 84 55 99 66 3 77 94 94 40 95 53 19 11 42 22 38 86 82 74 42 7 92 65 85 1 48 9 93 12 95 74 48 51 25 14 6 2 60 0 94 55 6 13 19 48 87 57 86 70 84 28 77 76 93 15 29 94 24 75 6 20 49 6 23 75 20 29 29 81 82 24 88 40 89 7 88 29 17 74 99 1 54 28 29 47 95 11 93 20 86 51 92 87 57 67 62 78 96 92 11 30 68 51 70 57 11 10 86 28 36 37 81 90 18 62 38 13 73 83 85 11 35 77 99 92 44 61 22 93 5 85 75 73 37 46 83 48 56 21 28 93 11 9 83 29 23 73 94 97 57 80 8 92 9 7 36 6 21 59 99 78 44 74 52 33 72 87 33 29 60 61 74 71 22 9 52 46 83 47 95 92 79 55 36 88 15 72 94 36 83 45 14 80 20 18 13 44 57 47 73 70 60 99 93 83 9 46 81 44 45 28 36 24 83 24 64 98 48 11 86 32 56 53 12 28 23 25 73 81 24 98 3 85 98 96 20 59 42 53 3 39 81 91 15 64 67 80 15 15 91 1 47 99 6 59 28 30 37 53 63 13 51 66 98 1 62 70 12 57 23 15 96 56 58 12 21 25 44 88 41 87 89 40 86 48 52 66 78 89 19 41 2 23 59 53 24 21 75 37 30 51 4 27 7 15 91 80 92 35 68 33 22 10 74 60 58 26 27 36 67 46 29 21 69 40 26 46 13 54 35 44 
5 91 71 64 6 62 45 99 49 65 84 23 75 10 83 33 88 10 21 55 9 2 29 30 94 55 76 8 9 11 52 66 3 23 31 61 37 76 60 86 41 97 9 69 7 44 54 96 55 28 51 16 82 32 46 77 88 75 85 49 38 37 16 93 12 47 55 1 75 67 39 68 64 0 89 72 44 44 68 51 72 71 67 54 4 66 83 44 41 68 45 79 57 61 73 69 60 80 22 87 99 61 8 64 61 97 88 6 93 8 9 17 31 77 24 87 43 7 31 36 76 29 67 85 42 40 7 3 72 29 42 72 91 50 88 4 0 76 62 93 84 72 11 67 1 35 55 96 94 38 32 22 67 99 8 10 92 15 65 64 96 59 88 87 62 76 44 62 52 6 7 88 30 70 56 31 57 11 27 52 1 11 74 69 11 82 31 3 49 96 19 46 55 60 85 69 36 29 31 41 88 91 81 18 61 89 2 19 52 81 23 54 93 97 23 4 32 6 59 81 2 30 27 9 90 13 79 79 94 62 72 82 5 53 53 67 43 7 38 95 88 61 49 81 58 24 37 90 30 48 24 84 31 51 46 21 16 25 52 11 39 24 45 45 78 50 64 73 9 2 68 98 63 70 31 73 94 21 16 77 21 40 61 52 43 7 26 60 84 78 23 76 55 20 21 85 23 37 58 32 39 78 82 54 48 66 27 95 39 43 72 60 35 85 13 79 45 91 91 29 69 66 57 76 86 30 61 61 67 19 94 6 50 28 12 98 46 40 45 85 35 17 46 23 55 11 2 0 2 45 81 23 11 39 0 97 69 61 11 37 33 57 95 83 85 8 33 32 0 79 17 87 48 15 10 55 26 64 55 28 9 89 52 20 28 4 70 49 17 81 86 2 38 34 85 75 42 71 59 94 
2 77 81 50 44 92 6 71 56 13 51 66 2 3 38 82 59 8 32 77 41 70 79 31 56 17 7 50 88 66 44 90 95 26 92 40 70 50 11 26 16 62 44 70 18 83 5 77 43 37 6 85 59 86 16 68 55 23 18 43 42 63 85 37 41 29 77 11 32 40 89 48 55 34 70 25 69 75 54 12 64 61 49 76 99 66 44 54 41 62 97 35 25 34 73 18 15 2 29 47 43 71 47 50 5 18 75 26 93 29 38 58 42 40 34 41 6 78 95 99 92 44 35 70 30 60 88 46 62 70 93 57 41 41 7 46 11 34 24 4 64 14 14 6 54 0 0 12 30 95 12 23 92 99 93 22 59 33 20 73 3 14 31 44 7 90 42 70 25 66 74 41 81 41 99 35 41 99 48 24 47 12 99 39 63 44 13 22 77 34 95 81 0 78 77 59 69 20 29 46 38 55 87 19 96 86 7 90 38 7 66 85 71 65 76 34 9 41 56 86 75 3 19 27 34 97 86 55 17 67 1 7 23 40 27 19 78 86 61 16 45 27 53 16 92 81 50 53 23 58 92 50 61 11 78 47 8 16 2 77 84 55 85 7 95 64 78 74 50 92 90 47 19 96 63 64 77 13 69 0 71 61 51 84 73 29 32 33 97 86 11 81 42 48 88 37 12 19 63 14 11 54 61 82 50 24 46 79 89 68 80 60 29 31 96 2 12 80 36 61 19 99 43 61 47 83 50 59 2 14 25 65 20 86 48 22 62 46 1 51 14 81 63 44 64 11 98 28 44 34 90 63 33 85 24 80 68 26 91 23 40 16 88 12 54 36 34 68 83 36 19 49 69 34 93 86 98 92 14 42 78 56 5 12 41 81 44 62 7 88 85 0 56 73 12 11 62 99 31 45 
35 51 46 56 37 40 42 35 84 57 77 62 65 34 26 7 15 23 21 75 63 6 75 19 79 39 82 41 38 14 38 73 17 37 82 54 77 24 42 13 33 71 27 99 58 6 58 73 29 79 48 92 85 75 63 16 15 46 10 53 60 0 79 29 37 61 35 66 85 29 79 71 1 7 70 59 13 80 84 94 59 33 38 96 8 1 64 75 99 26 29 11 27 60 40 64 21 28 31 58 57 62 29 10 21 51 69 86 31 6 32 42 91 70 90 51 24 7 27 23 33 56 87 60 16 79 77 89 7 60 99 65 22 29 75 96 32 97 82 64 3 15 58 94 37 1 45 13 8 24 89 41 80 76 54 48 55 31 89 63 91 89 80 65 70 55 61 2 52 96 18 7 63 29 53 0 30 99 66 90 75 55 31 56 31 85 56 38 68 98 1 59 87 81 77 9 89 38 11 93 86 30 1 49 11 54 2 41 5 68 31 81 23 14 89 6 52 97 44 20 95 98 32 34 31 9 43 20 99 7 14 86 37 67 87 0 21 89 41 79 9 24 60 32 38 1 90 42 98 35 63 46 85 47 32 16 56 76 89 7 35 3 93 24 22 81 24 95 22 65 74 32 41 86 16 79 39 7 22 38 94 37 36 79 84 68 47 92 96 36 99 31 39 45 55 13 78 79 9 0 96 83 84 37 22 1 69 61 60 43 51 6 80 39 85 16 8 84 8 56 21 59 40 12 4 47 26 82 79 35 35 75 70 71 65 92 24 34 6 84 29 57 42 9 97 79 77 57 64 85 13 85 44 5 97 49 53 23 83 32 10 70 59 81 42 76 73 66 62 79 3 91 89 97 52 86 77 29 95 41 14 60 78 11 66 75 12 71 51 95 55 61 18 14 42 12 43 68 30 5 
99 85 97 88 83 1 26 60 31 21 53 97 82 31 8 48 6 20 71 9 68 26 71 38 92 13 50 35 81 80 41 33 66 90 21 1 43 0 61 74 21 66 24 3 97 84 3 55 57 74 65 25 0 36 15 45 1 65 80 35 97 73 68 15 15 41 16 59 41 29 85 63 95 61 18 92 46 74 0 3 48 65 80 1 53 95 98 6 12 78 41 9 4 61 25 19 3 41 30 96 23 68 59 18 29 30 63 75 4 63 78 4 80 58 57 85 53 55 91 65 86 85 27 90 46 4 61 1 97 92 98 20 12 9 39 41 39 2 17 95 17 95 52 49 6 9 86 11 17 77 29 55 14 56 45 61 60 58 14 57 2 12 30 14 74 69 56 13 23 73 61 92 20 13 93 78 74 79 90 43 8 71 98 23 27 43 36 39 54 50 48 56 15 78 71 89 99 27 54 22 52 15 66 24 28 59 3 55 38 45 98 47 16 97 22 95 92 58 86 46 60 34 3 75 65 74 64 64 53 19 39 57 86 57 33 15 17 88 22 7 33 20 6 1 17 28 96 62 38 34 8 99 69 63 74 34 89 91 50 42 10 41 51 96 99 85 63 16 73 85 75 59 58 82 12 27 10 61 89 49 95 50 0 16 13 74 2 3 65 53 97 27 94 49 76 93 86 91 61 11 77 37 70 87 19 35 14 81 96 56 82 91 6 82 8 19 9 10 22 26 15 20 54 10 21 82 55 7 73 69 18 2 6 41 89 77 76 56 58 72 12 93 15 18 27 23 89 36 86 12 15 1 84 21 63 5 3 71 64 76 40 82 31 46 23 20 75 99 28 85 23 40 78 39 10 6 14 52 94 0 16 61 54 0 82 17 57 85 40 21 14 80 55 97 78 79 69 53 30 98 
39 6 90 69 45 53 27 59 5 22 12 21 83 66 73 18 35 30 3 76 3 69 8 58 66 87 89 36 92 20 86 31 78 76 1 23 29 28 34 86 2 98 7 38 64 32 56 52 14 11 80 17 33 88 76 99 75 65 87 68 37 73 51 15 2 4 90 83 33 77 70 87 75 29 25 92 62 33 44 76 45 24 46 78 12 74 29 40 39 69 60 29 94 11 96 48 16 87 32 1 64 54 40 91 83 66 83 97 51 79 26 48 3 24 78 68 98 8 60 37 29 20 18 75 83 15 24 51 54 56 52 70 62 93 13 97 11 97 47 14 76 73 63 32 97 41 0 95 1 12 84 30 84 55 58 67 22 82 19 28 90 23 50 52 68 63 49 31 60 96 46 89 21 61 21 70 2 73 17 4 85 54 86 69 9 44 88 83 78 59 11 68 35 61 72 3 24 74 87 37 22 33 26 96 94 47 66 48 72 84 4 57 90 91 78 99 87 18 82 18 78 45 86 13 6 11 68 82 85 55 19 7 40 45 55 86 44 22 35 16 58 39 25 48 82 3 99 22 22 33 40 52 78 78 65 36 89 33 18 26 41 38 86 81 35 41 20 80 63 55 48 73 46 74 73 81 29 24 55 51 57 47 55 87 25 20 23 67 6 42 93 99 80 79 80 15 21 52 47 36 59 96 62 58 70 87 39 99 12 46 3 69 93 58 9 18 31 32 37 37 74 31 88 6 62 68 74 83 73 21 72 32 69 86 90 91 73 81 91 85 27 46 7 72 56 16 43 87 48 80 76 75 11 64 81 74 85 55 9 58 29 33 90 98 19 33 90 93 14 33 78 94 79 85 66 87 53 9 75 2 90 3 77 1 20 10 27 5 66 89 15 95 22 57 45 42 90 35 35 5 
20 65 99 51 3 17 39 56 27 66 10 17 69 87 70 41 50 98 46 16 87 13 63 61 71 8 3 61 96 90 18 16 8 69 68 11 87 59 19 14 25 30 83 46 69 53 88 19 3 86 87 42 0 50 4 71 59 59 84 7 50 55 23 58 76 43 21 15 2 40 29 27 22 64 74 92 18 14 63 73 0 51 16 0 1 20 23 12 31 8 19 33 15 95 43 91 38 64 7 41 57 88 20 79 53 46 23 23 60 87 96 13 38 12 13 39 84 37 52 68 97 23 1 12 18 45 55 9 61 14 50 18 3 22 50 8 69 73 31 81 60 27 94 98 92 60 38 28 49 42 96 46 17 50 10 36 95 17 45 56 32 47 27 35 69 77 43 90 2 26 24 63 5 18 61 49 30 51 78 79 45 26 25 63 76 87 51 71 5 48 80 37 95 59 24 16 88 19 59 90 45 83 53 50 53 67 0 84 70 30 63 68 56 41 31 85 28 34 8 85 82 40 22 29 99 98 45 87 17 56 30 62 39 35 65 45 2 65 29 25 47 44 93 55 85 76 40 66 10 49 51 44 89 26 73 89 24 70 28 42 27 10 56 18 46 21 63 0 38 44 25 85 41 18 41 78 94 33 44 56 82 48 0 72 26 73 13 2 44 93 96 71 56 53 41 2 26 5 2 65 1 28 2 42 98 95 21 45 29 17 1 11 65 54 35 43 27 0 46 23 94 94 46 50 47 88 4 74 45 6 91 46 86 93 89 37 89 62 82 18 79 35 81 97 89 17 92 69 17 38 44 63 85 91 65 32 31 21 58 76 80 1 22 66 95 63 55 36 77 37 6 57 25 87 6 66 56 98 35 26 89 32 41 74 23 7 58 6 80 17 82 60 18 56 27 65 72 34 53 49 
72 59 6 49 47 12 15 55 63 3 81 52 35 23 26 10 82 84 16 62 53 50 23 24 6 2 89 78 36 43 28 60 2 86 61 1 51 77 57 14 32 90 66 19 13 44 29 47 28 97 10 82 47 85 6 53 39 47 84 27 42 64 88 97 50 49 98 53 78 7 67 62 98 85 81 63 29 10 11 10 59 73 92 6 58 50 12 49 97 96 76 92 60 16 89 62 66 87 16 96 47 35 59 97 73 92 60 2 55 23 64 14 96 8 21 6 58 33 55 8 81 32 0 41 48 89 3 66 28 19 15 27 7 26 24 80 18 85 34 73 8 99 40 57 7 13 63 18 46 19 78 27 3 30 20 3 71 23 22 51 95 37 79 54 63 3 34 33 40 68 59 1 19 99 58 79 12 21 49 10 92 27 89 47 9 9 51 80 84 73 31 31 10 10 37 25 66 71 10 6 92 69 7 63 20 17 42 84 39 91 94 83 70 35 31 79 96 34 11 33 7 43 64 69 5 2 46 71 25 56 30 69 78 37 33 98 55 75 35 46 19 29 29 89 17 12 21 13 46 32 46 5 75 63 74 33 17 20 4 94 29 34 64 7 24 97 57 31 72 92 29 43 74 10 33 91 23 6 56 21 38 55 27 66 70 1 99 87 74 55 81 3 42 45 62 18 94 19 49 67 64 30 10 90 40 95 33 63 53 89 85 92 96 64 10 66 65 61 53 39 68 87 94 10 84 8 28 79 28 29 98 44 59 60 34 52 8 67 15 61 8 52 5 5 16 15 71 34 76 25 25 45 64 72 7 48 80 88 79 60 69 77 4 81 90 38 33 98 57 0 59 66 5 65 71 73 32 42 7 61 19 85 58 83 57 65 84 37 53 63 98 75 93 2 56 83 93 89 81 50 
89 92 16 94 9 87 68 42 82 27 3 1 12 61 85 69 78 69 7 84 84 57 59 77 11 15 60 4 4 93 7 45 38 23 92 47 63 60 41 45 39 44 46 52 57 83 73 88 4 32 72 41 89 31 18 1 98 31 57 54 76 64 99 14 40 43 62 3 55 3 0 95 0 98 47 9 34 20 97 38 53 21 79 94 52 50 95 2 81 5 56 57 69 8 24 9 51 86 64 7 41 64 2 93 15 1 55 49 73 52 87 78 74 19 73 78 69 20 81 2 25 89 11 47 49 35 56 1 73 73 60 15 37 14 60 52 15 15 1 88 20 41 19 46 60 92 24 81 64 57 83 42 99 94 89 48 30 45 1 55 18 61 22 8 75 83 12 42 50 66 83 70 7 2 68 19 94 93 0 10 2 35 52 53 81 41 54 63 39 55 19 9 17 41 17 44 76 82 87 27 48 70 49 7 72 18 26 18 63 78 80 17 65 33 71 46 74 25 10 65 80 29 75 49 70 44 46 47 26 85 26 26 55 75 33 79 93 11 49 8 41 29 26 6 62 97 53 89 74 63 54 6 44 81 8 66 26 54 65 4 39 91 31 46 19 16 77 64 28 26 73 69 7 99 28 22 48 81 11 74 96 17 80 40 99 88 6 77 94 72 33 85 15 64 31 34 33 8 99 13 86 24 34 94 75 62 16 23 95 79 49 91 48 29 83 47 70 90 76 16 14 10 2 29 26 33 16 59 94 67 72 32 91 7 26 66 21 94 41 17 73 90 8 22 71 92 21 41 34 50 58 48 12 12 29 38 45 45 50 91 12 22 24 55 81 2 21 3 97 14 20 22 4 28 96 28 72 70 69 6 20 79 6 32 91 36 22 89 33 72 32 46 95 8 53 28 11 75 31 8 
41 3 82 46 32 31 26 56 1 95 63 73 27 21 57 70 57 79 11 91 52 96 89 99 4 42 79 15 69 11 75 11 66 10 9 50 41 35 7 42 82 22 67 61 43 24 84 1 3 95 44 7 43 85 58 48 27 38 63 49 1 91 60 67 1 21 18 42 8 77 36 90 99 3 52 42 79 88 95 34 83 91 94 27 76 52 27 56 42 42 5 95 33 17 15 86 38 85 80 46 62 68 88 61 23 92 55 2 80 3 37 64 94 31 43 71 35 70 27 78 64 32 25 98 1 40 36 39 25 17 37 39 85 25 0 9 18 8 63 98 11 0 14 5 83 57 28 19 79 7 49 44 91 74 94 92 67 82 31 92 99 68 32 37 94 84 98 64 44 13 62 55 14 77 13 49 86 93 68 18 1 17 14 92 44 8 85 11 42 68 55 42 89 39 31 35 76 81 99 20 94 61 76 60 90 41 10 77 34 30 95 87 0 9 80 44 69 17 55 11 85 62 5 26 2 88 61 78 21 60 98 68 74 26 80 64 19 42 93 6 73 40 93 73 1 73 17 22 42 24 34 80 38 91 6 40 32 68 70 53 80 21 73 6 99 54 23 19 96 16 25 21 9 18 94 10 44 63 33 38 39 19 18 78 10 25 70 94 45 41 0 25 62 73 32 61 79 7 32 76 23 57 97 32 28 44 95 24 59 28 62 99 47 33 77 9 58 47 4 55 40 4 80 54 29 64 16 9 71 48 37 47 58 86 31 38 82 26 14 42 54 28 41 1 61 70 63 71 17 19 26 10 75 7 64 4 23 32 65 47 33 2 94 91 41 25 81 23 52 95 65 6 23 6 60 85 76 75 8 46 94 35 56 69 42 72 25 17 5 91 64 38 93 58 81 34 36 62 10 88 
9 75 46 84 82 58 21 10 33 30 8 27 65 64 48 59 37 74 76 94 65 93 32 10 51 65 97 87 79 7 27 88 82 74 72 16 32 94 79 66 76 87 45 41 4 46 0 93 20 28 87 37 21 71 47 25 36 44 64 15 3 92 55 38 66 79 6 50 25 85 68 1 73 66 94 77 12 94 22 32 75 9 69 96 32 68 21 68 65 38 35 68 30 42 6 48 21 65 98 99 50 19 52 75 85 47 4 97 93 26 29 68 87 50 65 19 18 38 87 83 76 74 4 58 16 62 6 90 27 57 41 78 76 93 53 13 40 10 10 34 36 91 2 24 93 19 95 11 10 83 47 38 9 51 49 78 13 55 20 41 64 61 71 92 54 76 5 47 86 15 33 75 58 87 51 51 7 46 15 69 81 62 59 91 65 8 21 78 16 41 71 80 2 42 73 8 71 78 55 57 46 88 32 56 76 35 60 35 82 75 56 15 89 15 6 54 76 27 84 92 20 8 72 22 2 97 83 73 28 38 31 26 79 15 82 7 3 42 94 85 69 2 0 58 17 59 64 93 38 1 37 59 61 10 33 63 7 16 37 35 7 20 13 38 87 96 45 90 90 91 27 60 93 80 70 62 91 87 8 81 40 45 92 53 7 26 16 15 94 5 2 1 77 16 91 17 64 36 7 6 79 87 18 72 19 41 87 10 28 95 91 20 92 84 73 0 62 41 15 56 47 69 10 76 37 1 93 53 90 53 60 21 92 78 94 11 19 33 73 99 28 64 71 20 0 44 72 14 38 87 71 37 9 33 13 98 86 59 52 76 12 12 98 4 42 44 67 62 29 40 13 9 56 85 81 57 29 54 71 19 93 94 56 2 79 70 1 66 29 5 94 93 69 44 49 11 88 16 73 69 
56 39 78 64 24 60 73 5 14 45 25 7 91 81 62 71 51 63 89 32 20 83 77 89 28 26 0 68 94 26 38 50 65 16 67 89 76 40 94 42 37 71 50 29 53 12 52 56 27 41 89 47 24 18 88 52 45 88 21 39 66 11 42 31 27 9 72 56 1 19 98 39 90 0 20 43 12 72 0 91 65 41 90 89 11 78 94 56 19 67 48 85 78 90 69 57 51 41 13 52 12 12 43 3 12 63 98 77 35 50 20 0 43 63 42 55 93 88 11 12 55 11 50 85 53 19 94 4 60 8 9 25 72 52 28 36 16 26 13 3 29 86 56 72 49 98 27 42 86 91 7 93 2 57 30 56 76 24 12 88 32 73 13 56 26 93 93 94 20 58 97 1 44 53 73 93 3 1 88 41 44 95 34 98 52 16 54 80 41 19 68 25 92 82 82 70 27 75 64 47 85 14 48 30 19 74 75 75 27 63 16 71 10 3 69 62 19 76 42 12 95 63 38 39 97 72 10 24 99 26 24 84 92 24 14 64 98 42 39 25 5 55 48 68 58 18 30 30 94 25 42 41 40 32 80 37 4 42 61 3 69 85 88 13 62 54 77 60 96 16 38 54 24 86 22 34 4 4 64 50 81 59 91 21 91 24 58 96 66 72 99 87 9 39 1 71 46 30 84 42 47 22 48 23 8 70 57 65 27 74 15 8 33 59 30 24 83 40 20 1 64 72 89 74 63 42 97 9 72 81 4 19 3 52 94 64 75 4 29 2 78 96 62 11 55 44 87 90 85 8 92 1 32 81 75 47 23 25 9 47 6 13 19 62 17 13 26 92 17 7 46 95 3 9 58 59 53 46 1 90 6 93 92 90 26 19 37 1 96 46 49 3 11 68 17 29 81 95 73 51 
2 72 46 5 81 57 16 86 3 70 29 61 63 73 51 42 92 40 43 89 87 44 44 98 12 13 79 46 8 53 97 10 25 95 67 58 4 36 44 59 6 25 20 21 98 23 63 91 64 59 32 3 3 28 1 16 93 33 14 1 86 63 63 63 10 82 21 15 70 17 26 76 95 47 50 93 22 13 36 86 72 20 89 76 48 43 44 41 28 10 94 14 25 57 29 35 92 2 2 62 71 29 91 66 28 41 60 50 6 96 89 31 17 78 59 17 73 3 11 1 65 5 67 90 15 48 77 59 50 32 21 22 61 64 40 89 5 0 91 64 49 80 95 18 11 54 35 36 9 98 38 74 56 57 16 71 6 93 82 8 25 3 30 38 68 23 79 25 23 71 89 24 3 36 42 14 90 30 51 99 28 41 25 84 98 41 7 56 87 41 65 64 45 47 55 65 70 34 42 46 57 84 70 61 20 65 75 11 95 78 62 75 19 88 60 70 29 19 26 68 61 43 33 58 91 88 75 61 74 69 7 32 53 30 45 26 95 72 37 90 51 99 65 22 39 77 92 69 49 19 89 10 62 22 20 5 62 95 67 37 16 26 21 70 8 18 96 3 90 85 45 41 36 11 64 76 40 8 97 89 27 86 51 42 61 71 99 75 18 18 64 35 97 85 57 5 3 5 9 46 90 54 87 78 17 3 6 10 12 3 99 91 42 3 85 3 74 85 78 45 3 95 32 0 80 41 6 36 46 67 82 88 73 21 66 91 25 73 53 89 28 52 80 70 55 66 25 82 3 56 79 58 51 63 11 83 4 69 19 50 36 53 38 61 75 56 4 52 29 57 41 58 10 73 80 17 91 6 51 94 62 30 53 13 93 64 96 97 85 68 99 21 21 89 82 48 46 87 52 27 
44 93 37 6 67 18 24 58 76 75 5 90 58 10 3 3 26 51 53 11 71 52 32 45 94 66 45 92 5 98 19 2 91 9 8 10 79 84 21 55 12 26 45 70 36 0 73 14 3 26 25 75 31 9 72 25 75 17 17 81 15 88 83 59 97 43 21 76 28 42 83 40 20 28 10 8 80 35 22 84 62 47 11 93 56 35 70 84 52 87 17 20 27 0 79 25 43 0 53 23 95 37 63 15 17 25 76 98 13 98 34 75 98 97 20 6 32 42 90 84 81 7 4 8 59 35 85 55 88 39 78 83 28 94 50 45 71 26 95 84 77 29 11 75 78 83 81 10 25 24 95 6 31 51 15 43 87 52 98 75 91 76 10 71 22 60 17 94 39 64 30 16 46 42 43 24 25 24 35 51 0 82 9 84 85 76 27 24 29 25 51 72 53 61 44 76 74 13 22 13 77 52 29 23 94 72 0 20 48 87 23 49 69 32 33 6 9 60 31 90 37 34 62 90 96 6 66 70 19 40 35 49 93 64 24 39 88 24 59 36 11 34 37 32 19 22 39 80 34 22 70 71 56 32 62 4 91 80 26 62 21 61 63 66 25 88 5 65 64 17 54 76 51 91 60 22 66 99 2 0 73 72 24 30 57 38 34 0 18 61 14 91 74 78 57 52 18 15 17 82 32 71 10 35 15 71 58 81 22 60 33 96 85 57 78 94 95 64 94 66 77 60 9 52 38 19 4 56 34 21 91 66 45 1 53 60 72 11 93 95 24 78 43 61 88 21 55 35 85 1 1 63 61 11 15 0 30 19 8 16 92 99 34 37 1 87 49 25 51 94 20 75 25 63 36 13 36 91 48 22 44 50 37 5 13 4 57 95 75 66 11 67 17 97 57 70 84 58 96 35 
5 16 62 30 32 50 43 20 93 43 42 37 45 31 43 58 35 0 5 10 18 68 30 36 65 39 6 2 97 54 89 54 23 52 84 7 54 79 27 48 23 22 85 68 53 80 79 89 81 36 51 51 5 81 87 22 72 46 76 70 52 66 76 75 70 61 82 24 92 10 72 15 32 10 36 85 90 67 26 71 3 78 75 60 11 14 35 84 60 11 6 13 29 82 40 99 95 23 76 88 33 0 55 17 10 43 2 1 10 81 24 66 11 99 78 74 14 65 58 26 29 16 91 58 51 32 10 98 55 38 86 40 38 94 57 49 89 11 50 52 92 26 70 3 26 48 30 92 66 40 18 95 57 10 5 60 94 67 58 1 5 97 93 44 43 50 93 32 13 95 84 6 21 54 61 99 55 91 91 21 84 10 68 41 72 73 53 18 41 11 19 98 60 12 42 3 14 87 36 27 82 20 85 56 27 99 7 82 42 99 3 26 61 71 19 85 96 72 3 89 84 74 88 44 86 30 0 52 18 36 79 52 8 17 60 35 16 68 17 58 19 72 37 80 95 56 17 92 29 20 81 65 46 69 61 84 52 61 36 22 49 15 26 58 32 87 93 0 7 11 11 26 35 48 58 31 4 27 75 85 99 56 50 45 78 64 29 30 77 65 52 27 32 78 85 17 17 78 17 24 41 28 2 77 28 12 60 33 39 35 70 38 91 73 83 21 37 12 51 14 29 55 41 62 86 26 31 3 57 48 80 98 29 34 27 9 47 87 94 86 22 65 77 66 38 60 87 75 25 91 41 6 46 83 20 84 61 51 88 18 0 68 69 81 2 96 90 1 36 85 40 10 2 17 28 40 29 68 67 6 59 8 65 57 43 85 42 57 37 82 27 89 2 96 22 56 45 12 58 33 
49 50 43 3 67 72 43 48 40 62 7 51 71 72 60 66 57 54 23 94 36 51 35 38 47 57 95 44 22 5 77 23 55 73 27 74 45 70 74 37 33 81 40 56 53 0 22 63 55 46 9 43 49 45 34 96 2 81 93 24 86 70 0 93 43 27 19 40 49 93 29 34 75 69 90 80 70 65 95 77 63 5 72 12 50 6 60 4 87 53 81 25 76 81 70 71 8 89 12 57 83 41 44 10 63 86 42 85 51 38 62 66 95 86 78 45 93 39 1 32 44 82 10 72 63 80 44 71 22 8 81 57 1 25 67 64 11 61 49 15 51 63 81 46 50 60 43 43 51 45 27 47 79 37 20 43 70 16 66 92 24 47 49 25 24 68 90 88 81 91 3 33 55 36 31 5 48 27 0 51 24 79 99 3 17 71 46 39 87 13 31 11 12 80 36 89 0 78 77 81 70 32 14 77 68 98 82 69 25 34 20 49 13 19 4 82 42 51 21 29 16 4 40 80 84 29 21 84 59 50 18 81 82 32 58 3 82 92 24 59 78 44 60 92 16 65 26 58 68 48 88 84 4 80 16 41 61 38 25 21 40 95 2 75 28 13 78 62 5 54 22 84 98 82 28 14 47 54 73 15 54 13 51 59 93 20 0 55 10 77 28 50 73 82 25 53 95 55 67 53 9 89 89 8 24 17 74 23 23 99 91 30 12 42 41 58 14 93 65 24 22 45 75 47 27 52 52 23 8 20 28 17 61 17 77 85 86 52 9 61 3 0 43 68 94 36 26 61 29 43 85 4 88 12 51 15 65 4 90 25 76 70 94 37 39 72 75 77 76 36 39 79 88 34 47 82 71 25 95 0 68 81 4 8 45 8 24 10 64 66 35 40 37 30 29 76 54 4 54 82 
40 45 61 28 79 61 63 2 38 58 3 59 91 59 67 37 67 43 99 31 10 87 23 99 17 53 27 23 57 33 5 50 30 18 30 62 31 45 64 70 56 67 29 99 79 96 36 98 40 36 82 2 23 5 53 92 10 32 67 20 66 72 70 96 42 52 58 74 50 23 44 6 42 73 5 73 21 94 72 13 82 6 67 57 63 20 1 74 5 68 94 71 92 16 19 34 68 78 8 18 53 4 76 47 29 34 21 51 80 45 16 62 3 36 71 66 8 72 40 13 92 86 84 36 2 4 22 71 34 83 41 39 87 70 38 69 4 11 72 36 8 88 98 11 24 21 78 33 45 70 46 89 57 83 25 59 39 99 82 25 82 76 64 70 46 2 91 2 14 63 38 22 51 88 86 28 9 16 61 6 38 59 95 95 42 72 7 81 71 89 6 54 17 22 76 63 77 67 65 43 30 3 17 81 91 3 61 52 19 22 58 58 34 53 5 28 25 64 62 97 6 68 51 23 43 79 87 20 46 52 63 76 8 32 9 99 36 71 52 7 45 10 17 31 16 75 60 41 39 22 90 45 42 93 69 85 72 56 57 18 60 72 46 68 5 56 20 93 79 72 0 76 34 70 8 2 45 20 44 84 42 86 82 84 80 51 22 52 59 31 71 71 4 17 40 61 25 60 54 56 84 6 85 70 76 45 73 73 65 69 10 7 55 92 43 35 95 17 88 6 49 59 77 5 28 17 66 6 29 20 62 65 26 99 36 55 44 9 28 9 78 90 68 33 82 64 69 29 81 9 35 82 20 13 87 48 82 53 54 64 25 69 29 4 68 65 59 65 26 39 74 4 30 95 90 64 59 11 46 92 20 81 75 40 46 62 40 81 16 47 45 93 68 74 97 88 92 8 53 18 
48 28 75 30 75 17 46 34 28 92 26 0 26 1 92 72 16 32 53 32 31 50 25 99 25 75 88 69 83 41 87 83 21 62 13 48 31 12 82 59 4 61 11 82 14 3 55 30 88 60 14 71 11 40 71 88 15 11 57 50 4 96 34 78 11 99 26 42 11 61 2 68 22 65 50 36 21 57 19 9 70 33 80 81 25 3 21 92 14 30 43 19 26 77 97 37 76 75 80 40 36 34 60 58 99 10 47 20 20 18 81 90 51 14 23 77 17 44 69 84 74 64 55 52 93 4 90 70 79 22 62 16 56 22 26 7 84 73 80 56 91 13 46 95 27 21 24 97 17 45 33 43 10 88 96 3 92 38 25 71 60 87 39 68 61 66 75 98 91 7 54 35 21 53 30 0 74 54 49 92 99 82 87 61 70 83 65 14 21 42 38 33 82 77 1 43 95 29 41 87 36 96 74 9 49 56 10 75 62 59 67 61 94 55 75 64 90 92 31 64 34 21 97 16 50 99 60 46 28 53 85 16 1 59 26 2 15 88 78 77 47 97 90 41 4 17 58 95 9 41 11 44 62 8 60 12 59 72 10 39 78 95 8 79 6 34 82 73 22 60 2 21 9 45 15 14 62 25 61 72 66 72 68 80 32 80 92 44 53 55 83 83 50 91 62 9 77 96 82 51 8 85 73 18 82 40 84 44 65 45 68 83 69 36 63 53 69 7 97 74 62 33 57 65 24 19 74 54 16 8 5 24 45 30 94 27 70 78 24 87 23 92 70 44 81 85 98 50 45 95 24 59 28 81 76 5 52 2 59 68 11 16 45 56 47 39 36 69 18 60 57 93 52 79 90 33 65 88 35 62 35 59 21 16 92 50 21 45 52 32 65 63 0 62 72 47 2 8 17 72 
68 74 17 20 53 7 6 70 95 41 32 83 53 6 99 45 56 72 42 8 4 8 24 4 70 96 4 24 4 21 96 24 47 66 44 52 73 2 75 21 96 59 56 49 65 55 46 73 27 89 34 31 97 58 87 19 6 43 44 62 64 92 86 63 58 30 68 84 85 43 57 81 2 13 82 20 68 28 93 95 17 79 78 66 89 17 86 95 61 30 57 77 22 43 93 33 26 61 17 63 56 74 44 58 87 26 30 7 6 76 2 24 55 32 90 45 49 28 92 62 58 50 40 33 45 33 66 23 46 83 86 2 9 30 12 96 8 43 3 15 19 57 91 26 89 81 23 90 62 16 53 20 66 45 53 63 30 71 87 76 54 73 78 63 56 90 11 16 85 66 31 4 23 22 83 64 56 6 7 18 22 12 90 40 57 96 56 39 67 43 15 74 68 93 89 76 35 53 93 21 19 76 77 95 51 60 11 59 67 18 29 41 82 71 34 91 67 90 30 87 85 45 61 5 90 2 82 26 55 27 47 75 3 24 22 6 37 33 65 56 4 46 97 38 18 83 30 85 25 12 24 62 58 85 68 0 40 2 26 95 29 25 22 84 2 44 43 39 30 60 95 86 7 44 24 25 80 54 62 5 19 39 68 77 24 88 77 16 42 56 12 23 81 34 59 83 31 2 22 61 63 69 99 22 14 23 99 94 30 13 51 49 52 71 78 29 11 55 45 53 63 57 76 45 44 36 80 27 90 3 40 5 24 39 27 38 62 78 84 44 92 88 93 44 59 23 73 23 31 71 76 94 80 53 39 24 41 72 3 31 75 43 37 51 82 16 42 97 95 78 41 87 66 87 83 78 62 57 1 93 80 77 88 60 82 79 37 23 51 40 7 78 84 44 30 66 12 72 15 7 
50 9 46 69 48 30 47 10 39 0 4 19 77 92 79 12 23 16 87 75 57 94 5 41 90 35 59 3 59 27 62 62 36 9 31 84 39 30 94 78 30 98 97 59 42 28 23 66 45 11 93 54 5 98 47 96 86 58 51 45 85 13 59 21 22 42 5 13 72 0 91 54 50 40 66 45 69 89 63 14 0 56 20 6 54 67 54 92 77 57 38 63 22 97 84 45 92 42 58 64 94 2 71 44 42 37 41 11 26 4 77 79 60 97 37 67 16 43 59 94 0 49 9 22 99 93 19 91 87 30 7 81 32 78 78 74 67 19 38 46 24 15 25 36 65 62 55 33 5 15 27 57 16 88 79 67 82 51 58 69 81 18 3 13 96 81 39 16 52 29 62 76 45 87 65 62 1 20 95 6 87 75 63 56 63 94 23 97 45 34 67 26 52 22 91 0 3 83 16 55 12 30 84 9 17 1 71 18 21 67 76 61 94 91 17 57 86 40 55 83 74 74 62 78 96 5 79 51 88 47 58 53 78 94 14 47 95 86 18 69 5 94 82 99 38 99 56 76 91 63 59 18 37 73 96 85 79 27 88 19 75 47 24 5 93 39 52 89 25 70 10 30 17 92 81 7 43 89 83 34 53 94 52 42 68 1 80 99 28 68 18 55 15 43 60 9 82 65 50 59 87 12 41 4 4 22 63 99 63 46 33 16 93 38 11 13 39 91 12 19 59 30 27 27 25 87 88 59 4 38 70 92 50 11 48 6 85 12 5 49 10 90 17 55 28 28 68 19 19 80 91 31 63 18 58 40 57 46 0 62 36 22 54 38 34 54 96 71 66 1 72 29 43 90 84 24 70 53 95 42 33 86 73 48 56 83 89 14 81 41 76 17 63 82 7 49 36 3 21 55 
56 45 84 99 35 68 23 6 21 19 0 7 57 73 55 14 56 96 28 37 37 56 6 53 90 13 2 78 68 75 33 24 21 17 75 8 38 99 66 59 70 66 18 79 39 26 93 47 22 73 36 12 81 42 65 71 7 19 50 75 95 35 51 16 53 27 24 91 78 43 2 48 9 73 27 49 99 73 48 73 98 85 85 80 79 2 3 39 22 53 66 17 41 18 85 94 97 61 37 75 4 91 75 14 64 54 15 15 27 63 89 26 48 74 58 80 77 61 19 51 67 37 68 8 55 53 54 52 14 91 79 71 34 54 85 99 9 0 14 88 63 55 14 64 30 72 96 59 34 67 10 53 4 30 61 60 35 15 64 49 58 96 72 92 50 57 43 59 9 10 48 25 65 14 89 95 39 37 6 25 4 68 78 8 98 39 20 33 54 37 35 64 33 7 56 83 17 52 95 26 62 95 51 27 9 92 75 0 29 33 25 33 2 3 94 52 94 14 86 0 3 73 64 36 80 73 72 49 25 67 76 87 14 79 66 23 72 41 76 53 75 1 39 29 57 33 81 51 99 67 52 3 92 68 91 73 41 63 74 66 82 50 5 96 82 72 72 54 65 48 7 40 49 98 21 58 31 3 10 83 22 14 38 15 82 29 40 76 93 14 94 27 17 0 24 99 24 48 5 89 96 64 82 97 63 3 56 46 6 18 29 81 32 67 96 66 97 88 42 42 2 37 21 71 89 45 70 13 93 75 2 41 40 84 39 55 88 47 1 46 65 31 27 49 50 75 15 99 63 10 93 18 99 15 89 88 12 12 1 58 87 3 99 79 40 90 34 80 89 88 26 54 71 6 55 21 81 71 73 97 33 66 15 32 33 56 20 46 68 21 56 8 76 7 39 16 50 26 48 39 
14 75 46 37 33 1 58 66 24 83 63 57 2 30 89 35 39 61 33 7 34 89 67 11 97 59 79 99 85 28 38 51 55 84 88 88 86 98 54 10 82 70 20 84 52 61 71 91 23 5 51 57 46 70 20 95 29 0 94 14 80 33 17 87 69 57 75 55 56 81 18 90 3 90 26 56 51 97 99 26 54 50 84 1 73 56 96 2 56 43 69 88 76 86 75 45 44 2 53 52 84 23 94 39 65 20 47 68 69 47 95 76 49 79 77 22 35 25 77 44 68 46 84 96 84 60 94 80 14 99 32 50 74 26 90 39 98 37 7 20 36 2 96 38 33 25 60 21 2 37 17 23 35 53 71 20 65 65 0 80 16 85 30 90 63 72 81 14 62 41 86 98 95 82 88 29 59 49 2 13 38 71 36 26 24 8 46 42 25 98 22 42 35 4 84 99 29 66 65 91 7 51 41 2 85 30 83 96 31 37 9 21 60 98 47 85 6 45 79 83 96 1 77 31 57 62 82 86 28 47 77 87 50 71 41 35 53 25 31 84 14 93 5 75 91 5 12 49 50 91 32 98 44 10 82 1 72 64 40 52 64 69 91 14 40 32 2 93 9 85 77 24 78 35 51 69 92 63 18 94 6 3 93 50 13 75 3 37 91 43 41 55 13 84 22 53 16 76 99 26 61 28 2 40 15 53 61 7 68 80 2 74 83 47 24 48 22 79 37 13 23 30 21 36 14 95 41 82 71 92 60 32 21 62 72 36 67 34 96 35 66 98 61 1 97 85 1 19 65 90 84 40 72 57 28 86 52 69 68 23 14 81 56 35 43 80 23 63 66 19 98 32 69 60 85 18 97 86 37 14 76 74 54 0 31 34 86 84 56 7 7 70 88 15 57 83 96 80 46 62 
52 97 95 73 57 80 92 6 19 81 21 47 7 27 48 39 62 34 75 18 93 82 40 33 98 97 17 94 77 15 8 81 12 3 55 21 36 99 28 55 32 1 54 40 80 2 79 42 89 54 12 82 88 52 68 38 49 37 84 79 52 93 60 17 48 67 38 84 18 18 91 51 19 46 91 0 0 22 94 89 28 7 24 68 11 92 7 13 29 91 92 33 84 4 50 85 24 89 21 42 7 13 45 79 11 88 79 11 10 73 53 90 32 77 59 96 69 66 9 50 9 1 83 46 57 34 31 81 75 52 24 34 17 21 13 80 10 44 44 72 70 97 63 2 74 74 50 95 92 59 45 53 12 28 99 70 14 82 51 41 87 27 76 56 1 89 89 11 34 33 35 56 82 50 58 8 24 9 55 68 20 0 22 33 80 73 55 47 56 58 88 43 86 64 51 39 6 40 50 92 25 85 48 59 36 58 19 12 67 74 81 40 26 55 73 7 28 28 6 84 86 94 79 24 59 31 63 17 23 65 9 1 3 57 60 91 15 80 3 35 54 36 27 81 91 0 40 20 80 46 4 18 40 36 95 51 19 10 68 94 76 29 95 79 86 56 22 54 36 25 41 42 62 68 75 53 20 15 25 52 13 82 70 6 18 17 57 89 28 78 83 56 7 79 87 46 35 9 52 23 34 93 65 48 13 41 2 85 8 79 37 22 61 59 80 79 77 37 68 5 67 4 61 27 83 0 73 70 9 25 93 43 70 58 92 35 51 46 20 12 25 57 34 87 16 14 18 45 3 39 2 23 43 15 50 78 15 23 48 24 0 41 68 22 51 12 57 55 10 77 67 87 86 53 26 54 19 45 0 74 36 2 97 31 18 47 9 33 22 9 58 22 2 78 44 53 42 53 60 52 
30 27 39 16 32 18 71 51 63 23 26 51 25 75 82 95 23 43 29 97 4 39 20 6 69 16 59 11 22 72 15 52 99 6 21 32 24 44 35 39 67 61 90 44 37 24 40 12 19 21 9 23 12 81 29 81 50 41 44 72 65 59 24 64 17 97 48 42 41 84 81 60 97 24 57 86 0 97 98 20 70 60 95 34 41 77 67 91 70 11 15 35 22 92 99 39 89 0 33 83 36 15 95 33 91 52 72 91 49 70 11 71 30 7 5 24 36 24 67 6 87 83 41 61 75 92 1 16 92 86 99 28 1 95 14 92 99 86 84 49 8 47 72 91 6 30 15 42 54 34 48 94 17 89 55 44 82 56 13 26 95 64 7 96 11 21 41 11 59 77 12 67 24 84 58 83 66 25 25 73 60 26 67 29 15 22 26 49 31 39 76 26 55 35 74 67 56 67 78 67 44 90 34 21 26 45 56 45 22 81 18 82 7 85 64 75 59 42 76 90 33 4 68 88 39 43 55 47 62 85 14 7 75 1 80 54 46 36 99 68 69 69 3 77 54 19 4 65 61 80 8 94 85 76 82 76 71 90 24 34 75 38 93 3 39 73 57 37 61 8 58 30 77 61 59 83 32 63 48 93 96 56 87 33 33 21 9 56 11 33 42 87 24 35 42 15 60 99 5 21 7 63 4 36 76 63 19 8 79 67 1 27 24 40 60 9 13 69 17 77 55 60 16 79 95 58 46 8 57 51 81 16 14 85 52 42 1 23 50 32 90 3 59 66 95 71 27 9 92 45 86 47 57 54 78 4 12 25 12 21 28 94 37 95 31 41 37 32 16 88 64 6 43 75 25 39 46 52 0 39 49 86 86 58 40 17 63 4 94 27 25 22 73 14 17 5 7 7 37 23 
47 54 29 90 29 6 81 76 11 81 15 12 67 53 71 59 70 34 63 16 13 40 39 87 54 8 92 61 67 81 36 14 87 18 57 17 24 38 45 35 20 12 48 39 65 71 51 88 57 66 4 70 7 95 57 61 4 1 75 71 35 11 38 22 81 95 91 6 33 36 93 5 48 41 45 66 12 96 54 69 62 10 92 69 6 1 83 62 55 10 85 90 73 23 64 55 18 56 13 4 44 6 9 45 0 6 11 64 2 17 34 17 79 78 38 85 79 73 47 34 35 33 76 9 8 41 16 79 49 29 35 93 87 44 90 87 3 53 52 57 22 38 74 2 16 65 87 47 38 87 82 74 72 58 35 80 51 3 11 0 84 46 46 71 43 88 59 46 42 63 3 64 1 30 66 17 95 6 16 85 45 98 11 69 9 98 1 12 1 13 13 85 59 11 9 2 99 20 0 93 83 56 58 84 86 76 53 33 34 69 18 31 20 30 0 29 28 2 41 82 15 6 19 26 69 80 81 21 0 81 14 83 89 24 67 75 53 72 8 39 42 79 71 62 61 71 43 89 73 36 23 40 95 95 19 16 75 0 37 76 33 4 11 23 80 31 50 33 3 11 73 97 90 96 11 51 67 54 92 93 43 68 85 90 63 4 6 38 56 96 66 42 0 78 17 32 9 67 66 64 30 91 62 20 87 73 23 6 80 16 51 23 84 37 13 99 93 71 37 2 67 56 44 19 86 13 52 47 32 70 11 63 13 73 35 0 47 59 58 79 75 10 2 11 99 67 10 44 38 99 46 6 55 42 25 93 55 29 40 40 99 52 3 12 77 90 64 76 49 23 55 76 85 57 87 84 24 49 80 15 49 27 21 56 69 98 50 77 28 42 69 27 94 24 40 72 14 56 0 64 
79 56 92 16 13 32 52 90 81 33 5 82 60 78 39 81 76 41 10 4 83 79 84 30 3 76 54 70 32 54 86 64 62 78 80 76 10 85 18 92 18 75 74 30 53 65 11 81 58 74 38 94 5 22 24 61 50 30 31 82 36 17 98 99 95 31 27 6 16 97 50 34 72 24 16 25 42 27 58 0 53 96 94 59 18 70 20 68 52 51 3 89 20 53 40 15 84 67 73 52 64 23 38 88 0 54 65 94 34 23 94 87 20 41 46 90 11 18 59 64 21 14 5 41 67 45 9 4 64 82 56 80 58 95 68 10 1 33 4 35 8 50 23 28 91 21 19 55 92 30 71 13 96 76 7 15 73 16 19 37 50 28 17 8 75 37 70 76 22 74 64 30 77 87 11 68 60 30 75 4 12 46 18 60 22 77 75 95 93 95 84 43 75 53 4 50 90 74 78 12 1 42 95 30 29 6 98 42 88 26 98 52 72 16 12 95 45 87 42 38 34 79 34 9 32 90 11 75 64 90 39 17 32 34 47 14 40 98 8 28 24 6 80 96 75 44 43 20 32 38 59 18 17 45 28 1 35 39 76 51 81 16 69 14 2 68 28 95 66 36 75 42 94 56 91 69 52 34 90 84 24 1 3 93 46 83 47 81 74 23 32 56 91 53 22 46 74 2 41 92 38 16 35 32 24 26 54 77 12 44 13 89 45 16 34 91 51 81 24 26 57 8 34 48 62 56 46 36 10 87 28 48 56 15 32 80 93 86 57 58 82 71 47 27 39 81 18 43 63 94 21 20 3 55 20 65 63 19 53 73 6 33 73 62 1 57 95 94 96 52 52 78 75 51 58 67 33 28 10 48 23 31 20 26 38 92 43 53 11 48 78 70 81 3 84 82 12 79 77 8 
84 81 39 59 33 49 78 18 77 40 18 0 23 90 78 61 82 21 66 46 69 96 16 3 99 0 85 12 80 14 72 64 48 11 75 33 12 54 3 90 46 21 42 70 63 21 83 45 94 50 91 16 46 59 19 98 12 56 10 92 23 82 8 23 46 35 56 58 41 59 0 88 32 43 58 95 16 41 92 62 43 36 78 90 95 49 88 59 58 50 3 33 84 11 56 30 99 12 41 40 23 93 28 7 36 38 2 4 80 46 67 23 82 45 65 30 47 5 89 5 55 93 38 40 56 94 22 55 58 15 48 33 9 76 40 45 67 94 2 47 40 69 22 75 66 88 57 13 93 46 70 1 91 8 41 0 54 15 55 64 31 55 49 40 32 89 37 51 35 39 98 28 60 20 55 27 60 12 40 6 58 11 7 2 71 0 2 78 15 9 94 98 65 44 90 49 85 28 0 73 19 50 1 80 70 56 7 83 68 99 89 78 62 96 32 86 96 34 64 63 96 10 62 61 54 52 10 92 32 62 65 4 12 66 84 34 74 43 17 94 94 6 24 57 54 57 95 2 91 11 18 87 21 32 0 28 84 62 20 69 24 85 73 88 3 9 23 77 4 92 23 50 51 47 7 5 4 54 60 48 65 78 87 87 10 88 67 46 50 87 67 27 24 92 15 27 1 90 56 57 83 79 8 34 78 67 91 83 22 51 83 39 81 70 78 43 10 45 90 61 32 57 40 56 2 55 35 3 46 91 13 81 22 21 15 1 40 58 36 14 62 19 54 43 41 32 87 52 30 29 65 14 38 5 71 40 12 58 96 10 2 9 91 24 82 58 77 74 17 13 89 79 84 95 74 78 79 61 30 9 42 47 24 81 52 47 73 16 5 69 27 7 30 70 84 64 29 61 91 98 
27 80 29 63 75 3 41 54 17 23 16 59 70 40 92 74 87 18 91 44 87 70 4 70 40 88 86 21 49 77 19 28 9 48 92 36 4 85 43 21 9 59 32 31 51 77 6 38 95 49 34 34 19 38 4 59 26 43 81 28 20 52 8 30 53 52 18 57 38 61 30 99 20 62 30 71 39 88 61 34 37 48 69 56 38 25 68 65 68 1 45 41 53 5 71 6 58 89 15 96 3 45 47 75 60 77 99 99 66 12 86 55 60 7 12 99 32 80 16 53 81 13 94 86 18 65 45 76 6 60 24 61 6 71 37 66 1 36 17 19 48 55 74 61 62 86 60 95 18 28 0 99 41 94 38 11 11 83 40 69 43 64 31 1 88 68 19 89 56 89 8 4 44 82 17 7 21 77 54 39 57 54 91 50 48 29 62 59 12 2 28 7 18 59 9 6 79 80 95 35 69 55 92 14 90 9 21 11 39 27 2 96 81 45 47 81 74 61 40 38 63 20 46 33 32 7 40 11 39 87 99 9 43 91 75 85 52 96 96 91 75 50 40 56 96 87 37 70 0 29 61 15 49 59 48 33 18 88 45 57 28 96 18 23 39 93 8 91 41 56 83 16 6 23 72 2 62 61 25 62 90 86 77 92 97 77 25 15 18 22 72 46 18 43 69 9 36 29 1 78 85 36 94 91 59 19 94 73 32 71 87 75 57 16 67 54 93 44 21 11 19 45 9 89 88 30 99 25 59 0 55 44 36 1 88 47 20 34 72 5 5 59 80 14 75 99 20 20 95 41 84 14 86 93 56 27 24 55 52 83 7 7 80 95 60 20 94 81 54 66 38 59 25 18 25 52 69 45 72 64 86 56 31 24 2 87 51 26 42 3 61 1 62 93 96 23 13 90 56 67 
56 94 78 33 64 3 37 33 48 61 49 86 70 80 11 72 19 62 50 13 18 11 14 32 57 10 7 70 52 15 90 60 9 20 45 25 76 82 10 76 96 12 63 66 44 74 38 64 88 88 77 58 51 44 91 60 6 98 31 59 14 73 71 75 45 17 53 21 51 63 98 47 27 61 13 72 87 3 36 27 91 65 86 95 9 77 55 16 27 38 27 93 63 98 21 9 67 74 30 19 89 28 66 17 41 32 41 80 35 77 8 79 94 94 74 56 23 81 72 2 72 51 96 35 49 17 44 69 43 27 88 32 7 54 1 49 86 42 81 74 71 89 53 18 83 27 74 58 60 98 61 32 49 57 20 50 26 64 19 69 43 7 53 51 14 7 52 52 1 33 26 25 23 79 43 58 58 17 69 71 15 30 3 16 39 23 66 17 40 86 38 35 45 43 86 11 50 90 64 4 24 42 29 99 22 72 9 32 41 30 3 8 60 59 24 51 34 42 68 26 80 58 62 26 2 0 37 4 43 53 8 67 96 37 18 70 61 79 54 2 10 10 62 22 69 38 74 3 81 94 82 61 5 96 39 7 96 29 11 39 82 20 58 30 9 28 52 71 8 7 25 70 17 40 92 38 78 18 93 59 65 75 73 70 71 12 29 20 93 40 11 28 12 70 58 74 50 63 97 10 22 74 80 91 14 25 29 93 43 74 4 60 50 29 30 73 94 11 45 87 52 57 15 16 79 26 90 29 89 39 40 63 14 72 54 28 97 35 73 93 9 30 53 11 59 36 37 53 47 82 41 51 39 8 20 70 34 62 0 75 2 92 90 16 64 44 96 62 31 70 7 93 0 60 4 11 48 93 17 96 76 58 99 67 18 19 38 53 82 90 80 84 82 71 52 98 67 48 60 51 
70 67 44 70 80 0 34 28 94 51 76 22 61 28 89 79 99 79 84 81 69 65 17 3 88 69 2 7 70 14 58 40 34 2 63 14 55 97 94 49 48 23 71 61 3 12 40 2 44 77 84 13 42 53 69 82 75 71 89 45 85 0 85 71 2 48 37 57 97 32 58 97 7 81 58 10 94 51 12 38 28 48 3 22 2 24 4 77 95 45 74 33 45 59 4 0 60 42 9 9 26 68 7 85 1 17 95 95 68 59 85 96 8 41 70 62 65 26 91 13 72 65 98 69 76 54 21 88 96 83 98 74 3 57 59 4 74 6 52 43 66 89 91 26 30 14 40 48 40 31 13 64 96 11 34 24 65 7 13 14 90 11 88 93 68 0 98 94 58 50 89 76 39 33 2 22 47 42 22 87 73 35 52 21 46 38 46 11 45 11 25 36 74 66 29 94 18 79 88 76 81 78 53 21 11 7 95 58 2 17 97 27 52 49 49 50 87 47 61 85 10 39 21 84 57 2 78 75 34 18 3 15 48 8 88 59 16 83 69 18 52 19 45 4 68 46 54 8 45 68 93 55 59 66 91 68 20 69 95 54 40 98 70 88 7 58 0 75 94 69 93 46 40 90 3 9 89 9 17 34 29 62 42 88 28 33 56 48 55 51 3 95 2 25 83 9 35 83 36 81 5 81 80 45 71 83 6 12 44 75 99 74 37 41 62 17 26 71 66 81 74 21 28 76 98 12 37 85 47 73 67 52 54 47 98 78 82 4 90 26 32 89 0 69 82 15 87 9 86 5 42 12 78 71 89 28 83 26 13 30 52 80 35 6 79 85 36 61 41 79 88 73 68 40 43 3 55 82 64 93 39 6 58 17 29 47 45 12 25 10 95 77 91 82 84 22 67 72 84 8 
51 24 82 72 64 77 75 72 11 39 17 50 97 75 19 27 74 16 91 0 26 38 77 69 20 13 92 87 86 76 48 89 52 82 61 68 11 88 92 22 79 62 24 77 89 95 56 64 11 47 64 89 86 93 59 58 7 51 98 45 79 46 34 83 80 48 51 91 36 44 65 16 6 41 45 95 36 1 11 99 48 75 88 86 69 99 97 28 50 95 25 81 93 59 64 25 59 16 68 96 12 85 12 70 26 57 17 14 58 29 65 58 56 53 97 25 53 94 5 55 41 30 37 86 42 53 11 1 21 79 49 85 64 61 55 42 70 73 56 80 54 21 91 10 26 40 36 31 86 93 87 27 76 76 65 18 81 76 71 3 55 21 88 71 34 96 13 57 69 21 89 23 94 80 33 20 20 21 4 6 67 91 85 43 19 50 13 0 78 36 3 85 9 44 56 96 40 21 53 61 94 94 36 88 75 21 61 47 95 65 6 62 8 43 5 27 94 70 27 72 6 83 10 68 27 66 64 19 40 69 80 34 63 16 23 38 37 36 38 32 1 44 46 9 39 3 88 33 73 67 58 32 50 68 0 29 86 16 48 26 85 28 61 48 96 36 39 86 72 29 18 73 73 17 34 12 20 74 98 94 41 8 78 44 28 78 73 14 94 74 93 31 54 6 79 51 42 70 37 14 99 7 39 24 24 25 89 97 99 39 91 92 47 69 36 27 99 62 93 45 36 86 76 90 92 7 93 34 78 30 0 29 90 39 54 66 16 43 63 15 82 6 60 81 27 48 8 78 10 1 75 46 40 51 89 84 11 82 19 41 65 71 70 7 63 24 73 79 19 89 47 53 47 7 34 27 55 94 5 66 48 81 64 88 84 53 72 95 88 43 88 53 15 59 60 78 35 85 57 7 
26 56 60 74 63 47 53 19 41 58 37 89 91 53 77 76 7 2 23 47 45 12 0 12 23 12 42 10 49 0 17 76 56 78 2 72 25 55 43 66 65 80 8 57 85 85 85 44 87 8 91 85 72 43 97 95 55 40 58 5 92 75 33 0 53 87 24 30 94 67 49 59 99 57 16 85 94 53 29 34 62 73 19 86 16 68 82 72 60 40 29 4 67 14 57 73 53 81 3 47 49 4 6 0 61 75 85 8 28 67 42 42 40 13 29 8 81 63 32 94 55 13 98 22 27 55 95 80 37 51 79 38 55 38 38 17 65 76 77 45 95 19 88 87 32 69 95 65 32 28 11 39 41 10 13 21 17 9 53 6 12 33 96 67 23 87 36 88 63 13 33 10 32 73 49 16 42 44 82 26 24 93 17 18 55 31 91 25 92 44 31 4 29 28 71 52 15 8 40 30 73 26 92 6 99 41 74 94 37 8 72 62 54 90 32 9 73 23 86 65 19 18 69 49 98 40 53 65 0 46 47 74 72 91 32 23 32 6 69 21 15 42 35 21 84 67 82 57 42 69 22 62 39 91 63 37 83 16 54 84 62 1 10 86 44 42 10 76 0 31 97 67 73 33 88 9 52 71 66 95 40 40 9 79 83 72 68 19 40 22 55 55 75 65 41 19 59 3 47 59 35 96 27 60 29 15 22 34 86 40 81 78 81 90 57 16 14 25 35 54 99 90 9 74 7 3 45 66 58 92 26 45 89 53 58 70 20 80 4 7 20 85 85 1 27 95 70 41 72 5 96 72 48 57 46 55 12 44 22 71 36 0 16 25 53 74 96 25 54 52 32 27 90 70 28 17 17 50 59 89 8 7 61 56 64 60 63 77 4 37 0 92 37 68 18 42 95 66 68 1 
70 52 28 60 74 9 78 91 59 89 33 67 96 46 75 12 6 91 41 62 28 41 55 18 10 25 12 5 43 32 6 13 85 35 74 11 44 4 3 55 45 88 23 41 34 50 5 41 41 47 55 22 88 62 40 50 39 4 55 82 37 14 96 74 1 22 85 97 78 40 52 23 28 75 16 63 26 21 56 19 20 63 41 9 26 33 11 65 38 19 0 75 33 48 49 34 22 34 31 0 75 83 75 55 11 43 18 89 64 74 8 37 38 50 46 16 83 57 33 21 76 33 48 61 33 97 47 55 84 30 7 11 66 82 66 77 25 85 18 42 11 26 79 1 76 77 69 60 86 3 33 15 88 82 28 22 31 76 29 15 58 37 26 24 71 45 53 49 82 71 43 45 98 74 47 26 51 68 38 89 23 72 56 12 6 85 86 37 61 15 5 71 4 83 96 76 28 49 25 10 73 68 56 71 42 55 49 45 75 88 34 99 12 91 11 18 28 49 7 41 16 12 12 21 96 8 97 76 10 22 39 83 42 47 6 84 2 55 81 29 95 67 28 7 10 39 25 38 40 85 79 57 97 92 78 45 52 27 22 62 1 61 97 43 60 55 79 14 63 12 43 58 79 72 18 90 63 43 28 4 80 60 13 78 4 91 75 56 70 97 71 71 10 20 14 70 76 45 36 91 57 80 49 36 52 19 78 15 63 59 71 95 19 84 73 23 27 49 31 97 98 54 68 61 75 34 83 3 79 20 94 88 0 95 77 52 15 55 19 30 14 91 25 85 27 51 60 55 0 92 52 50 46 21 11 73 55 95 76 87 15 70 75 15 18 52 19 33 60 90 15 74 81 40 60 9 43 72 16 43 64 68 94 63 89 57 36 97 52 65 36 67 87 11 34 5 16 5 90 76 
96 57 2 29 50 62 90 93 87 6 89 51 75 35 66 16 92 55 65 97 20 1 64 59 65 51 65 81 56 7 9 4 65 11 34 67 26 24 60 13 31 49 16 6 84 83 74 29 38 40 26 10 41 42 69 6 93 86 39 2 46 48 6 63 60 92 30 86 17 90 99 48 92 15 6 28 50 80 57 40 72 83 2 66 78 72 72 23 10 64 25 56 12 84 19 24 28 49 62 45 92 13 93 84 81 51 12 31 84 22 72 56 57 26 22 35 98 47 59 61 11 36 17 75 72 89 52 1 38 14 46 82 28 92 66 9 95 31 92 79 5 16 36 62 43 58 98 93 57 9 54 20 45 72 96 70 13 0 71 51 14 69 86 94 61 4 55 57 35 48 36 92 64 24 55 7 35 5 1 92 66 7 13 11 79 61 81 44 61 4 96 75 74 34 22 87 38 77 44 74 25 33 18 90 9 73 49 44 30 2 37 96 10 2 60 41 63 93 86 24 98 34 51 72 68 73 59 6 3 56 32 28 41 51 70 50 76 20 95 59 22 84 55 84 86 67 26 1 61 12 77 59 46 28 83 66 54 94 72 57 2 5 37 43 8 8 46 84 80 93 95 54 29 51 39 15 70 17 68 31 29 45 42 27 25 25 93 79 72 17 88 74 74 26 70 82 86 16 19 18 61 14 72 90 17 63 57 88 80 25 71 61 22 14 88 47 91 33 79 15 3 67 90 77 45 12 12 31 80 83 49 41 49 74 31 19 37 88 7 70 65 30 31 87 44 72 34 88 5 13 3 60 33 45 38 78 57 2 62 37 85 63 78 86 89 61 5 79 1 12 49 66 95 80 53 39 52 40 27 10 5 83 70 38 28 60 69 86 62 83 75 99 98 54 86 88 67 43 67 69 
8 16 35 3 48 41 42 1 33 22 63 38 57 85 29 85 46 50 23 60 33 99 12 31 53 50 71 72 93 38 41 1 6 77 4 55 70 99 56 3 73 71 93 30 56 22 15 2 24 39 15 57 38 27 41 43 77 12 15 70 3 9 24 9 86 28 64 56 27 20 11 0 91 4 82 0 79 98 2 3 89 17 13 79 96 54 74 73 18 41 96 21 50 20 31 36 0 47 44 80 20 55 32 63 12 15 63 91 65 66 94 54 35 7 85 32 13 59 57 84 52 5 5 3 77 88 91 78 36 88 10 56 95 94 19 7 9 83 98 26 1 45 32 88 4 17 20 18 28 30 54 81 35 59 36 13 0 27 43 36 15 5 44 11 99 15 70 9 50 69 87 51 66 20 40 70 37 12 40 18 42 94 99 30 6 35 43 6 14 38 94 30 43 90 93 42 5 63 3 8 84 91 59 2 11 51 25 0 16 17 18 58 64 69 88 70 56 83 28 71 73 74 53 16 16 46 11 21 61 14 29 98 57 41 0 20 44 25 21 60 95 91 71 59 61 11 81 17 47 61 40 20 35 93 89 51 91 0 24 53 66 6 51 24 99 3 44 95 81 17 56 76 9 79 35 22 42 16 91 89 29 32 62 64 77 51 67 69 3 43 22 69 49 25 93 0 80 90 96 61 7 4 37 16 35 24 90 77 92 82 19 21 14 81 37 91 84 4 12 87 0 34 56 1 11 2 2 92 92 50 5 99 54 43 68 89 19 58 18 12 40 37 33 6 70 71 50 54 27 62 41 79 49 50 81 12 52 83 4 44 33 62 95 39 57 63 28 76 22 98 88 62 36 74 21 6 97 71 61 76 85 54 56 34 4 37 47 8 72 3 52 57 65 48 96 22 63 76 51 85 
74 39 0 62 65 21 69 14 44 82 91 29 88 99 16 45 36 15 53 60 18 58 17 36 58 65 10 21 93 61 7 19 53 59 82 70 80 3 85 76 85 76 5 73 75 73 18 63 88 24 23 59 82 92 47 40 57 9 61 2 71 20 21 76 79 3 46 11 6 83 87 43 11 45 69 38 18 39 1 59 63 76 18 45 20 17 37 77 26 51 79 97 71 53 25 3 56 24 14 15 7 54 58 71 51 27 9 69 19 63 80 82 91 98 80 12 15 17 89 94 68 21 43 92 74 69 47 82 45 61 97 4 67 8 75 18 87 37 40 6 0 20 89 91 71 21 3 38 38 45 32 59 18 28 3 44 97 50 26 94 63 76 98 31 84 26 1 23 63 93 30 63 66 71 6 37 92 62 27 82 59 12 41 77 40 44 73 89 94 99 83 58 27 33 41 63 59 42 87 22 36 17 37 2 40 44 91 32 6 70 14 65 34 8 94 26 52 67 15 99 18 50 9 98 84 50 61 95 44 48 18 32 17 55 86 9 99 29 41 57 52 8 74 86 16 68 65 20 87 80 71 58 83 80 56 19 82 69 14 79 70 32 63 87 40 50 97 91 31 90 49 83 98 75 22 66 44 87 87 83 19 58 41 2 91 49 73 25 19 88 4 89 72 68 28 64 70 77 56 1 68 57 85 18 32 59 85 76 46 24 12 65 34 5 68 25 55 93 51 74 33 7 15 58 27 43 22 97 21 78 99 41 87 36 11 20 95 48 48 41 72 60 58 59 66 78 36 73 72 39 99 5 47 14 15 74 57 38 24 30 68 23 23 56 11 35 76 58 83 24 51 8 37 9 67 55 40 3 28 12 95 27 69 42 41 85 68 50 75 92 33 95 67 56 3 30 43 79 88 79 
56 91 87 45 53 6 0 93 61 28 5 56 7 26 50 0 63 19 2 38 11 35 34 79 44 37 61 39 69 50 18 77 93 57 22 46 63 74 39 77 2 96 33 61 75 84 61 38 3 63 29 66 51 15 97 95 4 59 34 73 61 5 2 54 62 76 1 78 50 92 55 4 41 88 65 68 72 26 6 27 90 35 94 41 2 43 88 7 2 74 32 63 79 35 18 94 11 71 72 14 15 27 18 8 15 84 76 40 10 83 19 52 70 65 45 73 9 85 32 63 60 64 27 91 99 97 85 63 20 9 77 87 36 47 96 4 31 72 44 94 7 15 46 30 81 44 55 90 29 87 5 89 51 32 33 3 81 70 18 53 80 47 41 16 94 37 20 26 61 16 20 69 32 18 99 13 62 6 55 92 93 60 33 44 45 66 99 78 37 17 32 17 64 25 85 59 14 6 37 75 74 57 96 6 75 95 71 90 53 78 82 46 91 15 43 88 34 42 66 71 12 50 40 28 75 25 39 89 31 76 17 58 85 13 64 13 61 88 3 14 18 85 61 9 52 56 97 86 50 16 9 62 18 49 43 46 75 82 35 58 11 4 16 96 18 33 61 79 73 64 93 91 1 6 1 6 62 50 92 13 18 54 27 37 3 70 83 30 5 70 41 16 75 9 64 93 94 26 24 67 42 17 59 44 76 12 50 90 14 94 3 33 48 83 22 4 53 5 86 10 27 79 26 2 89 43 47 35 69 71 3 63 41 14 7 69 78 9 59 92 4 15 77 4 98 99 60 3 56 47 14 84 26 92 38 67 35 38 3 56 9 58 20 2 72 79 71 50 41 31 94 97 98 72 1 96 23 14 99 80 61 65 16 39 10 6 59 97 44 14 6 6 72 78 8 96 57 32 46 98 
15 92 95 13 64 49 61 88 63 12 20 76 78 36 67 88 94 78 85 39 92 43 45 64 21 5 12 79 37 10 29 4 3 77 17 67 78 30 7 93 43 27 21 21 15 88 61 10 19 98 49 11 42 46 28 63 3 40 94 93 51 76 97 54 53 67 73 83 97 33 76 40 12 97 13 28 37 26 90 56 25 91 20 19 37 0 34 40 40 81 33 43 57 83 49 62 50 75 45 99 8 73 92 20 22 5 0 59 84 90 68 61 81 40 80 70 40 66 63 32 47 48 76 4 31 77 66 33 52 63 33 12 36 77 33 58 82 33 70 66 76 90 27 57 82 59 80 22 78 43 6 25 91 34 82 75 12 0 60 16 64 93 29 52 70 14 63 5 99 33 23 75 75 3 85 9 14 65 83 92 60 89 18 51 24 52 78 88 52 39 56 16 84 85 21 7 51 84 64 51 69 87 26 44 42 63 5 57 28 88 1 88 77 19 92 53 71 22 93 76 61 50 92 98 87 13 5 39 49 69 90 18 8 68 14 51 32 19 60 60 7 61 1 37 81 45 90 4 67 84 80 81 86 25 79 73 90 36 12 40 5 54 58 65 23 25 16 55 44 76 67 52 38 20 89 71 65 31 27 33 67 60 66 53 37 45 79 79 33 43 19 38 98 30 55 73 55 72 28 99 0 47 3 90 68 44 61 33 76 41 18 95 53 84 1 90 81 80 69 14 75 41 4 73 71 60 46 26 84 26 77 84 74 33 75 94 77 88 27 53 29 98 1 34 34 2 24 16 34 46 82 9 87 87 35 10 99 81 88 83 60 65 67 86 98 94 80 28 83 59 33 64 9 34 51 44 36 75 60 70 73 94 80 12 81 15 22 32 48 10 15 60 28 35 98 78 29 30 6 64 
90 40 81 99 26 32 95 63 59 55 85 33 50 17 45 83 32 20 16 33 82 83 45 10 18 44 41 0 74 99 64 16 91 97 68 18 81 63 81 41 19 18 26 21 36 23 56 20 43 24 53 26 8 99 88 26 95 29 26 69 29 43 38 72 92 6 90 74 69 23 67 40 42 93 13 78 68 70 98 12 94 4 90 2 55 30 81 50 60 7 71 41 2 9 13 95 15 56 21 37 79 88 77 21 33 91 51 1 13 2 65 7 6 55 62 13 86 43 63 98 2 86 91 57 96 56 4 63 12 25 0 92 65 78 65 98 21 69 99 34 71 65 93 29 72 7 42 58 2 57 8 57 43 99 14 39 8 70 3 20 95 55 64 60 85 82 10 6 51 9 92 74 26 38 3 99 97 97 9 0 54 18 9 97 69 75 89 77 45 44 50 92 99 14 4 85 96 14 43 99 23 88 25 50 26 28 1 23 25 10 75 31 80 84 29 2 59 18 79 56 62 81 48 61 96 52 98 44 66 94 96 42 82 21 44 8 2 45 83 79 55 11 11 88 95 40 90 7 10 21 63 72 3 64 85 51 16 36 95 35 30 43 29 12 65 73 72 67 70 7 46 77 18 57 65 14 49 55 73 59 29 88 83 32 52 69 83 21 57 30 8 87 74 37 51 39 10 23 58 80 30 4 57 49 14 75 15 63 82 40 75 11 28 58 95 33 79 78 54 36 61 62 75 35 99 26 26 61 1 84 93 32 40 2 33 54 29 0 70 12 40 45 23 20 55 19 53 35 49 7 23 10 21 99 97 72 77 75 33 79 11 78 11 52 33 96 58 62 96 80 74 88 77 50 8 33 21 62 20 22 21 43 85 43 94 82 15 72 10 1 3 21 79 66 73 64 62 84 27 10 
64 53 98 94 55 6 27 28 68 99 51 90 42 36 85 89 70 0 13 80 53 16 54 85 34 79 49 96 63 28 6 80 82 56 74 37 62 53 66 83 52 69 25 46 57 10 87 27 62 0 60 16 68 14 1 2 93 2 50 9 31 56 89 13 64 15 2 27 20 20 62 72 89 87 70 98 49 58 26 11 58 38 79 79 52 32 33 97 35 84 6 66 92 47 79 57 14 33 84 34 54 46 58 95 85 81 94 34 39 72 97 49 10 29 28 14 61 62 63 96 98 70 62 90 69 41 47 84 27 83 70 33 81 81 28 66 62 74 52 1 98 2 2 60 31 83 74 92 45 90 89 95 60 51 85 81 45 33 65 24 16 88 57 50 69 37 16 31 12 21 84 62 23 86 23 6 69 49 98 66 39 39 61 51 43 99 33 40 32 50 64 0 38 21 50 59 58 19 42 22 92 26 37 67 65 60 73 86 61 23 5 1 63 18 4 58 17 37 98 1 88 62 2 78 35 4 38 93 23 80 68 67 7 5 34 24 17 7 62 30 83 67 31 46 86 88 4 55 25 54 57 65 16 11 44 51 15 82 96 91 62 16 58 21 73 93 45 42 52 60 73 35 27 56 33 65 44 89 73 70 43 30 35 59 41 79 62 8 61 59 99 76 27 58 97 1 3 95 43 55 55 16 43 34 73 76 52 17 66 25 39 9 55 75 21 48 6 83 56 20 94 8 96 22 18 45 23 21 40 66 28 47 35 71 82 8 0 34 77 66 11 17 27 18 44 48 18 2 84 74 74 78 34 70 0 52 16 23 73 8 42 54 56 29 77 90 89 77 76 66 95 87 35 75 5 31 75 23 34 59 49 8 38 84 31 90 88 99 14 14 7 8 68 15 37 97 5 26 27 81 
44 74 20 80 49 77 63 25 52 49 36 2 10 74 38 41 65 26 92 31 40 51 91 60 67 80 58 24 58 85 58 2 59 78 34 61 56 50 38 60 99 74 62 9 1 52 2 18 31 94 1 71 98 44 32 65 24 42 41 82 79 99 36 90 30 23 51 38 73 41 98 72 16 13 34 69 65 88 39 96 83 40 20 33 84 4 98 60 46 91 94 77 91 30 67 21 53 71 11 78 12 9 3 80 22 37 1 40 25 40 88 60 32 8 93 16 12 43 28 10 35 22 87 78 5 7 51 10 78 62 89 90 71 92 23 46 81 24 86 6 65 74 19 97 83 12 66 47 8 94 10 43 69 49 21 74 56 72 36 34 34 25 77 57 69 0 3 50 24 41 57 41 16 28 39 51 40 57 50 48 3 60 43 24 10 16 98 18 40 87 53 26 12 82 84 82 82 39 84 58 81 93 0 49 21 91 52 14 0 2 62 3 15 58 28 77 74 78 95 15 65 48 41 30 30 77 64 64 17 48 23 50 42 75 99 63 18 51 29 18 5 92 21 20 2 1 97 28 32 93 43 97 93 37 79 76 66 43 40 83 92 15 85 86 42 84 1 60 87 31 78 93 75 52 13 77 5 11 5 37 56 1 87 49 90 66 77 56 62 70 92 6 37 29 92 80 14 45 92 1 76 23 46 51 27 60 80 32 23 38 22 31 91 61 32 81 27 10 89 41 80 33 47 17 63 91 49 29 37 42 82 13 17 29 17 44 41 49 28 16 39 50 47 30 11 79 63 91 89 53 84 69 38 32 39 53 23 88 82 12 82 65 78 99 46 47 95 87 96 24 3 36 26 50 66 90 81 82 33 71 87 17 92 25 1 83 79 77 72 61 89 6 78 67 58 24 14 53 63 63 
77 66 51 56 68 69 46 50 51 79 73 38 48 17 64 2 1 95 79 25 8 20 83 87 88 41 63 54 95 27 17 24 93 20 80 14 90 78 16 41 9 41 80 58 58 96 60 11 91 91 88 99 11 24 86 51 65 2 6 12 29 75 37 74 96 69 88 86 48 56 79 57 97 59 67 8 55 79 71 46 70 12 98 34 36 36 85 1 38 43 14 67 71 3 94 19 72 82 57 20 91 36 30 88 48 49 96 3 29 20 2 51 32 0 85 68 36 23 21 75 18 35 94 89 90 88 60 63 23 17 35 14 54 17 54 2 67 3 57 48 23 59 99 55 11 37 23 48 12 44 75 30 32 21 20 22 10 80 37 85 50 25 51 56 42 5 10 9 8 67 57 83 79 9 38 90 98 13 90 10 10 17 40 42 39 60 16 49 93 6 86 43 31 37 99 25 94 61 87 3 28 96 38 59 5 77 2 3 42 92 13 52 10 6 46 49 66 15 50 11 21 88 6 4 25 57 29 19 18 16 74 47 13 13 58 70 42 60 26 36 53 91 89 15 97 87 16 16 54 18 27 27 6 34 31 83 43 13 54 62 81 29 61 46 94 19 17 88 80 95 24 85 86 65 52 84 53 68 0 7 38 79 87 44 65 18 79 9 83 33 71 65 14 32 11 60 3 80 48 35 75 25 72 62 90 24 98 95 44 98 55 82 29 42 78 95 12 57 4 96 43 75 61 57 59 72 70 14 5 18 50 80 95 22 94 86 99 92 33 43 42 88 26 72 30 56 67 95 66 23 91 9 50 52 18 9 76 88 75 81 59 77 14 54 0 8 92 51 53 26 94 47 66 72 71 49 29 38 44 95 61 35 56 63 87 74 72 15 15 0 49 26 77 63 32 29 23 25 80 28 
3 27 76 69 99 47 18 80 38 62 75 51 97 31 15 36 58 39 4 25 39 53 51 69 68 83 98 43 60 31 72 15 58 0 85 57 99 55 38 89 18 65 41 67 49 8 56 59 99 12 84 91 65 87 60 85 70 10 28 83 41 52 98 51 52 35 9 4 91 99 93 61 16 86 80 65 94 36 24 94 48 60 85 65 47 97 2 70 7 31 53 1 35 3 52 40 39 13 44 82 12 37 43 29 76 23 46 22 12 23 16 12 83 53 30 31 2 32 1 62 15 6 63 51 9 15 91 0 81 35 82 93 24 25 74 0 1 73 23 13 96 91 77 79 97 7 10 51 40 63 13 55 69 76 58 79 44 49 79 25 84 62 70 61 39 97 13 40 70 88 5 66 80 35 45 29 42 8 80 34 71 94 42 41 22 0 72 18 50 51 43 86 65 66 99 57 63 13 97 33 1 55 99 33 90 96 14 84 4 47 19 28 41 13 69 15 13 41 34 15 44 77 54 10 95 53 67 58 18 16 91 72 23 42 57 13 91 72 50 47 19 69 75 12 82 96 27 47 37 61 63 34 91 17 96 86 22 15 97 41 31 40 13 7 83 70 72 26 94 22 73 13 43 49 77 25 97 5 25 87 18 88 21 61 57 17 0 31 84 97 72 67 37 37 74 72 60 47 98 6 69 72 20 13 73 49 90 22 54 15 9 25 55 30 86 64 99 86 96 83 83 20 51 73 10 25 45 70 24 44 76 46 68 48 11 93 98 53 15 4 69 25 29 76 7 68 41 59 54 89 42 90 9 45 63 19 23 60 41 47 56 70 45 76 18 56 69 68 10 37 25 31 62 6 7 21 74 0 80 81 89 75 23 99 20 38 70 43 98 12 43 7 82 40 83 52 97 53 73 59 
90 98 90 4 56 49 25 31 2 58 64 91 33 87 42 53 77 13 49 75 25 44 82 59 84 66 11 33 71 84 44 13 34 86 17 91 36 94 74 90 52 38 81 37 77 24 43 54 89 92 81 66 88 64 25 24 82 36 10 5 73 54 18 7 41 87 98 29 81 72 19 86 62 52 23 39 76 66 93 17 10 75 83 50 91 8 75 25 97 85 30 70 39 48 77 80 35 28 61 68 52 80 6 15 33 30 54 61 48 0 79 11 75 14 61 66 75 36 91 72 21 73 42 13 21 71 45 8 51 7 28 4 39 35 19 72 17 25 86 65 25 17 76 52 31 38 18 6 26 61 30 0 86 24 13 7 48 58 67 99 17 96 55 57 31 74 81 48 52 19 65 77 36 94 30 20 84 0 78 10 14 9 62 0 85 75 60 33 86 27 33 55 75 88 12 58 15 46 58 67 65 24 96 54 70 78 26 54 31 4 16 45 65 79 97 51 6 57 36 92 37 69 0 64 10 12 23 77 10 81 96 28 57 92 82 27 23 8 33 54 64 2 99 82 81 48 33 39 6 21 84 95 91 84 59 53 48 82 82 59 16 78 87 25 22 21 5 45 81 38 99 45 92 50 27 25 99 12 65 57 34 49 52 77 33 11 82 81 46 64 92 14 42 79 39 16 52 44 62 33 35 13 31 27 64 10 53 63 75 18 72 61 19 24 90 52 87 72 85 85 88 78 99 82 9 39 98 14 83 60 47 70 74 30 98 90 41 3 5 68 21 77 29 92 1 19 44 40 43 81 26 31 11 25 13 21 64 11 35 0 24 34 70 50 17 20 40 10 23 45 78 44 22 7 88 75 78 32 15 21 66 93 52 77 19 17 50 35 80 37 35 56 24 58 6 41 78 98 51 2 
95 81 98 69 88 87 44 18 71 12 39 37 5 43 67 76 60 17 12 92 7 99 49 31 57 7 72 36 6 75 90 1 56 88 71 96 75 67 14 99 31 5 36 37 48 55 65 60 25 77 52 32 29 53 63 86 61 87 74 19 62 64 20 70 53 43 66 80 11 32 79 42 37 68 31 37 23 97 97 48 26 1 80 55 7 95 94 20 82 68 39 96 33 59 18 86 3 36 18 66 68 98 8 57 66 40 94 41 89 43 42 67 97 74 75 4 70 69 24 4 37 15 53 70 74 71 8 29 60 27 95 28 25 56 38 43 48 84 36 37 28 78 56 77 53 31 81 75 0 57 31 38 72 84 8 98 8 69 80 68 96 75 48 73 31 38 16 31 23 4 68 3 83 77 80 88 8 13 15 61 22 98 99 94 83 59 44 43 28 24 63 24 52 63 97 83 2 65 15 77 70 35 80 5 64 60 45 73 25 12 34 47 10 85 93 45 96 37 88 25 14 3 1 66 67 51 1 21 68 68 98 90 56 30 47 20 90 44 45 67 56 31 14 67 16 7 12 65 96 53 90 62 8 43 28 75 46 30 48 15 50 46 57 6 28 5 79 18 49 24 37 58 56 51 25 24 10 89 89 59 94 31 21 3 27 2 30 73 84 79 40 34 77 50 93 6 55 72 76 56 48 66 14 4 17 91 81 80 33 22 91 79 6 64 82 85 66 65 58 50 96 51 37 25 1 30 83 8 2 12 16 50 78 83 7 95 26 40 27 59 14 70 39 72 35 73 57 1 90 68 4 86 71 93 64 24 23 47 32 77 59 0 79 37 83 38 85 10 78 64 21 45 35 12 17 70 86 27 23 28 95 79 67 66 72 31 90 47 78 74 24 90 74 56 27 10 94 64 72 25 
29 45 22 16 58 39 38 96 18 13 24 13 93 91 31 17 74 21 17 53 47 93 95 74 49 74 36 44 39 8 21 20 53 43 36 11 34 74 59 53 87 84 66 32 27 98 2 2 71 19 55 71 12 2 45 62 76 81 58 15 41 79 35 46 74 23 10 8 97 69 61 37 53 80 69 81 30 23 83 53 42 90 24 7 92 21 69 20 2 79 36 95 10 23 42 84 47 52 44 96 21 6 33 75 38 55 8 20 78 43 73 73 85 98 80 29 19 49 49 74 80 85 69 90 61 11 26 8 63 70 56 37 28 90 12 66 97 72 86 75 15 60 0 0 10 80 29 81 81 30 7 61 68 77 3 29 40 29 89 56 0 45 93 28 87 57 47 84 29 33 12 96 45 12 48 7 45 29 41 26 59 48 40 27 25 43 56 18 25 97 74 25 95 67 5 82 24 4 19 53 38 83 49 35 47 97 95 92 26 36 19 37 84 11 65 62 54 73 80 79 71 54 56 66 73 14 0 97 18 19 2 8 2 3 96 50 52 91 94 30 27 65 67 63 76 32 25 83 58 57 62 81 11 71 47 84 37 99 33 55 19 35 16 73 38 12 75 90 3 70 20 82 35 40 97 64 72 23 47 82 80 9 63 44 32 62 80 69 62 14 77 33 1 93 58 40 57 34 82 60 56 55 94 43 95 91 7 19 66 54 2 99 16 65 95 48 80 75 70 42 41 99 75 43 92 33 35 49 19 69 61 75 24 7 71 71 50 78 91 17 33 45 68 1 62 63 1 42 38 71 36 32 22 11 75 14 97 62 15 68 31 28 96 8 87 67 79 38 45 22 7 30 19 75 83 82 38 85 76 28 8 13 60 31 24 87 97 73 1 13 42 85 93 38 93 81 57 24 19 54 
99 78 37 18 53 20 52 43 5 29 71 14 42 84 97 18 23 94 44 77 59 86 62 53 76 7 86 85 83 57 39 82 35 76 53 88 97 57 31 54 86 54 20 80 90 17 51 66 64 95 43 23 33 57 28 61 64 14 46 47 71 85 82 6 62 87 46 11 44 29 65 83 36 86 63 78 55 14 44 19 61 39 95 94 96 75 55 60 90 1 60 13 39 94 72 53 81 70 64 77 0 29 12 36 67 28 14 75 94 11 94 56 50 41 50 47 17 58 59 59 11 19 72 50 65 96 3 98 67 19 28 19 49 40 7 68 68 73 43 63 84 90 19 35 31 21 34 0 31 45 59 43 17 84 93 82 80 49 81 99 68 9 70 69 1 77 90 70 51 85 85 35 75 56 22 59 29 8 59 61 54 71 4 71 55 49 53 87 98 86 87 19 47 9 88 49 87 30 71 38 16 56 25 43 64 0 2 93 8 14 54 14 85 10 85 92 60 91 79 10 29 18 81 77 28 22 26 15 52 49 5 68 5 82 12 21 82 66 14 91 80 21 57 17 31 43 9 43 86 89 6 15 7 87 92 87 9 70 2 62 19 59 82 76 42 94 97 24 13 64 67 45 85 25 63 16 20 24 60 6 13 66 73 73 5 18 12 15 88 67 29 60 26 63 88 68 58 38 45 23 2 64 68 87 41 31 55 61 56 67 19 21 85 45 46 91 63 59 58 3 26 39 63 4 2 4 25 12 42 70 35 44 86 4 83 28 87 90 41 95 58 13 17 95 58 15 38 73 74 96 76 52 87 92 57 90 96 82 54 38 4 90 34 42 46 69 70 33 59 64 81 69 29 50 17 39 65 55 12 92 4 40 44 91 32 53 33 28 87 88 18 91 78 4 34 76 25 56 61 37 
72 42 6 1 92 23 40 58 31 52 50 35 93 46 78 77 52 12 6 39 52 76 83 30 33 69 58 10 25 19 47 98 62 6 99 54 81 92 64 12 44 66 99 89 65 78 67 17 42 25 56 94 53 91 76 86 60 34 97 38 53 96 36 67 2 87 74 84 79 90 96 76 57 48 65 74 26 32 43 68 9 51 14 63 43 90 1 3 76 98 41 81 47 29 49 49 69 75 33 0 65 82 76 74 30 94 48 8 26 91 28 36 95 42 51 38 84 52 93 60 3 35 41 50 16 42 99 85 17 85 86 83 19 14 9 49 8 10 57 87 53 37 75 48 79 26 86 15 78 80 75 81 67 68 31 83 11 83 21 28 20 59 63 39 73 73 88 82 83 97 21 88 86 96 37 17 22 23 32 52 55 59 34 22 27 17 58 38 52 79 19 72 38 34 11 11 59 51 45 94 48 66 83 34 14 20 51 88 95 35 41 51 94 27 73 22 44 31 12 49 62 83 21 0 18 85 64 77 36 61 72 37 80 7 23 94 27 27 83 22 62 76 73 57 3 99 31 99 82 43 48 45 27 22 45 97 7 61 74 43 23 98 80 3 5 4 49 84 31 84 7 45 60 32 2 63 31 33 63 14 29 63 11 8 85 56 5 92 70 31 88 93 82 68 48 87 24 49 24 7 34 31 5 94 63 7 10 47 93 73 13 74 36 24 82 74 32 39 66 2 70 6 47 52 75 47 92 51 97 16 11 31 99 16 77 14 75 87 13 20 12 26 94 1 50 28 75 83 67 93 37 38 0 85 42 27 32 86 78 81 54 41 12 53 9 42 20 85 29 33 57 94 60 52 95 62 80 70 97 48 63 35 38 63 72 32 42 56 19 21 38 25 14 2 31 24 44 51 61 26 
84 18 72 96 22 67 11 3 89 8 3 52 95 93 68 67 25 10 76 96 83 14 22 50 68 53 26 65 56 39 91 92 57 63 89 32 82 52 87 71 60 90 75 8 83 95 27 60 6 3 57 41 69 79 43 38 84 69 3 40 8 46 32 18 61 73 50 43 25 89 66 38 79 41 46 14 37 73 74 95 29 83 36 98 62 80 36 98 1 91 38 10 37 23 80 98 96 82 93 22 71 59 12 2 1 58 16 38 83 42 33 12 78 21 11 92 53 99 91 55 91 81 17 28 4 97 79 1 79 72 75 2 32 87 4 85 97 72 23 80 66 8 93 44 81 56 37 35 55 80 42 46 61 11 27 66 8 6 19 39 30 46 93 62 85 97 47 82 21 22 14 87 82 59 32 64 15 21 51 23 1 45 21 14 56 0 80 16 6 51 7 37 97 0 51 82 49 51 16 70 25 31 57 8 90 41 24 58 14 27 81 15 24 54 30 80 55 62 48 13 14 55 2 63 7 54 46 56 57 62 26 34 93 35 42 36 77 18 46 91 97 27 59 21 33 41 53 88 3 53 2 69 8 56 33 67 10 31 23 19 93 1 54 39 37 48 27 14 19 73 57 16 52 16 90 85 9 95 26 13 49 28 34 9 84 19 77 47 50 0 18 44 54 24 35 91 73 62 57 44 35 14 12 87 83 54 24 92 50 50 57 99 30 92 8 67 11 37 66 14 90 84 58 44 61 45 35 86 7 44 30 94 58 42 33 93 97 57 86 99 8 43 98 90 87 58 57 51 48 75 65 38 60 75 82 73 20 69 59 79 13 89 73 23 83 6 17 32 15 3 31 75 98 81 66 38 92 75 89 40 51 6 78 63 81 12 36 53 81 95 32 94 36 57 17 19 15 86 4 30 
89 35 58 40 69 76 78 61 51 67 53 54 25 31 17 6 43 5 11 76 0 43 22 88 0 91 60 67 78 64 49 19 51 7 59 20 83 37 33 87 56 86 41 81 69 59 39 64 64 50 40 17 93 62 57 45 54 17 64 84 81 14 3 85 21 63 57 57 52 91 44 9 29 85 42 99 96 82 15 13 84 56 82 30 70 39 75 76 57 92 60 90 6 64 75 79 79 33 36 31 76 80 92 57 18 35 8 14 69 24 27 53 32 9 83 2 49 11 31 58 3 91 48 61 7 76 40 86 9 77 70 37 9 62 94 27 49 3 94 18 79 21 24 11 83 7 65 84 70 96 42 73 40 42 86 99 18 27 38 79 56 8 68 17 22 63 97 72 18 91 42 49 64 66 60 47 26 25 83 96 74 77 70 66 20 56 65 90 35 3 70 43 11 38 61 86 53 58 58 23 49 52 72 65 19 32 65 45 10 48 41 36 26 63 2 98 72 67 88 59 71 10 3 34 1 64 20 54 74 30 78 23 83 50 88 54 35 5 99 97 54 92 33 32 8 87 82 80 54 70 91 77 33 94 64 34 10 36 88 84 67 18 59 2 21 0 56 56 5 7 5 59 51 90 43 59 77 25 91 83 48 83 13 81 29 77 67 40 65 7 24 84 26 84 86 47 84 94 55 41 1 60 53 53 50 96 64 27 74 56 62 22 91 75 55 20 4 74 60 70 81 37 54 7 21 41 6 57 87 61 50 89 73 3 94 75 0 58 54 26 66 17 0 57 92 7 30 97 81 90 67 62 27 73 22 0 14 28 9 2 42 60 43 67 15 89 43 15 99 97 93 66 14 93 75 59 0 5 56 81 48 75 96 75 48 18 28 15 98 89 69 92 1 12 60 17 53 3 84 52 
52 78 70 67 71 46 26 72 3 34 5 51 9 1 79 57 71 59 24 70 48 93 62 50 57 74 67 10 29 51 15 82 29 85 1 53 83 27 25 87 13 30 90 22 84 69 31 55 28 56 25 29 49 40 79 59 66 98 69 96 49 84 78 31 22 79 84 5 58 61 44 71 43 35 45 27 56 76 83 85 84 60 66 86 52 45 45 19 43 66 15 44 3 45 27 25 76 11 30 86 24 75 9 68 62 54 47 18 82 82 55 19 43 21 5 95 66 2 66 61 20 33 58 23 78 85 48 6 49 79 92 73 6 53 93 68 7 41 38 42 23 94 61 18 67 18 66 86 72 32 47 92 66 5 16 96 43 64 55 92 95 47 17 53 53 11 21 12 4 12 54 79 6 67 98 25 85 16 11 57 48 59 2 66 16 18 63 11 34 18 55 30 17 73 83 70 36 57 83 92 69 89 71 27 57 21 4 94 37 16 4 38 27 6 4 95 76 19 7 10 89 62 92 7 87 28 29 23 85 64 15 6 6 39 85 63 12 89 9 50 5 13 40 84 19 44 80 47 64 87 58 53 1 50 12 89 78 94 64 15 10 32 73 16 71 58 31 83 0 41 85 57 54 25 42 26 22 22 73 38 61 83 43 14 86 56 3 16 2 20 84 64 52 57 81 23 68 64 58 20 5 96 77 12 73 71 90 95 45 63 33 6 99 77 73 85 85 28 53 39 48 37 3 0 95 36 75 15 1 34 35 58 82 12 70 55 84 60 51 81 76 84 40 75 13 13 12 50 41 17 89 90 55 93 90 2 81 66 17 82 52 52 41 34 16 63 89 52 24 92 34 52 29 74 79 42 87 43 93 28 60 34 70 15 79 61 69 61 79 86 43 31 90 36 17 7 0 6 59 76 
51 45 80 80 19 59 74 58 2 67 87 14 54 9 82 33 70 51 94 49 38 38 32 80 26 49 87 26 8 99 54 59 96 34 39 16 45 13 74 47 33 13 14 87 23 96 20 45 47 15 47 37 5 79 18 31 29 57 10 89 8 16 48 5 51 39 73 96 52 99 96 37 65 10 76 40 58 97 85 5 64 32 95 21 64 65 4 45 74 66 34 83 83 34 40 86 73 13 34 77 12 82 67 77 92 43 17 2 92 55 8 8 39 55 29 3 20 86 0 94 52 34 29 87 20 69 73 93 82 60 71 47 42 38 24 87 33 94 89 26 49 49 34 40 4 16 44 76 2 44 23 6 31 52 94 51 74 19 97 56 79 20 55 22 10 32 9 43 26 50 69 27 0 56 67 4 72 63 33 26 60 56 32 91 60 78 94 34 98 91 43 29 11 98 3 73 30 12 17 8 15 38 35 15 94 55 71 18 18 4 44 78 12 77 21 25 7 16 59 5 59 54 87 23 5 90 96 87 55 13 96 70 52 83 85 98 90 56 17 9 13 61 39 25 90 61 50 98 29 62 55 88 68 42 63 73 33 60 61 88 25 9 58 77 44 95 28 35 51 45 96 16 58 87 94 49 48 96 99 29 10 54 70 79 49 33 4 82 93 17 22 19 26 32 48 23 27 76 10 30 73 58 99 32 45 93 33 46 89 84 75 0 38 97 31 39 31 35 21 76 53 95 95 31 27 96 54 6 24 16 89 98 74 88 82 72 81 15 18 22 99 45 22 89 43 5 29 26 41 2 2 94 50 50 25 77 46 32 36 70 48 25 20 75 13 2 47 94 69 17 16 20 14 91 62 57 96 91 35 37 45 38 83 95 88 61 25 86 93 61 8 93 38 29 20 51 83 19 97 53 
36 65 73 3 56 35 60 5 78 48 94 76 86 30 23 26 91 48 12 36 61 20 29 99 1 50 2 85 21 99 38 58 65 63 13 73 51 73 30 81 73 25 9 59 7 33 85 98 33 49 34 95 22 15 46 23 17 49 60 39 0 50 49 65 14 62 91 17 87 21 50 61 98 60 72 5 45 10 55 78 59 41 25 33 57 24 9 74 73 69 65 25 20 14 43 86 28 34 3 16 7 5 77 58 65 1 15 10 11 71 41 23 12 66 56 21 42 65 96 67 35 61 93 7 28 36 93 56 22 48 72 29 53 1 87 71 3 3 33 66 26 26 89 90 45 46 12 87 63 8 55 50 21 48 57 1 84 2 58 6 50 82 87 56 36 27 79 39 30 12 57 8 91 47 98 36 45 10 23 60 70 78 11 44 26 20 45 62 75 3 20 77 38 8 33 74 35 64 65 17 29 22 25 20 21 75 56 66 38 79 79 60 58 42 4 36 62 2 99 37 5 19 15 95 79 0 69 14 65 34 31 94 57 8 14 30 36 22 49 74 1 28 34 11 70 39 48 84 41 47 22 98 18 89 46 98 41 15 64 6 50 96 52 59 56 18 89 92 40 38 18 94 18 53 5 88 44 53 25 37 52 47 87 71 88 33 21 29 1 85 88 51 33 92 62 42 63 3 34 3 94 5 49 12 10 55 53 54 8 78 43 13 77 82 84 17 16 57 98 69 42 38 20 76 31 34 18 46 89 4 49 83 9 51 48 19 6 53 25 66 83 20 79 12 3 15 29 71 72 79 40 15 18 12 43 1 98 61 47 87 17 48 23 79 99 23 98 5 76 76 72 11 96 3 23 51 19 4 22 91 83 62 58 1 74 1 2 24 14 1 12 32 50 35 11 49 58 61 55 86 
37 79 49 86 34 24 37 53 28 12 97 63 74 55 17 1 9 71 25 23 73 89 55 23 24 18 72 34 80 79 72 69 10 21 7 45 97 45 50 77 57 99 41 83 55 10 36 16 33 14 39 6 3 47 81 80 65 6 14 97 37 39 67 48 60 74 45 58 71 47 35 80 47 28 16 2 90 52 70 24 18 9 82 22 8 16 2 74 22 68 23 11 7 90 11 68 17 56 78 40 4 65 73 51 46 89 5 36 93 27 12 12 36 95 86 45 11 88 71 85 56 94 96 64 37 8 84 6 16 14 98 72 31 71 75 29 12 32 18 58 59 30 22 96 77 8 93 40 96 16 25 4 62 74 20 51 34 56 57 50 22 8 23 54 31 98 35 96 31 53 54 42 36 76 90 13 84 83 54 32 51 31 88 14 57 9 65 91 17 75 42 40 83 17 46 66 15 81 62 98 87 68 41 23 44 31 36 80 67 42 64 18 26 5 84 83 66 2 75 83 77 17 75 12 34 21 30 1 55 93 52 42 61 45 17 58 76 53 90 95 48 55 66 74 12 50 57 78 52 32 61 81 1 37 45 87 10 76 41 65 21 45 59 82 90 76 92 66 82 83 62 30 90 28 56 2 30 13 80 35 98 41 68 51 30 14 91 41 42 84 58 63 29 18 97 19 46 90 37 28 73 99 10 15 79 66 17 62 32 49 97 82 42 65 85 73 31 28 66 73 12 24 88 41 94 86 12 41 76 50 21 1 1 84 16 33 50 33 95 34 34 44 68 76 61 6 49 93 34 15 18 99 92 7 40 86 93 5 79 21 55 1 22 56 37 38 89 39 23 84 74 57 80 94 33 42 0 35 87 87 2 5 86 46 64 78 85 9 83 64 30 38 17 52 47 54 42 36 94 65 
73 20 74 5 14 60 47 67 47 34 6 1 92 44 48 56 22 33 66 58 97 48 48 67 1 95 21 43 84 67 61 9 87 87 14 54 99 62 73 46 48 31 48 92 75 96 49 97 81 67 7 78 67 56 97 68 3 19 64 87 38 77 48 26 64 63 32 64 77 57 62 25 88 10 70 63 58 71 12 39 38 20 70 57 28 67 26 31 38 42 71 77 19 19 55 35 82 39 51 11 96 66 37 84 28 7 99 87 30 11 78 68 83 48 25 63 68 3 95 6 97 66 35 68 37 90 56 20 81 7 31 77 25 20 13 54 79 12 93 9 76 71 29 11 72 7 75 40 62 22 98 60 88 34 80 77 76 36 49 58 96 33 87 21 5 1 75 37 65 68 46 93 92 28 5 64 87 80 4 1 54 2 13 94 36 94 71 65 30 21 23 26 54 10 0 59 63 75 96 29 96 95 22 88 75 79 52 14 11 8 67 65 10 81 59 99 75 31 64 57 4 39 36 10 49 36 21 65 63 70 46 11 17 20 99 92 0 3 58 63 11 25 29 74 58 40 73 33 23 89 43 79 28 79 89 29 15 11 94 30 81 40 42 98 13 93 42 13 97 52 28 60 77 57 86 36 50 11 21 73 0 64 53 28 95 94 10 62 5 56 93 38 49 35 88 62 28 30 27 77 82 55 90 12 65 76 0 15 40 73 40 40 38 45 21 85 40 83 48 97 39 93 36 88 80 24 50 8 7 77 38 41 33 80 5 98 8 5 65 48 79 5 41 69 51 62 6 91 45 54 88 36 47 76 25 27 53 75 88 60 5 78 1 38 58 59 88 18 64 53 67 95 58 8 64 61 22 71 4 19 77 45 55 77 21 80 56 74 8 96 86 13 74 40 3 84 99 43 3 63 
96 22 11 6 30 75 20 4 98 24 23 28 69 30 5 43 63 61 69 23 10 56 36 84 96 91 21 47 34 76 62 82 98 73 40 80 1 60 84 99 37 59 27 58 41 84 1 4 98 23 27 8 79 15 92 27 58 65 26 92 41 88 26 39 62 67 19 15 79 55 14 68 66 94 27 8 78 80 64 76 3 92 36 34 59 81 61 18 46 87 62 88 28 89 79 42 8 51 57 39 58 23 8 25 17 35 85 48 15 49 76 19 93 13 5 53 94 67 71 92 6 85 32 86 26 12 28 34 15 85 26 25 9 34 50 78 21 35 26 36 37 55 7 30 68 13 83 14 32 6 6 90 44 39 77 70 3 57 5 70 95 31 95 4 17 98 34 38 85 61 26 22 68 86 53 88 99 88 2 83 47 60 25 91 51 54 61 54 12 18 76 7 1 72 63 18 70 97 56 55 10 35 30 78 21 83 66 72 71 20 7 70 81 32 61 32 87 23 39 99 41 15 58 43 39 21 13 9 18 22 17 81 57 47 59 78 82 78 2 5 98 9 76 79 41 37 64 80 12 3 79 54 18 89 49 58 10 62 19 81 84 88 62 41 87 21 71 69 51 73 27 50 34 3 81 28 92 45 8 5 48 40 59 67 29 60 77 40 22 96 21 7 85 35 0 72 56 24 94 60 49 21 10 84 76 43 12 68 89 72 73 89 64 84 8 94 44 85 86 19 34 59 26 71 94 78 95 2 2 89 62 52 10 24 88 86 68 52 7 57 24 80 46 89 17 55 35 13 92 73 32 26 32 10 97 78 89 93 80 43 34 43 47 97 67 35 35 87 87 42 44 64 75 43 5 92 50 92 5 42 65 90 21 97 0 70 75 41 63 7 85 98 2 32 47 22 20 82 9 7 
25 6 23 0 49 28 44 51 20 1 93 37 91 66 34 92 37 61 33 0 21 70 50 23 55 49 45 75 32 55 34 57 61 10 9 62 38 5 13 11 6 58 48 98 25 35 90 62 48 75 14 69 98 17 93 5 66 90 80 50 97 66 7 10 76 68 72 67 73 37 30 80 96 30 30 21 17 72 35 66 99 49 87 97 18 32 2 37 23 34 87 72 1 47 83 29 15 55 48 41 93 78 73 41 61 3 62 78 75 49 96 74 50 84 24 69 68 26 6 43 13 93 16 14 92 99 95 8 54 44 1 99 74 74 40 35 77 54 66 4 3 62 30 54 98 54 75 67 81 81 10 94 26 26 60 19 25 7 79 32 3 80 83 78 6 24 65 35 30 31 39 34 46 69 40 44 76 15 63 9 48 74 55 26 52 15 45 30 74 76 62 78 8 45 56 14 21 73 49 52 57 40 38 3 62 78 99 38 45 63 47 93 89 2 19 41 69 17 71 95 93 85 73 2 31 81 68 4 7 18 8 64 10 46 67 72 76 18 62 21 81 61 66 70 15 86 64 36 55 87 32 0 73 57 2 56 39 23 60 46 93 69 10 3 67 29 28 44 47 90 65 81 4 32 3 19 70 67 56 25 7 40 25 80 97 80 36 88 3 48 34 48 69 96 51 37 77 79 81 77 22 98 10 26 82 13 97 4 33 53 81 40 45 59 72 43 39 8 83 94 8 70 42 78 18 45 15 96 25 48 25 99 98 35 25 81 48 22 85 33 28 67 73 25 26 45 20 17 5 4 63 14 74 57 44 92 2 11 40 79 59 65 78 57 0 55 90 1 30 76 34 10 95 8 35 21 5 56 90 63 12 53 77 86 10 73 30 64 84 71 44 43 36 74 52 89 30 43 90 12 
71 24 22 66 84 9 39 42 17 29 5 29 34 82 67 96 7 98 60 91 69 4 86 57 31 38 46 61 33 88 25 4 13 99 22 49 8 13 91 78 42 96 7 28 30 27 24 37 25 85 28 46 41 14 55 72 5 54 85 38 42 62 95 55 61 69 5 70 83 48 48 77 45 7 6 27 86 82 65 11 67 45 9 61 12 17 85 17 71 23 7 13 85 2 21 47 72 78 69 55 26 69 32 23 28 90 51 15 73 16 26 92 13 88 53 25 5 91 42 28 14 50 41 51 4 62 98 76 92 19 83 19 88 68 42 17 58 93 32 31 61 10 76 75 50 29 0 7 72 95 35 38 45 29 90 1 43 40 78 36 60 13 55 0 81 49 69 40 43 53 23 56 64 99 31 66 81 84 74 5 79 61 44 76 90 86 77 86 26 7 22 38 21 29 91 54 78 60 94 21 14 70 30 30 21 13 96 54 97 22 60 28 36 56 56 78 42 86 64 20 93 86 59 66 15 50 21 94 10 67 67 76 89 49 6 11 63 55 17 60 77 29 41 13 85 97 44 79 83 8 0 29 47 59 95 62 61 16 8 71 36 28 0 25 29 6 36 92 61 6 5 91 35 46 56 73 43 0 52 79 9 4 8 56 63 55 70 24 24 31 48 60 11 0 85 40 6 74 85 20 32 90 11 67 36 19 92 31 20 97 62 81 1 22 89 17 78 11 41 54 94 41 14 5 41 51 98 0 77 35 20 9 25 83 29 61 2 21 44 22 18 7 55 72 81 44 89 59 56 82 65 50 24 79 8 17 83 58 69 60 93 41 22 18 24 51 31 79 72 27 53 43 86 9 15 68 53 56 79 61 38 45 12 14 76 72 32 11 30 53 72 23 95 94 93 19 45 76 98 69 
3 52 64 90 61 31 10 66 87 89 28 26 86 92 40 63 64 24 74 94 78 98 69 73 44 14 44 41 90 43 11 45 47 27 87 60 59 97 78 98 39 6 76 25 98 17 40 62 93 67 8 71 17 29 96 62 43 41 3 85 36 66 31 35 94 18 95 5 68 25 55 7 32 32 84 82 1 25 97 94 44 5 18 61 35 14 23 30 7 79 16 95 45 47 30 91 17 77 48 37 3 4 44 87 36 81 69 89 58 66 83 2 24 1 15 11 68 39 93 27 18 9 23 15 8 5 59 78 35 7 15 90 11 12 29 99 93 50 88 51 69 24 5 45 77 20 56 45 59 49 25 29 11 0 97 19 57 56 49 44 63 65 86 27 77 15 78 22 18 19 73 87 43 78 32 72 98 40 70 10 89 95 91 52 47 88 24 4 96 73 49 60 38 87 39 67 3 69 89 21 88 62 60 83 92 92 56 43 84 78 53 73 73 44 78 72 85 2 76 81 75 77 93 14 65 84 33 20 54 23 93 94 37 53 30 30 97 38 73 81 16 78 6 41 74 84 13 59 86 89 93 14 19 38 80 84 75 13 4 81 36 97 75 26 2 57 56 99 95 81 32 11 59 38 4 33 75 17 45 13 59 90 27 78 80 7 14 7 73 18 88 9 67 16 87 21 25 43 72 21 76 4 84 87 94 89 73 21 58 70 35 17 60 14 47 92 22 61 52 95 31 92 56 50 8 44 71 86 39 95 7 68 51 91 55 46 32 28 19 91 98 6 60 10 21 8 55 95 69 7 42 1 99 98 3 60 94 75 46 86 70 5 54 22 48 61 20 81 90 91 24 88 98 84 51 19 92 6 66 14 65 8 67 16 58 70 28 53 45 26 91 68 31 97 42 80 58 14 13 48 
5 37 89 3 21 92 74 66 98 40 80 15 48 47 31 59 17 60 64 15 86 55 83 70 52 77 50 62 91 63 63 96 52 52 52 73 96 78 39 94 71 71 61 71 18 92 30 36 4 94 51 43 1 86 13 5 63 15 68 6 30 31 54 82 35 58 55 31 37 47 77 60 18 90 31 89 82 14 77 39 8 80 82 62 66 47 67 81 62 35 87 92 18 41 74 5 0 81 88 89 80 17 49 51 7 32 40 42 46 69 81 7 49 15 69 67 14 36 48 76 24 87 20 94 28 46 0 80 79 40 69 60 58 70 63 65 3 55 7 49 24 40 8 25 7 77 92 21 66 40 49 90 27 69 36 7 15 88 88 95 29 9 7 87 80 22 4 83 77 64 84 53 56 93 78 64 22 70 85 88 62 35 30 41 56 67 48 72 55 88 19 36 98 78 23 78 52 80 13 81 44 49 34 0 42 64 16 65 86 2 5 48 89 36 89 45 55 89 69 10 78 40 99 28 70 22 58 22 54 71 3 98 20 37 51 15 53 67 32 39 21 37 87 10 25 28 8 80 70 29 43 0 70 42 28 40 16 86 15 71 9 18 21 81 8 72 48 61 92 80 1 13 70 40 76 95 21 36 76 91 65 19 91 87 13 71 80 29 9 95 0 18 13 74 51 21 98 0 35 90 32 88 56 54 80 32 2 1 20 78 44 85 49 35 25 14 58 5 43 67 0 96 37 13 70 89 87 68 41 22 59 25 62 67 32 42 99 34 44 71 64 88 8 65 76 33 79 34 38 22 54 38 18 91 4 40 32 91 9 25 65 20 3 27 87 35 69 38 69 65 9 33 54 17 98 82 3 77 68 41 51 22 32 22 66 36 62 50 79 23 76 96 43 79 75 82 66 96 72 35 
62 33 20 68 51 70 50 6 99 70 47 50 45 31 24 63 19 87 13 50 62 89 46 58 20 73 40 86 70 13 73 32 46 93 0 49 63 2 7 62 24 55 65 69 38 89 32 58 28 46 8 91 87 7 49 60 80 41 98 50 54 72 34 53 17 86 54 81 88 62 95 65 69 60 34 7 2 19 17 30 65 78 73 4 37 22 16 17 64 15 20 70 87 6 75 56 93 82 89 33 44 85 98 65 97 85 72 51 4 42 82 69 20 7 25 57 30 42 26 46 57 98 68 96 5 96 52 50 78 42 83 74 79 34 39 28 19 63 80 23 5 62 44 77 69 69 86 51 63 13 49 20 63 70 68 68 66 73 18 96 67 54 70 46 88 61 74 59 24 54 82 82 68 78 59 90 47 46 93 11 11 95 83 74 65 4 95 83 77 65 79 44 19 1 42 59 62 16 70 86 23 52 20 43 82 80 85 30 78 79 93 89 74 28 15 91 32 10 74 9 76 5 5 47 6 47 59 20 16 29 58 39 34 79 34 16 59 20 98 89 99 43 30 25 72 45 16 56 8 42 18 36 47 75 35 5 23 94 25 39 76 83 30 62 14 64 30 73 84 81 14 35 24 44 60 48 90 76 57 50 18 75 86 17 50 21 22 25 68 47 16 44 83 46 58 97 63 40 23 47 21 37 83 98 82 43 98 24 72 55 74 42 82 12 60 85 33 34 62 1 34 79 97 17 25 7 66 88 48 41 88 69 31 23 67 65 66 66 89 90 73 15 33 8 27 45 93 12 31 55 14 65 86 63 34 64 71 1 4 19 94 92 88 25 15 8 90 34 26 31 24 51 98 9 59 25 6 4 38 38 12 4 3 98 67 90 62 90 43 67 9 37 11 50 15 27 58 5 13 36 
89 37 87 87 99 47 65 57 51 3 47 63 59 3 14 78 93 76 69 36 95 78 25 7 28 40 34 38 98 99 74 87 88 14 26 87 61 91 97 64 46 44 80 5 99 46 36 92 22 5 28 70 35 6 77 64 46 63 54 44 62 81 31 50 95 58 90 8 1 87 24 48 83 56 5 83 2 41 27 77 46 8 47 82 14 24 98 60 87 52 5 1 85 88 51 80 98 41 40 52 80 65 0 16 21 5 51 76 47 78 53 45 86 0 27 0 24 77 13 63 82 70 64 67 10 15 0 9 9 40 13 41 57 13 57 31 70 8 7 17 87 12 63 25 12 42 78 88 20 91 51 2 61 15 21 71 82 21 32 43 14 45 85 71 10 42 54 81 3 61 98 42 25 13 67 37 56 45 25 28 88 28 82 1 95 3 73 78 25 57 21 39 55 58 62 65 53 17 46 56 30 97 98 56 10 17 93 18 15 71 98 3 99 80 5 95 84 30 25 61 87 98 0 94 57 14 60 10 31 6 18 62 55 16 70 66 85 15 36 0 86 87 56 38 67 61 33 3 43 10 64 82 8 64 77 65 79 37 27 62 95 45 76 51 13 46 69 99 62 5 99 0 92 7 38 12 68 23 15 63 33 80 46 42 96 23 59 27 60 87 90 55 84 18 58 98 65 27 49 79 33 0 79 77 8 70 89 28 93 57 92 79 37 38 21 33 61 32 13 73 71 3 80 56 21 39 6 38 66 55 17 51 55 49 81 15 71 22 44 16 79 36 95 16 26 68 2 39 1 15 12 72 70 44 80 43 35 86 82 54 93 51 5 49 52 38 64 23 61 60 92 40 48 87 9 74 8 11 13 9 78 77 33 48 22 14 91 57 52 25 11 46 29 69 47 81 59 63 57 20 
24 49 13 72 88 22 99 96 85 12 5 63 90 91 63 64 57 6 73 9 32 37 7 61 58 54 94 17 70 51 38 94 52 51 18 41 25 17 37 10 82 95 25 24 86 88 88 43 94 13 4 78 50 12 91 8 18 86 78 88 89 16 34 42 19 5 35 44 74 72 6 56 67 31 80 5 71 20 0 65 34 57 96 36 21 87 97 39 25 75 80 15 43 66 9 62 23 44 58 98 68 64 54 88 47 87 45 18 59 46 35 93 3 31 82 24 71 79 15 96 54 47 63 49 14 24 11 37 20 21 87 89 37 42 77 84 81 22 54 40 20 89 86 75 21 68 51 44 47 67 40 53 66 56 2 32 80 65 70 1 86 57 42 23 51 71 59 84 45 13 77 66 54 63 93 27 31 45 71 30 64 12 35 30 68 89 63 0 54 85 53 92 94 95 67 98 18 78 82 64 91 11 82 45 74 75 73 57 72 96 87 88 8 74 19 28 63 34 81 69 71 34 61 65 82 28 15 0 58 50 64 49 61 98 47 36 26 72 93 98 68 33 87 29 7 58 9 71 44 90 40 15 25 54 32 7 34 48 7 93 98 24 94 59 22 93 47 48 65 93 99 86 26 38 67 33 96 76 56 40 67 97 7 44 3 39 3 37 87 62 30 37 86 25 49 61 18 96 61 36 89 12 74 67 50 41 1 98 69 9 90 36 58 97 32 61 37 35 99 76 98 29 66 36 6 15 49 77 63 63 13 53 75 39 72 26 80 73 76 49 83 67 38 41 64 70 55 53 58 54 82 8 35 48 96 94 15 46 71 78 9 36 83 36 75 56 14 7 29 91 8 64 58 46 58 74 69 13 80 79 19 62 87 6 62 35 0 77 81 23 55 42 59 91 31 86 47 45 93 28 
36 2 45 46 0 3 21 69 68 53 0 39 67 87 45 81 23 46 58 56 69 65 51 81 56 82 67 55 27 13 84 16 15 29 62 67 84 35 37 4 40 89 95 7 29 40 88 4 38 98 60 60 16 63 93 24 97 60 80 77 25 16 93 92 45 7 60 81 95 49 37 35 38 32 95 67 24 83 71 15 34 84 75 50 47 20 74 45 32 6 22 58 22 67 50 19 26 10 0 21 59 89 9 98 21 4 17 46 39 89 61 73 73 88 75 72 8 2 69 92 8 91 50 31 10 1 2 37 63 3 58 23 92 67 73 66 23 90 64 63 79 77 88 4 17 64 29 77 66 98 69 26 42 20 9 52 73 12 41 36 67 52 59 11 71 84 77 95 75 93 10 6 70 98 63 87 14 92 64 80 90 86 59 32 6 68 37 79 32 78 15 99 30 27 11 2 11 40 49 38 34 59 97 56 57 60 96 72 52 12 4 94 98 63 79 56 84 16 35 68 46 3 68 77 82 31 31 45 71 80 84 57 91 81 66 48 93 62 72 45 74 77 91 73 92 70 29 28 86 17 97 33 72 17 62 54 48 93 51 71 25 35 81 68 68 47 16 61 9 41 58 35 70 50 60 14 20 42 43 7 11 92 92 83 9 54 89 9 99 40 32 76 28 13 44 96 60 12 10 21 53 68 57 23 18 69 38 91 11 33 98 22 77 42 5 38 96 46 47 47 39 79 23 67 45 19 15 57 31 25 79 85 46 88 60 16 57 50 7 69 35 57 43 12 99 1 50 95 47 97 42 86 29 17 5 26 36 21 83 68 98 62 5 44 2 17 13 60 68 20 81 3 78 24 68 77 25 18 73 25 68 67 63 49 37 69 75 73 42 58 93 92 21 98 89 23 68 2 35 36 
22 16 91 0 93 59 30 70 30 3 47 98 22 11 47 59 32 22 85 74 80 78 18 53 29 7 29 97 9 16 85 32 85 28 84 78 40 14 0 70 69 48 68 44 59 67 3 43 89 88 69 21 19 87 75 48 95 56 97 4 72 82 88 57 10 25 87 50 39 40 72 9 88 40 5 99 7 8 42 48 49 11 70 20 98 97 68 45 5 65 50 77 99 90 87 61 15 26 64 55 66 36 16 6 77 21 5 36 81 99 85 82 10 7 2 61 4 22 6 61 87 8 38 38 99 77 0 14 56 64 21 74 0 89 81 29 62 38 18 44 90 3 26 52 62 81 13 18 3 72 79 43 80 69 81 31 47 81 98 55 45 19 29 98 9 62 27 71 53 45 67 43 0 46 95 62 27 61 80 82 33 11 25 65 81 7 97 80 88 95 35 86 66 16 84 75 31 63 99 36 9 18 79 61 64 26 76 43 87 8 26 72 20 3 38 1 10 35 81 51 82 68 89 48 84 73 76 67 88 27 3 49 45 34 11 62 61 87 57 0 47 83 73 67 39 63 68 49 50 1 52 32 69 41 32 6 66 8 25 7 35 29 56 33 15 19 95 76 6 52 29 6 88 54 73 27 17 42 28 19 95 33 3 65 26 35 23 45 44 48 52 31 29 8 16 45 28 11 73 86 16 2 92 56 8 66 83 77 60 63 96 55 48 99 72 75 35 47 20 31 96 72 14 77 32 31 22 60 94 96 99 10 50 91 66 59 9 1 36 69 17 85 77 17 84 1 92 71 49 64 54 97 88 21 74 21 52 97 33 46 45 32 9 47 76 27 6 85 81 95 7 98 80 36 15 16 37 60 88 38 76 94 35 65 15 62 38 19 11 23 18 56 56 27 3 84 6 62 21 87 
57 28 37 89 16 5 5 6 65 45 44 93 40 32 58 7 94 48 27 5 72 45 13 80 24 68 64 30 30 37 70 39 66 7 28 34 12 86 40 29 31 37 23 23 69 33 31 15 34 10 72 6 55 85 38 31 5 54 61 36 91 31 27 9 91 56 44 3 94 84 85 25 73 60 1 42 45 84 9 79 94 81 37 1 18 75 32 76 29 45 12 21 29 39 30 20 47 74 75 41 11 12 19 84 72 72 79 70 56 88 49 50 22 87 3 92 14 35 68 44 32 32 17 61 24 47 33 23 74 9 17 37 73 36 73 98 8 52 68 16 93 17 18 67 56 21 11 23 8 32 67 40 64 36 54 40 35 87 64 9 48 81 98 22 69 72 20 29 76 40 45 21 9 63 40 66 36 52 41 44 36 8 84 0 44 90 41 79 78 57 41 78 38 91 52 59 15 24 40 44 64 37 65 74 52 58 92 88 62 33 32 98 93 68 50 89 59 43 20 89 0 13 67 90 5 72 49 20 96 89 64 61 78 82 87 30 92 31 18 6 64 50 4 9 71 54 98 82 50 18 71 50 32 90 41 89 62 42 61 59 84 26 72 62 60 11 93 4 42 11 10 58 14 66 67 85 72 65 19 22 35 90 73 19 32 14 8 95 8 70 6 92 48 30 55 60 41 0 16 35 11 26 93 77 92 60 14 64 77 33 87 12 23 12 84 8 26 92 55 86 14 13 79 14 43 86 26 36 86 42 71 97 68 16 75 12 76 41 29 53 75 16 17 50 80 1 58 58 46 13 44 12 26 23 27 21 9 5 9 47 48 32 45 68 48 72 81 24 13 62 29 40 30 99 91 10 0 49 68 98 15 12 63 93 88 42 67 97 47 76 97 95 9 94 16 9 18 49 34 83 
11 15 24 41 14 15 51 67 16 19 65 83 31 28 77 19 70 96 69 70 72 66 65 33 12 33 43 30 82 29 13 93 96 37 34 11 52 37 78 21 56 95 4 40 76 33 11 98 29 32 68 54 50 34 39 62 67 34 92 2 15 6 95 12 95 82 23 48 19 53 21 76 48 25 68 24 11 79 23 40 12 43 46 14 77 86 77 97 20 21 51 36 27 46 0 23 28 23 23 48 76 96 76 76 73 44 53 84 75 28 77 39 71 23 54 1 61 83 50 34 4 1 22 84 47 22 59 28 97 82 28 73 30 4 1 3 0 54 88 75 82 17 15 6 92 21 7 54 4 57 88 60 58 62 44 57 84 3 85 81 37 13 6 67 69 7 23 69 14 63 97 48 80 64 54 72 85 61 78 41 18 66 1 28 28 46 86 64 1 23 45 91 89 3 58 58 11 33 80 77 96 77 25 76 41 80 1 26 93 79 67 64 98 20 92 78 66 30 43 20 54 40 11 43 44 21 1 7 55 81 84 51 10 61 28 51 93 81 29 87 60 48 3 58 69 95 37 87 26 80 7 32 72 18 75 16 40 28 75 95 62 59 98 72 73 26 24 18 59 53 5 20 2 60 30 23 56 67 10 34 99 18 66 72 88 93 40 28 21 16 75 83 27 74 56 52 52 32 71 12 37 76 84 91 89 14 14 97 82 25 31 33 95 49 57 83 94 98 64 15 66 91 51 93 17 59 46 70 91 17 34 80 45 18 72 34 84 86 31 18 63 14 52 10 15 61 94 9 59 10 77 77 1 28 71 19 87 69 41 30 38 27 10 83 97 82 70 81 21 53 0 36 20 4 47 35 65 93 97 77 3 74 54 56 54 77 27 41 46 20 23 36 47 33 20 96 68 42 78 89 
47 30 77 67 86 24 55 3 69 52 32 24 78 39 81 32 16 60 25 15 81 48 51 80 81 23 77 1 17 7 42 65 89 20 32 75 96 39 78 66 91 63 90 21 2 23 53 18 36 78 85 69 78 89 49 60 12 78 13 82 85 56 47 74 76 31 1 24 71 32 42 14 95 33 36 97 8 41 67 96 72 5 65 50 94 67 62 58 45 76 40 83 32 39 9 60 23 11 84 94 95 27 60 90 12 48 39 72 90 58 69 62 63 86 12 9 53 27 68 51 3 60 34 35 0 95 47 23 58 83 69 53 10 81 95 74 30 86 99 72 45 68 86 8 54 98 18 60 77 38 11 80 98 45 67 50 92 14 25 51 98 94 4 60 76 52 87 58 38 86 30 83 6 16 44 60 66 14 72 44 52 83 24 2 80 44 53 73 58 30 76 8 25 80 21 53 84 8 11 23 94 93 58 0 9 2 12 27 68 37 71 72 20 48 75 53 92 80 78 2 10 54 63 87 86 36 40 71 44 3 94 90 96 52 42 57 7 6 85 75 43 8 0 16 8 75 69 52 7 47 7 69 1 22 9 39 58 1 10 2 5 56 44 53 9 38 63 68 44 0 95 40 60 95 56 69 22 77 73 81 76 80 3 29 2 12 68 12 13 79 14 70 35 10 24 96 48 39 16 45 39 12 85 99 59 93 20 34 22 94 15 50 26 18 79 81 30 99 93 96 30 60 66 18 22 42 66 71 81 83 68 72 47 5 24 58 98 44 92 72 90 8 22 69 26 53 2 9 52 95 5 83 7 71 1 82 66 67 5 47 2 73 72 49 78 96 8 28 92 52 52 83 60 74 4 39 27 6 48 79 53 5 14 13 28 15 95 94 35 0 94 37 73 66 39 3 62 99 31 54 
51 83 89 12 9 93 3 88 99 51 67 5 8 82 18 36 49 13 31 84 13 25 74 38 91 13 41 5 12 24 59 63 59 49 27 68 94 30 56 46 33 75 51 41 9 69 78 11 82 9 47 95 86 21 33 77 86 26 82 98 50 93 14 9 94 41 29 89 24 37 35 57 12 38 51 74 7 29 85 89 90 32 36 76 6 21 5 92 99 87 91 49 32 57 10 27 50 39 68 74 76 55 84 40 93 35 14 52 64 51 93 6 84 29 82 90 2 87 82 1 26 25 2 58 34 12 37 85 3 57 11 31 64 95 71 57 82 38 61 98 89 54 4 25 35 86 67 37 25 2 90 51 27 92 62 14 56 51 99 59 9 62 90 73 10 14 83 92 52 44 91 93 51 47 19 86 86 86 76 11 88 66 63 68 11 77 82 19 28 33 79 37 95 21 63 5 35 98 50 39 42 41 33 45 40 4 32 26 90 8 38 31 26 53 51 89 30 85 9 58 18 40 48 65 61 63 23 97 61 73 88 55 66 21 1 6 25 85 33 68 45 71 51 71 76 2 13 6 39 22 16 57 62 16 74 75 79 97 24 92 70 13 0 36 34 1 95 12 38 28 32 83 51 35 54 27 89 67 85 28 41 1 37 55 70 11 31 1 61 55 94 31 68 94 20 55 47 15 19 85 95 3 68 46 38 74 73 27 94 58 55 87 11 92 43 81 55 26 83 16 81 29 0 2 75 72 9 22 87 80 59 34 83 79 80 21 53 5 0 99 15 55 87 26 99 30 60 6 56 43 23 89 24 75 43 99 47 52 73 86 84 32 20 67 63 0 40 16 57 40 68 72 47 55 98 98 37 10 5 45 53 80 34 29 55 30 28 2 34 1 88 19 85 60 38 48 12 79 17 69 
71 85 41 71 92 91 21 29 2 26 26 7 6 60 37 13 42 17 15 77 71 55 96 56 15 34 57 27 65 26 48 89 63 41 60 55 33 81 36 87 60 62 46 18 74 35 32 17 53 47 46 24 55 42 32 70 28 89 50 94 67 98 83 30 40 95 37 25 28 25 64 88 39 10 7 66 46 91 35 51 90 81 75 45 75 7 68 3 49 18 49 68 68 84 51 60 79 40 37 60 66 1 48 57 64 7 75 10 98 10 61 89 91 88 34 18 47 54 74 96 72 23 17 93 60 68 5 91 8 43 51 26 96 52 36 60 59 11 22 58 22 35 99 65 23 85 84 71 40 58 19 64 33 88 57 93 56 15 37 17 58 88 43 54 40 31 67 52 43 89 10 65 25 61 82 0 46 18 23 86 28 95 3 62 83 12 7 92 27 44 9 37 85 4 92 25 36 59 77 79 0 39 96 77 52 30 78 99 49 53 37 77 48 40 39 84 5 99 76 32 95 85 70 80 41 14 58 77 25 87 8 25 79 4 3 31 35 33 82 36 86 20 13 87 12 5 23 17 4 99 2 51 36 24 32 77 90 42 7 15 29 15 92 60 72 47 92 59 32 74 95 19 46 8 58 59 13 81 28 69 32 82 21 68 6 5 97 96 99 56 63 80 72 56 41 44 55 33 55 88 59 50 59 6 58 17 17 24 50 45 45 82 80 18 2 86 75 51 35 74 8 50 55 80 58 96 76 14 81 31 2 40 33 61 98 43 30 15 67 32 13 65 14 93 83 68 31 59 19 18 85 27 69 92 59 27 88 87 93 21 18 95 14 3 8 12 47 90 28 66 22 93 31 88 86 67 56 69 78 28 88 63 55 9 56 67 88 96 54 82 70 25 77 84 28 38 96 75 28 76 
42 3 69 25 91 7 92 0 77 22 28 17 38 35 26 94 2 14 42 57 96 12 34 26 48 62 64 97 90 44 73 84 47 95 9 91 2 54 91 31 76 71 48 14 6 26 60 61 93 55 18 41 19 52 67 20 66 83 17 56 80 42 92 79 37 2 70 92 8 13 23 36 36 24 3 43 2 15 4 95 22 74 89 42 78 56 14 44 92 31 53 24 73 45 3 63 99 26 55 59 39 30 48 28 6 3 71 9 18 27 56 41 1 45 35 31 54 49 27 98 32 80 22 5 78 25 20 29 3 75 41 95 6 89 23 64 92 94 73 62 21 30 55 74 27 42 57 81 43 84 31 75 17 53 33 47 31 53 76 34 81 69 29 39 10 52 3 54 98 77 17 71 59 24 45 38 67 54 72 10 39 3 38 56 57 71 3 40 76 31 74 57 1 4 96 63 8 0 18 7 29 87 78 40 11 76 78 78 30 50 41 21 54 79 77 63 2 32 3 78 64 29 88 17 85 84 80 94 36 50 53 65 37 83 5 49 11 36 27 42 86 20 15 92 99 93 7 1 25 62 32 41 92 20 58 77 56 91 71 93 41 76 10 31 60 68 80 71 4 59 65 42 80 81 87 31 74 94 85 51 57 17 93 1 89 3 78 45 94 2 90 88 78 1 19 90 69 51 62 25 10 27 19 42 8 6 74 34 53 59 38 62 28 31 63 17 86 93 62 33 95 53 21 26 6 92 16 27 43 78 52 5 58 23 48 18 82 22 53 35 33 43 97 61 74 12 78 60 5 92 45 53 97 66 79 3 10 47 30 5 78 34 11 36 10 59 54 92 33 59 27 66 2 76 27 28 40 5 41 45 49 86 98 47 5 29 50 15 77 33 21 55 19 84 43 29 43 49 21 28 
61 0 94 15 76 21 44 16 78 37 14 27 23 64 74 80 94 77 48 23 10 21 78 81 5 73 11 0 22 84 28 83 85 22 99 13 95 95 82 25 32 48 52 7 12 79 88 6 56 88 81 18 9 59 99 66 32 62 66 7 47 46 90 84 20 89 49 15 36 31 92 68 79 44 76 92 75 16 50 83 4 32 1 65 43 53 31 28 67 97 35 66 43 77 50 15 19 52 82 55 83 74 24 15 70 52 59 46 20 61 29 24 93 83 89 89 88 20 69 55 69 4 74 64 33 76 79 52 28 61 60 64 87 36 79 57 88 38 3 8 99 33 84 45 68 25 86 56 45 55 63 66 11 37 82 44 66 61 49 94 74 9 58 61 97 89 70 85 79 74 45 31 59 29 28 27 54 14 35 51 69 50 69 32 40 51 76 6 64 77 52 38 38 63 51 35 52 21 72 84 47 17 15 6 98 43 85 52 9 72 55 78 75 24 10 15 27 38 73 91 68 25 81 6 88 32 42 93 6 14 29 5 84 44 64 82 39 49 87 48 74 94 78 49 19 40 16 46 78 89 90 46 14 71 5 55 56 99 0 62 13 29 67 49 73 31 32 64 33 71 12 59 65 42 60 84 82 76 83 12 65 73 11 79 96 16 86 52 15 86 14 80 15 34 30 88 17 14 4 2 85 16 61 50 10 21 87 92 97 22 57 14 47 68 94 43 36 80 96 3 19 62 35 34 96 17 75 66 31 79 68 68 48 82 19 58 3 58 51 53 80 60 67 79 28 13 22 16 46 18 19 65 81 6 99 29 24 74 95 7 54 64 76 54 46 47 12 1 5 15 6 37 75 26 16 55 39 90 71 37 61 42 54 42 49 54 23 25 80 19 32 86 35 8 40 33 55 53 86 12 
68 93 1 96 19 69 51 10 60 75 0 21 69 54 15 18 60 90 95 41 61 28 79 96 36 72 81 44 77 68 8 97 61 10 93 32 79 45 94 91 72 94 12 41 49 79 12 61 70 7 54 31 35 34 80 24 6 61 68 35 29 76 32 42 38 26 74 18 23 21 9 95 15 74 36 16 53 48 78 75 8 32 7 43 18 87 67 76 0 87 11 30 16 44 72 54 70 99 24 45 20 86 40 87 60 28 4 65 29 34 41 37 18 0 80 37 39 0 65 39 87 77 21 55 21 94 10 43 45 86 88 17 72 80 4 84 60 8 50 89 94 43 26 13 95 59 2 34 11 67 25 98 44 47 6 17 93 16 12 38 2 52 55 27 32 59 11 45 20 13 34 66 56 13 79 3 24 81 37 35 1 63 85 45 62 91 15 55 59 27 93 14 80 0 41 64 11 4 9 31 18 96 50 26 61 81 30 85 63 19 72 64 34 9 61 96 1 76 51 12 4 44 26 36 96 19 0 8 76 62 91 94 58 41 72 19 23 2 56 38 74 28 54 8 37 15 57 90 44 8 3 48 5 81 36 1 53 88 9 29 50 1 75 60 42 47 31 17 2 87 55 76 67 9 36 57 25 93 47 21 54 2 21 59 36 57 60 41 45 22 70 96 23 97 8 17 44 40 35 98 27 90 26 95 52 63 4 29 8 51 50 62 6 71 73 94 28 86 35 25 8 5 73 83 2 82 52 98 22 39 97 49 30 23 96 34 38 0 63 99 4 13 13 62 36 39 56 64 25 91 41 85 48 15 20 2 97 72 0 19 12 49 20 94 25 69 28 15 21 43 66 77 8 80 39 44 19 47 60 96 38 1 81 38 16 1 40 65 25 93 84 37 42 57 83 19 78 63 35 99 
6 1 29 14 33 20 10 4 68 70 0 58 72 33 97 40 86 37 6 12 82 42 1 25 51 85 44 29 0 31 81 7 85 10 73 18 30 84 23 50 54 23 9 78 57 58 71 95 95 77 7 30 71 61 55 23 98 51 4 98 35 37 5 20 47 31 38 30 15 61 32 21 37 41 52 46 99 23 41 47 52 1 77 75 62 84 50 60 87 55 58 22 92 16 94 92 47 33 74 14 46 6 87 35 48 39 81 99 14 75 46 66 76 75 94 90 11 44 50 99 99 60 73 44 76 68 36 75 53 62 41 51 68 29 87 68 20 20 68 35 47 66 53 23 94 47 13 5 92 15 4 43 76 30 87 4 98 75 80 3 37 21 54 58 2 93 26 75 14 94 10 61 13 15 37 7 15 2 12 59 18 69 54 46 99 94 50 49 69 30 52 59 4 6 17 58 52 95 33 66 90 95 79 55 11 68 62 78 71 74 37 41 43 43 39 94 37 89 43 7 72 95 18 28 54 87 86 58 82 20 24 24 15 55 79 78 76 41 8 99 68 97 40 11 41 31 58 78 20 1 37 92 49 55 20 55 42 59 13 77 79 89 1 46 96 81 77 72 74 85 71 42 83 63 6 24 94 64 54 15 65 92 59 66 47 32 21 42 91 86 71 22 75 72 20 72 5 97 96 80 35 68 74 18 83 80 94 78 44 48 45 62 40 56 80 40 88 2 34 31 40 5 53 16 29 74 40 87 23 36 67 58 56 41 28 40 74 22 70 18 23 15 32 15 71 13 7 12 67 41 43 7 98 49 75 80 23 15 67 98 4 86 57 12 27 37 4 53 12 74 72 35 41 4 2 65 69 10 77 36 51 20 44 2 69 19 82 44 87 49 95 43 35 4 7 14 41 12 68 53 
38 92 40 80 48 43 97 18 53 74 6 56 46 50 10 68 22 92 64 61 93 59 56 80 63 63 95 57 27 15 10 66 59 3 98 7 46 95 77 51 21 84 59 67 34 70 35 8 62 0 69 8 59 77 88 75 41 35 32 68 50 94 86 61 97 36 69 95 83 46 98 4 82 58 72 69 80 59 77 94 59 99 2 71 76 91 98 69 26 30 90 29 76 76 90 26 65 11 21 48 10 72 53 92 82 77 61 62 36 39 56 48 90 59 71 66 2 69 88 80 51 78 9 27 54 52 53 71 63 27 20 25 99 73 18 33 50 79 95 38 70 51 86 60 62 57 79 16 78 67 97 29 97 58 9 51 62 62 75 78 41 95 3 92 20 21 25 22 1 20 60 23 24 99 36 38 56 15 55 87 34 4 16 31 62 25 34 77 40 9 55 81 56 58 26 76 80 51 98 33 72 59 56 48 10 44 86 66 59 93 5 45 97 22 28 12 99 15 89 91 24 44 73 81 54 51 9 34 2 8 19 26 19 28 74 29 72 13 47 84 6 53 81 56 27 10 20 26 25 9 18 1 5 43 34 11 94 44 98 48 52 17 75 23 97 49 52 70 14 51 6 21 4 87 29 83 49 49 10 26 10 80 28 67 75 62 78 21 58 76 69 62 46 44 85 43 46 89 65 60 41 71 33 97 11 14 81 60 15 43 87 25 75 67 44 2 29 23 23 40 51 44 2 97 41 88 93 87 29 58 99 70 30 85 20 41 99 53 53 67 48 92 92 75 59 89 77 41 64 0 81 15 96 83 65 37 23 58 76 53 16 76 75 98 13 95 39 64 0 45 31 48 37 76 23 49 65 52 90 29 4 71 96 1 6 61 38 30 19 15 35 88 43 10 86 56 58 78 72 58 
23 4 59 12 80 34 61 97 87 3 26 91 74 22 44 33 36 83 15 55 98 50 43 41 60 82 49 18 60 21 29 83 77 40 47 9 26 9 6 13 12 84 57 39 59 53 24 95 36 39 2 86 89 98 27 49 80 28 20 40 2 49 75 79 89 22 89 15 83 95 81 48 32 90 87 91 43 11 86 80 2 40 66 91 90 46 40 70 26 60 62 28 61 89 8 50 12 49 18 47 44 51 95 76 41 34 19 36 97 57 68 99 98 87 90 88 85 83 11 11 43 73 92 57 15 0 7 27 1 77 26 45 28 22 74 21 8 45 10 6 3 78 57 1 17 48 41 2 83 4 66 26 30 58 35 45 10 43 72 11 72 50 8 53 24 34 74 33 80 36 39 83 15 48 36 32 96 29 87 79 34 53 58 64 63 93 9 73 88 33 36 13 83 96 66 8 31 92 93 63 29 84 98 96 32 34 28 29 15 67 60 49 72 70 65 35 16 26 60 56 59 96 69 95 93 87 55 24 80 48 39 9 32 37 57 64 23 85 45 38 5 58 40 77 80 5 13 96 32 73 5 43 22 74 38 15 62 45 91 94 93 30 55 77 67 12 94 90 49 91 80 54 49 20 84 30 26 97 78 10 22 83 53 44 10 44 59 24 89 2 70 35 32 25 12 51 89 6 93 38 98 74 45 99 94 29 81 72 78 12 82 0 47 88 97 57 32 8 33 73 11 3 8 95 80 73 47 69 79 92 8 29 66 5 81 13 86 14 85 64 26 20 16 74 8 13 83 92 22 17 65 85 72 74 80 53 47 79 22 78 24 82 60 90 87 93 55 73 7 93 89 34 65 58 60 73 23 43 17 97 12 82 82 85 8 15 38 7 94 60 38 70 95 50 13 82 43 68 8 50 
61 49 36 26 7 96 51 31 92 20 28 4 55 63 89 63 78 79 23 24 40 13 95 35 63 8 69 6 76 29 8 90 79 45 68 38 93 72 69 85 44 50 42 99 13 31 15 91 11 38 15 3 51 62 90 66 70 11 72 99 41 80 41 20 77 61 58 23 85 80 8 30 30 2 29 43 34 44 86 97 34 53 52 37 16 42 3 38 5 27 89 46 60 82 18 37 44 29 12 81 9 73 11 91 75 93 86 9 89 72 58 76 77 10 13 45 4 69 84 10 96 25 8 56 60 27 46 4 56 10 37 17 83 49 8 59 94 94 68 83 18 79 59 95 41 25 41 98 94 77 60 42 54 68 51 14 95 49 70 3 59 8 20 43 9 80 2 3 74 22 38 44 1 50 40 95 75 33 93 21 10 53 63 16 21 66 31 69 15 1 24 27 61 45 70 70 25 24 25 52 46 16 96 0 66 88 95 41 21 40 14 83 93 29 0 66 96 83 87 63 84 12 90 46 9 60 68 86 84 46 38 83 62 87 83 28 75 30 21 49 70 87 32 63 16 84 81 12 67 69 28 4 81 18 2 90 31 70 76 67 68 67 50 30 54 85 10 81 15 83 30 37 70 15 52 87 51 34 51 19 3 31 23 36 50 25 78 33 47 54 0 16 21 3 98 27 88 9 61 56 44 43 93 15 58 46 54 62 32 57 81 87 89 56 23 91 81 1 24 80 7 24 96 81 27 95 8 68 56 21 24 0 65 17 67 75 15 73 37 47 31 18 34 72 26 9 63 7 62 87 88 70 63 36 51 91 83 59 11 39 81 35 92 98 4 59 73 72 33 11 19 16 81 6 88 8 67 51 67 30 90 7 0 53 44 51 96 79 62 7 19 95 94 11 93 99 22 19 71 7 
82 42 23 63 0 11 23 68 14 91 98 4 50 50 58 46 1 6 26 15 14 97 63 8 60 56 59 82 27 82 90 9 77 65 73 77 77 48 97 43 91 47 48 42 97 58 40 50 64 66 66 30 63 29 91 75 37 2 58 65 85 0 74 62 65 99 91 94 48 41 90 39 88 38 33 86 48 74 36 12 92 2 95 8 83 86 83 21 88 93 86 25 93 12 39 11 64 83 57 12 24 47 3 12 37 89 98 85 15 35 50 7 89 45 67 25 83 3 46 23 96 84 49 90 48 88 53 12 71 10 76 95 10 80 60 47 21 58 85 36 45 35 95 87 32 15 12 15 18 10 38 14 94 39 56 94 80 9 7 3 72 83 51 34 15 11 81 36 69 66 24 67 53 20 54 85 35 18 52 5 28 43 19 74 34 76 68 14 37 27 18 61 11 21 95 26 32 77 15 53 95 39 20 49 11 26 86 98 96 91 3 76 34 23 50 68 51 71 35 88 98 53 50 9 74 97 88 58 74 55 11 22 94 84 23 6 62 61 56 59 52 60 35 86 35 38 7 86 9 42 26 7 47 28 69 73 26 9 83 52 64 94 74 58 30 49 16 93 11 25 4 63 85 91 2 20 29 9 58 90 3 84 50 2 65 19 27 91 28 10 43 44 4 70 2 87 19 71 80 82 96 36 46 33 27 0 5 9 61 63 51 64 99 1 18 64 72 45 7 0 55 51 44 59 73 99 46 44 22 78 27 70 66 25 55 46 25 60 7 86 75 58 2 74 60 20 91 32 65 98 85 20 1 81 31 26 32 30 71 6 60 50 76 27 27 83 25 52 43 32 90 70 90 92 97 2 12 88 35 29 38 72 49 92 5 32 18 38 62 41 44 23 91 73 2 18 8 27 22 52 
59 12 74 1 56 71 4 68 59 91 97 50 15 98 42 20 31 60 58 45 54 55 20 45 80 22 16 88 1 90 92 12 55 67 14 11 38 70 80 50 61 29 52 76 80 94 48 63 6 7 8 60 14 29 58 46 3 26 34 5 16 79 69 71 46 83 35 36 5 67 38 66 96 90 94 28 84 43 91 91 2 0 3 68 81 61 14 84 87 0 41 56 79 63 79 77 46 14 66 4 81 4 70 30 95 17 10 31 12 2 74 66 54 78 34 35 91 0 71 79 0 65 87 32 28 66 9 26 33 75 30 66 80 53 48 27 70 59 58 34 13 33 0 67 63 34 54 54 34 25 85 86 90 72 18 18 91 80 45 76 7 27 42 39 80 43 66 2 2 77 36 15 10 36 34 25 22 88 79 8 65 65 95 56 37 65 26 80 45 23 56 53 51 51 92 31 94 11 34 96 88 70 63 50 59 49 75 81 37 6 90 2 71 37 10 61 2 37 41 0 12 50 53 63 1 97 47 95 60 33 43 48 55 58 50 14 7 77 48 96 84 38 50 55 75 61 68 29 50 62 29 62 12 34 78 65 32 77 12 44 10 55 45 65 65 95 32 72 25 80 20 9 70 70 16 45 83 85 26 33 99 56 48 63 90 78 28 74 55 40 19 65 47 64 82 12 11 14 36 36 94 56 97 64 78 14 61 62 51 40 47 50 96 47 13 38 25 93 13 80 33 84 97 80 0 80 44 63 46 80 52 93 36 49 9 66 15 23 28 18 63 28 20 11 75 85 49 53 78 14 85 63 98 83 95 98 15 39 14 13 19 66 6 7 15 16 26 83 91 54 1 54 82 22 65 10 7 66 63 86 81 48 1 79 83 97 30 50 36 44 64 8 10 22 67 77 90 93 12 81 
48 14 87 82 88 4 44 95 71 7 33 52 8 35 83 43 84 13 94 20 9 10 28 71 32 48 1 23 41 13 56 41 27 44 76 67 48 20 15 19 80 0 23 40 87 7 83 71 72 29 92 34 39 72 5 24 20 6 47 14 72 55 55 99 99 31 19 0 4 34 71 84 34 95 76 22 54 59 93 78 41 37 12 80 10 70 56 82 28 55 96 0 11 52 52 62 35 71 62 39 5 34 75 91 81 51 13 87 11 59 65 4 96 30 36 6 52 93 41 80 48 37 81 11 41 33 74 77 4 36 68 61 22 44 52 3 95 66 42 58 25 60 62 73 90 99 32 42 44 73 74 92 62 55 4 4 88 30 33 44 66 1 5 41 45 10 44 41 28 39 99 5 99 14 78 41 65 10 83 9 35 9 53 98 65 9 2 5 39 35 2 58 36 59 99 82 69 95 75 97 34 26 2 33 40 33 74 57 43 9 66 79 19 72 77 36 81 31 41 73 66 43 31 54 3 30 88 24 77 63 22 12 90 76 97 82 9 24 92 5 33 58 84 4 30 13 40 64 96 34 37 62 29 68 68 84 50 57 9 27 72 83 91 14 11 89 97 21 65 89 78 98 99 14 55 82 27 95 46 23 81 35 37 11 55 57 47 5 14 56 84 39 91 28 53 3 69 2 76 34 43 54 32 43 20 39 77 99 87 75 74 68 10 11 31 65 20 79 22 87 87 6 26 79 34 79 34 55 82 62 89 25 68 74 20 88 13 49 87 0 24 61 69 34 24 52 51 44 31 73 31 19 32 57 50 18 89 36 74 71 50 63 48 18 37 21 58 51 70 45 3 95 58 72 81 82 25 33 78 8 58 10 79 90 19 81 61 8 17 35 31 19 50 32 37 40 53 95 43 23 
92 46 18 50 19 52 84 96 37 63 4 95 25 36 38 96 17 99 57 87 86 88 6 88 20 96 28 73 43 71 49 36 70 19 38 89 71 23 37 8 38 93 4 63 29 94 11 47 45 68 34 31 9 92 71 29 88 52 55 32 23 4 20 93 23 58 34 47 33 23 55 23 17 11 38 46 5 50 45 50 18 79 33 27 24 57 9 12 9 16 44 84 72 16 30 47 27 64 94 60 40 50 84 57 13 22 55 19 24 53 21 43 84 7 22 8 64 31 21 25 99 17 9 71 34 39 19 61 56 13 73 96 15 9 5 29 84 12 48 8 65 21 3 50 80 26 58 96 9 31 21 9 49 31 80 35 22 99 96 30 65 21 26 80 31 83 9 67 48 9 75 13 31 31 15 11 57 74 8 18 5 81 79 6 64 60 41 87 11 37 17 28 11 96 9 94 31 18 61 79 28 88 45 11 19 60 74 28 86 34 47 92 16 26 98 80 38 92 67 2 81 37 30 92 85 39 86 16 10 47 96 90 36 41 53 7 53 27 36 40 62 35 32 30 61 82 10 52 26 30 54 8 19 36 0 4 28 39 20 38 86 68 80 74 61 33 34 15 12 70 55 26 57 39 56 18 73 19 22 0 1 28 8 20 17 60 76 45 99 48 35 38 17 15 64 78 0 98 45 12 20 52 39 77 91 47 48 17 18 70 69 19 51 77 91 68 89 67 13 89 16 48 79 85 15 43 15 15 42 61 79 62 13 70 92 57 70 40 26 88 62 95 60 13 24 51 33 13 71 46 54 87 46 33 24 13 77 39 80 71 52 60 85 18 82 77 27 52 69 53 93 32 0 53 97 24 4 31 89 75 29 96 14 76 29 90 41 58 30 22 29 34 34 67 52 68 96 79 73 66 
84 66 98 84 19 95 60 75 78 2 3 8 98 69 36 79 60 77 38 42 51 19 76 85 86 81 54 83 12 27 1 97 93 51 33 64 46 46 39 77 48 94 85 98 64 73 77 76 50 67 18 2 87 46 39 25 79 93 60 92 72 61 41 17 12 74 81 11 72 73 88 72 19 25 70 83 98 0 11 0 67 81 2 6 80 42 32 59 87 44 51 12 6 92 29 70 19 63 81 91 88 21 64 7 98 86 43 96 86 54 49 6 88 51 12 68 45 96 27 85 41 79 97 99 71 26 69 42 41 3 34 29 24 50 37 23 36 80 71 75 86 20 33 74 24 97 42 21 94 70 58 87 1 55 86 24 34 7 67 75 10 53 57 35 3 94 10 91 26 33 18 64 6 51 91 82 1 85 55 47 7 14 34 8 21 72 33 7 79 52 35 90 5 92 77 60 38 87 51 16 72 22 80 78 25 23 12 26 9 68 73 16 34 59 25 55 31 10 63 11 14 98 1 71 42 30 31 80 17 34 96 41 56 28 72 82 52 84 60 61 4 34 77 38 93 54 94 77 16 9 88 30 59 41 1 1 71 84 33 40 19 81 81 27 9 5 61 13 90 22 74 46 8 4 85 53 10 31 30 27 92 70 9 51 63 11 4 86 47 89 26 66 70 60 46 79 17 7 93 59 81 19 6 41 75 91 95 86 74 77 13 66 0 22 69 15 85 73 2 33 62 80 51 84 92 97 63 10 57 8 69 38 80 75 80 55 18 27 41 44 56 6 10 8 29 79 76 66 4 78 99 18 10 51 2 3 0 18 65 57 78 34 48 58 62 80 14 32 59 7 77 67 14 87 76 95 19 4 61 75 82 61 46 92 64 0 47 64 18 12 74 97 99 22 7 61 2 73 93 61 
81 70 80 95 10 56 90 81 60 51 56 94 64 54 39 80 55 38 45 73 51 71 22 50 93 30 63 47 55 8 60 36 31 40 83 41 49 25 22 61 77 30 8 93 85 47 74 40 37 71 65 88 42 40 90 87 22 5 34 77 14 46 14 45 86 97 38 87 75 60 49 52 42 57 97 79 56 23 71 93 94 89 34 88 29 76 75 51 82 61 28 96 7 94 93 46 44 31 33 19 43 34 23 37 43 20 17 51 44 40 97 90 29 31 79 58 7 6 61 41 68 42 89 27 36 82 25 80 65 11 51 8 97 74 46 41 47 63 44 43 55 41 33 85 72 12 95 32 71 57 25 91 99 15 18 87 49 96 68 15 7 71 75 4 46 21 97 93 36 42 36 92 83 21 77 8 86 24 92 57 81 69 48 32 36 18 20 86 14 40 53 73 11 28 78 9 50 27 54 86 69 42 30 5 64 59 65 50 84 9 59 65 78 7 50 15 77 70 53 92 10 6 65 73 34 95 83 36 75 37 23 96 80 5 1 96 65 18 46 49 79 5 66 58 64 16 25 41 38 78 85 0 84 51 74 70 98 9 7 73 98 82 70 30 87 23 26 4 94 24 5 73 29 72 31 45 40 8 39 31 86 24 31 22 75 57 93 26 18 52 51 17 34 21 47 73 97 26 78 91 50 83 64 32 7 48 77 0 8 16 31 95 93 62 69 20 72 14 46 90 66 98 59 0 71 59 26 20 85 4 63 35 39 80 19 47 28 49 47 36 17 30 83 10 92 53 31 16 67 29 7 86 27 66 38 51 25 64 71 62 20 35 50 60 15 69 59 95 70 58 83 88 88 19 98 32 24 81 49 43 11 8 29 90 74 68 41 52 84 65 14 5 52 16 17 67 86 28 14 56 
86 49 96 26 68 47 58 92 28 59 36 39 67 65 82 94 85 23 98 70 40 64 27 92 81 44 11 19 72 25 27 10 75 24 36 43 71 46 88 51 58 24 43 25 41 25 71 79 0 69 49 41 86 28 33 67 72 45 38 96 22 65 58 49 89 46 45 12 92 33 64 50 9 59 28 50 84 51 29 84 73 30 25 59 58 11 78 82 8 16 30 30 81 88 32 23 86 77 87 79 10 3 81 71 62 61 21 46 13 3 83 86 85 60 45 96 71 23 78 31 39 61 62 72 1 94 47 88 23 35 19 85 38 0 56 1 14 77 99 27 32 82 13 18 95 10 66 66 85 96 98 76 57 12 48 59 58 96 99 33 31 18 18 21 70 74 74 84 3 74 11 36 8 76 6 3 86 72 22 23 68 72 99 78 36 48 89 46 96 88 79 79 58 97 0 28 71 75 13 74 1 76 62 61 5 20 65 43 92 39 67 13 11 66 43 47 14 32 45 62 72 24 41 30 21 94 58 44 21 23 70 22 52 33 35 57 53 52 0 98 91 19 63 54 86 6 53 52 90 98 15 62 22 56 92 95 2 2 91 23 78 62 45 82 95 33 39 0 85 91 50 77 63 13 31 49 71 85 1 61 35 68 23 58 77 67 5 79 70 97 3 0 59 0 82 6 33 73 58 19 16 9 48 79 74 31 28 46 68 82 59 4 2 83 14 79 50 19 59 72 68 14 72 27 14 6 85 0 79 44 71 96 5 71 75 79 2 56 77 71 38 37 27 40 72 41 20 22 12 31 47 81 97 71 60 63 78 46 63 9 42 86 5 47 57 81 78 12 89 56 83 27 93 62 19 65 3 91 39 15 22 38 48 71 10 9 35 40 55 50 49 49 89 55 96 46 88 74 58 77 
82 93 56 27 55 75 92 10 67 84 26 41 22 26 13 84 35 0 24 42 2 74 91 91 81 39 38 21 66 48 98 48 42 6 76 49 81 20 60 0 4 38 42 79 64 7 63 0 59 88 94 61 14 86 53 95 77 43 16 43 91 66 44 85 72 20 87 5 92 47 6 97 37 0 28 1 59 91 53 18 31 48 31 45 86 84 40 63 27 8 59 71 74 3 8 98 23 95 56 15 42 14 64 79 66 92 33 25 36 86 95 67 86 26 13 72 63 5 88 42 14 47 13 40 50 22 91 25 17 47 92 12 61 57 43 27 1 76 4 37 15 99 5 1 77 70 26 92 75 14 35 41 13 0 82 63 74 73 40 92 20 32 56 33 41 99 60 43 28 16 32 43 15 89 96 44 59 22 37 87 88 72 28 1 72 62 16 99 35 56 91 7 89 99 92 82 50 52 25 78 20 10 21 35 99 18 32 11 92 69 98 81 93 78 82 17 41 51 16 76 7 59 36 48 58 28 31 61 33 56 39 53 18 13 41 18 83 73 81 75 94 79 56 39 57 91 56 98 42 25 27 49 84 15 50 95 43 81 56 28 89 95 34 8 60 75 78 43 0 59 19 46 38 75 85 47 18 41 98 60 18 77 62 3 92 12 98 87 93 6 68 34 53 2 42 14 29 20 57 29 79 76 27 69 4 12 69 22 5 19 35 24 96 97 27 40 61 77 79 6 35 99 40 88 1 83 2 82 55 60 63 87 88 90 8 92 2 77 67 60 96 54 84 44 51 63 36 64 92 16 70 27 15 10 15 69 45 70 51 1 82 67 88 70 57 96 15 12 26 82 72 22 88 8 19 39 71 55 55 15 23 25 42 91 87 9 60 33 31 63 34 13 30 74 84 40 70 51 52 96 
85 76 71 73 84 42 64 7 97 19 22 21 44 16 64 31 77 76 64 9 91 50 22 22 24 58 14 47 9 66 95 94 94 66 67 78 8 31 85 58 50 7 31 46 75 95 30 52 71 46 61 62 97 84 36 73 42 50 20 4 68 16 98 62 34 66 92 95 97 77 53 0 36 84 46 63 31 28 16 2 75 77 16 24 13 53 97 8 55 70 12 76 86 10 90 72 28 83 67 78 12 20 78 1 56 76 64 87 5 32 41 32 62 58 56 27 63 53 35 70 75 99 46 13 62 37 86 90 72 53 20 36 26 98 89 34 27 6 22 32 38 15 64 52 73 20 80 36 25 15 7 53 67 5 66 29 94 52 71 18 58 92 55 84 42 96 18 69 2 92 1 93 8 17 45 33 89 25 22 67 93 29 20 60 86 86 41 81 91 12 51 49 56 6 85 99 3 55 20 57 48 22 50 8 91 96 41 81 73 63 0 66 44 72 78 31 10 19 64 1 84 15 2 92 74 87 91 29 95 64 86 95 86 89 3 29 37 96 62 10 60 62 77 56 34 55 39 45 27 3 98 63 71 1 55 97 40 99 26 35 63 64 82 1 53 85 30 90 82 93 1 94 7 30 2 94 37 42 39 64 97 89 79 68 90 35 65 83 34 43 70 97 60 53 98 13 90 80 56 24 25 9 18 33 39 21 27 28 15 18 45 12 7 24 33 50 59 50 85 45 94 55 94 54 8 44 19 51 25 75 75 50 36 46 35 27 19 14 56 34 32 53 46 92 77 79 94 89 30 79 86 76 34 81 30 95 25 1 46 50 77 73 53 65 19 88 93 38 3 1 72 87 54 71 31 31 50 25 72 32 4 59 8 91 40 90 38 65 92 36 68 21 9 21 86 29 61 79 19 16 
80 44 4 86 15 35 18 17 61 42 50 17 53 58 8 93 49 98 11 93 34 31 14 44 4 0 25 65 32 96 82 64 40 38 51 55 25 21 25 38 15 75 56 69 85 16 62 86 15 25 79 1 56 93 45 12 46 22 78 30 19 12 46 11 2 97 19 27 70 44 66 86 19 22 55 4 90 69 91 57 47 22 59 55 16 4 68 14 79 98 96 50 10 42 61 12 92 32 39 62 76 57 0 95 31 7 52 22 77 95 79 76 17 38 31 85 95 99 51 26 97 47 76 59 42 89 23 34 22 15 48 98 72 49 46 4 56 50 78 85 97 57 61 14 48 93 52 95 44 3 21 94 3 49 53 45 90 77 79 12 92 79 63 16 80 61 20 89 11 98 74 8 8 88 74 8 33 78 3 29 82 76 23 85 77 77 82 67 6 13 80 50 92 95 66 25 56 39 14 67 89 40 27 97 28 53 57 13 32 60 43 66 88 18 3 65 47 85 33 53 98 65 55 42 60 74 67 16 13 33 35 2 74 14 52 54 67 9 68 51 22 63 17 62 81 20 28 29 57 13 34 55 30 90 50 90 64 69 58 29 3 45 83 77 59 35 31 78 97 51 82 71 14 99 33 48 72 61 77 29 26 63 85 56 53 87 98 69 56 8 98 59 53 82 88 64 69 20 43 18 23 77 89 38 76 23 38 48 36 67 78 63 30 15 71 84 2 70 5 10 78 4 22 84 38 10 48 7 30 43 78 6 20 67 96 97 90 34 97 27 1 27 42 31 42 65 67 96 35 73 7 66 77 81 50 67 91 50 26 74 94 4 80 66 72 76 15 14 10 13 93 63 92 35 94 35 1 62 83 88 87 42 6 16 23 8 83 15 11 9 89 5 66 21 23 38 97 39 52 59 
4 46 22 96 33 68 83 86 82 67 27 69 9 85 85 85 94 20 0 5 82 41 62 48 62 37 86 11 76 90 70 80 88 44 29 74 12 12 12 95 79 39 16 41 25 54 26 71 74 26 28 56 19 42 4 81 79 42 44 8 85 14 40 73 58 69 99 22 82 12 69 61 51 86 54 28 40 80 51 66 58 31 75 77 73 79 10 5 74 54 65 59 20 5 84 30 75 84 53 57 96 22 70 99 60 25 28 52 57 31 19 16 63 94 93 88 25 56 45 99 10 10 10 31 16 95 13 91 79 66 0 27 41 22 26 1 99 54 6 57 38 25 73 1 71 18 41 48 74 87 0 85 97 10 68 13 57 81 56 88 0 8 15 41 83 42 94 82 48 0 91 86 25 16 39 48 35 81 97 9 68 49 46 17 59 66 83 17 48 39 5 0 0 73 41 35 15 35 17 63 36 61 2 13 77 41 14 12 74 63 74 42 12 20 60 23 87 95 40 87 34 98 87 86 71 80 21 38 15 91 53 3 4 55 69 81 49 35 46 75 98 20 18 10 40 30 33 79 25 26 18 11 76 5 50 99 85 23 37 53 66 90 8 70 98 29 52 99 64 98 74 62 70 44 24 62 26 58 42 51 36 60 15 12 18 17 11 55 40 0 60 7 90 69 77 40 98 81 39 15 31 66 77 1 10 2 64 37 12 58 40 48 70 55 12 88 72 75 96 65 75 56 72 17 77 1 10 28 35 49 43 66 15 72 68 78 74 84 15 38 42 55 38 12 63 50 53 87 77 49 52 4 57 76 22 87 30 32 15 65 33 10 83 1 82 3 79 9 87 94 99 29 1 38 94 64 40 47 4 18 96 8 22 53 85 96 92 67 80 7 84 14 69 67 67 4 71 46 65 58 
92 64 40 45 2 34 62 43 81 66 13 29 74 87 34 11 36 27 30 16 86 14 82 56 82 49 12 5 47 77 63 91 41 55 89 96 89 51 91 22 69 4 51 95 43 86 59 79 13 89 96 99 56 30 7 90 32 19 95 79 48 58 23 90 14 64 38 55 67 29 78 36 85 29 83 28 67 94 60 32 36 8 32 92 38 91 82 70 63 77 2 11 87 77 53 53 41 91 9 8 72 39 96 9 68 31 38 88 26 50 20 62 58 4 6 96 96 88 67 11 17 21 22 56 98 76 10 39 19 71 99 92 10 95 1 30 26 91 18 4 93 91 66 51 95 24 48 43 12 67 54 81 88 77 38 86 5 0 77 76 71 76 68 81 23 22 63 1 65 82 6 59 73 24 10 20 49 10 64 13 77 18 47 17 47 85 55 4 85 32 81 8 60 1 41 83 75 4 85 41 38 91 52 63 67 14 84 16 77 0 82 54 70 29 24 18 66 79 74 51 12 55 11 72 9 52 8 84 56 93 77 47 36 29 10 3 96 94 72 73 46 6 79 17 35 3 87 1 83 61 4 95 69 15 19 78 19 27 62 27 72 40 74 8 21 85 64 17 31 88 90 78 94 70 95 29 25 34 82 8 95 38 55 64 5 27 42 24 54 57 51 79 97 78 39 70 63 3 88 46 91 30 76 37 52 23 18 78 57 0 38 53 90 94 69 95 21 64 71 27 21 23 58 70 53 98 40 16 1 80 14 45 11 91 82 15 14 53 45 72 5 84 77 96 78 46 91 51 10 15 30 83 38 89 53 43 87 46 59 40 26 25 85 89 68 20 5 35 25 50 59 30 34 36 26 64 34 70 67 97 85 50 80 75 39 86 18 78 32 29 70 58 6 56 48 75 28 5 10 5 
7 69 35 94 57 14 10 91 84 78 40 21 80 21 48 71 7 66 49 91 47 19 49 53 27 49 28 7 6 90 12 14 11 48 8 68 14 18 12 98 48 52 71 28 25 19 99 32 85 0 75 84 72 77 37 99 26 18 59 85 60 23 51 72 23 11 40 37 81 52 87 30 5 58 10 82 77 62 15 14 62 42 98 34 19 88 86 98 6 97 83 66 20 34 90 44 45 31 81 26 35 69 8 92 79 19 75 57 33 42 71 95 84 22 82 4 62 20 2 20 17 37 86 37 71 29 33 68 60 67 46 95 36 55 88 15 26 63 24 59 5 48 6 41 22 88 45 84 8 99 4 77 36 42 67 59 71 0 79 31 67 26 79 55 33 19 71 11 82 47 70 39 95 76 32 17 17 78 1 77 29 5 55 18 48 22 29 71 74 9 3 42 87 34 97 72 53 20 83 35 68 5 26 15 33 58 85 50 88 86 80 70 44 87 88 44 61 17 15 35 78 70 29 17 4 27 89 57 99 24 44 67 29 22 35 63 33 20 65 73 58 45 43 2 84 31 98 45 1 66 33 79 36 62 49 93 41 38 2 41 63 99 60 92 21 95 7 54 15 73 28 74 70 23 28 7 55 27 52 8 45 37 39 81 52 88 26 93 27 29 34 42 28 47 86 1 42 94 8 10 19 88 84 41 11 64 48 18 91 53 26 36 90 66 70 42 54 48 88 33 29 74 27 9 21 14 11 64 60 19 26 31 59 10 72 70 74 21 89 18 74 67 6 64 33 28 59 40 77 47 73 6 21 53 68 95 67 79 11 79 50 37 10 9 99 82 31 73 55 72 43 29 40 50 46 25 78 5 65 7 4 91 66 77 44 34 72 63 65 83 42 67 72 4 28 71 38 59 45 94 
84 40 23 24 90 21 49 21 26 67 80 82 58 46 60 54 32 32 17 49 68 11 16 40 67 44 12 5 56 9 51 40 49 27 16 92 48 17 65 27 84 45 9 94 44 69 48 28 54 17 78 74 80 46 66 47 43 30 5 99 39 56 91 41 83 59 85 84 76 50 11 61 47 20 7 43 42 56 72 48 25 2 22 6 0 88 53 43 71 10 94 10 67 85 3 2 44 88 86 73 90 97 86 90 70 93 33 12 1 5 60 27 59 34 33 60 74 38 3 45 49 50 8 68 87 63 70 84 4 9 57 46 58 43 36 28 36 70 92 38 27 4 17 87 38 50 99 65 40 54 62 41 4 70 61 44 86 84 28 90 93 85 36 51 28 25 32 64 95 24 54 22 29 71 61 19 73 12 36 66 19 99 7 75 21 21 19 59 5 47 49 98 32 38 1 60 63 33 77 10 10 83 84 91 55 98 62 28 10 99 94 29 50 54 5 23 75 24 83 32 72 84 30 56 74 83 17 37 69 46 99 31 29 84 22 36 82 36 17 92 87 63 74 37 17 31 13 44 55 96 76 79 80 58 36 7 94 5 96 15 3 96 46 32 80 20 21 62 56 38 6 44 1 32 33 19 63 46 15 19 94 44 50 27 54 38 34 48 43 30 63 46 26 9 31 58 81 52 72 38 42 79 34 43 11 19 14 27 18 30 98 12 26 48 91 80 87 77 81 82 8 44 81 86 6 64 97 87 68 69 77 10 0 63 53 64 83 68 91 1 50 89 65 28 37 57 8 76 34 89 59 94 86 40 33 44 4 30 83 72 99 13 82 0 76 87 64 59 7 7 12 57 96 78 85 85 87 46 62 73 87 73 68 73 65 1 69 69 31 53 93 82 66 27 82 42 66 98 54 74 
57 66 83 53 96 69 91 83 67 53 57 54 78 77 80 43 30 49 12 61 2 57 95 20 36 30 15 2 28 69 76 86 87 60 91 84 81 82 19 48 87 28 54 65 57 34 8 87 84 72 48 38 81 96 59 17 26 74 20 6 95 96 92 34 8 36 70 89 70 90 89 58 70 44 75 28 78 84 15 14 8 16 53 42 12 64 59 38 90 31 44 85 80 89 19 88 77 42 78 47 32 67 5 54 63 33 82 42 69 50 56 77 18 61 19 30 25 31 20 15 62 16 52 42 57 24 31 86 66 61 34 50 80 91 4 96 24 39 38 93 41 46 23 59 8 94 41 85 77 13 1 40 81 5 34 39 29 17 77 95 30 11 45 63 55 50 59 79 41 97 25 82 95 0 41 55 94 34 41 72 47 94 64 28 99 50 19 29 68 97 24 50 60 22 13 15 24 72 47 65 69 24 47 17 24 40 72 18 74 65 42 73 59 58 53 11 9 73 92 29 22 68 79 82 90 93 50 14 65 49 31 87 73 78 4 97 70 28 67 96 46 62 69 5 20 23 68 81 48 60 62 22 29 42 4 71 87 6 86 4 55 17 91 28 48 47 77 70 28 45 19 74 7 88 31 79 63 0 13 63 12 75 85 93 69 42 65 56 0 3 61 56 72 4 36 72 52 14 43 80 11 62 6 70 2 37 1 18 37 14 33 50 42 19 95 11 13 60 20 13 63 33 21 88 37 10 60 41 76 55 21 87 17 27 9 72 17 10 42 54 25 75 56 19 46 52 30 59 64 2 25 80 35 98 68 73 8 80 14 36 36 88 23 5 67 32 77 84 43 19 91 20 47 99 39 93 3 21 5 68 24 82 0 59 80 68 84 41 0 99 77 36 39 53 42 6 37 71 43 80 
43 34 52 90 33 43 83 89 17 40 57 41 22 57 52 55 77 37 48 77 88 77 66 27 30 60 85 68 31 28 0 74 14 5 16 0 48 52 89 65 92 46 58 15 55 63 22 84 52 70 13 40 47 79 19 78 91 4 98 23 85 50 49 99 55 66 99 56 70 88 73 62 86 84 77 93 47 51 29 99 21 43 91 69 74 10 99 66 14 49 41 99 99 42 51 7 60 50 63 30 91 88 93 29 72 22 23 19 74 52 70 95 47 61 16 22 71 15 40 38 16 33 37 16 75 88 23 36 91 86 66 82 26 11 11 99 34 86 18 60 91 41 55 38 2 24 12 74 91 4 64 8 37 1 24 13 42 99 1 85 37 67 19 63 31 30 62 65 69 33 77 60 74 32 98 76 8 63 2 0 67 66 8 5 20 84 70 14 83 71 99 20 90 70 83 21 0 46 38 21 79 15 81 5 0 32 33 8 47 88 60 14 54 68 19 26 52 41 92 87 12 43 7 3 13 91 76 66 89 15 87 20 82 21 25 82 53 58 43 0 46 3 66 53 24 38 31 28 79 24 16 92 67 75 47 81 18 75 47 7 90 86 27 25 7 4 59 12 15 54 64 13 10 83 66 34 21 98 14 0 74 82 44 41 10 43 74 28 19 73 88 61 12 67 38 19 72 98 84 87 52 0 0 62 83 19 48 4 69 63 57 43 97 53 36 7 97 63 36 68 88 24 81 0 91 20 72 15 18 56 54 22 56 7 85 92 78 85 96 47 0 5 42 98 59 30 57 8 93 93 28 82 69 9 34 13 29 6 80 99 14 35 22 23 42 59 15 20 44 63 19 97 69 61 95 28 43 4 88 37 98 16 71 19 25 57 84 7 64 65 6 78 52 80 1 46 91 68 66 88 
32 37 85 1 50 32 81 93 36 69 82 86 37 5 6 62 63 42 69 27 7 28 57 59 60 11 5 52 79 23 40 11 12 25 64 62 57 45 8 45 66 90 32 3 96 90 66 11 32 87 38 92 67 47 3 28 58 61 80 90 36 20 53 49 97 18 63 6 63 71 51 82 14 35 85 10 25 3 73 10 91 63 54 10 10 9 38 21 70 70 11 7 42 64 8 39 34 71 97 98 95 49 32 9 36 17 71 14 21 44 76 64 7 30 74 17 39 65 90 10 35 53 69 78 70 29 69 4 0 67 54 95 68 86 56 4 4 27 70 77 71 46 41 30 76 67 0 68 84 90 30 20 44 99 50 14 80 19 70 80 38 25 28 6 63 84 63 19 64 33 96 87 80 89 18 8 57 18 76 93 8 58 13 4 9 15 70 89 87 41 70 25 18 50 84 81 86 99 1 50 32 49 90 64 39 8 25 48 78 1 41 86 12 7 43 21 22 65 11 61 58 33 87 76 83 23 10 21 22 63 24 6 12 14 71 3 22 96 3 0 49 45 38 61 4 33 35 78 99 46 40 9 79 79 86 14 2 48 87 76 63 11 82 27 25 5 31 99 53 34 51 3 31 42 16 35 27 51 66 26 49 6 88 80 37 26 94 39 74 82 67 89 45 49 16 71 7 99 22 60 86 26 15 69 68 84 57 95 87 23 74 37 29 62 17 66 88 64 57 14 98 24 3 95 25 71 66 32 71 41 93 9 67 60 78 87 44 35 82 32 58 8 21 39 22 90 5 10 6 14 76 4 90 31 52 16 3 18 0 26 11 45 35 30 6 13 17 2 1 0 34 11 60 7 51 83 98 8 45 4 23 22 61 65 53 13 81 56 83 34 34 47 79 69 77 37 35 95 92 36 
47 78 47 7 86 50 90 84 59 88 40 34 10 53 99 15 66 33 24 2 67 58 49 98 28 26 88 15 73 80 3 20 58 2 28 44 53 70 80 12 10 73 46 20 26 97 88 45 30 12 47 97 70 48 48 50 26 36 65 0 16 68 20 74 71 0 71 76 23 51 88 33 76 86 6 3 83 94 0 14 6 99 63 28 47 11 79 25 47 96 25 15 65 98 90 88 50 13 64 25 16 4 59 93 90 17 48 25 11 48 39 69 47 55 49 94 66 28 71 14 77 97 29 42 47 71 82 49 36 98 75 53 2 86 46 44 3 94 69 66 42 61 87 41 16 36 87 34 17 58 0 94 7 82 88 54 5 70 56 42 20 31 95 22 17 41 18 20 87 39 86 81 0 25 22 68 61 9 3 78 19 55 72 27 37 60 33 43 82 89 85 2 20 80 76 37 73 46 9 12 86 47 45 38 72 67 7 86 28 62 64 47 17 89 26 7 1 60 50 36 1 87 90 22 67 19 11 92 65 73 4 51 72 49 90 45 68 49 83 48 63 47 47 32 88 74 39 90 86 41 78 87 28 68 61 47 87 73 39 53 98 95 56 70 96 46 67 16 47 50 64 10 98 64 95 38 38 34 28 76 76 6 63 56 27 25 4 14 50 95 19 48 91 76 18 39 22 86 56 22 36 72 84 86 36 79 25 26 66 5 2 42 64 18 50 91 43 54 57 45 50 77 93 93 53 63 32 27 49 40 49 38 65 34 76 53 13 1 80 79 59 34 73 23 4 76 66 99 30 23 44 32 0 89 25 53 53 10 81 54 50 82 44 15 16 21 69 82 74 1 13 33 87 39 8 92 15 74 91 97 50 88 30 50 77 7 56 30 17 89 85 20 71 29 87 40 2 8 74 77 
9 39 10 49 30 71 93 97 45 36 95 47 24 77 98 2 36 6 84 6 95 69 26 18 51 65 58 5 74 32 82 35 24 45 36 54 16 29 52 13 66 99 61 90 28 11 44 64 17 29 70 64 50 48 82 53 66 41 59 40 25 41 27 49 38 64 56 54 45 8 20 11 59 81 54 87 44 98 51 13 79 74 77 30 74 59 35 40 52 94 32 30 88 12 31 26 76 87 33 73 47 53 85 6 34 91 93 78 41 97 91 21 71 20 3 97 31 38 38 84 85 22 66 25 34 97 51 62 85 84 36 84 89 73 91 23 64 84 53 57 33 96 78 4 68 33 54 0 24 44 36 61 66 2 86 53 99 89 15 36 26 3 21 15 76 64 39 92 48 44 50 34 93 80 38 61 14 44 61 90 88 49 51 55 51 37 8 51 26 75 39 52 79 12 68 7 76 59 52 77 55 2 11 48 82 1 62 48 46 75 38 34 25 41 41 76 78 49 79 57 77 71 9 8 83 29 15 60 40 67 37 96 21 0 96 56 1 10 4 47 86 95 34 63 36 75 91 67 77 71 24 54 94 85 14 77 15 29 89 7 49 78 3 70 78 52 26 80 62 83 79 0 30 13 15 66 41 7 33 18 30 9 24 24 95 38 53 62 67 43 69 68 21 25 91 0 29 17 32 91 52 63 44 82 77 59 49 18 66 34 88 48 44 12 72 39 50 26 53 69 69 22 38 42 47 29 94 28 98 78 72 3 42 16 85 19 27 86 89 46 21 77 94 17 89 67 8 91 45 61 60 66 83 50 8 83 31 3 11 82 81 83 85 75 51 70 94 79 57 35 25 30 64 71 47 53 38 55 96 35 16 9 1 51 11 10 34 43 65 98 25 98 81 62 74 85 32 20 64 41 
56 41 71 20 12 70 26 3 77 74 38 93 83 92 97 95 54 31 90 71 81 67 69 15 29 95 0 13 68 16 55 76 57 78 48 21 49 26 76 26 1 67 72 36 59 69 83 65 52 73 36 34 92 5 49 21 53 49 35 21 17 90 97 74 68 45 47 69 72 24 48 25 43 20 61 54 41 45 19 93 70 55 79 63 12 28 84 65 29 71 38 46 13 87 72 34 85 20 3 9 96 51 34 91 23 47 45 64 92 64 10 15 19 89 78 31 70 14 49 99 86 87 98 99 27 70 33 12 42 89 21 90 40 7 81 16 54 78 32 47 42 42 62 61 32 92 45 54 6 46 53 92 85 3 44 12 74 29 24 68 18 97 11 11 4 44 27 59 23 11 58 65 54 72 79 38 64 76 92 70 22 97 15 7 1 11 72 27 40 48 47 11 46 58 22 2 3 1 61 26 12 71 91 18 43 22 56 7 98 0 30 20 98 45 80 51 8 52 78 48 0 25 59 98 84 33 1 39 34 14 65 99 86 8 17 29 31 26 89 81 26 19 54 76 16 34 27 76 38 57 24 90 83 36 89 19 69 90 58 4 4 23 55 42 83 72 24 14 50 13 96 29 84 50 5 52 36 85 28 74 42 4 64 25 40 53 96 10 95 54 66 52 29 73 46 13 97 70 79 48 35 27 77 71 77 34 23 65 19 3 39 62 8 56 39 0 61 88 62 9 94 28 61 24 53 7 89 51 30 20 99 65 48 28 37 77 62 12 43 82 16 82 96 76 90 87 76 52 75 39 61 70 19 74 46 73 33 87 24 63 7 23 29 55 3 18 33 65 30 76 99 46 10 95 74 1 83 51 5 10 90 18 80 61 92 78 34 25 65 58 41 73 33 22 80 36 40 13 54 22 
41 53 21 4 49 95 57 84 46 62 94 88 32 27 50 24 5 84 1 71 95 94 96 80 16 76 17 8 42 71 31 35 76 52 39 25 47 96 61 46 10 8 34 42 87 84 18 92 21 72 15 68 66 11 48 35 88 65 43 82 88 74 17 65 78 57 42 26 5 56 72 68 16 58 62 3 95 81 95 16 5 63 36 71 74 84 58 14 2 2 96 42 28 14 7 7 23 2 85 80 10 9 48 26 67 63 29 62 96 76 30 1 39 66 24 66 3 83 80 5 37 29 47 65 95 7 24 70 61 61 50 71 70 51 97 90 14 78 4 10 54 87 11 46 5 87 12 8 70 44 65 7 73 13 25 20 72 49 90 33 63 41 4 33 44 53 75 58 31 80 68 37 19 31 83 24 18 95 85 41 40 50 0 65 63 25 86 87 27 76 20 90 69 76 75 13 81 51 23 12 83 91 2 2 74 85 78 45 81 63 86 73 14 38 38 29 64 76 17 43 53 89 85 74 66 60 88 47 63 11 12 98 55 14 52 81 99 31 26 32 94 64 57 8 3 96 90 19 72 7 62 77 96 47 52 14 59 92 62 23 55 26 73 62 92 26 44 43 57 22 28 3 39 85 12 42 33 54 61 58 61 75 35 9 74 39 24 33 83 38 8 91 64 82 53 8 8 49 51 17 72 79 20 11 65 84 5 98 38 18 56 51 93 44 61 19 35 85 52 71 23 61 62 39 95 15 47 55 17 50 72 89 30 44 52 47 29 9 45 19 27 54 71 72 50 32 91 85 69 95 8 44 56 70 35 3 38 82 58 55 84 82 96 14 27 0 61 8 9 59 79 88 65 50 12 15 34 3 52 3 50 61 47 59 31 82 62 69 16 21 76 53 55 72 67 82 72 81 42 81 
40 22 21 57 24 33 72 59 88 76 62 39 89 62 98 73 96 60 42 65 33 71 18 41 43 37 75 16 18 18 49 10 92 71 67 16 56 91 75 45 20 90 36 9 52 34 82 0 46 77 65 32 48 35 73 91 73 48 59 43 18 61 6 10 84 73 27 40 17 2 37 37 44 73 46 96 7 29 49 6 6 66 38 54 2 63 97 27 11 9 22 30 70 28 92 54 54 19 46 71 74 84 60 18 57 6 67 17 87 16 23 45 34 61 51 88 24 1 15 87 10 90 69 80 18 62 86 24 33 32 47 59 16 7 30 26 66 97 43 5 65 66 51 99 79 54 88 55 55 55 94 65 97 64 97 16 78 83 92 63 68 40 23 36 99 53 62 17 2 5 23 67 23 26 18 54 80 58 9 36 66 4 53 63 20 51 31 98 34 24 13 54 64 88 91 15 41 53 33 95 11 56 62 86 34 33 41 14 91 50 2 57 6 56 21 26 7 52 76 93 28 90 48 44 78 91 60 72 44 93 67 7 1 82 46 35 67 87 1 58 89 4 68 48 12 41 74 19 45 3 64 74 93 64 18 23 55 78 47 52 23 67 11 76 49 57 11 16 96 65 26 38 69 46 86 81 87 12 52 85 67 68 59 12 33 29 36 40 60 35 92 83 2 4 60 51 13 23 19 62 88 98 0 9 96 38 42 36 2 46 21 70 15 32 82 0 61 70 40 21 6 85 57 8 41 69 12 54 44 83 68 33 33 68 94 30 58 37 66 13 35 87 83 50 19 17 2 80 40 95 54 46 80 11 6 73 32 70 79 76 54 48 61 39 68 56 69 27 45 35 40 80 74 75 83 93 44 37 26 84 32 32 30 64 43 89 37 27 11 17 3 65 17 65 57 85 73 26 64 70 
62 56 50 88 83 85 82 28 23 60 12 7 92 95 72 87 84 61 14 95 78 69 13 47 86 70 33 59 48 49 81 62 6 32 51 89 69 85 17 92 45 82 0 37 77 24 76 13 85 42 60 16 11 25 63 98 95 48 9 96 98 91 58 56 75 9 45 96 94 15 89 91 97 41 80 26 17 56 39 2 98 99 18 10 25 34 60 72 82 21 20 80 12 79 36 39 40 34 36 87 1 77 78 98 70 59 76 87 67 15 41 66 66 12 28 91 46 88 16 80 61 36 13 74 67 49 65 8 35 53 95 36 30 25 86 52 36 62 91 4 77 33 22 96 45 50 39 43 90 55 23 51 44 36 77 11 38 95 71 25 48 18 62 79 44 0 83 32 63 75 36 92 8 58 88 5 8 28 0 50 35 75 2 31 64 31 43 2 26 66 79 75 85 41 6 81 94 89 13 57 16 50 1 76 60 42 33 21 22 33 71 9 9 25 41 25 57 84 27 35 50 6 62 87 0 68 68 94 10 82 3 26 84 56 3 44 50 88 65 72 22 89 82 83 14 23 8 23 59 87 11 61 45 73 49 97 94 69 43 4 51 46 82 87 55 37 32 5 26 49 30 0 38 12 83 5 87 43 80 98 82 91 11 79 17 12 77 11 82 20 15 85 19 49 73 26 87 57 31 13 6 61 13 97 25 48 2 64 43 34 14 77 78 78 56 95 90 85 58 24 6 73 62 77 74 35 3 61 44 86 26 50 0 39 99 77 39 1 94 34 88 60 11 66 38 20 13 81 5 71 57 11 96 19 40 70 6 95 84 50 82 10 53 34 2 52 11 41 6 57 28 94 18 39 12 8 59 77 89 65 48 47 28 96 66 21 18 25 16 2 75 50 13 80 84 15 33 48 8 39 
5 36 85 75 28 97 84 39 74 73 56 74 72 85 22 91 58 40 16 74 95 43 25 60 24 61 27 57 61 35 48 67 24 33 94 4 82 78 43 8 4 0 34 76 37 56 67 47 48 83 21 43 27 98 3 3 12 30 60 73 18 8 92 94 93 87 98 75 65 93 83 69 45 17 98 34 25 65 81 73 1 55 17 80 53 72 83 65 55 43 91 25 3 83 71 96 70 21 23 88 14 58 57 12 75 7 46 52 73 28 25 26 83 94 6 88 19 41 6 26 36 97 51 39 32 74 87 3 95 62 91 61 20 0 73 47 8 20 99 33 0 76 59 35 71 17 75 90 58 33 68 94 82 19 85 15 45 72 70 40 86 13 1 6 13 75 53 73 47 4 6 99 80 17 86 51 86 61 93 44 47 61 90 29 32 75 44 77 99 66 17 85 79 71 91 93 98 96 18 45 52 77 96 33 94 82 36 81 95 82 77 42 43 68 24 28 95 68 57 95 87 27 80 66 98 24 59 96 72 30 93 25 7 41 58 53 23 94 86 70 76 64 65 72 84 89 52 79 9 9 74 96 36 7 63 34 83 74 82 55 4 27 80 11 68 90 17 91 37 3 14 13 67 79 37 3 68 89 83 77 99 9 74 87 68 37 22 51 63 56 7 68 84 39 31 52 30 48 96 67 52 10 32 71 89 22 27 9 11 62 86 62 71 12 2 40 1 76 43 65 32 50 33 68 42 16 21 72 17 69 91 69 79 23 92 20 45 71 29 9 33 67 23 57 80 25 97 81 1 92 46 86 95 31 54 37 48 27 9 17 96 0 38 75 75 30 47 73 54 76 82 87 44 57 44 24 83 93 57 36 86 4 22 81 87 29 18 87 56 79 4 53 31 42 80 6 25 28 31 79 
4 13 66 0 71 11 76 6 56 34 94 42 90 69 75 29 98 45 17 54 76 21 7 7 16 88 66 41 16 49 20 72 63 38 25 86 1 53 44 58 39 38 52 29 7 80 11 5 25 28 12 54 1 19 13 17 59 31 10 75 81 82 0 96 21 25 82 22 78 78 32 18 16 37 99 76 17 10 33 94 90 45 0 44 65 14 61 24 45 24 52 78 6 4 74 27 81 56 2 11 86 86 29 3 23 81 31 92 43 64 39 86 10 39 30 27 53 43 3 51 67 7 29 74 11 4 53 44 12 7 56 99 94 37 54 69 18 85 62 14 1 1 0 63 92 82 90 46 25 46 49 93 5 78 19 69 82 72 13 95 80 69 46 26 7 0 95 77 37 9 43 38 62 43 2 55 77 44 53 3 42 2 96 48 80 67 17 15 91 82 62 71 4 8 49 11 60 97 40 97 6 84 35 69 79 37 76 57 34 81 60 76 83 8 24 15 27 93 30 18 76 44 42 32 4 91 43 64 88 35 13 95 71 49 16 51 38 44 60 72 25 72 49 60 32 25 75 59 71 58 77 99 2 19 31 59 63 26 75 51 61 89 98 33 38 66 36 28 10 96 53 87 68 2 47 0 79 23 11 50 33 88 49 87 60 80 46 23 6 22 26 20 11 25 53 1 43 41 81 6 37 34 93 57 88 41 9 68 16 20 18 49 60 20 36 20 0 35 95 59 9 22 79 20 99 84 73 42 25 54 48 14 41 94 71 29 35 32 97 3 52 68 4 12 88 92 85 40 27 32 51 36 54 30 8 5 66 33 48 91 40 48 57 81 42 28 62 29 60 60 32 64 80 88 29 68 81 66 60 60 98 12 49 5 94 9 10 61 95 10 4 35 59 62 68 1 42 30 31 3 
42 15 19 22 56 48 42 37 14 3 49 65 67 98 70 61 60 80 74 55 91 79 42 2 93 62 3 35 92 86 90 87 54 62 9 10 10 52 99 77 7 0 42 74 99 12 35 11 44 10 66 35 41 60 37 86 22 93 21 66 31 64 53 37 26 15 99 88 19 98 65 26 51 7 0 50 71 87 13 16 49 31 51 42 91 41 28 13 86 2 79 69 18 85 59 44 0 58 84 19 9 50 45 60 9 97 62 81 36 75 97 38 6 0 80 97 93 61 62 31 63 93 1 81 78 60 77 78 70 61 97 79 63 94 91 73 43 53 54 80 80 51 18 38 3 50 87 97 11 49 28 74 43 81 7 21 93 36 0 64 98 49 95 61 96 39 86 39 44 40 19 25 43 89 15 47 40 3 44 51 52 24 78 47 6 37 69 51 74 21 67 24 22 15 37 18 54 24 58 98 16 29 75 60 19 43 7 11 46 51 14 98 27 44 46 85 82 67 37 8 40 4 84 62 19 21 81 25 97 91 76 14 20 3 74 91 46 81 54 92 84 69 43 63 13 89 49 47 8 86 55 48 42 91 10 62 13 43 39 62 34 15 76 7 19 2 50 65 35 5 10 71 26 53 35 39 42 84 39 2 22 46 50 64 38 12 78 3 56 18 65 42 33 94 49 4 96 0 70 32 57 80 55 83 85 90 74 79 26 13 81 48 60 31 13 50 43 91 53 51 61 18 94 95 64 95 51 61 95 21 45 4 53 0 87 38 43 62 17 69 27 50 70 87 81 35 89 77 78 42 80 40 13 74 87 77 70 38 90 17 12 35 22 65 88 61 56 83 75 25 4 3 76 74 42 9 9 32 38 40 74 19 80 87 45 67 17 15 5 7 85 17 43 7 35 83 20 43 18 96 
20 22 99 48 49 41 58 58 25 48 50 0 19 30 39 65 97 56 32 55 64 17 24 59 76 59 94 97 54 12 93 75 34 44 23 83 37 33 94 63 34 44 15 53 27 54 70 24 63 3 31 27 72 56 38 1 67 32 98 74 44 43 49 30 87 24 66 24 10 12 39 96 8 54 1 35 9 72 12 24 27 43 3 99 51 41 0 71 73 50 45 69 93 94 51 32 70 17 9 32 81 0 28 90 55 30 25 16 54 37 40 81 33 43 32 84 84 85 55 9 35 0 30 81 46 33 65 69 3 26 1 84 27 82 74 82 12 0 98 66 89 90 99 22 33 31 59 69 16 14 30 52 67 12 85 65 45 50 34 48 77 36 33 56 70 7 38 82 59 88 0 1 78 99 23 63 30 82 32 99 49 14 3 68 26 88 33 71 90 20 20 19 56 5 75 26 64 13 60 24 53 60 77 31 11 0 46 93 35 78 92 36 44 95 4 70 83 89 42 74 9 14 45 17 19 21 95 83 86 55 59 40 67 36 23 30 89 70 24 24 0 16 12 45 12 68 15 47 57 9 73 67 23 19 36 94 40 32 78 26 39 89 18 59 78 42 89 67 64 13 43 64 30 55 61 94 23 77 41 32 38 15 51 14 34 88 8 26 72 38 4 11 80 75 70 58 17 12 25 81 25 68 97 7 75 59 1 50 88 43 82 26 10 34 92 96 74 1 22 46 91 78 9 71 53 32 29 22 44 6 55 69 26 53 29 1 64 30 3 52 25 86 30 35 72 75 31 98 76 5 96 19 84 5 91 37 37 72 12 81 79 67 3 5 20 32 59 36 62 62 40 88 0 23 75 24 98 7 22 26 12 18 45 48 76 36 38 13 61 50 47 40 17 2 97 90 34 56 78 48 
71 19 88 23 42 64 48 40 23 22 66 87 93 11 88 69 0 26 34 61 28 33 53 97 35 50 87 69 59 66 70 30 37 58 53 79 74 53 19 97 76 37 37 69 0 25 90 0 51 76 13 79 10 66 28 45 17 16 67 76 34 37 6 71 95 11 2 22 65 73 19 41 10 56 62 10 33 4 11 84 80 76 15 42 43 44 88 60 12 55 88 98 44 46 21 91 57 23 13 74 96 33 15 6 41 29 68 75 85 31 11 18 8 79 60 51 23 0 63 87 7 51 85 51 49 6 43 6 81 56 81 77 41 48 35 83 30 55 10 15 87 21 85 47 0 46 50 75 98 13 62 6 16 99 57 65 57 52 23 38 61 56 67 2 57 54 37 87 10 47 54 49 21 92 96 73 38 46 1 36 11 15 94 79 67 4 96 24 56 19 15 17 28 34 72 85 89 9 24 51 9 30 52 82 22 0 7 12 98 8 1 9 76 95 40 43 99 36 19 8 7 34 77 35 21 49 72 62 59 96 65 20 79 17 2 1 17 9 66 67 70 67 28 98 14 68 41 14 56 12 74 63 99 51 99 20 1 23 82 12 20 47 32 99 16 34 52 85 95 18 52 17 37 80 15 52 0 8 18 56 21 92 19 20 95 70 92 96 94 74 8 66 73 92 17 89 78 69 74 74 40 78 91 77 58 59 29 10 67 99 66 88 91 37 60 87 8 52 35 54 78 96 20 3 88 37 92 19 58 18 93 98 96 36 76 6 95 57 68 15 57 34 55 0 72 16 39 32 20 27 86 99 75 6 2 15 43 47 34 1 17 27 52 66 16 80 72 63 89 41 78 98 27 34 99 51 2 90 83 22 69 69 73 44 27 28 60 22 75 94 76 44 74 28 10 90 8 35 53 97 
28 84 48 55 18 47 7 20 89 42 94 59 12 68 3 91 96 63 14 23 10 90 67 84 70 78 74 78 13 79 27 41 63 75 48 33 74 55 53 16 98 48 75 62 68 30 53 64 46 67 39 56 9 6 40 79 36 66 9 1 45 89 94 61 16 43 94 43 50 0 59 0 48 86 62 68 16 68 32 62 87 23 70 49 81 10 28 18 28 90 19 26 79 14 87 95 9 33 90 59 33 49 60 81 35 74 1 4 94 33 66 34 56 89 83 38 51 11 8 80 1 79 6 32 45 45 80 54 78 70 66 12 20 26 45 7 52 47 11 47 32 30 81 41 19 16 31 70 27 39 2 81 70 8 65 16 5 45 22 84 68 88 96 40 14 93 47 19 40 11 18 73 41 51 66 12 67 97 34 46 88 37 27 58 97 45 74 3 90 97 39 10 85 35 50 52 80 98 71 21 61 89 46 2 92 12 66 59 61 52 5 49 89 33 7 39 30 82 94 72 31 33 83 68 20 33 20 0 83 43 73 44 84 19 98 76 83 64 35 44 17 41 93 58 26 53 49 8 35 43 80 18 76 63 86 96 49 59 49 32 54 22 77 39 94 75 67 77 92 3 74 61 96 19 71 74 72 21 82 59 16 62 77 93 78 16 41 27 75 90 59 29 65 88 20 59 16 88 88 60 43 62 73 91 34 44 17 6 17 99 18 34 13 95 79 43 63 20 70 90 63 82 72 28 22 92 87 90 32 27 50 27 90 23 18 76 20 35 82 89 86 52 75 52 48 54 95 63 27 18 54 42 52 26 70 26 70 9 17 3 36 19 30 78 95 1 54 15 88 89 56 75 41 32 79 41 86 74 57 65 44 11 59 48 89 29 75 11 90 92 14 79 11 97 9 6 50 16 73 38 
57 30 65 50 14 44 92 52 71 49 18 15 12 77 64 53 59 91 64 1 35 31 32 98 80 94 57 30 10 30 20 67 12 86 17 26 82 61 79 53 62 49 21 26 78 37 31 89 28 96 43 63 79 75 61 59 69 18 41 31 1 61 98 65 99 68 92 82 81 23 35 44 24 56 22 54 45 54 44 73 2 87 88 81 14 50 92 84 20 33 15 21 46 66 87 46 86 31 80 67 6 15 63 82 24 38 36 69 92 80 95 94 19 83 27 34 33 19 70 6 4 37 79 50 55 18 48 41 49 28 61 7 96 76 89 72 14 26 93 58 58 88 4 78 72 31 64 57 2 34 63 6 71 95 9 79 13 57 20 15 38 33 22 34 10 12 58 76 90 51 35 48 40 39 78 64 23 42 73 25 76 89 84 0 84 93 79 97 2 51 12 40 37 35 26 47 99 84 23 41 36 10 89 28 2 20 44 25 62 17 2 91 6 86 43 90 79 74 40 82 25 52 74 62 39 1 61 90 37 37 31 73 47 73 53 49 93 97 26 7 15 29 98 21 15 41 64 47 67 4 81 93 8 55 7 0 8 21 90 46 58 74 71 57 99 25 59 44 22 85 51 89 14 2 63 82 95 79 81 63 83 62 56 43 69 15 43 78 88 86 24 46 60 47 4 11 72 15 55 47 0 6 88 67 8 51 1 4 30 82 67 65 44 75 61 65 42 4 43 31 42 19 29 54 67 85 65 91 0 20 90 1 79 79 20 39 82 21 43 65 3 62 30 99 89 43 64 84 48 60 15 42 31 96 97 98 82 62 42 82 35 32 35 14 11 7 53 94 80 49 59 35 11 41 34 53 85 51 37 85 63 4 27 94 52 24 45 34 39 87 69 74 19 56 88 83 16 41 77 96 
90 88 32 54 81 18 59 66 21 48 3 84 4 31 79 56 7 76 43 46 63 12 20 34 20 60 17 36 2 46 85 44 86 17 50 68 35 9 86 57 57 90 93 61 21 24 70 80 0 13 27 15 77 99 50 49 60 19 86 14 18 23 10 4 40 61 72 27 22 11 84 80 1 30 93 74 54 15 54 55 28 33 70 5 33 72 7 45 92 93 11 62 68 21 66 8 82 91 35 5 2 72 37 3 54 82 77 8 98 83 15 78 17 38 36 2 10 43 99 54 88 10 16 56 83 35 16 66 26 3 23 28 27 12 83 81 46 12 90 96 95 5 75 64 43 11 18 6 6 17 12 94 79 81 50 63 16 66 81 42 69 56 22 49 20 5 30 66 17 20 63 64 78 38 81 73 1 99 31 7 69 44 1 0 25 3 63 93 21 96 35 42 4 9 91 24 14 22 91 83 94 54 99 24 44 80 50 45 80 81 52 49 77 5 1 54 8 17 47 81 13 34 23 18 43 15 94 9 89 85 92 83 91 92 60 35 72 10 32 4 91 36 5 21 41 7 75 1 24 23 34 89 57 58 59 53 25 54 62 14 39 7 49 83 99 9 18 23 71 51 28 15 39 85 36 81 92 11 34 16 86 69 58 96 79 17 49 4 71 11 70 63 18 19 46 69 81 16 45 4 19 25 19 59 10 55 92 3 19 78 71 5 99 81 53 78 99 2 34 22 66 4 37 36 76 83 6 9 52 3 13 23 28 85 34 38 40 26 93 11 57 17 17 56 98 70 87 49 25 21 72 91 78 9 27 6 45 85 15 97 88 80 72 16 65 7 7 58 85 0 69 42 69 38 51 68 61 38 17 86 11 89 29 89 51 56 47 96 94 62 45 82 43 69 51 60 76 58 18 62 
10 88 4 80 26 55 0 87 45 17 25 57 59 54 98 62 63 98 10 9 60 7 43 55 76 94 16 53 4 86 15 67 74 71 99 53 79 99 92 24 68 18 33 79 24 84 41 87 82 51 48 94 58 92 2 87 86 18 40 43 4 7 10 31 78 9 84 57 60 76 34 28 46 19 60 71 3 1 10 37 5 59 84 15 51 86 2 89 56 94 32 12 1 94 43 32 55 79 89 67 8 75 96 54 95 8 77 50 9 88 40 66 99 24 34 2 10 36 91 66 31 76 78 84 22 74 16 30 53 58 97 61 33 45 16 80 53 45 31 15 33 71 81 84 47 15 86 57 4 30 75 87 6 5 71 80 79 40 10 85 98 8 46 31 5 14 64 59 60 95 74 45 18 7 30 65 75 68 74 79 98 49 18 56 6 89 37 86 81 99 71 79 7 69 63 13 36 27 24 96 74 50 93 44 57 75 9 32 44 35 63 42 36 81 99 42 23 36 80 4 35 51 36 95 73 51 60 9 78 36 57 4 86 2 48 43 78 9 28 22 44 91 64 32 25 63 74 48 51 55 4 39 58 92 86 83 43 98 44 73 34 1 77 20 4 77 15 34 38 95 56 34 39 20 66 64 36 93 64 39 48 20 30 58 13 68 42 56 66 38 82 0 40 59 72 96 89 40 30 27 35 38 62 26 58 28 42 46 21 6 38 21 79 20 32 44 89 26 0 55 64 82 8 56 94 80 52 35 72 34 62 8 72 76 86 83 5 29 81 78 87 71 52 66 92 84 10 81 10 63 36 26 97 44 83 43 77 35 78 49 22 41 9 46 17 96 29 74 25 63 5 12 34 9 31 26 93 41 7 55 56 96 81 54 40 16 97 17 4 76 67 26 69 76 72 38 24 54 65 49 
69 22 14 3 31 45 82 76 86 41 83 43 37 16 49 78 33 46 47 37 74 66 15 95 95 39 34 19 93 51 69 14 73 35 70 56 80 52 32 18 45 15 61 83 83 62 13 16 9 12 53 35 79 20 31 74 60 17 45 5 68 66 20 93 1 90 49 81 94 33 0 91 0 13 74 83 76 39 0 37 52 5 72 83 26 55 9 38 72 54 43 92 73 63 37 74 5 38 8 51 71 60 43 71 73 69 7 1 61 7 38 13 64 63 48 42 18 57 80 43 63 24 87 36 39 25 63 97 15 71 0 87 83 43 10 56 65 17 10 26 76 48 91 93 11 39 35 82 48 68 77 63 44 64 52 35 41 15 32 57 38 33 96 21 28 58 29 93 28 39 71 4 40 62 49 3 53 85 85 53 5 14 17 49 79 21 84 72 36 69 81 26 2 29 99 82 88 80 76 68 20 99 72 12 14 22 15 67 59 53 73 16 67 90 65 98 11 1 23 99 70 4 77 24 34 28 7 74 8 35 42 80 34 66 92 48 40 8 68 51 13 41 67 80 83 84 31 46 86 54 97 56 10 74 81 44 2 88 70 62 75 64 43 9 31 35 10 23 95 78 75 60 71 94 93 54 79 24 0 65 30 97 73 40 23 54 37 77 94 7 39 69 24 82 31 55 70 41 30 17 71 5 78 42 52 71 96 31 47 48 96 77 97 69 17 20 76 6 97 22 66 36 44 90 71 75 97 41 68 27 10 39 85 88 81 37 11 29 68 58 77 16 87 26 37 57 98 65 63 95 88 29 83 84 19 6 11 68 99 79 96 10 70 33 50 51 70 62 32 90 72 61 6 60 87 95 17 85 61 32 32 1 62 67 85 33 26 96 2 25 27 50 35 97 83 86 0 5 0 84 
95 72 45 53 32 84 48 1 21 9 34 53 62 48 72 47 81 98 95 35 24 74 37 11 23 72 49 75 77 49 59 24 22 56 77 6 40 78 60 61 87 94 66 50 42 39 49 75 89 97 11 65 71 0 77 47 73 26 22 50 28 82 75 2 90 4 8 31 82 68 92 22 14 11 24 56 2 73 32 91 70 95 9 94 95 38 41 68 16 15 71 44 49 98 46 40 2 55 71 37 75 15 59 90 78 83 98 80 8 82 24 79 77 33 25 25 71 18 45 87 33 68 84 83 66 30 23 21 37 46 58 13 61 17 55 40 52 53 72 60 36 96 91 65 81 16 90 52 86 88 92 20 56 76 3 23 6 78 96 96 24 54 9 37 23 64 29 75 69 2 35 5 98 27 23 80 95 13 84 82 53 28 54 10 56 9 85 15 87 81 11 63 35 72 0 10 36 30 85 57 32 72 63 82 51 86 14 47 51 99 81 57 79 87 67 36 96 4 51 35 37 14 98 72 86 98 34 74 80 19 31 12 91 46 47 43 84 61 42 88 12 75 45 92 62 64 80 10 68 83 45 5 97 43 29 83 93 63 57 74 34 40 38 25 87 85 20 23 47 14 11 11 89 8 3 3 72 35 13 92 18 10 49 67 5 30 50 99 93 59 25 79 52 63 57 91 1 77 14 0 92 78 11 33 86 67 37 11 2 2 3 73 13 5 40 70 35 91 69 81 2 46 60 54 62 17 97 63 47 12 15 39 42 26 24 80 93 13 91 48 16 47 21 81 52 61 51 87 4 73 68 7 71 81 13 33 98 11 48 45 75 63 36 17 42 13 49 87 26 41 35 94 40 8 75 92 70 79 31 26 4 52 85 75 33 99 61 83 62 9 81 89 25 17 58 67 82 7 54 9 
0 90 3 40 98 31 84 20 62 68 47 66 20 32 93 5 83 6 88 97 16 69 86 41 39 96 8 21 4 14 82 4 56 86 97 7 69 81 27 31 49 26 49 21 11 94 26 94 1 67 92 17 88 30 10 79 27 70 1 83 84 35 39 93 21 36 0 42 70 27 73 71 6 74 45 17 69 71 11 70 90 55 39 31 38 1 10 17 23 63 0 59 99 39 52 72 28 52 15 50 32 88 21 38 63 18 55 84 42 18 6 32 26 97 63 64 98 74 81 21 37 33 80 88 24 85 61 52 37 76 54 21 16 76 59 79 46 66 15 88 37 21 21 63 18 36 79 68 62 12 41 52 45 74 40 69 59 1 74 48 77 28 70 94 56 81 25 3 0 93 91 37 14 12 52 85 1 31 53 63 43 95 15 40 69 56 9 28 9 83 76 87 12 98 33 68 80 10 71 80 3 15 69 70 79 21 55 80 4 8 44 47 3 59 39 72 67 48 52 77 84 81 16 48 79 49 16 59 11 40 91 67 55 60 37 34 81 92 15 85 0 11 84 56 22 23 28 90 24 33 67 8 14 83 56 93 84 24 5 47 16 48 14 23 9 51 58 90 43 25 28 44 88 64 0 10 88 80 52 64 65 19 24 79 54 80 25 90 56 82 90 73 30 4 48 91 8 58 82 51 83 62 47 23 26 99 34 66 32 38 30 97 58 6 29 64 38 6 7 95 88 97 20 70 53 68 62 61 27 96 65 62 10 12 38 36 64 24 55 96 62 37 45 72 44 74 89 82 32 96 77 72 45 49 43 50 18 57 12 97 5 29 11 15 41 49 51 57 73 58 5 36 96 51 60 40 77 49 22 10 97 0 82 42 1 77 45 71 34 9 68 91 38 32 6 31 81 10 89 7 
68 94 95 64 45 55 4 75 5 27 85 2 79 19 97 80 97 42 52 83 51 72 75 41 4 81 72 38 43 61 45 12 8 92 76 5 47 81 80 4 60 65 59 39 37 8 19 34 2 23 69 53 96 44 94 0 78 18 38 21 80 35 85 40 27 62 45 27 95 26 83 55 43 94 46 80 2 17 66 4 41 36 9 37 32 55 89 10 74 80 84 6 67 69 46 47 83 43 74 30 69 9 85 65 4 83 97 58 1 64 63 42 52 24 31 84 80 20 47 6 52 31 12 20 52 10 67 88 53 93 18 75 54 56 92 58 39 89 17 92 5 32 86 57 56 17 94 88 90 41 46 42 24 58 14 28 20 81 16 26 26 87 53 81 43 45 91 34 86 60 27 92 92 13 1 1 83 95 41 73 36 88 67 12 98 82 41 19 15 57 97 94 96 50 75 39 95 18 26 33 79 53 25 71 18 79 24 1 74 66 26 63 6 46 75 4 80 68 75 47 78 72 41 74 74 68 14 21 87 40 55 18 45 80 89 15 11 66 69 38 84 47 1 90 93 28 46 73 97 74 73 75 98 14 1 73 35 15 94 74 7 49 92 4 82 33 20 93 99 41 31 35 88 84 77 82 65 24 7 14 98 80 89 96 47 90 21 82 58 16 8 17 17 0 74 51 33 94 45 85 87 28 20 75 65 98 57 30 74 17 44 24 97 85 20 96 27 94 30 37 10 38 55 79 38 29 31 24 75 28 61 62 8 33 89 73 83 47 55 57 16 51 81 65 36 54 62 16 0 92 53 62 31 60 41 21 41 24 45 68 52 58 82 13 92 72 86 75 71 94 85 87 45 18 52 34 24 14 50 24 59 55 86 90 68 28 63 9 4 61 30 57 19 12 70 11 84 8 39 55 
54 24 94 0 94 47 86 19 13 88 43 72 95 30 14 63 10 78 25 14 91 55 23 10 67 45 74 4 54 65 11 8 41 6 60 35 5 46 54 70 86 50 43 82 32 9 45 94 39 70 60 30 77 84 93 97 29 19 1 35 84 12 96 25 70 8 12 75 55 67 46 93 69 41 75 1 2 73 47 94 43 7 24 73 43 69 70 25 88 71 60 72 35 8 49 58 17 62 33 24 81 31 17 50 24 93 3 79 66 2 73 61 9 97 34 53 19 56 30 7 27 90 32 15 51 33 73 68 95 58 44 28 42 61 30 66 6 85 45 24 87 18 38 97 68 24 2 39 81 32 98 60 74 30 75 77 16 48 45 63 59 89 92 1 3 22 67 9 60 65 86 47 35 24 96 55 0 50 94 81 34 93 42 9 75 17 86 91 18 84 55 77 25 99 78 28 73 97 90 33 14 28 33 50 4 29 5 4 32 52 86 66 97 28 27 24 97 66 16 67 50 23 96 27 22 74 8 47 24 98 81 38 78 14 40 82 95 98 86 27 50 72 94 99 52 21 23 2 87 39 69 89 14 66 69 88 92 77 36 68 75 69 7 53 83 47 35 30 45 73 58 47 46 4 46 50 77 70 52 17 61 74 58 76 92 27 64 36 4 52 5 31 21 12 36 56 11 23 87 9 97 97 56 43 1 3 45 30 25 98 47 86 72 6 14 16 33 31 52 38 83 57 69 5 21 6 13 85 29 52 94 78 49 50 21 2 5 67 33 30 17 80 69 41 38 83 57 72 14 9 62 98 19 31 55 40 89 20 25 71 73 71 49 22 22 23 77 79 42 10 62 59 42 31 52 81 66 9 5 81 70 67 31 89 98 38 82 40 58 59 63 83 31 12 58 5 87 35 36 29 
97 98 40 39 81 92 72 48 53 77 81 24 44 64 65 95 2 99 87 12 59 50 96 42 62 54 99 50 41 35 31 38 86 72 29 19 16 54 67 70 31 0 46 76 64 11 23 66 11 10 31 22 60 79 16 74 85 67 76 26 54 8 16 40 32 97 12 48 51 79 18 83 32 16 11 96 28 86 15 91 96 46 65 8 25 33 82 62 0 59 88 6 19 56 47 51 53 11 99 5 42 70 40 74 86 3 71 66 89 38 9 85 84 26 93 61 11 27 23 11 86 63 18 5 71 17 8 24 80 8 81 22 30 73 97 68 76 68 87 65 58 48 2 42 27 47 55 38 75 30 2 13 45 72 19 16 89 27 92 69 87 74 91 69 47 40 90 76 60 77 41 18 77 96 12 4 43 67 43 18 49 45 32 46 17 3 62 58 82 7 79 22 81 22 91 80 63 33 8 23 62 50 94 40 98 6 44 41 74 39 12 75 84 44 22 53 99 36 11 81 43 42 55 76 65 99 9 80 32 17 55 95 19 49 35 17 56 31 59 82 71 71 57 7 67 31 61 66 68 24 99 11 67 7 40 32 6 49 64 38 18 19 85 38 69 72 7 25 4 66 59 27 89 16 34 8 0 95 26 68 20 78 31 39 85 71 71 91 72 87 81 91 6 67 81 27 39 88 52 95 7 63 22 48 80 9 57 32 4 35 0 76 13 83 15 98 7 38 41 79 25 23 22 32 42 3 11 33 92 64 29 51 79 3 99 59 12 56 43 69 92 43 45 57 79 61 56 86 51 49 17 77 72 92 61 66 95 72 0 39 88 81 90 68 84 42 79 97 98 23 66 42 18 63 0 97 76 8 35 28 9 53 57 34 45 70 0 92 94 0 84 35 33 26 3 18 68 34 67 19 
9 85 61 80 48 13 29 77 73 65 5 83 70 14 17 15 84 69 59 30 70 95 65 3 22 20 73 90 7 40 9 16 77 23 48 26 36 78 3 62 43 60 45 13 26 14 80 62 83 91 92 5 87 58 61 9 30 34 51 37 27 61 54 4 36 54 82 24 32 37 86 75 49 83 40 75 97 72 37 33 64 82 38 51 92 51 12 22 86 63 60 65 76 66 21 12 20 4 37 53 93 75 80 43 59 21 70 8 93 8 93 9 42 84 60 34 35 24 56 73 88 16 90 16 34 12 29 55 68 18 8 61 45 40 56 56 61 27 65 7 87 10 68 29 94 29 63 82 5 71 55 93 88 46 62 22 10 91 29 78 61 37 91 6 30 48 63 91 75 80 50 14 90 19 43 37 0 58 19 5 29 26 51 69 72 13 44 82 56 73 12 17 63 4 75 93 52 90 84 79 70 87 93 13 58 88 2 58 46 21 15 27 47 18 97 72 31 41 6 39 14 19 8 77 23 36 70 27 26 7 6 97 46 51 62 4 39 64 14 37 37 29 64 36 48 13 8 31 54 67 23 21 86 31 50 61 67 73 88 46 80 94 43 78 97 57 82 36 73 96 73 10 77 37 46 77 51 7 61 57 74 84 30 12 67 81 25 87 54 13 33 86 59 28 64 56 85 46 44 58 94 17 68 71 6 66 1 9 25 62 19 99 46 49 63 13 30 88 0 84 53 33 70 64 13 86 20 98 84 64 56 78 33 76 2 40 95 3 1 20 65 20 72 63 70 35 76 0 76 29 37 81 14 59 46 28 46 18 78 30 83 87 61 68 63 63 60 10 18 62 31 83 82 55 46 4 90 74 5 18 55 94 0 70 53 46 50 51 64 28 82 99 67 43 68 31 58 80 93 76 
42 76 11 77 31 57 81 74 83 38 92 39 32 44 61 86 90 63 37 7 43 71 58 11 66 78 94 76 59 87 4 53 64 15 30 95 24 64 69 8 2 14 99 35 58 12 73 1 75 62 60 18 86 18 29 52 97 23 81 8 63 85 61 27 1 92 74 77 56 96 85 10 10 36 97 68 48 70 21 23 85 81 94 71 0 75 75 49 51 56 57 14 42 18 93 95 62 67 72 70 15 10 33 25 46 30 46 95 1 67 70 38 49 64 9 1 40 84 2 91 93 59 57 35 29 50 82 44 69 54 66 85 64 99 62 63 30 8 10 83 28 80 21 29 97 30 30 37 66 32 80 59 43 37 46 24 39 28 68 60 35 35 45 51 86 60 66 68 20 76 51 48 57 24 77 6 6 59 43 73 43 75 84 38 64 83 63 55 63 31 15 98 18 13 2 57 73 68 25 93 45 77 94 54 1 23 60 60 83 55 33 78 30 69 17 46 52 32 1 16 15 16 66 86 29 68 43 54 37 68 0 34 97 94 88 99 17 48 11 52 55 96 31 37 65 0 83 70 84 36 86 99 52 4 85 34 25 28 40 62 49 40 48 46 34 36 97 4 36 8 56 43 4 39 80 70 39 15 40 23 51 78 75 55 34 60 89 59 41 82 73 90 22 21 36 9 9 34 13 97 42 69 40 99 9 72 69 0 87 61 76 38 91 51 94 25 63 35 37 4 17 10 46 40 32 35 49 93 21 62 91 63 83 83 62 92 56 83 93 95 96 21 34 87 72 80 65 35 15 2 92 33 64 38 25 48 25 26 42 46 40 85 62 23 20 76 68 28 60 13 24 8 34 10 48 6 90 13 93 57 67 85 90 83 76 67 32 53 93 26 0 33 11 62 9 83 38 77 12 50 
42 88 59 76 98 7 34 40 72 27 97 91 65 88 74 93 7 58 46 1 84 98 86 47 60 47 31 51 24 95 1 18 83 12 46 33 19 80 73 43 60 70 34 77 10 61 22 18 19 68 71 4 67 57 3 79 57 34 30 81 29 84 52 64 96 98 97 68 79 70 63 91 93 50 68 3 11 90 73 82 10 44 38 29 54 42 61 11 76 43 44 58 27 48 22 76 47 72 44 78 94 7 69 87 57 89 43 20 31 68 3 41 13 41 23 19 35 84 82 12 27 78 22 7 27 96 83 74 68 27 52 15 86 73 2 96 62 97 16 93 66 71 34 31 65 9 2 0 45 84 64 73 14 86 32 41 35 15 67 3 94 71 18 80 44 73 28 6 22 45 99 40 68 86 71 85 95 73 38 93 9 2 66 24 41 98 17 76 65 37 31 59 8 2 39 53 27 20 59 49 65 11 90 85 97 13 23 44 87 61 37 48 63 55 24 56 5 94 32 70 31 16 29 39 18 21 92 97 41 52 46 58 63 88 95 12 54 18 56 93 79 46 41 95 1 18 51 7 12 36 29 43 52 59 82 22 32 75 19 73 79 17 83 94 58 78 6 12 49 14 5 28 60 46 23 14 64 75 21 28 63 50 71 15 61 54 37 93 81 8 18 12 25 53 6 83 84 64 95 33 30 52 61 91 99 37 57 15 64 78 44 27 80 67 42 42 21 31 87 54 39 58 66 16 11 72 0 95 88 47 28 19 0 42 62 51 79 19 18 43 49 14 22 29 82 16 23 55 47 11 10 38 69 76 54 32 1 6 28 41 54 8 60 6 50 74 57 81 45 27 76 94 42 98 76 76 14 99 31 61 62 93 51 83 70 6 16 23 12 44 64 18 4 77 24 55 3 33 36 49 
13 65 95 55 63 71 83 78 23 14 91 85 8 95 69 30 1 37 5 65 33 21 84 37 98 60 92 54 46 81 3 59 46 98 66 61 22 49 91 45 15 35 30 75 30 51 57 31 88 62 48 21 84 32 11 34 45 55 88 91 36 91 2 34 42 20 48 64 21 39 61 36 74 91 64 4 43 21 87 83 84 36 57 20 20 68 54 65 23 43 8 12 86 62 98 80 82 46 96 3 38 57 40 12 49 56 69 44 77 56 79 13 44 36 33 65 56 40 82 80 35 43 92 21 5 42 54 88 89 50 43 27 8 35 91 9 91 12 5 69 69 36 34 65 73 20 82 29 60 65 61 95 60 5 68 65 48 22 5 89 25 49 68 85 84 59 46 76 72 51 97 93 39 31 10 12 3 93 94 63 58 55 10 70 13 79 35 61 53 41 50 30 90 18 15 26 29 61 2 53 64 51 98 4 83 9 68 86 2 14 2 12 70 12 82 83 43 69 96 49 62 98 79 52 68 47 31 49 8 33 3 25 85 53 29 20 62 49 58 16 64 12 80 86 77 14 21 20 36 17 21 98 15 1 3 35 48 34 84 8 67 87 33 4 93 14 24 7 16 35 76 80 47 8 66 24 23 39 97 11 56 18 9 23 71 64 58 71 98 94 32 18 82 17 22 75 84 99 34 0 86 10 80 33 19 98 10 94 89 7 5 97 77 66 72 49 31 30 72 29 76 4 47 58 22 22 85 6 73 20 6 59 82 38 44 1 88 54 95 77 61 0 26 39 67 98 40 98 80 12 79 56 17 27 15 91 1 52 97 74 24 55 85 7 45 29 8 85 36 4 14 97 56 40 88 75 38 80 73 18 93 5 74 62 32 41 53 85 46 2 11 22 9 96 29 6 77 90 91 13 
46 57 63 54 97 3 30 87 84 55 5 29 60 31 91 44 25 44 29 23 98 92 45 7 40 75 13 18 17 56 83 15 13 98 69 62 2 99 49 38 55 6 67 15 89 58 12 14 54 41 37 4 34 35 63 74 62 28 44 79 84 80 94 49 78 63 11 32 15 60 70 70 66 89 37 7 99 49 22 5 43 11 9 29 46 72 55 8 52 52 39 36 32 33 85 10 49 48 43 64 8 65 86 26 55 75 86 6 25 8 12 20 71 21 49 70 46 4 30 98 56 70 87 40 55 24 51 56 73 46 72 33 63 58 12 70 34 98 77 11 58 89 31 81 62 80 51 8 36 82 59 45 4 98 85 59 74 88 68 99 34 40 33 98 99 97 68 85 47 45 96 5 86 79 86 49 11 90 9 47 24 20 44 28 18 30 39 93 70 7 92 5 48 77 55 99 26 75 36 73 73 84 30 59 63 69 60 74 59 70 73 83 90 70 63 61 52 2 54 22 10 98 79 10 28 34 9 54 62 45 28 35 29 58 46 44 27 7 18 38 29 43 21 71 13 36 32 65 39 38 88 1 37 67 11 65 54 72 19 16 69 99 3 50 58 1 46 85 60 16 76 89 59 97 61 25 34 93 90 25 32 30 26 21 50 89 38 4 13 57 72 34 57 27 84 67 28 30 4 89 46 80 30 57 78 43 82 64 89 25 41 73 55 67 94 5 8 32 9 21 41 33 55 50 60 91 17 41 73 22 82 71 2 12 28 32 8 63 48 97 88 89 70 43 8 16 49 68 0 10 89 41 96 96 44 56 39 61 49 12 35 31 83 90 96 64 74 4 27 23 53 15 64 75 58 25 91 59 93 43 22 35 36 70 83 80 78 23 94 28 87 29 59 23 71 55 87 46 11 14 
21 64 81 85 39 91 62 82 51 8 25 25 43 62 47 78 94 25 53 88 53 41 70 13 64 41 20 51 87 32 17 8 48 98 46 40 89 60 22 92 68 0 69 63 14 16 42 8 42 95 97 95 88 19 60 52 60 33 55 48 17 72 8 65 22 6 5 12 67 80 4 35 80 26 51 94 42 93 54 36 40 51 32 29 22 44 33 83 29 89 83 46 13 91 64 36 50 21 48 17 1 4 4 33 82 55 79 25 0 34 61 93 37 45 74 60 42 7 43 71 48 26 70 14 69 34 50 71 55 50 88 9 6 45 42 89 52 22 66 53 56 27 98 93 25 72 5 67 31 48 90 80 26 60 94 48 94 96 19 2 98 60 11 4 5 5 45 57 79 11 62 87 91 60 81 16 32 38 35 16 87 25 96 65 38 42 13 84 90 33 86 88 45 49 44 2 55 90 59 34 1 74 22 92 86 55 8 71 93 95 87 32 73 35 98 11 77 11 95 19 96 34 7 93 83 51 95 90 41 7 25 95 81 99 87 19 6 48 90 51 95 77 84 68 12 34 31 41 97 27 60 94 13 19 39 96 71 35 39 64 42 64 11 75 15 51 94 73 99 85 24 46 62 60 15 27 94 46 68 92 25 81 38 38 0 77 87 23 12 26 40 6 42 51 81 9 2 76 82 53 13 58 0 75 19 67 54 65 13 75 57 91 56 47 81 56 77 68 32 41 46 72 48 40 75 29 49 30 57 83 83 70 42 35 98 61 2 4 26 68 79 36 59 35 35 92 44 12 61 28 54 59 0 2 0 27 83 1 57 93 85 93 15 27 80 13 40 83 18 18 3 49 6 14 85 42 6 81 54 19 9 60 31 61 14 31 88 50 84 98 43 69 43 58 48 23 24 88 58 94 
59 13 43 65 27 80 59 86 13 66 5 22 26 36 35 41 19 76 43 4 74 86 25 69 96 74 92 72 62 3 18 73 16 14 91 44 46 50 82 60 16 87 82 95 76 18 88 47 94 31 51 20 69 77 89 17 3 33 90 17 36 60 91 5 74 82 49 21 84 83 81 53 70 15 48 98 85 88 46 31 19 49 3 40 78 92 57 81 78 99 99 14 60 42 19 34 24 20 7 8 3 88 13 26 56 61 76 41 49 22 25 20 24 28 60 2 73 18 36 51 17 35 17 77 77 89 64 53 9 71 13 65 12 27 43 68 40 19 61 90 94 86 62 18 67 23 72 40 41 8 91 10 95 8 40 24 97 4 29 59 75 43 76 39 22 19 7 62 90 21 4 84 7 67 2 26 42 27 66 83 35 9 45 83 18 85 7 67 89 89 78 17 32 54 56 6 25 16 20 16 37 25 52 96 44 7 23 86 34 41 21 21 51 66 4 21 4 64 40 45 53 19 62 37 25 71 43 3 39 63 71 76 40 23 24 84 30 99 70 16 41 43 38 44 62 42 65 66 58 57 11 11 76 26 0 54 97 43 9 36 59 80 64 99 3 40 36 86 40 58 2 33 2 92 29 64 87 46 30 45 3 41 9 32 67 9 86 16 53 95 4 64 27 68 63 82 61 99 68 53 58 23 38 60 15 67 76 2 13 6 0 16 99 9 0 19 18 86 87 23 33 92 87 12 12 3 95 73 2 63 26 12 38 64 24 6 83 0 8 96 58 8 65 10 17 65 81 88 4 68 11 89 60 51 2 73 54 97 98 8 12 77 21 3 93 97 9 77 50 69 73 8 78 90 70 47 8 51 87 12 20 51 53 32 2 55 57 8 4 56 16 69 33 89 72 26 87 33 55 37 
2 81 97 32 71 68 80 79 71 19 43 91 70 97 24 24 4 81 32 9 89 1 30 74 90 2 53 29 35 8 18 89 89 16 22 13 36 2 92 7 73 88 51 44 85 75 68 89 8 53 50 50 54 80 24 44 34 77 26 21 38 44 11 27 12 33 40 48 87 85 8 60 25 59 56 62 86 25 3 94 78 54 44 32 86 69 28 73 98 54 94 36 51 5 16 63 90 8 64 77 45 72 90 70 31 46 32 17 71 36 63 1 42 60 85 28 81 14 1 79 20 48 68 23 53 84 87 96 92 3 73 38 75 15 60 58 62 93 75 85 81 90 87 23 50 24 3 31 90 5 63 63 53 31 86 58 67 25 54 59 28 80 49 3 95 10 61 9 55 88 95 36 31 34 11 33 58 14 65 1 19 80 64 24 63 50 35 30 76 41 89 4 73 91 60 21 53 73 30 8 14 77 96 45 11 7 78 22 21 95 75 93 75 39 69 38 89 4 20 17 46 10 22 19 53 34 40 6 7 23 14 21 0 10 18 64 17 97 38 90 44 13 83 72 52 53 62 93 9 83 11 55 93 85 27 98 19 19 4 26 94 18 0 95 80 18 11 49 67 49 39 12 62 75 84 66 80 46 11 89 29 22 97 74 7 76 72 78 95 28 5 42 98 57 37 78 75 48 79 43 97 71 55 11 98 91 29 78 89 40 67 71 63 16 45 22 92 70 1 40 50 58 82 49 15 71 27 42 19 59 85 68 30 92 31 28 83 60 58 73 52 77 44 67 94 41 42 38 63 43 78 14 53 12 63 20 83 42 62 2 53 48 22 35 92 53 15 28 65 73 1 70 51 97 37 97 90 79 35 6 74 14 72 79 26 87 99 10 29 62 64 35 62 39 70 54 44 86 82 10 
11 35 80 62 84 69 59 27 49 95 33 75 61 5 55 39 92 54 49 73 68 66 60 30 5 31 37 49 69 71 11 80 59 43 43 43 13 54 22 14 1 7 89 62 12 44 2 56 99 3 82 67 21 42 50 78 25 39 80 94 10 91 27 21 87 22 65 52 76 39 66 30 47 55 44 11 52 46 20 3 2 2 22 75 96 72 6 74 11 86 68 74 29 95 95 16 17 12 68 46 4 34 76 51 42 20 14 94 19 34 49 73 88 71 0 85 44 6 59 7 92 79 33 22 27 81 90 96 93 11 94 97 97 70 0 39 43 15 85 14 49 34 87 38 6 39 75 2 46 86 61 90 17 95 12 96 76 55 93 21 66 87 71 63 10 71 55 5 38 92 19 40 79 58 30 85 97 57 39 43 95 0 34 12 47 98 61 23 5 54 97 71 93 68 87 55 91 94 60 82 86 31 22 65 89 52 2 87 61 41 30 56 94 16 68 41 67 29 17 72 35 66 96 81 86 83 88 29 77 49 11 63 80 85 81 22 89 83 9 50 77 91 6 23 60 27 16 27 8 33 99 96 51 95 77 37 30 65 67 7 66 78 23 99 16 56 21 5 91 82 56 20 73 62 43 85 41 60 12 50 45 12 46 49 59 75 86 90 92 53 49 11 84 24 62 52 32 35 57 24 17 13 44 42 28 40 28 21 52 40 71 49 4 69 98 16 44 85 58 89 90 59 0 26 36 62 78 68 97 88 92 14 53 89 8 33 29 36 55 81 29 26 30 85 48 81 53 92 66 11 33 8 23 33 87 59 95 17 27 44 5 20 10 59 9 19 92 90 7 47 23 88 26 53 74 74 86 79 18 4 91 52 13 66 37 52 25 33 69 52 29 75 24 40 34 85 59 78 75 66 
26 98 55 4 4 81 78 90 60 48 47 3 52 60 69 90 64 94 75 33 99 4 8 23 44 94 61 55 73 88 74 51 87 29 55 43 62 85 85 74 33 32 30 38 44 99 28 8 46 55 94 97 11 54 72 8 49 33 63 74 22 37 25 61 18 80 56 32 65 93 7 50 26 37 88 22 88 68 83 86 75 77 83 87 31 8 95 32 41 58 6 15 48 83 28 66 15 84 99 80 78 58 83 56 95 23 30 35 44 65 22 19 42 57 58 26 65 53 10 59 64 69 74 12 52 3 30 68 39 81 0 69 39 35 77 86 59 8 22 3 73 96 74 68 5 33 46 71 86 56 82 2 77 56 66 30 11 49 50 3 30 2 72 22 38 2 8 97 62 82 52 35 30 26 55 36 59 53 59 98 62 41 0 39 49 19 69 61 68 71 16 98 74 40 20 12 42 81 61 4 63 13 92 46 91 99 82 3 53 41 1 15 34 53 6 83 72 28 96 40 99 12 91 73 53 63 37 47 44 50 52 60 15 96 58 7 95 40 10 0 33 11 67 67 16 74 2 89 2 99 81 1 11 24 27 64 40 16 64 36 67 16 48 82 64 6 89 59 98 51 12 31 14 79 50 31 53 53 72 7 52 5 9 15 30 88 32 22 4 96 58 71 12 7 54 28 65 95 87 64 47 51 95 61 31 98 44 36 51 16 44 55 22 5 70 4 45 2 26 49 50 36 73 62 95 27 42 61 74 82 25 21 33 72 35 16 70 79 53 73 48 49 80 70 54 3 26 99 5 4 0 56 40 73 70 36 52 13 97 27 95 74 0 80 46 87 97 17 19 50 42 67 51 23 37 5 26 63 56 83 19 8 91 59 82 14 95 86 79 44 65 26 18 18 6 17 5 3 86 24 
5 28 43 56 3 80 13 81 95 21 65 14 30 8 26 12 22 73 50 1 18 16 79 88 34 86 57 91 41 43 68 47 24 11 3 27 44 69 9 91 90 26 6 20 34 84 84 9 57 35 62 27 51 42 68 37 28 25 28 69 69 96 16 93 60 72 72 4 41 81 95 31 59 53 4 94 37 88 3 47 23 65 74 26 59 94 63 87 20 44 9 41 92 25 86 52 49 10 8 42 92 4 26 3 9 30 97 99 18 52 98 42 70 24 20 29 19 84 69 91 28 78 84 20 55 22 25 5 32 33 99 76 89 25 80 99 7 29 50 26 82 48 20 4 72 40 85 91 76 54 34 4 32 18 77 40 40 2 97 25 87 96 1 77 74 81 28 81 11 78 7 45 78 79 49 50 20 86 94 96 41 80 53 25 99 82 65 91 84 62 16 23 11 18 0 85 51 28 66 62 58 26 7 36 5 8 39 77 95 85 26 88 65 31 13 16 13 31 8 49 93 76 72 4 46 25 41 98 5 8 12 16 86 72 52 43 32 43 73 27 28 51 67 94 82 81 10 47 12 70 48 57 47 72 14 45 97 55 43 55 15 8 71 1 80 23 45 64 19 18 44 47 69 11 41 3 44 4 2 8 74 50 66 73 22 80 71 72 87 66 27 3 74 98 4 6 73 1 71 92 19 15 40 40 26 33 95 71 37 97 31 64 99 97 89 22 29 60 94 17 27 21 20 53 19 76 60 92 78 31 85 49 98 77 42 24 10 37 47 0 87 79 16 86 28 57 60 10 18 54 27 97 27 99 50 46 75 10 91 53 93 28 55 91 5 97 68 67 86 67 19 73 98 87 12 79 45 72 89 15 79 68 12 6 67 14 5 94 25 96 48 70 76 3 14 81 52 34 0 38 
53 20 64 52 7 76 83 4 48 72 19 27 40 31 34 59 46 39 53 23 87 1 45 63 56 59 96 60 93 96 99 47 68 63 51 28 39 34 32 39 58 52 19 98 35 5 57 81 44 62 56 83 64 2 46 72 13 94 33 59 90 84 58 11 47 9 39 38 95 71 29 5 23 48 55 59 53 64 92 49 26 49 32 42 3 30 15 16 76 0 27 67 36 85 78 35 46 69 25 41 40 54 98 16 3 53 75 8 17 19 58 44 20 42 86 23 25 53 92 1 5 19 20 93 5 50 28 51 19 53 45 12 60 43 28 15 49 3 23 66 74 33 62 95 28 1 18 53 54 62 6 12 82 27 5 39 77 86 42 49 39 87 61 51 83 89 66 84 44 90 2 18 75 65 13 3 66 32 56 72 46 15 84 28 42 42 67 71 28 62 20 19 1 81 71 36 70 89 20 14 31 23 85 7 88 98 62 6 82 19 78 29 86 15 9 28 9 77 99 37 91 20 8 92 53 31 29 24 21 49 90 4 72 27 11 12 26 74 70 60 45 49 89 31 16 99 59 25 28 10 14 19 82 74 11 36 6 92 12 79 42 54 83 66 82 47 31 8 21 1 68 18 50 10 49 18 61 60 95 89 22 9 60 5 84 23 41 42 16 53 21 10 7 56 76 41 3 7 49 76 9 70 94 11 32 95 82 93 7 77 34 30 87 46 35 23 69 28 17 37 33 90 47 92 46 76 34 50 83 35 26 44 57 73 8 89 68 90 34 76 67 20 6 6 66 93 81 88 73 98 25 6 88 25 50 87 1 36 37 36 72 15 81 81 88 89 23 9 31 57 85 50 78 43 9 96 88 90 84 61 41 62 19 29 87 69 68 88 6 5 24 30 73 57 11 13 98 34 22 29 
44 59 32 74 2 41 70 90 31 55 3 72 69 74 54 56 44 22 44 2 80 20 84 5 30 47 18 28 34 93 10 78 52 42 4 7 83 74 49 66 81 53 91 50 27 45 58 23 19 54 77 51 75 13 56 5 61 27 85 47 20 95 77 24 89 81 31 24 7 81 91 41 86 82 91 65 79 50 41 50 56 70 2 31 84 10 88 97 37 26 44 9 73 21 34 63 54 65 87 61 98 78 2 36 12 46 2 43 48 95 46 4 65 48 88 1 10 28 98 48 54 94 57 28 15 43 91 21 9 30 83 59 61 37 96 73 83 50 69 31 45 15 88 62 15 76 64 25 4 62 25 11 57 83 39 24 78 82 46 87 12 81 99 73 18 47 99 2 97 68 85 94 35 25 56 50 1 20 75 58 35 53 69 44 88 8 68 66 90 66 6 54 47 5 28 66 52 27 20 1 47 57 95 82 83 3 32 36 76 59 46 11 12 15 55 0 75 75 67 17 42 25 72 89 30 0 7 34 79 79 35 26 89 82 8 24 85 92 60 61 51 7 24 16 74 79 68 2 55 87 19 49 12 91 90 42 43 98 28 74 29 63 0 18 97 8 42 35 52 55 96 4 14 73 72 88 52 40 90 59 28 62 8 92 5 99 87 1 49 15 75 30 31 76 49 28 36 43 15 89 98 64 45 64 37 69 53 41 9 95 1 89 9 61 82 15 12 69 68 13 36 43 44 67 71 93 48 8 88 63 49 87 27 46 51 64 15 56 6 76 4 59 66 65 72 0 80 85 21 48 98 57 44 42 77 15 87 77 23 76 40 24 15 20 70 18 36 37 27 94 14 83 53 80 48 78 32 81 63 53 81 13 62 25 8 39 41 47 16 16 75 9 93 42 29 63 61 65 1 40 
60 15 23 65 47 71 43 79 52 58 32 34 24 94 11 84 86 52 31 2 21 59 63 14 1 92 29 62 10 82 54 22 49 77 87 96 1 83 27 53 93 59 39 69 6 3 53 44 7 37 98 28 96 62 94 97 6 24 12 16 58 66 38 8 96 78 4 97 13 32 2 58 43 94 28 1 97 81 45 4 18 44 85 66 6 31 16 12 7 80 81 66 98 71 74 94 49 30 43 14 62 46 73 58 92 1 11 41 34 57 97 5 53 82 71 11 66 39 75 73 19 56 39 70 28 13 16 29 44 60 96 58 58 69 68 50 22 80 91 56 37 88 61 42 23 85 53 89 24 28 62 96 37 54 66 65 67 82 46 63 94 42 74 52 63 42 54 85 74 45 42 63 86 3 5 61 88 10 50 65 39 64 61 76 18 27 93 38 61 91 53 56 86 27 8 49 22 63 35 96 60 29 12 98 84 17 59 25 28 9 90 19 26 51 47 96 30 92 34 43 83 88 99 69 67 60 71 41 75 58 90 87 87 2 86 23 71 45 48 51 7 38 70 33 41 17 29 23 9 16 67 45 56 66 66 75 78 37 17 53 47 7 41 34 61 79 58 32 24 58 84 83 49 6 68 90 24 50 14 85 66 81 82 74 99 49 49 78 38 66 31 86 25 24 72 86 3 82 71 80 41 7 15 90 13 84 32 89 34 46 27 52 79 9 26 79 10 75 9 49 94 40 87 71 17 59 10 72 42 81 4 35 40 20 77 53 4 9 95 90 8 22 42 39 31 20 18 42 47 27 43 93 20 30 65 89 41 75 61 35 8 66 70 48 86 99 1 42 9 48 32 69 70 74 8 2 94 79 96 93 6 91 87 78 21 52 67 62 27 81 98 87 47 20 35 85 20 88 27 81 
37 59 50 7 85 10 61 31 89 9 24 48 0 11 26 73 15 46 36 94 27 86 81 26 6 16 11 78 57 90 59 94 49 61 53 34 72 15 17 13 76 41 61 77 5 40 50 20 38 38 15 65 24 96 43 83 65 6 61 22 96 73 16 97 34 21 83 58 36 0 72 13 41 85 42 98 77 92 19 15 31 34 80 7 82 75 90 99 81 4 21 29 77 89 26 63 11 9 22 99 61 46 64 55 83 6 53 61 51 72 76 34 58 9 41 93 84 84 92 66 88 66 95 17 55 74 80 18 35 2 70 97 0 34 52 84 93 57 45 96 82 21 30 40 30 23 85 67 59 30 33 47 96 80 64 3 54 97 22 42 51 92 39 52 78 43 36 23 0 33 19 82 6 49 75 89 25 12 56 84 42 41 84 38 21 0 42 28 97 16 22 49 60 61 1 38 56 89 62 56 74 81 91 80 83 18 69 8 30 25 92 25 66 76 63 40 29 57 20 26 73 94 75 33 55 28 72 63 69 86 71 43 19 62 24 2 32 93 62 15 71 7 40 89 35 55 81 64 13 53 91 86 47 18 20 54 47 44 17 16 82 89 12 1 3 36 56 36 81 18 3 52 25 95 94 61 50 75 25 63 81 68 2 28 87 74 83 86 70 0 54 52 89 66 5 45 54 61 81 36 80 36 40 57 31 86 70 81 62 48 97 43 16 99 23 55 73 6 93 43 59 48 95 0 66 0 45 21 14 78 9 46 14 1 3 45 88 26 79 2 74 76 97 42 75 20 50 0 79 43 43 38 43 90 90 10 42 36 83 8 14 92 54 81 93 10 78 81 36 57 35 62 33 32 4 60 53 6 60 32 50 55 22 93 97 12 55 92 0 38 0 15 30 55 48 76 65 26 9 53 
84 45 15 69 77 71 82 82 78 94 66 80 2 88 25 51 53 81 43 53 71 44 20 54 51 68 30 68 47 91 21 83 36 88 4 66 11 86 48 41 33 67 21 35 55 99 86 60 32 30 14 3 26 86 9 29 55 39 97 54 83 70 37 71 58 41 37 69 28 38 11 61 57 84 48 12 35 34 25 67 16 39 23 42 77 32 71 32 24 20 38 7 90 75 30 48 17 20 70 97 58 33 10 15 69 58 79 5 44 56 24 61 95 47 55 25 32 79 57 56 99 48 15 42 23 45 42 92 65 12 89 75 97 51 42 19 9 74 24 54 30 0 67 78 0 74 3 32 53 12 40 5 60 7 47 84 52 89 28 70 54 18 97 51 21 40 70 31 66 46 37 96 47 56 26 99 30 29 83 84 94 75 89 54 82 88 90 86 77 71 56 31 41 54 83 62 46 5 93 12 52 82 60 51 38 87 2 21 68 85 5 14 60 46 21 42 34 63 28 63 34 37 95 75 43 30 38 89 35 83 53 39 66 13 90 56 52 44 77 73 29 34 87 41 80 60 83 66 24 64 30 58 53 25 86 96 7 24 85 42 7 90 34 25 3 76 82 8 21 11 33 50 46 72 92 78 33 27 45 57 43 27 67 96 4 53 92 11 77 29 5 37 19 39 62 75 16 96 83 89 8 68 91 6 40 35 84 73 63 81 82 6 8 2 55 12 55 47 75 85 77 81 74 48 72 36 23 40 85 58 29 45 26 21 51 19 56 87 44 71 69 27 30 29 29 85 94 36 84 69 21 13 2 95 62 75 84 85 15 21 96 97 18 22 70 21 41 78 8 86 2 29 65 32 59 46 69 53 82 5 74 56 19 77 3 33 52 39 18 19 12 14 68 30 89 38 51 82 69 60 
20 71 41 85 55 52 83 76 57 66 81 32 74 52 9 77 85 13 69 56 84 81 70 53 12 11 43 63 94 12 75 14 35 17 52 90 69 35 18 27 53 52 11 27 4 20 57 42 85 26 98 69 59 20 22 71 32 66 87 78 30 14 92 66 31 96 8 53 32 79 32 85 31 43 65 87 15 74 29 0 52 27 69 11 48 44 35 32 62 22 10 44 88 54 62 20 51 71 25 35 50 57 72 33 0 89 20 15 63 50 67 15 29 88 27 29 84 14 13 46 88 75 91 76 30 53 96 33 76 21 20 78 30 44 11 30 34 84 97 97 86 16 13 15 5 92 97 89 6 10 88 94 86 31 70 68 84 19 53 13 92 73 91 23 17 55 5 51 91 55 1 77 71 66 44 28 58 93 70 16 4 58 62 42 89 84 10 25 3 63 38 48 88 82 23 57 89 80 61 80 87 62 9 11 28 5 39 38 99 9 54 3 19 68 97 8 52 7 86 8 22 24 8 10 58 31 19 47 63 80 79 51 94 40 62 22 98 53 12 97 15 18 52 34 86 49 95 39 8 81 47 30 57 55 92 16 38 63 15 1 44 47 52 38 39 66 13 37 20 25 34 35 44 38 21 30 87 16 21 47 49 20 29 7 75 21 75 65 85 42 67 81 41 71 19 81 90 84 18 10 10 5 97 6 43 18 36 83 35 10 82 84 30 12 43 58 33 18 23 70 13 42 3 54 66 23 35 56 7 6 18 69 63 15 75 58 33 64 93 20 74 76 57 56 88 0 14 73 71 38 44 84 32 99 90 98 74 78 54 82 36 72 3 99 39 31 57 73 95 3 93 21 79 50 77 67 3 44 40 74 82 36 10 66 88 52 65 62 30 71 96 66 96 0 65 35 31 75 60 78 
78 6 99 9 56 28 28 11 72 20 37 6 9 99 73 97 52 90 59 82 13 56 49 9 56 66 97 39 93 57 17 23 63 68 32 72 48 60 83 21 81 73 79 90 72 4 87 24 94 98 7 60 54 8 69 62 74 18 1 68 76 70 43 91 38 76 15 87 88 51 60 21 24 91 11 96 96 50 21 42 1 80 2 55 88 24 18 14 94 19 34 70 90 78 14 80 6 29 19 94 80 31 16 4 23 79 53 71 82 26 65 83 6 20 90 46 96 8 60 90 80 47 13 22 77 27 54 83 56 74 29 89 57 97 93 80 29 98 3 11 24 21 46 30 41 36 28 37 97 89 79 77 88 92 51 65 71 5 0 80 79 29 69 37 79 14 69 8 13 25 71 37 46 17 20 39 5 48 28 2 37 7 31 77 52 82 94 23 88 94 3 19 76 72 8 55 39 30 15 52 7 86 89 53 3 9 44 8 58 72 63 47 31 94 77 83 29 71 59 69 18 62 40 94 87 49 1 26 31 16 30 38 2 71 43 57 33 87 17 43 11 80 42 42 27 19 78 56 91 37 77 61 51 17 7 90 18 8 68 49 76 98 39 30 70 34 87 55 73 4 98 84 37 40 79 64 60 9 72 3 98 1 64 49 18 71 40 37 31 60 38 59 59 30 89 81 64 76 36 90 32 86 74 69 26 5 85 86 66 9 41 64 10 57 14 81 80 6 70 11 66 60 70 77 90 11 10 7 87 98 97 20 84 23 41 11 81 79 49 47 40 91 12 51 0 78 84 81 84 6 44 2 66 67 32 9 78 42 16 18 41 65 38 25 40 31 36 21 62 38 69 3 81 33 54 81 11 90 62 47 96 7 49 62 26 33 23 4 76 39 22 17 56 12 94 97 96 83 70 58 
21 91 61 2 76 67 83 87 57 98 34 5 57 36 68 83 69 91 87 97 83 62 14 91 26 61 40 22 44 63 81 65 54 42 67 31 62 2 70 19 0 57 25 57 45 45 92 66 88 80 64 23 94 30 15 20 91 7 43 35 70 76 0 77 70 19 60 32 74 30 4 74 87 29 84 84 26 76 51 66 8 15 90 2 45 57 75 37 64 18 72 87 46 25 64 16 96 76 49 70 6 53 45 46 34 81 30 12 57 81 78 18 48 68 20 94 25 95 83 42 65 7 81 11 32 97 80 29 73 29 99 31 34 96 77 20 77 60 32 87 93 10 5 42 79 77 88 56 25 71 50 90 78 31 54 11 28 86 92 1 15 43 85 1 92 62 21 69 74 53 8 68 15 13 62 94 91 50 3 16 73 53 58 51 37 64 14 65 50 58 19 17 2 4 18 94 18 91 15 45 96 24 13 12 37 27 58 80 29 13 48 2 19 7 53 56 23 20 73 74 78 44 91 80 48 62 26 19 5 42 64 2 18 29 66 7 56 76 88 37 42 36 39 61 95 44 69 19 64 42 45 43 87 36 75 87 50 54 6 56 96 22 10 14 51 28 73 59 56 61 96 98 50 87 11 97 32 80 16 96 23 13 91 62 50 19 49 52 73 8 8 69 30 70 35 34 50 8 93 7 22 42 57 24 81 69 21 13 49 90 62 24 3 53 86 5 72 36 58 45 44 18 66 26 41 53 60 91 14 6 98 36 0 56 60 81 77 33 95 78 23 9 3 27 62 41 84 87 29 42 84 25 13 51 52 54 56 12 45 70 70 96 58 70 52 70 52 81 4 99 59 79 8 14 58 22 56 43 9 85 37 94 11 50 97 15 4 5 79 2 28 50 98 86 20 50 9 24 83 65 
23 42 44 31 57 55 6 65 50 15 50 87 61 13 90 10 28 94 16 8 48 44 10 46 82 30 48 91 55 31 8 30 74 53 14 83 60 20 0 10 35 50 49 49 16 39 59 96 86 27 56 34 23 66 81 6 49 29 49 56 13 58 86 87 63 0 22 23 72 22 85 60 24 34 9 92 26 20 89 64 0 97 98 23 64 31 81 65 13 31 21 26 41 59 65 4 12 39 79 84 61 16 44 37 2 5 30 28 26 71 44 26 68 95 49 84 26 83 49 91 14 70 17 7 82 34 11 94 73 42 78 86 58 75 24 12 80 6 41 6 29 85 84 97 32 86 82 59 69 83 2 35 6 20 42 88 54 5 34 80 47 12 66 57 87 42 69 20 48 62 26 77 0 63 27 32 49 61 43 18 96 46 53 2 18 47 42 24 52 76 4 99 89 71 8 28 13 29 0 14 44 79 43 44 42 22 28 91 83 72 61 80 70 66 34 88 13 77 12 65 53 69 16 94 40 24 75 5 5 75 19 49 54 15 45 48 37 74 39 73 98 0 5 68 66 39 8 31 68 72 96 74 41 12 20 33 88 95 39 94 23 10 95 29 25 41 30 15 15 69 40 65 22 45 33 40 36 93 72 57 65 20 31 59 33 51 92 73 99 83 67 74 94 63 55 71 56 85 38 71 7 78 36 81 23 21 21 12 66 45 69 31 66 52 42 51 3 35 24 54 70 44 28 64 59 36 88 15 21 26 86 28 5 74 61 80 47 83 92 13 80 13 96 98 65 39 1 21 26 26 75 96 70 56 13 29 92 1 96 65 27 34 94 32 8 55 65 7 90 57 20 23 23 68 73 88 59 75 9 37 1 37 86 23 93 99 4 85 52 0 50 31 34 96 16 94 4 81 1 46 
90 73 21 13 93 95 54 5 70 63 42 23 52 80 46 45 31 2 82 83 54 85 15 40 81 31 34 37 64 87 36 54 12 57 68 5 52 22 10 22 37 5 97 90 85 95 87 17 97 70 52 51 55 67 91 88 50 77 78 14 16 14 21 28 71 41 86 76 15 48 98 52 53 96 94 39 43 34 8 41 56 60 44 63 80 88 51 30 17 81 97 34 47 18 62 19 59 48 95 74 97 45 78 2 93 25 93 37 59 1 30 15 14 26 78 94 14 81 76 32 15 25 66 62 43 80 33 54 81 80 80 78 78 11 32 71 88 26 60 47 79 90 14 93 17 44 39 83 77 16 67 92 41 85 7 37 66 40 43 47 73 76 77 51 87 9 74 75 87 35 74 67 77 40 60 46 36 52 82 13 68 49 58 61 35 17 50 1 57 94 0 82 22 77 33 9 38 60 36 26 95 62 93 24 2 5 23 90 57 5 3 77 6 13 91 41 30 41 94 40 87 94 22 61 23 8 22 62 68 58 88 15 72 33 91 26 38 14 16 48 71 72 77 78 85 68 19 16 62 66 8 1 12 30 63 36 90 85 50 58 96 90 25 68 23 17 47 13 31 63 13 55 35 91 33 21 11 4 89 25 70 97 27 83 79 42 71 70 79 21 80 75 63 6 96 86 23 95 51 6 58 65 61 46 8 46 19 71 51 8 97 21 57 24 56 36 18 27 6 97 0 87 25 63 45 73 1 68 68 5 26 26 22 88 24 30 34 43 53 37 51 50 59 8 26 67 97 44 95 55 94 47 94 19 63 39 44 16 59 12 21 86 90 43 26 15 25 12 58 79 50 62 29 61 22 8 28 19 52 75 27 98 23 21 17 38 61 13 54 20 25 76 58 68 71 84 83 97 49 93 
28 99 7 9 60 30 17 40 1 22 16 28 20 91 50 90 29 63 3 83 35 81 11 94 49 83 30 84 32 79 77 60 30 85 21 90 67 39 83 68 13 51 49 33 42 51 75 23 14 79 58 49 60 70 95 61 5 26 45 37 57 22 49 88 59 22 30 78 13 13 47 26 64 48 12 58 99 87 33 65 18 92 14 30 14 62 91 71 88 36 60 45 11 9 33 22 83 64 1 97 29 0 75 46 48 87 4 99 27 38 64 97 82 30 28 48 92 71 19 32 60 79 30 71 40 63 45 23 79 46 20 61 98 48 7 98 87 63 97 14 1 13 12 35 44 92 83 36 63 2 21 75 81 51 98 21 66 44 45 46 42 17 59 41 17 66 91 5 29 89 19 83 2 83 70 98 75 54 35 91 8 56 66 90 59 65 63 25 61 8 23 3 78 82 96 95 0 88 52 30 29 72 65 83 7 35 82 35 41 69 78 50 77 44 92 36 61 55 61 22 16 85 78 94 19 74 41 20 14 46 2 43 70 19 27 77 6 9 12 48 30 90 50 7 87 42 43 0 97 56 23 13 41 53 59 13 27 53 33 94 99 87 37 69 6 16 98 12 25 11 60 7 53 10 14 92 4 57 93 2 66 68 15 7 21 27 20 0 80 5 94 31 92 84 0 98 0 98 63 78 61 75 85 67 86 0 59 42 9 4 44 75 24 12 35 97 39 7 50 71 65 96 2 57 80 54 8 33 4 71 11 66 46 48 85 84 0 44 27 10 1 23 37 25 35 24 23 74 84 25 97 49 21 99 58 2 53 66 35 58 89 98 76 88 46 61 24 47 57 3 9 10 27 46 36 62 23 11 89 7 36 38 56 9 38 66 11 43 85 98 53 74 96 29 14 43 42 39 42 0 
94 51 62 21 49 98 36 72 61 77 79 49 15 87 59 53 54 22 49 39 21 2 65 17 84 80 12 26 71 54 78 65 57 41 39 7 91 75 31 5 4 11 54 19 50 65 25 56 88 74 47 9 28 13 78 12 45 43 91 68 49 21 85 7 62 24 66 6 51 97 11 55 60 17 27 11 83 52 19 71 26 67 32 6 32 10 19 29 5 62 97 55 83 34 14 98 59 80 4 62 77 67 70 38 84 97 1 67 49 20 90 27 87 22 33 71 85 4 0 42 66 49 97 50 84 11 48 95 91 52 57 69 71 27 59 55 76 60 75 25 80 17 52 20 92 38 43 77 42 44 71 9 93 69 11 77 32 59 72 24 63 82 45 34 61 56 41 38 16 68 63 48 86 68 20 78 58 64 7 0 60 78 61 53 47 72 83 32 83 55 8 98 89 5 84 51 61 26 89 29 46 4 77 32 72 50 10 30 66 69 83 26 48 96 31 47 21 14 79 4 22 87 55 11 44 39 62 5 17 3 34 64 8 64 96 32 66 59 63 32 28 98 10 28 94 41 28 15 56 59 72 78 47 79 41 43 18 56 49 88 59 35 52 67 99 0 52 17 11 67 49 92 65 59 72 11 1 0 27 9 60 51 39 59 30 80 2 0 36 51 88 96 39 92 15 38 45 19 8 8 86 57 0 51 69 73 63 22 73 42 31 85 45 70 44 75 50 47 27 39 50 68 87 89 12 2 80 57 74 88 66 60 97 18 12 66 43 27 40 69 21 71 54 66 93 99 93 44 98 20 35 0 40 22 90 53 76 22 10 50 62 28 11 59 99 75 78 42 2 18 11 23 90 18 41 83 17 34 79 67 6 14 67 47 36 9 0 65 83 62 15 45 43 26 57 42 1 35 36 55 
53 48 30 95 66 71 31 35 5 10 54 64 77 73 11 65 35 63 30 18 77 46 16 20 24 73 14 26 8 51 33 13 51 64 9 69 35 92 56 93 54 62 57 31 35 68 49 22 83 79 93 60 77 61 33 2 34 99 80 94 2 13 59 5 29 20 74 65 12 82 58 67 96 15 50 84 35 99 6 70 31 51 30 60 12 15 62 46 67 94 92 69 60 52 75 89 72 1 6 85 36 64 4 32 31 54 16 18 6 75 88 37 26 71 97 39 38 12 85 5 58 30 75 18 82 2 60 6 55 66 43 91 83 47 76 66 54 92 85 60 19 25 49 46 96 46 85 35 10 22 40 69 52 67 39 86 21 99 93 77 18 36 20 53 36 96 71 90 41 56 50 60 82 99 58 30 97 43 65 8 66 58 29 70 77 68 57 99 20 50 76 90 38 48 43 74 97 14 64 38 23 66 50 57 65 61 87 15 4 5 75 22 15 4 93 92 72 2 91 92 52 19 82 42 20 77 17 17 44 81 7 19 48 57 76 65 70 15 32 75 72 7 49 87 11 94 32 84 96 23 28 0 95 11 43 15 40 60 32 84 93 39 55 93 48 31 11 19 99 43 46 71 51 95 11 14 42 43 98 38 18 27 91 13 90 34 80 82 46 64 19 91 55 74 85 4 6 96 75 57 91 73 80 94 20 91 9 62 34 7 1 53 86 44 18 28 30 51 11 76 15 30 19 71 4 4 27 62 52 54 71 96 27 52 90 47 43 99 10 30 59 63 35 45 7 53 26 37 56 89 65 72 19 84 95 75 41 22 90 45 76 61 41 55 13 32 54 9 31 16 39 90 79 74 88 38 79 66 27 36 55 44 8 26 81 3 53 22 77 43 67 5 57 9 60 22 41 14 31 24 
31 22 67 62 96 7 53 28 73 32 64 28 77 24 6 10 79 59 32 56 55 51 61 12 12 73 86 5 39 70 30 22 92 97 37 41 4 42 69 29 74 85 9 3 9 15 13 88 74 97 96 81 49 57 45 61 82 32 67 73 54 49 48 98 46 85 39 2 27 60 83 53 97 92 57 6 7 22 46 33 20 42 15 69 51 12 82 33 44 49 59 50 50 7 49 48 44 40 50 71 53 85 76 50 77 33 57 36 8 3 70 28 46 37 49 49 49 31 83 46 33 94 96 83 1 97 32 45 38 34 68 91 20 96 41 97 82 50 34 90 6 56 18 4 93 67 53 94 98 88 92 83 82 89 67 35 86 51 32 76 85 52 67 5 49 61 55 31 11 41 21 17 97 39 21 42 58 75 88 8 15 81 92 98 22 11 33 60 62 18 37 47 70 4 5 19 17 12 2 29 5 23 98 2 14 20 96 24 47 84 33 62 17 25 12 39 88 98 0 50 16 37 49 38 93 6 58 11 70 12 92 75 36 90 77 2 10 25 27 9 62 12 24 79 89 36 71 77 34 71 27 2 60 28 41 5 35 51 68 5 63 60 81 51 51 10 54 13 88 33 23 2 45 47 33 34 83 4 11 70 27 90 72 39 18 13 45 5 16 13 63 80 74 96 31 77 58 37 90 46 70 13 48 15 60 82 1 96 38 64 18 66 54 90 5 25 56 2 30 24 68 45 4 94 41 36 71 0 25 61 98 96 75 99 63 87 81 17 35 71 81 53 37 36 96 95 13 4 49 95 28 17 41 33 11 34 21 82 34 98 96 85 94 71 84 10 10 17 79 46 88 60 51 26 48 99 73 61 3 22 57 84 92 98 69 55 32 42 38 19 40 34 4 87 57 40 49 19 57 28 
17 45 88 69 23 37 20 48 50 76 23 7 60 15 5 81 22 90 23 12 61 15 98 17 54 55 57 3 27 66 83 44 11 24 65 87 61 86 87 11 62 10 71 74 77 76 7 0 18 30 12 79 97 11 96 52 18 53 7 45 19 91 90 83 15 7 22 28 93 9 91 7 72 62 33 1 91 40 1 61 22 66 41 20 29 89 24 47 43 31 45 14 74 87 49 41 94 23 69 40 85 13 47 9 27 81 10 18 21 64 80 96 30 73 16 11 62 92 10 57 75 55 24 50 94 25 43 89 49 65 29 86 78 28 95 5 9 5 76 83 21 8 79 51 81 47 14 43 91 25 53 66 32 77 68 27 2 12 16 3 77 97 89 7 25 36 64 87 94 40 22 15 48 53 19 81 52 33 77 43 58 30 9 43 7 78 70 61 42 38 65 71 35 6 78 12 95 42 51 89 35 25 4 35 78 75 17 82 61 46 25 71 76 87 14 35 17 84 48 59 22 13 30 9 72 60 74 67 54 25 8 89 3 64 25 33 40 94 16 1 40 93 72 68 80 87 55 49 23 3 60 46 69 42 7 41 2 81 60 57 59 20 46 62 84 23 47 76 69 63 77 61 9 2 81 41 41 36 91 64 40 51 62 9 46 70 2 48 3 14 57 62 34 56 76 70 79 24 47 1 39 76 62 0 78 96 42 71 32 33 36 72 36 50 33 82 20 35 83 76 1 40 90 35 96 67 6 28 43 5 29 34 81 43 35 12 39 29 83 24 62 71 96 50 22 82 85 94 69 68 70 71 60 61 58 57 80 16 85 75 21 66 61 3 61 48 15 1 77 98 77 91 70 73 42 44 7 79 38 77 99 9 48 59 22 6 68 2 23 5 29 96 71 90 99 85 39 66 86 16 
65 63 8 87 88 2 31 48 33 21 25 32 30 73 43 4 31 64 6 6 69 35 3 93 78 54 78 17 21 16 85 38 31 93 77 71 47 60 19 80 81 44 12 64 69 8 68 53 72 27 59 41 14 14 86 92 69 64 61 42 80 47 80 63 92 9 35 40 69 54 20 50 99 85 66 20 93 35 73 17 14 85 58 28 99 45 73 20 61 34 62 94 81 94 57 74 3 92 66 24 99 86 75 50 23 93 70 16 80 44 85 94 81 44 23 32 41 96 53 54 82 67 48 64 14 6 90 69 50 56 94 49 94 21 99 18 14 22 86 95 18 72 89 99 68 64 31 61 12 36 15 95 4 16 11 70 74 53 39 24 61 33 26 7 54 77 77 21 99 64 16 69 88 57 68 8 22 52 21 86 88 36 33 44 4 96 14 78 49 6 55 10 39 81 70 46 10 47 67 62 11 35 31 51 92 0 11 66 4 32 5 92 21 38 37 25 35 3 4 36 9 59 99 1 92 69 99 54 16 18 16 80 53 48 31 97 0 43 64 4 27 21 48 48 59 85 74 46 41 30 83 50 89 82 3 33 51 2 87 67 20 4 47 73 4 31 23 4 26 87 60 53 60 8 2 19 94 76 66 87 6 1 37 47 83 93 32 34 95 19 53 16 75 1 41 79 32 64 35 10 3 95 63 63 4 65 35 50 93 53 89 51 54 26 50 37 19 34 23 67 54 76 35 81 29 76 13 13 93 48 23 48 96 87 64 52 4 99 54 50 4 43 53 58 21 56 47 93 90 22 60 96 50 95 30 32 23 43 45 68 43 21 17 91 60 81 43 16 32 49 66 88 92 72 46 14 28 45 59 70 19 19 67 69 66 97 1 89 92 99 58 35 20 75 27 80 8 22 96 92 
72 15 80 64 87 78 30 67 75 89 89 94 60 56 63 26 5 17 16 97 16 26 85 88 53 64 68 61 86 16 5 10 31 37 27 70 15 57 89 90 99 79 84 11 87 99 38 45 68 6 94 84 32 79 24 85 95 92 98 82 61 3 92 44 40 71 67 7 81 56 49 80 87 33 91 27 84 81 72 53 87 66 89 19 98 14 4 93 58 2 27 71 57 20 16 49 43 83 8 24 39 57 4 79 90 48 6 27 29 30 32 17 96 21 36 94 87 93 40 98 47 67 69 57 39 85 6 83 68 67 7 60 24 12 91 67 12 97 94 41 27 26 10 75 99 99 22 87 44 62 37 91 29 6 48 69 92 7 4 12 74 11 24 50 75 15 17 87 64 11 81 43 89 91 19 41 42 93 80 86 55 17 30 36 23 78 57 67 37 61 80 63 73 56 14 48 72 31 36 88 95 69 32 36 12 3 77 55 96 9 93 51 26 23 87 50 54 97 17 43 58 49 7 31 6 73 32 30 56 20 18 3 89 50 40 1 53 69 8 49 79 54 52 57 77 92 59 31 89 29 75 47 78 34 31 36 7 63 66 63 83 85 67 24 87 59 25 93 80 86 42 11 40 47 69 69 39 28 53 28 57 28 27 88 14 58 24 21 73 43 36 56 80 55 80 19 66 58 12 99 96 55 10 88 2 31 57 93 12 10 21 21 90 0 9 4 59 86 77 84 81 66 41 61 73 73 32 92 31 45 91 79 0 1 67 54 85 25 99 97 87 72 18 30 72 80 86 83 18 64 68 99 82 9 12 7 34 44 99 66 89 90 45 41 44 65 47 29 90 46 26 29 18 96 59 43 76 46 26 46 62 94 45 96 55 9 3 90 54 3 8 95 93 5 89 89 70 36 18 12 
35 96 42 5 93 53 48 21 99 75 68 61 21 65 57 29 75 13 71 81 16 79 76 61 36 65 51 59 54 69 71 89 18 65 94 11 19 43 84 70 70 52 32 43 18 41 72 93 54 43 74 22 74 2 84 63 20 87 22 74 8 93 63 26 11 9 89 82 4 74 52 26 78 36 70 96 78 94 41 84 38 67 59 64 22 95 27 42 82 1 16 90 47 31 69 58 40 58 40 97 84 92 23 63 29 93 59 59 88 53 95 78 72 54 94 94 49 74 36 31 75 52 74 22 35 95 32 28 5 24 25 90 17 0 53 98 46 12 9 86 17 4 64 90 11 10 84 60 36 73 44 12 77 70 86 13 65 71 41 70 95 18 60 64 18 65 62 64 30 23 50 47 80 66 89 91 29 26 51 65 99 47 77 76 17 16 41 34 87 34 57 82 52 69 99 23 35 13 87 65 37 90 12 17 8 2 8 37 80 11 3 79 59 32 7 28 0 49 15 87 35 72 22 40 41 73 63 28 86 2 93 23 92 58 92 53 12 52 90 92 64 45 71 75 78 30 55 30 79 70 70 67 94 92 7 88 65 70 16 3 72 10 27 17 68 71 70 32 24 12 24 40 58 47 15 88 77 22 18 9 93 88 76 87 32 83 75 49 5 44 53 77 54 32 46 74 3 68 6 79 81 82 19 91 29 86 31 6 9 1 15 2 42 91 41 26 26 69 28 31 13 33 61 19 65 7 45 20 28 3 52 61 85 71 52 66 58 35 72 19 88 40 21 30 83 14 9 10 35 37 41 0 70 54 19 35 62 16 7 42 19 59 3 56 83 7 22 93 42 95 12 30 35 85 13 18 99 22 80 87 59 74 87 29 28 59 16 42 75 75 84 95 87 87 51 22 94 74 15 88 
21 27 71 8 12 36 78 63 58 59 2 69 33 90 50 13 49 18 56 76 45 40 23 32 80 75 54 74 1 21 15 74 48 38 82 12 74 12 28 32 71 30 53 56 72 3 70 73 21 26 50 66 18 73 51 98 0 57 25 53 79 92 27 79 30 61 44 4 74 72 88 97 54 41 54 79 96 76 52 17 54 2 35 24 28 38 75 28 96 0 82 27 44 61 6 74 75 50 30 1 74 18 98 81 59 4 60 55 32 64 24 86 67 11 11 47 50 86 75 98 38 9 25 34 23 83 8 98 86 38 99 12 8 49 93 67 54 5 74 86 70 50 25 89 61 88 36 63 74 63 13 64 73 90 98 48 74 58 46 12 48 97 24 56 46 70 75 52 75 1 91 97 51 16 86 64 4 22 80 30 38 93 46 63 36 96 11 10 6 9 74 54 58 98 62 56 68 37 9 96 38 52 93 41 68 80 5 24 54 85 6 44 31 52 7 67 0 18 29 6 79 3 12 37 1 74 94 22 11 3 70 1 55 63 42 75 95 99 51 2 37 57 46 68 61 54 87 61 24 16 67 4 19 79 41 72 5 35 46 68 90 16 69 97 32 63 72 27 62 23 29 51 32 76 19 93 82 6 54 6 74 73 10 45 4 52 70 9 39 16 77 30 85 98 27 17 61 52 96 76 27 26 27 60 54 99 53 36 57 60 42 32 85 53 77 90 57 47 51 96 16 29 26 53 79 6 70 41 58 18 69 85 44 48 97 50 47 3 86 5 63 81 89 48 86 18 90 43 18 42 91 34 23 18 87 2 76 9 43 34 27 64 71 24 13 21 26 12 24 13 69 87 46 58 87 32 77 78 27 95 20 18 81 43 88 20 45 64 81 41 50 60 57 74 84 70 95 11 83 19 
76 52 6 74 63 45 58 92 23 37 87 95 55 20 90 96 40 88 12 73 29 63 33 86 37 70 9 32 33 44 51 9 48 9 35 11 54 93 3 30 30 42 25 37 14 68 85 6 56 98 79 37 61 13 23 50 83 84 82 16 80 85 77 29 46 64 92 52 57 48 82 39 90 60 28 5 28 14 11 84 12 43 21 25 56 96 75 91 33 9 59 13 94 88 42 92 52 87 44 61 35 79 0 25 39 28 82 19 94 46 55 6 89 28 31 97 76 58 88 9 67 99 75 13 87 69 5 39 56 50 0 91 29 52 69 20 80 51 39 27 49 46 33 38 74 17 87 2 75 75 12 95 74 39 8 13 8 14 52 65 16 52 56 45 56 25 17 37 29 56 16 78 54 49 69 28 18 56 82 46 84 94 41 10 85 49 24 94 63 28 59 79 33 67 76 89 45 93 78 26 1 94 4 55 96 25 35 14 34 18 12 70 64 53 80 50 55 56 96 70 85 55 50 18 74 78 59 19 24 38 45 25 32 2 33 80 79 20 47 13 90 59 83 7 65 16 57 20 72 53 90 9 60 92 79 86 23 39 58 47 29 55 24 13 9 9 94 89 30 41 54 20 52 90 79 17 6 36 37 30 41 80 92 53 72 23 92 95 14 50 94 43 57 19 57 67 28 3 56 10 44 62 83 96 52 62 14 58 99 3 41 92 83 85 98 8 8 90 55 23 92 50 66 49 69 75 16 97 78 24 60 74 87 43 71 39 5 37 50 56 92 43 49 76 28 99 36 36 41 91 11 33 41 78 34 10 5 51 60 84 27 20 58 14 15 81 6 20 70 8 77 63 51 78 91 79 77 79 67 70 70 79 3 12 9 89 74 14 40 86 50 20 58 61 34 73 94 92 94 65 
0 23 80 51 1 23 82 30 54 50 0 24 81 55 88 42 44 15 56 37 53 59 57 12 20 43 37 14 36 83 31 36 6 63 40 59 38 22 89 92 24 41 17 5 96 57 99 41 72 56 78 26 15 87 90 87 30 79 53 66 63 85 55 21 0 95 33 39 17 22 31 94 16 0 51 12 58 51 5 30 7 35 8 74 22 50 13 5 30 66 23 93 3 78 66 4 73 99 95 43 74 26 37 90 27 88 54 37 39 60 19 98 95 28 24 70 78 37 75 8 56 98 53 59 29 72 15 2 71 10 97 97 89 86 87 68 27 42 5 66 54 24 17 1 4 41 71 83 31 98 43 39 49 49 50 78 21 66 32 44 28 82 42 69 68 29 37 95 23 94 14 29 19 31 31 23 24 54 58 7 53 2 46 54 51 97 32 72 15 16 68 95 98 10 65 67 92 54 14 67 49 28 97 20 11 28 43 36 34 2 95 87 56 42 93 59 91 25 83 58 94 51 53 92 62 70 11 54 77 78 73 26 6 70 46 70 50 41 58 85 95 53 24 51 47 18 62 38 95 45 48 89 97 2 34 11 24 97 17 1 75 90 27 82 61 25 4 63 19 62 48 14 15 73 18 63 91 80 53 38 78 2 28 75 56 62 38 80 11 55 82 87 45 61 21 58 39 25 22 58 87 70 24 2 95 42 17 38 75 71 77 53 73 57 28 29 71 66 61 82 73 95 69 18 9 90 29 48 15 51 6 54 73 82 57 69 25 74 59 0 97 36 53 70 45 33 51 16 51 65 99 76 60 20 94 69 63 23 69 30 26 27 85 0 10 42 21 35 68 80 87 66 69 92 88 14 77 92 83 80 9 82 56 69 54 2 91 17 78 60 48 4 40 33 56 50 27 77 37 47 
58 76 65 79 68 6 93 97 50 76 77 59 10 85 80 17 87 23 34 65 84 34 22 76 19 78 26 46 56 15 46 66 91 63 45 59 69 90 56 19 19 85 30 81 70 11 98 9 34 33 27 70 67 49 46 87 27 24 85 35 39 83 53 30 47 50 41 16 41 97 88 60 34 18 41 56 81 40 66 16 25 93 38 44 94 85 83 73 61 21 9 1 4 14 31 3 65 73 20 6 22 60 18 9 30 11 65 12 3 83 80 28 28 18 25 22 55 8 96 17 29 57 70 86 71 53 89 36 78 61 94 53 73 64 62 4 76 79 68 31 63 48 12 91 18 37 14 26 97 62 95 79 19 65 65 42 70 6 31 49 68 25 2 41 42 64 97 70 95 65 1 58 65 13 50 36 2 16 62 0 78 9 79 49 26 96 91 96 2 22 45 22 0 99 64 94 63 13 64 11 79 65 69 96 31 71 32 33 39 46 85 69 7 16 18 33 12 62 30 67 36 27 89 36 27 5 30 42 19 94 53 50 12 75 46 95 46 31 28 86 29 66 55 89 82 26 22 47 88 4 14 24 84 55 13 11 61 95 5 32 42 11 82 54 86 80 1 84 63 29 70 45 47 78 34 30 56 8 29 44 65 95 20 49 50 85 12 63 81 69 95 23 80 29 29 66 62 30 3 77 11 25 22 11 3 8 41 11 69 22 7 34 17 28 35 67 65 47 83 46 16 30 21 49 60 2 67 74 84 70 51 96 96 26 7 51 86 0 63 55 74 22 41 91 2 76 10 68 23 93 14 92 24 88 41 36 90 60 62 75 31 13 23 79 91 82 30 30 34 45 85 8 68 27 99 70 3 61 38 79 55 5 23 31 45 64 19 35 76 81 62 7 46 85 86 90 19 69 20 53 
14 5 61 34 84 12 57 40 74 95 19 81 52 42 64 97 58 83 85 34 16 47 94 62 85 32 52 4 1 72 58 68 30 71 54 14 84 11 54 10 59 25 43 11 19 59 61 77 42 46 64 10 93 58 72 30 90 77 35 44 49 93 64 31 16 18 46 0 30 52 62 89 30 57 52 49 16 13 79 10 11 43 20 57 1 45 87 43 22 22 87 71 67 51 3 84 22 1 36 52 5 51 93 35 8 97 37 77 63 16 87 74 59 60 83 12 5 71 55 27 45 95 50 13 98 5 97 20 58 85 24 16 36 69 51 97 67 40 74 82 56 13 8 15 73 92 79 30 63 35 9 60 82 60 73 80 17 22 53 28 60 29 44 96 99 95 93 18 88 67 0 44 81 8 12 6 0 91 37 15 78 98 76 60 58 1 93 28 76 98 56 36 27 0 32 26 47 78 44 35 97 44 32 30 53 44 37 5 87 26 21 66 24 49 78 35 50 71 15 78 21 23 14 49 23 99 75 22 29 72 10 26 68 42 57 21 86 46 79 73 24 0 91 0 1 70 87 3 93 2 82 15 25 48 64 0 99 91 23 28 15 85 7 84 27 16 5 65 62 84 90 38 36 82 38 89 4 78 93 97 80 75 64 58 75 80 58 75 24 33 55 39 70 62 23 97 78 29 62 92 65 5 30 54 87 21 43 43 99 88 92 31 15 57 89 91 89 0 66 13 85 21 53 56 36 76 53 14 57 68 7 75 73 89 81 12 10 76 7 61 65 99 93 80 8 82 71 98 34 89 11 20 63 64 76 99 93 81 65 2 1 72 77 74 62 58 38 24 87 45 86 52 97 79 32 5 13 56 3 48 97 15 68 60 31 96 11 76 77 77 79 79 1 8 5 15 19 96 40 6 
93 78 58 90 57 42 96 70 98 99 70 96 66 38 8 50 34 20 26 64 49 57 43 50 66 0 66 85 96 58 91 90 36 1 80 45 43 28 67 94 28 38 42 46 28 50 48 15 22 27 79 71 84 74 74 2 74 92 87 71 50 30 61 38 83 93 35 79 22 2 73 2 92 15 48 21 17 97 88 92 76 67 15 60 41 89 63 15 81 2 38 83 85 51 73 68 45 60 47 19 63 72 21 7 39 21 80 57 70 68 1 46 87 16 59 28 6 22 96 39 76 86 75 61 38 0 82 35 61 81 6 76 54 27 83 93 0 64 2 23 84 3 69 72 20 28 52 78 2 0 69 31 87 44 44 77 97 78 64 58 60 70 34 14 49 69 59 1 85 14 24 70 17 94 94 89 74 46 19 29 99 89 12 38 85 56 15 82 87 31 92 47 53 78 13 2 48 72 3 33 86 28 55 56 74 49 97 0 48 17 81 47 6 45 37 91 54 4 26 41 35 18 88 88 97 1 90 97 25 45 30 12 25 38 20 51 39 17 4 87 34 85 86 92 31 75 36 37 79 62 78 14 32 66 2 29 19 44 26 44 42 9 8 67 47 28 71 38 98 75 78 84 60 64 77 43 40 13 80 19 27 58 86 59 76 40 89 95 85 67 92 79 76 0 98 75 81 69 14 79 44 44 63 57 60 92 0 0 57 33 72 84 43 10 44 20 50 85 67 87 52 59 66 81 12 65 8 45 34 74 76 31 18 91 88 79 84 40 31 41 73 55 78 17 65 22 89 68 59 8 55 11 20 74 44 32 91 5 29 77 79 5 8 50 96 96 29 32 37 12 74 62 68 52 79 85 26 20 53 85 29 61 48 1 35 93 85 78 50 14 55 29 19 64 79 67 12 60 0 1 
73 74 64 93 78 95 78 4 16 84 41 97 45 89 98 32 34 83 10 84 49 65 66 68 81 97 35 94 10 35 95 83 61 11 28 39 7 6 95 75 42 88 72 39 78 22 71 64 57 33 1 6 51 67 26 32 16 61 78 26 49 26 61 10 37 89 2 44 48 49 19 90 38 43 30 68 17 53 32 74 87 33 80 90 52 6 22 69 20 53 47 21 79 9 31 68 50 85 13 98 87 84 41 25 80 23 93 97 76 77 24 15 63 56 5 67 15 80 36 35 33 36 56 64 97 39 32 47 77 97 46 64 34 39 89 14 62 34 63 90 63 39 6 26 96 11 94 11 43 82 98 76 70 6 92 67 97 25 15 74 74 13 90 8 52 31 74 66 65 90 56 81 29 62 59 25 26 5 88 69 88 86 98 10 92 90 78 42 67 93 16 42 58 7 2 62 38 77 28 56 67 36 89 48 51 48 74 29 54 62 50 94 1 48 4 45 91 82 87 58 27 56 52 37 63 55 99 53 32 79 61 51 68 50 99 19 51 25 48 5 40 98 51 41 99 55 86 90 90 74 0 69 30 53 59 45 60 58 50 44 90 12 95 10 14 46 29 17 24 29 22 64 27 25 5 78 81 43 20 23 17 21 44 99 26 3 44 86 14 95 30 56 59 77 66 25 23 95 43 99 24 17 63 3 43 20 34 76 64 54 51 81 75 95 81 1 99 77 39 65 24 69 21 83 46 87 61 22 82 56 21 58 73 37 13 68 57 47 44 73 2 95 7 29 43 40 83 42 17 22 59 42 44 80 77 42 67 90 64 1 46 38 11 72 27 76 40 36 24 85 10 78 32 17 59 75 9 42 69 26 17 28 20 61 8 50 55 27 92 20 28 39 10 91 11 37 68 51 25 44 
88 35 74 73 4 33 0 13 28 70 92 97 50 64 10 11 66 65 38 59 37 19 50 47 62 13 36 30 16 62 74 5 49 48 30 6 34 30 71 62 52 15 59 3 80 69 66 98 34 56 57 24 27 59 71 90 72 60 20 89 74 47 46 23 47 76 81 81 6 5 43 11 20 54 66 52 75 32 51 62 88 60 86 16 20 9 58 92 69 78 81 43 77 79 19 25 55 52 6 14 57 2 25 78 8 91 82 84 75 85 98 63 46 84 31 66 93 89 10 63 20 44 58 97 23 77 74 31 30 81 45 39 35 22 69 43 13 52 27 88 37 25 3 35 61 87 53 7 28 64 70 48 60 80 98 83 10 72 14 92 5 11 31 40 33 1 84 98 5 63 38 94 41 94 30 2 81 83 9 9 99 31 10 59 12 60 95 74 32 61 66 38 73 97 78 58 50 14 57 55 78 47 50 71 41 32 73 74 67 35 36 67 18 46 78 82 6 73 56 90 87 22 80 60 20 59 18 70 25 27 78 55 75 80 26 16 12 52 43 79 87 79 98 57 77 29 40 83 54 48 25 41 71 6 1 43 17 72 65 42 99 43 98 74 23 24 43 87 28 38 19 15 17 17 25 94 98 65 29 53 13 6 94 36 12 48 31 29 72 97 24 71 92 74 98 68 50 93 55 79 31 26 46 0 96 71 46 94 88 75 99 54 81 94 90 46 94 22 75 66 71 51 89 63 25 39 83 28 32 91 7 15 17 5 67 13 77 13 8 65 88 7 71 22 53 62 68 99 36 95 17 59 99 59 74 76 98 58 4 83 49 63 50 18 69 18 32 46 31 92 63 20 51 35 94 57 49 62 8 37 9 26 96 8 85 70 85 35 80 89 18 29 53 69 0 22 87 32 20 70 
76 35 42 79 70 36 36 71 50 97 8 60 23 4 20 60 27 5 47 7 47 66 89 52 87 89 26 26 73 98 96 1 33 91 80 4 27 69 27 78 66 36 90 41 92 10 53 19 68 0 79 67 18 68 19 57 9 97 83 34 95 32 35 28 23 67 84 2 36 12 32 54 48 22 95 92 85 48 64 5 1 43 72 19 63 43 77 24 40 12 58 35 44 45 15 19 12 0 22 1 12 54 55 12 29 3 56 66 51 20 71 4 63 43 24 78 38 53 2 78 65 60 65 62 57 80 33 70 32 7 23 44 62 78 8 43 81 65 9 85 85 80 89 1 75 65 79 13 70 34 43 36 46 60 50 4 40 35 26 73 43 49 69 5 27 30 0 61 95 9 98 32 89 39 85 16 57 65 81 27 51 24 63 97 36 65 1 28 1 27 1 44 76 23 1 56 5 1 69 0 10 67 84 51 58 70 19 15 87 0 43 38 76 58 87 12 24 89 40 77 16 94 73 45 69 74 53 74 27 22 26 89 41 62 92 99 84 11 15 23 63 10 61 91 68 49 3 44 90 95 21 58 41 46 3 10 72 56 36 99 30 62 40 71 25 32 71 9 95 38 33 10 48 46 1 68 47 56 13 37 52 86 48 93 33 51 56 5 60 92 57 90 55 97 14 32 82 37 93 29 75 26 40 75 25 93 43 72 50 8 62 2 95 10 47 80 13 55 85 73 48 94 16 55 44 30 87 78 67 80 59 94 59 51 69 84 45 64 8 95 73 22 49 20 84 48 0 50 4 37 75 4 84 91 59 28 73 46 6 92 78 17 86 37 69 7 73 14 24 34 61 49 8 62 69 93 10 69 43 66 58 70 70 42 62 29 70 87 27 28 80 58 98 18 47 67 26 73 33 50 
7 94 51 15 8 20 60 70 41 55 37 99 26 59 94 40 41 16 27 20 45 59 78 95 78 78 62 56 51 95 58 58 41 9 25 1 29 86 71 22 93 60 73 19 72 67 11 13 84 91 33 81 50 64 76 80 42 38 88 93 85 46 3 78 7 28 79 88 66 2 10 60 15 84 31 87 51 43 0 35 34 85 68 36 1 44 17 43 34 57 88 71 4 43 49 11 72 80 52 38 35 62 50 50 98 82 37 50 25 37 37 59 74 6 47 76 2 16 71 37 74 12 8 78 55 10 41 79 42 93 70 77 8 20 27 6 2 64 8 27 53 46 38 28 4 38 56 6 54 79 95 28 43 56 58 99 66 52 30 8 45 0 86 5 21 65 12 23 30 20 3 83 18 93 63 22 31 71 81 86 3 28 66 46 84 77 97 2 29 28 11 26 28 49 32 49 66 96 25 96 16 28 32 35 73 95 9 5 19 42 43 22 71 61 68 55 38 18 58 67 46 21 94 74 22 78 76 88 74 1 85 90 81 69 77 54 16 39 11 35 81 6 57 4 68 78 12 6 96 70 26 94 43 20 20 65 98 96 5 24 49 42 14 30 11 44 37 28 35 48 63 68 55 73 73 75 3 85 81 51 7 7 45 50 79 65 67 29 14 72 53 63 15 20 46 26 16 35 6 3 83 22 71 90 95 96 65 50 81 99 1 40 58 98 42 90 63 9 71 29 34 25 45 49 97 43 27 65 78 34 68 61 8 39 4 3 36 21 53 69 20 6 10 31 4 52 21 19 14 92 49 48 69 46 49 18 89 76 83 67 62 51 80 70 43 84 25 31 58 30 0 78 36 62 9 40 67 82 60 33 75 61 81 44 7 30 15 96 58 98 15 21 2 95 43 45 32 69 76 90 
51 28 20 88 43 82 80 62 64 40 95 91 53 76 88 60 58 3 8 16 1 75 89 3 23 33 0 55 54 28 97 57 57 69 45 52 51 26 14 68 18 9 59 72 37 47 84 95 2 45 63 4 20 53 59 43 38 60 50 44 40 99 1 49 69 99 1 72 25 15 40 95 76 0 19 65 99 56 60 2 1 76 58 73 29 17 69 19 29 71 63 22 71 64 71 92 63 73 64 40 40 5 88 69 57 7 34 56 63 47 10 16 23 68 42 52 38 11 71 19 82 86 41 5 50 13 97 66 86 14 58 78 19 98 47 28 6 82 84 21 29 47 90 52 15 32 56 5 95 27 25 29 65 66 35 67 31 84 33 69 98 44 48 69 42 95 97 0 29 34 74 58 81 64 62 48 48 18 54 43 97 31 72 62 97 59 30 81 44 15 50 94 11 98 64 54 46 61 6 27 95 80 86 28 96 0 77 44 71 83 39 68 14 64 83 63 23 65 44 67 32 47 62 44 97 78 50 43 39 56 71 87 89 9 67 37 61 96 82 32 79 73 53 93 37 88 9 61 53 5 80 85 52 94 81 50 72 31 45 64 40 16 3 81 77 70 18 39 67 52 23 46 26 28 92 63 16 53 76 21 58 9 7 11 55 40 61 28 72 6 44 64 75 47 45 4 69 63 95 36 16 19 35 42 47 79 57 16 32 86 37 42 47 44 53 2 37 66 82 9 25 26 73 0 25 70 56 95 33 52 83 1 23 70 43 22 49 53 38 33 91 76 76 38 72 29 40 9 48 75 70 73 1 95 25 79 65 81 74 51 85 9 52 8 80 48 83 29 53 21 15 44 97 91 34 22 72 26 83 20 1 54 93 55 49 70 34 67 52 60 18 89 69 70 50 49 18 33 31 71 
54 46 67 4 37 1 78 9 28 61 82 29 15 75 36 17 46 70 84 50 30 2 39 52 24 89 53 95 74 84 66 29 82 86 85 71 87 63 33 67 24 15 49 40 42 85 57 40 8 93 90 38 47 82 42 71 23 96 18 98 32 37 79 15 23 64 38 62 27 71 30 3 86 79 43 29 16 52 69 24 97 12 15 44 46 57 68 21 5 86 71 38 23 50 5 46 14 43 9 93 67 91 97 53 70 92 34 86 97 56 63 94 20 78 91 18 87 11 39 93 97 11 83 73 61 88 71 28 83 32 73 50 23 22 56 45 67 42 84 64 50 47 10 22 25 53 40 12 64 32 57 14 43 40 87 56 28 58 36 64 43 62 66 66 84 74 12 3 17 96 67 19 95 30 42 72 83 34 36 0 66 94 14 61 34 53 18 15 11 6 79 54 68 97 73 5 72 37 8 41 85 28 60 80 58 54 52 93 89 88 93 55 34 59 17 69 12 87 36 76 93 67 82 14 64 55 71 36 92 79 29 77 7 90 9 17 44 61 63 85 2 8 41 88 68 10 57 32 97 45 8 42 12 43 56 77 98 27 65 43 59 95 72 18 37 82 88 81 95 51 67 49 11 60 38 31 70 47 64 19 93 24 61 5 67 70 34 18 49 0 61 60 47 85 79 84 67 67 17 63 70 36 12 33 48 50 65 70 98 81 89 43 5 3 48 25 25 83 95 26 35 8 87 82 93 66 66 61 85 35 76 7 72 40 40 72 43 57 43 41 38 32 36 96 87 84 73 12 67 68 39 2 76 26 36 21 44 54 82 81 90 10 40 14 51 32 86 94 90 29 87 80 14 23 76 1 7 49 66 27 69 5 81 97 83 18 19 79 72 1 12 14 64 52 80 15 84 67 9 26 
48 96 7 14 19 83 16 78 85 34 57 6 91 39 4 74 57 23 5 81 76 17 48 40 21 28 55 57 47 64 84 48 12 91 62 83 26 30 14 63 64 71 70 55 10 74 81 19 97 86 53 73 55 1 14 28 81 21 86 29 86 70 29 50 13 91 34 39 22 0 3 86 71 73 42 82 47 23 1 44 62 6 69 17 7 35 98 89 57 84 70 95 54 99 45 67 42 31 58 64 31 61 3 3 86 45 37 33 20 90 29 34 97 51 4 4 86 2 45 43 86 67 38 40 18 36 59 61 67 17 77 51 31 80 54 17 77 43 3 50 33 84 84 30 35 88 87 22 90 84 65 76 4 56 68 22 92 79 35 59 49 65 62 80 97 68 49 75 11 4 77 45 89 61 27 24 2 14 46 92 51 64 21 55 20 41 29 12 21 65 23 70 82 38 2 79 6 3 6 18 8 83 15 97 97 42 73 99 9 20 43 12 36 16 67 56 58 96 20 31 13 95 53 95 33 7 75 92 10 33 10 70 17 77 67 66 71 41 17 32 13 12 44 49 29 11 57 39 60 29 70 73 24 23 21 10 30 48 2 92 81 64 63 50 93 82 16 64 75 33 97 88 98 93 89 79 57 98 18 17 27 88 42 4 63 63 66 45 11 20 37 93 84 52 43 29 87 12 93 62 97 42 3 95 88 44 74 45 43 92 62 70 32 4 26 47 20 92 92 31 12 82 76 48 86 20 77 73 32 23 88 29 17 91 77 5 35 51 2 78 96 64 1 28 21 27 76 41 72 20 72 84 54 49 33 93 21 62 66 5 37 54 34 7 97 11 64 33 15 67 63 11 31 16 39 4 96 67 45 68 40 70 52 46 71 37 39 92 52 58 49 89 12 83 96 62 47 61 47 62 
80 10 25 11 79 16 68 75 36 13 43 76 35 47 74 6 85 14 50 89 72 99 78 36 35 27 50 34 40 97 48 20 60 73 83 39 41 51 14 77 17 9 53 52 56 80 11 41 94 13 82 18 65 61 6 52 40 57 86 32 6 86 4 66 11 39 5 52 91 71 30 60 80 35 64 37 15 27 30 61 41 13 31 58 26 90 10 18 47 48 2 53 34 6 20 97 45 77 49 88 49 31 0 81 19 65 18 34 92 1 48 85 66 79 43 92 69 5 62 68 53 64 74 39 70 46 36 67 23 38 8 24 69 8 6 88 25 76 75 18 77 23 55 43 54 51 87 76 56 49 44 10 13 70 49 35 16 38 55 92 76 63 16 97 23 74 86 49 51 13 19 80 88 74 24 42 25 63 70 82 13 67 44 78 37 93 66 54 83 21 46 59 36 14 57 59 89 95 60 40 8 79 20 96 6 96 90 83 60 61 17 73 28 61 3 17 7 69 71 90 90 69 2 26 36 59 38 25 54 98 17 14 30 37 62 36 86 52 71 46 65 41 71 45 2 74 63 61 44 86 4 86 8 6 65 44 17 55 21 23 53 38 37 83 27 51 71 13 55 95 59 21 36 82 18 90 9 33 4 53 72 8 91 80 66 8 76 83 63 97 6 17 87 95 52 14 46 76 28 53 23 39 26 59 22 45 49 31 78 53 36 2 13 79 34 79 88 10 14 51 59 20 20 46 67 25 61 65 53 41 19 76 80 45 87 54 42 88 85 73 94 73 75 7 53 10 39 93 72 53 44 32 74 17 30 93 42 43 59 47 84 30 23 17 75 10 71 70 50 9 43 44 82 18 52 87 80 91 80 53 44 77 37 70 46 19 16 40 63 27 87 99 57 62 16 84 24 40 54 74 
49 97 19 83 68 71 23 48 14 55 1 10 32 38 33 78 58 49 70 73 76 57 24 85 19 41 69 43 33 76 18 34 25 89 17 93 60 92 42 26 48 95 88 80 86 21 11 96 22 81 21 50 91 45 35 62 38 5 6 71 33 76 5 58 65 75 52 77 67 46 55 15 93 43 48 79 17 11 27 39 44 48 90 35 94 25 98 32 82 56 4 15 84 61 26 49 88 30 78 56 76 33 23 21 28 71 1 45 34 28 85 79 77 27 14 23 52 64 55 87 20 11 54 4 73 32 5 61 62 35 69 90 20 93 12 49 16 13 46 51 93 31 30 22 10 96 45 15 61 53 2 33 64 8 90 89 41 47 3 3 83 72 94 55 17 6 56 86 71 3 37 16 86 19 39 97 67 36 12 80 89 14 14 6 74 56 95 15 3 50 71 38 23 17 46 92 75 2 78 98 5 67 14 92 38 5 89 6 94 1 86 35 67 52 41 93 60 89 9 64 39 32 54 14 49 0 59 76 55 37 74 60 57 40 52 95 46 93 1 40 46 40 27 65 44 69 59 5 10 20 21 1 52 75 68 53 28 27 29 83 16 55 95 73 95 0 69 93 93 22 85 40 14 13 5 59 34 64 16 44 84 37 45 88 64 65 41 92 92 22 27 9 77 23 82 73 23 3 18 68 26 4 60 92 17 18 51 51 82 67 95 19 56 92 59 21 58 53 65 2 75 45 11 5 68 46 30 43 49 48 63 75 52 24 68 69 42 71 20 76 91 67 47 47 12 7 20 22 60 86 24 87 83 88 44 3 34 74 46 83 23 61 11 27 85 31 49 27 54 69 56 97 89 3 45 53 62 17 27 22 55 3 62 38 91 6 41 77 33 39 13 8 1 24 35 86 7 84 66 61 
6 22 59 47 25 56 52 88 25 79 62 81 82 76 19 26 35 13 3 68 52 16 28 5 92 63 92 51 0 10 13 58 32 24 5 9 32 9 49 57 88 64 90 22 92 10 48 79 75 4 47 27 20 27 33 65 43 77 16 43 39 81 53 23 57 10 84 89 19 34 99 7 50 89 29 94 51 30 74 26 34 73 6 6 1 91 71 44 20 40 39 59 73 44 82 31 54 66 72 73 52 71 32 54 13 13 49 64 43 23 43 77 48 1 84 49 44 7 45 64 99 84 23 73 80 57 4 34 23 76 59 28 0 91 82 65 5 83 29 48 58 24 78 7 77 14 8 21 73 54 85 73 90 60 46 71 17 2 5 93 30 65 73 82 8 7 47 13 91 29 14 49 53 44 8 83 58 17 4 83 71 42 56 13 2 54 84 72 56 42 17 39 59 90 21 67 97 21 33 40 50 99 42 55 43 50 38 53 67 95 36 90 37 45 4 91 99 40 63 8 82 32 99 41 74 72 61 24 93 46 64 43 45 6 99 40 57 89 45 76 84 81 67 21 78 71 65 78 11 80 38 46 13 37 39 39 9 0 63 3 98 80 98 43 86 49 83 95 39 80 24 75 62 91 49 92 14 14 70 77 94 60 23 59 49 63 99 59 15 14 14 14 94 64 9 33 14 45 80 5 25 4 32 39 95 81 32 9 47 54 39 94 15 62 5 16 77 4 75 45 19 41 11 65 58 20 98 24 65 79 29 43 35 13 82 31 47 66 92 94 21 31 40 88 46 46 4 23 2 32 20 73 25 31 39 83 52 89 7 69 20 88 12 56 2 47 39 49 13 31 95 34 15 36 74 13 34 31 88 36 63 9 10 40 40 49 24 44 90 83 66 11 24 78 67 26 25 6 27 39 
89 22 25 56 10 0 69 44 31 10 33 46 19 43 86 11 44 62 8 34 98 74 45 22 4 64 0 30 70 27 21 60 1 46 68 64 98 38 60 81 0 93 79 19 88 66 82 32 80 90 19 78 16 16 52 21 81 52 3 3 31 24 15 85 22 84 1 73 74 61 54 74 7 34 45 95 52 27 80 84 70 99 15 38 67 67 59 0 72 62 4 55 38 19 40 61 3 93 34 29 55 40 3 62 26 48 9 30 28 89 15 98 40 30 36 60 97 48 60 21 10 64 77 1 36 69 62 39 63 48 69 70 40 24 84 19 73 93 49 53 35 64 51 27 94 39 87 44 39 48 65 2 64 94 3 0 64 17 92 27 17 13 49 57 37 33 76 62 26 78 15 13 42 18 41 89 10 80 33 49 80 50 51 45 97 54 97 61 23 89 40 40 2 89 98 92 74 26 54 0 4 22 66 99 40 59 88 50 39 73 52 20 75 3 17 72 10 14 85 33 4 77 74 58 66 24 50 40 2 5 93 59 27 11 58 19 70 98 22 9 71 74 81 98 77 98 71 39 13 8 25 69 86 51 27 4 27 78 45 29 35 90 88 14 1 98 33 23 96 55 32 19 29 66 18 59 16 41 50 29 49 75 50 35 26 30 40 53 8 37 35 95 79 75 9 32 74 42 55 22 50 39 94 79 57 12 90 74 5 41 55 54 16 6 42 95 36 34 48 96 23 35 91 54 11 52 38 37 46 93 11 96 84 5 28 94 69 18 68 74 11 23 81 28 81 23 75 69 9 75 65 84 11 8 38 74 60 76 11 7 21 74 55 57 80 83 51 49 54 19 24 65 95 5 45 76 80 20 46 41 96 63 25 7 72 63 33 84 91 96 43 12 70 51 69 2 34 21 52 88 
92 28 6 87 85 51 16 17 24 62 58 20 77 83 79 1 98 12 86 89 60 81 1 30 32 22 33 19 95 37 59 88 17 65 27 54 69 43 71 93 57 81 65 35 16 44 36 14 8 74 3 68 8 56 50 40 78 35 11 74 24 71 14 41 88 41 47 57 37 70 50 94 51 15 81 67 11 18 81 71 44 36 91 52 92 42 45 23 29 8 49 54 79 15 47 68 56 95 25 45 65 28 40 69 95 73 36 7 43 70 30 88 58 22 92 3 64 89 78 93 98 27 99 77 42 47 97 50 94 23 96 11 3 88 80 98 61 69 57 5 91 88 45 49 10 37 4 26 27 82 71 25 9 71 54 3 70 52 54 64 27 2 27 30 42 8 80 3 29 38 60 20 26 5 21 36 95 26 14 74 8 85 51 70 56 5 73 26 9 79 42 36 81 70 18 23 30 51 79 59 89 91 31 67 97 4 3 44 30 17 18 91 2 69 61 11 26 86 89 88 66 32 76 99 54 95 75 84 46 54 95 87 45 78 54 94 82 9 90 65 78 8 56 32 29 69 43 8 55 33 96 21 17 72 73 71 19 48 7 17 54 54 4 99 84 58 46 66 67 88 83 45 49 91 78 78 60 73 38 68 58 34 41 75 59 14 98 78 62 57 96 16 11 52 68 47 11 66 66 30 54 49 28 3 41 58 34 53 31 72 21 90 59 15 17 18 29 16 48 44 73 96 12 37 49 80 84 60 98 2 42 53 52 70 8 45 28 42 50 12 67 24 2 78 39 71 48 20 87 96 64 13 93 77 2 42 9 38 54 8 41 48 13 93 19 21 90 99 16 40 63 83 16 17 61 55 89 9 28 76 57 92 41 2 21 43 96 31 34 50 39 75 51 52 20 22 25 10 73 41 
2 37 24 19 54 37 26 43 98 54 72 8 99 65 10 20 61 7 3 95 9 94 70 60 46 42 34 24 52 8 65 6 45 42 77 51 31 56 95 82 62 19 90 61 84 0 34 97 59 37 92 21 32 14 33 30 56 68 54 60 76 72 19 21 14 96 72 45 4 19 79 67 90 69 80 27 22 14 24 33 52 69 54 36 83 88 66 40 56 73 52 84 45 71 57 11 20 81 8 24 1 88 43 43 57 24 70 79 38 47 65 42 16 19 30 51 7 97 43 15 22 96 99 67 67 56 78 39 38 86 64 91 26 59 86 84 83 57 15 74 56 80 68 72 0 99 75 59 48 19 27 70 15 26 89 34 35 19 74 25 57 90 68 84 49 54 20 85 63 35 59 19 68 27 43 20 78 19 31 26 38 58 48 5 37 89 39 72 8 65 49 18 7 17 2 9 71 22 94 35 9 53 6 77 32 50 49 63 69 81 41 59 39 90 64 76 31 55 0 40 21 49 58 80 66 12 89 90 86 83 25 95 88 31 25 73 33 74 36 54 7 77 13 99 19 29 75 51 85 28 43 58 77 53 38 96 65 28 86 51 63 63 98 52 46 23 25 80 50 13 86 57 42 0 56 62 81 84 65 18 64 60 76 93 13 67 89 30 47 27 33 10 90 31 62 37 7 39 69 9 52 55 18 95 7 27 9 89 11 26 7 27 86 36 20 51 3 10 33 50 89 66 12 80 49 27 69 8 66 90 17 71 97 36 18 5 63 27 46 26 5 5 53 91 41 73 94 96 35 27 98 25 45 11 57 46 38 78 7 56 20 24 27 17 12 45 22 27 24 20 5 29 26 58 72 67 84 66 16 71 45 14 48 42 77 57 41 15 87 48 24 7 24 51 25 37 49 99 64 73 
20 22 3 46 32 27 65 16 46 81 40 91 48 40 86 25 98 79 93 85 27 17 93 51 20 70 40 69 69 57 43 89 79 98 35 11 25 1 80 71 34 20 15 82 12 53 8 10 32 1 48 59 70 93 62 90 63 3 60 32 60 55 74 91 53 9 2 78 62 82 2 97 54 17 79 67 70 87 29 2 40 29 13 62 22 75 53 37 30 65 22 42 20 96 33 73 57 36 3 20 70 5 17 25 22 48 44 44 88 25 98 28 55 11 91 77 39 96 67 21 61 89 64 81 85 49 54 42 85 57 14 56 15 31 33 37 80 29 34 68 54 32 48 9 96 91 39 87 39 6 8 0 95 24 81 32 74 87 74 11 97 89 19 64 72 52 53 4 33 87 24 88 72 25 97 68 16 36 7 56 42 67 8 89 92 42 21 18 81 96 29 78 37 49 42 61 53 96 66 87 35 90 27 7 15 24 27 84 13 34 92 55 2 0 45 94 42 66 64 76 14 93 54 3 94 49 65 0 97 83 39 84 73 66 92 41 42 19 77 55 6 69 63 8 21 60 54 16 78 18 92 93 63 98 48 10 99 65 10 48 48 1 33 74 19 77 67 61 48 44 69 54 65 32 62 38 92 16 54 70 34 98 15 50 49 64 60 48 29 22 49 30 23 82 4 94 11 71 7 59 15 76 14 32 60 28 70 4 97 77 75 83 27 42 33 76 6 93 25 88 15 74 18 90 8 74 36 19 45 44 30 12 72 96 44 85 25 66 89 22 43 64 5 71 7 91 99 65 84 24 5 52 50 75 94 10 49 31 81 94 27 12 6 51 8 2 36 85 69 78 59 64 42 65 87 1 56 87 19 92 63 76 96 66 52 91 76 53 74 10 48 1 22 6 4 82 61 93 20 82 
71 79 46 65 96 86 19 4 73 38 97 36 66 93 2 18 36 31 72 10 41 72 63 15 30 68 49 91 61 69 73 84 49 20 49 45 6 68 50 31 58 99 19 25 92 74 43 29 5 67 91 98 39 55 65 70 23 14 13 36 84 87 20 85 59 69 30 17 90 32 48 48 31 19 73 76 93 69 5 50 36 96 48 28 3 65 50 26 80 63 14 16 2 86 1 61 56 31 78 98 16 78 46 47 98 20 23 43 89 80 94 77 29 94 57 32 60 7 59 40 23 25 56 25 12 57 87 20 40 17 18 56 48 64 56 98 36 79 41 77 12 35 55 41 82 12 73 42 72 84 82 95 62 90 20 74 99 59 94 91 29 64 0 77 28 56 27 65 87 20 94 51 56 49 92 38 14 18 32 86 54 66 81 16 56 1 90 7 13 36 98 42 0 50 71 81 58 50 98 98 70 92 49 26 94 94 16 8 64 48 94 18 14 27 35 22 80 77 81 93 66 32 87 18 82 58 99 41 8 49 91 79 42 92 57 88 86 26 96 2 26 42 21 93 69 8 67 49 37 49 43 3 81 30 22 63 41 73 56 1 23 99 32 17 92 42 5 30 68 53 33 46 95 54 39 64 14 7 13 51 56 8 55 37 91 29 52 32 54 61 85 29 60 18 98 52 60 3 83 80 8 16 26 3 70 18 67 84 25 33 87 33 93 94 22 84 75 74 68 30 35 54 59 48 24 10 0 36 65 83 16 74 51 42 77 21 60 97 57 37 82 97 70 75 91 44 12 67 19 80 97 6 86 8 54 62 18 7 98 36 90 14 10 94 9 87 67 69 84 25 59 18 74 81 94 65 26 6 32 97 38 81 55 77 42 10 39 12 69 38 48 11 52 58 5 13 46 73 83 82 
50 94 53 24 75 47 89 1 5 74 98 43 55 54 72 97 16 12 62 37 50 10 48 54 21 54 68 19 27 3 1 29 49 54 53 24 53 42 78 58 16 28 54 24 82 26 73 50 90 35 39 92 98 88 99 19 94 67 38 21 22 91 50 71 98 55 47 3 97 25 62 66 54 68 42 88 46 67 91 37 55 30 81 53 18 80 72 12 47 62 85 21 53 87 44 3 42 92 7 92 69 21 10 23 41 4 64 87 71 55 76 26 37 58 31 8 38 55 20 38 17 58 11 23 97 8 26 92 0 85 36 21 6 46 97 47 2 61 87 73 68 63 52 5 73 83 13 64 39 86 54 8 96 65 31 93 73 10 37 25 95 73 47 2 71 96 1 73 57 88 99 77 4 51 82 77 86 48 41 25 86 95 86 82 13 17 27 38 27 65 64 75 38 63 77 10 59 30 35 68 19 34 45 23 37 79 52 24 27 46 1 13 93 87 47 58 57 75 97 84 40 13 11 30 76 40 92 87 71 28 55 42 62 52 17 0 31 69 76 11 67 29 24 61 17 24 71 74 99 68 10 91 81 74 21 9 14 14 96 85 42 3 27 56 55 44 8 39 66 84 50 33 14 26 46 83 50 18 9 1 38 71 92 20 45 66 29 60 80 78 97 74 81 25 82 37 21 91 76 87 27 78 73 93 4 71 76 7 89 37 8 80 9 1 0 6 67 81 66 99 59 64 25 41 41 7 30 62 50 58 2 78 36 75 23 40 46 52 47 88 89 56 68 50 9 20 57 28 1 75 79 13 39 4 54 80 63 36 95 14 94 97 44 30 24 67 22 22 19 22 10 61 30 30 11 39 2 20 19 4 96 98 69 87 2 75 20 17 11 15 31 57 64 27 87 40 47 61 62 18 
83 25 79 65 7 43 56 10 63 75 66 11 73 35 99 75 10 19 93 73 86 76 30 50 56 69 90 3 30 4 73 66 29 53 83 37 48 40 47 63 15 13 75 89 0 26 16 62 45 61 35 83 90 65 33 46 86 75 1 68 79 74 86 9 79 70 98 79 10 97 43 77 10 70 66 62 96 35 24 93 96 59 76 38 76 61 36 62 36 37 30 67 64 69 28 43 39 26 23 1 23 18 78 85 88 45 47 36 32 71 29 28 82 57 19 58 18 55 72 6 93 55 73 57 24 2 52 15 80 27 16 56 45 94 41 85 91 41 21 23 12 2 4 47 11 23 57 29 30 30 87 75 37 13 32 61 67 37 28 47 64 44 3 62 90 97 47 82 38 69 57 2 23 13 49 35 88 7 16 19 89 4 94 26 17 79 39 84 68 67 83 32 63 39 94 53 36 94 87 74 15 97 28 38 10 78 25 51 37 42 22 26 98 16 4 15 47 95 51 15 62 86 0 77 25 46 30 61 40 70 87 55 67 16 46 29 46 71 32 83 65 54 61 63 71 65 30 70 12 33 86 74 20 86 3 97 84 85 11 25 55 98 32 74 66 30 56 64 2 88 47 19 43 60 83 66 77 65 36 89 99 22 15 71 60 18 68 45 4 31 22 11 82 54 38 48 85 94 65 39 82 12 10 77 25 45 43 2 11 80 44 62 54 59 33 15 30 53 12 34 85 34 97 67 88 35 67 25 29 32 16 64 97 27 41 22 72 37 76 83 17 20 97 71 32 82 38 62 36 50 96 73 84 45 92 25 81 11 2 62 96 19 78 93 98 20 67 70 57 95 6 26 16 3 97 48 86 88 10 74 38 58 99 75 55 43 52 36 54 54 51 50 25 29 95 23 1 62 94 10 
10 0 36 26 55 86 26 93 26 88 19 64 98 18 91 53 13 43 42 68 98 93 70 23 74 66 47 76 80 93 38 90 45 27 68 0 65 46 46 91 34 65 7 32 84 99 38 97 94 80 17 92 25 88 68 51 6 67 79 38 60 18 81 57 97 49 57 62 96 3 5 82 21 12 67 57 63 5 6 58 37 24 2 14 64 70 65 22 89 45 12 49 15 93 58 12 43 68 74 91 23 79 73 44 43 92 1 7 97 8 65 86 84 19 52 0 90 18 22 79 15 34 81 30 80 39 94 75 59 68 66 83 99 91 27 94 84 29 1 33 89 18 72 73 38 24 25 80 94 99 11 9 85 44 91 65 36 85 40 95 5 6 78 56 50 6 51 86 87 4 71 28 75 43 53 65 20 78 45 14 77 8 76 62 53 19 28 89 57 68 36 14 27 15 71 29 73 74 15 60 78 38 40 5 82 93 70 54 71 67 20 48 28 48 62 81 68 42 22 77 63 10 91 90 25 62 71 50 88 38 62 19 76 2 24 10 95 47 64 66 66 85 66 94 85 81 27 5 23 49 82 86 12 74 28 37 88 99 88 77 37 50 48 14 5 72 24 0 71 41 67 38 78 85 32 63 66 60 69 90 61 51 76 73 77 5 63 66 56 3 95 94 53 95 60 58 67 36 11 39 77 30 29 55 15 61 71 34 21 40 24 35 43 52 8 21 9 71 39 66 74 86 12 80 81 72 90 0 8 1 91 38 83 20 93 99 82 16 33 55 56 9 90 52 13 51 25 23 74 16 41 49 2 5 81 35 29 23 87 37 77 79 27 60 99 21 11 33 89 44 41 46 5 31 50 19 34 75 94 9 91 87 10 45 92 91 32 21 66 19 10 43 50 38 4 2 11 15 35 0 
12 28 98 69 60 48 88 46 75 34 55 18 21 65 15 65 8 99 38 75 19 1 18 21 39 74 23 2 42 11 54 6 39 53 75 51 53 64 98 81 50 53 51 72 71 67 89 31 66 28 6 37 29 77 11 20 3 34 74 45 97 28 3 37 81 79 88 87 95 38 68 45 44 19 69 15 38 11 98 57 91 5 46 20 34 57 92 37 92 66 35 41 94 38 78 28 69 19 15 64 57 35 62 53 6 83 20 45 94 19 2 85 24 48 57 10 6 1 47 50 67 34 43 14 73 22 42 94 93 9 59 2 44 73 56 50 56 28 47 3 47 1 88 23 50 98 33 8 99 81 10 67 67 53 33 40 27 75 87 20 36 46 75 32 71 31 34 27 59 82 82 59 83 23 82 85 21 16 93 20 49 55 39 16 61 72 9 88 99 96 61 35 94 36 19 17 19 54 96 30 36 79 41 71 2 24 57 23 92 2 95 93 58 35 61 19 59 22 59 59 70 72 46 16 60 66 33 31 20 30 14 8 9 55 79 63 79 36 86 23 39 81 68 49 68 30 20 28 4 79 87 75 4 85 91 64 51 77 96 23 7 10 31 68 65 11 31 97 99 17 72 38 50 41 87 19 23 7 99 27 39 38 54 43 23 98 59 27 75 7 50 82 17 34 50 35 45 81 84 96 50 8 35 52 49 74 71 24 34 22 4 25 60 58 20 84 56 79 63 31 87 13 65 56 99 67 43 96 0 79 93 50 88 28 55 89 54 26 66 88 1 70 65 61 28 85 45 37 17 60 68 4 74 34 12 73 53 8 22 54 39 15 56 79 95 11 69 49 90 87 90 91 57 55 52 37 93 50 74 10 10 43 66 36 29 78 62 82 38 84 88 78 99 45 57 94 56 78 95 46 
65 85 37 22 93 42 60 86 92 34 96 54 29 62 91 10 92 53 45 83 89 33 61 40 78 70 34 35 49 81 33 66 67 23 41 12 65 53 50 57 39 46 63 21 60 54 31 4 59 76 39 48 62 52 88 40 23 74 27 24 56 13 42 75 36 83 39 1 36 89 10 28 87 73 49 47 28 80 3 39 9 43 40 71 95 80 63 70 7 43 46 63 56 89 90 92 72 29 45 61 18 55 41 5 28 90 4 8 22 59 0 83 54 40 54 2 72 70 72 79 13 19 42 21 60 84 13 84 65 58 45 83 65 86 40 45 28 96 6 51 8 6 34 62 98 41 64 70 63 89 50 76 60 44 97 20 29 62 4 94 72 2 30 37 40 22 82 69 19 88 72 27 94 58 41 92 99 58 15 14 47 65 90 59 9 39 79 90 1 35 85 25 37 67 62 30 89 45 99 60 85 23 39 32 81 81 76 33 39 91 47 38 56 90 97 18 81 28 8 83 63 93 60 53 12 23 83 2 20 34 62 5 57 2 89 90 35 66 75 26 57 23 64 66 65 13 84 46 41 44 81 56 90 42 9 2 65 44 4 37 78 19 94 87 73 84 78 8 50 53 34 59 28 50 77 93 63 13 92 4 58 73 12 48 15 22 50 32 66 7 69 97 26 64 36 51 48 14 59 50 20 45 9 0 95 39 46 10 52 38 66 10 63 78 58 79 0 61 63 19 20 33 68 46 49 4 97 49 71 8 99 43 5 60 43 52 51 41 62 4 79 28 14 43 58 25 74 11 38 89 82 58 22 50 56 23 6 5 24 77 65 75 20 70 36 16 22 87 57 36 43 89 16 58 84 74 35 10 85 73 99 67 83 74 69 39 97 76 44 22 5 9 97 26 31 85 94 5 25 3 
41 68 92 57 78 76 83 65 38 69 90 38 88 73 12 10 12 61 38 8 35 43 69 33 21 52 70 15 57 47 19 98 68 63 7 46 92 91 12 30 12 2 68 52 28 80 62 92 94 0 1 29 96 22 14 17 75 85 85 32 84 56 83 52 19 90 99 11 81 63 94 45 17 62 98 45 95 12 38 89 65 91 18 61 65 33 78 40 70 15 25 54 71 8 7 43 50 58 6 32 73 0 29 90 63 27 88 10 40 78 99 5 21 69 18 86 54 48 79 24 64 4 79 87 64 38 30 14 48 37 98 21 37 28 63 52 7 51 62 47 81 13 4 2 83 22 41 37 71 20 14 87 76 45 74 40 83 57 6 31 94 5 4 83 85 67 88 92 71 2 92 52 16 96 7 51 71 0 88 94 20 54 33 48 99 59 40 82 16 46 65 62 3 69 46 88 89 86 81 60 88 73 64 4 21 71 7 44 71 96 90 43 2 23 91 2 83 83 36 99 30 2 14 33 23 60 74 64 98 55 24 86 80 89 43 53 12 50 50 36 98 40 31 1 16 75 3 99 58 91 50 40 45 64 26 21 76 0 85 26 7 62 13 39 3 8 92 15 10 42 3 9 35 35 62 51 62 17 2 20 8 4 13 54 21 39 75 49 39 12 76 98 74 41 37 77 49 81 45 59 76 48 20 63 35 34 14 97 51 68 70 12 72 83 18 45 22 45 95 13 57 23 63 32 64 52 61 65 85 6 76 61 7 97 76 42 83 90 92 35 10 14 99 35 97 17 80 71 62 27 36 71 50 99 55 66 3 17 31 88 23 8 2 30 57 78 25 40 21 17 27 31 31 26 18 80 95 99 3 57 78 39 81 29 90 36 47 93 53 79 33 77 39 35 59 48 14 84 40 35 
53 20 18 36 98 37 16 94 88 19 3 66 10 84 47 52 21 95 97 74 26 31 3 17 18 63 65 32 99 57 19 53 77 90 89 76 27 58 22 15 29 25 33 40 10 81 44 31 28 42 57 54 25 61 71 43 76 88 28 75 97 47 80 75 37 70 3 16 28 25 83 9 50 17 49 12 50 94 95 78 88 53 84 13 14 7 8 90 47 36 65 44 84 46 71 73 68 26 90 48 51 25 57 54 42 59 18 44 5 14 74 45 67 58 58 81 17 18 23 64 55 40 61 91 38 32 64 6 59 6 6 62 32 16 68 26 27 87 71 32 1 97 77 20 56 87 1 25 5 76 90 60 16 3 51 55 87 68 13 46 26 72 61 58 88 29 37 15 68 60 99 21 57 76 41 65 15 94 91 20 70 33 33 39 36 36 46 23 4 59 22 31 83 35 41 23 64 78 38 85 90 89 6 48 17 0 13 32 46 56 5 17 89 38 8 77 26 54 1 31 65 75 14 49 10 7 72 26 86 63 63 28 52 22 76 70 22 42 54 68 98 59 37 88 49 45 65 76 51 18 59 17 45 73 66 55 32 38 34 18 1 97 99 6 19 75 76 93 17 82 62 16 42 51 56 43 49 73 71 0 44 30 17 89 55 83 97 88 74 31 58 75 80 57 81 0 85 9 93 2 92 7 70 86 59 78 81 60 52 53 60 96 35 78 37 43 13 34 31 87 17 41 15 98 51 48 50 36 58 95 90 2 3 13 40 14 91 73 74 95 26 34 91 14 64 81 57 78 67 40 17 37 81 32 35 84 81 37 20 91 32 11 45 35 76 37 1 67 10 75 63 89 10 6 3 26 87 60 4 7 0 22 44 33 6 31 18 87 68 90 30 52 53 27 40 29 64 41 97 27 
17 12 16 79 18 19 5 58 31 10 17 83 84 61 16 90 92 86 30 12 77 12 64 82 40 4 12 56 46 61 83 15 73 99 94 43 70 99 1 1 61 18 36 97 31 53 88 75 91 70 87 20 34 52 3 74 8 67 83 6 28 18 21 1 70 67 96 40 67 50 94 80 20 30 78 52 35 18 27 27 40 15 99 74 19 54 1 79 21 36 86 1 54 59 54 24 27 51 65 46 1 11 78 21 41 56 25 77 26 53 56 66 20 7 93 91 62 46 22 35 82 8 37 36 20 91 61 47 42 78 45 95 89 23 17 30 32 42 59 58 47 15 77 19 23 22 10 37 68 33 72 50 93 9 86 13 53 47 12 95 25 9 43 66 33 60 97 65 54 56 75 54 24 52 73 47 74 36 36 94 21 8 44 14 70 31 80 23 30 44 70 8 54 13 74 39 25 23 4 32 32 79 86 56 84 11 55 10 47 91 5 68 51 1 35 21 32 67 96 15 11 19 75 17 32 49 56 10 25 12 42 57 92 80 13 28 91 20 38 91 11 95 59 62 97 46 36 81 13 84 48 25 3 23 94 36 25 51 98 50 63 92 59 7 24 72 87 67 44 78 58 55 73 70 69 22 16 57 56 30 42 4 7 45 28 53 33 53 4 31 55 20 75 14 79 99 38 67 67 82 45 77 89 70 47 58 45 64 68 1 46 10 57 5 7 85 58 41 90 15 24 97 35 52 11 66 51 1 85 70 83 82 48 72 5 95 83 50 11 3 3 9 13 60 14 72 46 73 13 88 88 90 86 75 42 49 93 45 51 79 68 34 61 16 59 66 63 94 68 75 97 71 84 10 84 51 34 82 24 48 70 64 90 8 39 84 58 84 81 9 63 49 95 77 17 54 43 81 48 64 
8 45 87 92 7 71 95 42 53 19 42 76 35 84 84 74 68 42 11 1 3 74 51 99 51 68 53 47 49 54 63 9 99 50 2 7 22 49 1 27 69 43 3 4 27 88 31 47 82 42 48 86 68 51 85 20 72 90 19 21 44 82 83 44 32 85 3 6 86 56 34 55 51 89 12 78 77 95 77 12 37 77 50 57 29 35 77 53 77 48 26 22 30 9 18 15 46 73 21 33 29 7 88 80 97 52 10 26 47 39 38 36 16 88 94 97 75 23 2 5 72 29 27 54 38 97 21 85 22 43 18 51 2 58 83 99 11 45 78 10 84 16 47 52 57 93 2 84 16 56 89 40 85 68 47 24 17 68 9 39 11 27 42 66 85 25 65 48 22 43 59 58 12 58 63 21 51 17 57 19 73 99 60 59 19 7 83 37 75 44 76 39 23 71 5 60 48 22 9 71 18 20 81 30 78 44 3 81 61 60 0 87 59 12 46 79 71 81 68 47 77 96 38 0 67 95 60 16 69 69 87 87 41 68 69 19 65 72 0 78 85 53 65 96 65 63 27 37 96 95 36 73 92 26 73 59 21 34 75 90 55 14 78 97 35 99 68 0 72 21 30 57 74 48 5 91 11 33 28 60 28 16 85 72 42 59 32 63 45 59 6 52 26 36 1 13 35 70 65 59 43 95 16 17 43 22 60 7 7 89 19 35 57 4 8 0 15 92 15 60 3 21 65 81 9 66 94 45 88 59 4 31 7 73 0 50 47 61 9 54 2 28 41 59 33 49 59 48 93 27 61 97 0 26 78 10 44 25 7 33 84 11 16 43 36 17 46 35 78 55 89 32 36 31 91 21 32 3 21 26 30 34 75 30 12 5 40 57 82 47 42 19 11 58 62 99 27 8 35 57 
64 24 89 52 7 81 73 40 84 46 18 14 81 45 96 93 2 89 2 85 36 44 4 99 55 66 99 82 27 34 40 91 10 29 95 18 62 68 10 98 66 80 64 47 77 61 93 31 50 95 16 38 92 72 90 99 91 89 81 18 75 73 61 85 55 56 55 69 76 17 68 42 49 32 42 26 93 35 58 95 82 26 34 74 99 24 73 42 65 7 60 40 32 21 77 39 29 85 9 5 2 77 99 52 9 41 30 55 76 88 50 11 15 36 85 66 12 11 8 77 70 20 69 54 41 99 94 70 84 3 27 86 80 26 38 41 68 21 96 96 9 99 7 76 35 45 94 0 8 2 77 78 22 99 32 15 98 26 37 82 81 64 20 13 91 11 55 59 32 51 7 41 2 15 70 38 60 64 90 20 19 67 98 41 18 82 9 16 61 46 50 42 63 71 56 54 82 63 65 14 66 72 7 69 39 77 59 99 42 49 19 61 68 69 54 87 4 63 55 65 62 6 59 25 77 67 31 11 30 96 25 97 20 84 66 60 62 77 11 4 26 83 17 94 52 71 81 8 87 89 73 1 95 85 78 24 52 9 35 35 57 12 84 77 96 2 37 58 79 1 14 5 84 83 51 88 7 33 97 94 22 22 47 69 7 25 93 12 34 80 99 43 44 83 20 40 85 10 51 64 11 17 21 47 1 72 35 8 57 84 54 31 7 1 0 66 78 45 30 64 77 29 7 21 12 79 14 97 89 65 13 52 34 34 99 87 7 87 95 64 71 1 48 30 54 48 97 32 46 27 96 23 9 55 45 21 35 59 71 24 76 84 29 10 71 80 98 78 19 45 94 43 99 42 73 53 43 22 86 89 2 34 12 11 90 9 84 25 68 55 1 96 92 82 59 63 63 9 93 82 
54 87 25 5 82 51 59 77 73 97 66 27 83 30 90 73 40 75 50 60 82 4 57 74 86 68 37 1 77 82 84 83 22 61 89 4 12 48 33 38 97 99 65 80 29 56 6 21 83 8 82 65 12 91 92 51 59 81 52 88 64 36 71 86 98 60 42 62 8 75 0 5 26 66 38 7 74 44 29 9 52 63 26 65 6 18 68 17 0 20 5 16 9 76 54 7 89 96 69 49 23 22 55 49 40 93 8 14 89 89 75 41 4 1 58 10 20 26 79 72 47 36 88 56 65 42 15 54 90 36 3 65 58 10 66 50 55 74 64 44 64 91 86 68 93 96 31 65 75 10 37 22 99 77 30 64 71 97 18 61 85 21 78 96 32 44 46 39 18 63 84 34 54 22 55 47 18 86 12 93 48 1 67 47 78 49 11 49 98 81 62 84 55 40 32 87 36 78 78 55 41 62 41 48 36 96 95 55 34 60 0 35 61 20 34 92 21 98 93 20 79 8 56 34 48 88 73 37 18 52 44 60 66 85 8 3 34 55 10 68 15 62 55 29 82 90 73 56 88 66 76 19 74 84 6 75 72 79 12 90 83 56 2 50 93 62 53 27 70 15 48 85 77 3 66 60 45 39 16 85 58 44 5 84 80 11 59 52 42 23 94 26 31 49 28 25 63 33 52 33 48 52 71 25 8 89 37 53 29 5 39 39 1 96 23 81 59 35 85 1 58 32 79 90 33 7 67 96 92 19 30 40 24 53 18 32 42 7 85 23 13 76 62 66 72 38 48 83 73 33 85 31 17 64 73 50 24 40 47 68 12 29 61 36 82 79 20 76 86 57 0 51 34 62 18 58 0 18 42 25 3 79 9 21 95 82 23 19 75 70 40 87 51 1 75 85 32 95 62 70 
52 62 22 38 76 92 97 29 62 91 54 65 70 63 86 65 46 10 37 73 32 77 60 36 30 87 21 62 82 35 32 86 49 6 25 26 98 74 55 60 65 9 78 87 25 16 4 23 78 93 96 63 22 8 99 52 95 72 14 29 60 99 15 9 5 92 35 56 66 42 68 83 4 46 22 29 63 79 52 41 72 0 4 95 8 55 99 55 80 66 84 40 65 51 49 70 44 37 26 62 79 47 98 35 93 72 64 56 51 68 50 76 68 6 71 28 14 22 83 94 88 67 34 53 71 35 76 15 72 54 29 4 1 79 39 95 4 4 3 55 24 5 31 45 64 54 73 78 29 57 72 17 76 58 23 47 93 99 14 18 5 96 22 7 75 61 54 79 17 9 87 42 67 70 87 31 77 12 61 6 69 85 75 46 43 98 93 88 49 60 58 55 56 80 14 31 94 20 63 11 81 2 5 48 24 44 31 53 57 92 59 78 29 35 24 72 85 70 13 35 30 71 42 86 4 56 69 98 28 84 61 9 38 19 10 63 63 93 16 72 38 28 51 67 15 75 40 52 97 5 87 27 28 29 65 84 37 35 34 17 71 96 79 10 15 89 73 30 34 41 3 72 21 54 40 88 81 32 41 31 37 28 58 17 10 24 2 99 11 36 17 82 84 96 92 51 37 17 34 23 11 37 96 32 43 36 21 76 68 62 7 57 42 18 26 4 94 80 4 5 69 73 39 53 21 84 57 10 53 91 33 16 80 29 49 23 17 22 51 37 36 11 94 30 29 73 35 23 53 39 80 22 64 71 28 85 7 85 95 61 76 28 77 56 58 78 31 27 52 34 65 40 45 11 23 74 84 58 49 38 49 81 12 13 53 40 98 12 25 93 73 1 73 3 9 31 33 92 11 38 
27 76 30 72 87 53 99 72 63 0 62 12 82 74 77 87 15 75 99 92 20 25 46 94 80 55 77 65 48 88 3 27 16 86 51 4 39 50 28 3 51 90 67 85 16 45 72 31 72 71 24 93 48 22 39 28 77 16 94 77 57 49 56 73 35 8 29 75 58 57 30 61 99 97 46 16 94 18 99 67 42 75 12 90 97 51 19 75 19 65 4 28 14 61 54 50 69 83 77 79 41 7 41 40 56 39 56 3 58 8 70 52 83 34 42 81 37 13 8 56 78 64 37 45 25 91 95 46 74 24 26 67 31 19 8 39 58 16 42 68 24 64 20 8 98 15 41 35 80 1 44 59 65 81 4 43 24 51 89 98 75 67 66 58 38 26 49 97 42 44 17 19 8 90 79 59 5 20 94 85 21 90 96 38 23 52 81 47 55 71 98 30 90 16 40 29 42 90 78 36 34 95 55 94 85 86 53 42 58 0 80 79 42 76 70 66 81 51 65 36 74 63 19 65 79 11 46 73 53 24 10 39 71 17 34 57 4 39 51 62 91 31 94 34 60 64 52 93 15 17 29 42 33 0 7 64 64 5 38 17 29 48 57 0 65 43 9 21 82 61 84 26 44 78 12 4 94 64 97 61 33 79 3 66 31 62 31 95 67 69 13 48 69 22 49 86 65 10 8 99 23 92 77 68 22 89 24 16 53 22 77 39 53 33 5 84 95 88 32 63 9 45 11 78 19 12 17 36 23 25 35 98 69 65 66 43 54 91 59 8 65 88 99 18 21 4 2 69 45 34 84 54 31 95 85 2 60 2 38 35 79 26 33 48 91 52 91 45 43 2 5 8 90 4 26 64 61 80 33 6 67 69 60 50 16 97 53 76 99 43 63 78 69 97 78 60 1 69 58 44 
71 63 4 14 20 82 30 81 62 15 39 81 84 99 32 0 49 37 29 48 80 92 79 2 41 57 14 42 27 72 86 50 88 90 16 60 72 46 41 87 13 80 20 97 31 4 98 80 41 79 81 74 71 60 28 13 17 42 55 96 67 94 47 55 36 15 15 61 62 8 0 27 40 20 25 23 25 75 56 18 54 37 44 25 49 72 90 66 15 98 63 82 44 62 89 80 29 56 93 91 64 93 71 56 14 96 79 39 23 35 9 77 24 54 54 73 26 97 40 41 95 55 75 39 69 16 71 98 72 65 42 88 58 13 44 72 61 76 63 84 11 73 13 36 79 19 61 5 16 1 99 11 8 26 2 29 43 74 80 15 39 22 4 49 87 0 74 48 76 37 84 40 62 97 28 41 16 89 99 85 43 98 48 51 24 51 33 19 77 13 35 68 87 91 17 74 43 91 74 20 81 58 12 95 7 40 89 75 29 88 60 72 38 9 76 62 12 9 34 89 22 69 57 61 12 26 35 7 70 61 79 51 71 91 98 78 31 87 5 61 75 66 85 13 27 61 28 39 70 14 80 44 35 37 5 47 15 92 6 85 53 86 88 76 77 87 54 9 74 12 22 2 78 7 67 57 69 47 96 91 61 28 88 96 17 45 95 32 90 2 18 95 88 6 72 17 45 26 26 20 90 0 22 20 8 41 77 29 89 25 72 50 53 60 47 70 58 42 3 48 96 73 43 84 31 15 2 77 94 80 49 84 81 23 5 41 64 34 22 53 60 94 4 13 7 3 36 17 97 39 65 94 64 60 78 95 76 32 24 22 13 25 58 46 48 63 39 13 98 61 18 10 7 74 23 66 77 11 83 75 50 48 69 66 61 99 14 37 84 38 11 49 64 69 95 64 85 86 77 35 
47 48 45 6 22 20 73 0 32 56 27 34 57 48 1 18 47 15 7 31 5 18 80 21 39 27 38 24 13 67 59 12 15 4 19 38 77 44 90 9 0 17 43 9 65 96 79 64 63 86 48 69 56 80 42 96 60 80 20 73 48 32 38 63 88 57 53 65 1 43 74 53 60 70 63 77 66 42 42 82 81 42 51 89 22 45 85 82 78 58 8 26 90 46 41 78 55 95 44 8 90 70 13 3 40 28 80 59 71 74 41 4 16 44 93 91 41 31 25 19 89 33 45 31 31 39 61 86 86 57 46 76 28 60 79 20 88 12 31 11 86 24 15 55 68 61 46 62 92 71 81 33 57 79 64 88 18 25 27 56 83 73 32 63 33 64 83 74 76 67 85 62 91 53 17 12 66 15 74 58 87 55 91 96 34 7 84 4 84 11 60 19 37 45 82 22 9 18 96 85 85 34 99 28 87 69 40 53 84 14 63 23 22 6 19 8 13 56 13 49 67 25 69 56 70 51 79 31 21 75 68 6 61 68 35 48 89 27 53 25 42 16 1 16 74 20 24 87 28 37 37 96 63 58 4 85 9 83 17 83 11 85 89 72 5 76 73 94 4 78 72 98 95 73 14 69 45 38 9 74 28 98 22 43 56 26 28 17 62 97 0 73 83 42 97 40 70 22 87 74 1 59 72 48 84 86 69 29 77 78 3 5 28 25 48 36 4 28 6 66 26 58 91 9 0 88 1 23 11 88 97 64 99 22 12 83 60 81 13 37 12 16 42 40 94 42 29 98 71 35 16 97 45 7 58 98 95 59 21 58 0 18 22 99 92 34 83 53 68 48 90 80 16 85 72 10 27 1 60 50 88 76 99 34 35 57 32 31 69 5 41 21 23 16 20 16 2 55 21 70 
3 11 50 20 48 75 82 28 28 95 78 17 23 78 3 59 87 87 90 56 92 83 77 67 99 50 35 2 57 56 24 61 68 27 33 16 2 15 44 30 62 75 99 86 5 2 45 92 41 87 1 33 70 30 1 22 80 36 24 38 93 0 51 13 27 84 81 29 51 78 12 14 53 11 0 58 66 97 2 7 84 3 41 54 34 94 28 66 82 4 4 75 5 7 40 32 43 22 62 95 52 74 61 57 37 13 67 3 10 69 11 94 73 4 0 7 98 29 25 80 33 82 8 38 89 48 23 33 22 85 80 74 11 41 31 48 54 98 52 64 68 15 10 93 19 10 52 17 39 77 49 25 59 57 15 49 58 38 34 80 75 14 7 86 7 90 87 61 89 91 77 9 6 87 54 25 49 6 94 41 35 95 18 95 53 33 96 63 72 30 95 99 96 2 86 3 93 25 16 34 16 45 95 22 84 49 99 33 7 45 26 42 40 44 89 45 78 37 60 2 19 56 1 15 58 39 70 3 64 86 89 80 83 36 54 67 37 5 1 44 2 27 39 95 24 80 92 2 18 53 56 37 9 57 5 19 49 75 75 13 14 64 46 97 1 52 65 38 58 18 35 60 97 26 55 21 6 48 75 76 53 31 14 62 41 19 33 90 46 8 55 60 25 1 10 78 54 27 68 64 97 3 24 46 81 32 20 88 32 95 64 85 79 30 47 72 1 32 14 48 41 69 60 66 23 22 96 29 49 64 93 98 20 69 45 1 1 65 41 85 12 6 70 43 88 69 15 90 2 29 90 95 51 2 13 74 25 9 3 26 73 48 25 93 17 70 95 71 87 88 56 99 94 79 43 35 48 10 77 2 40 67 49 43 21 62 17 46 23 72 25 97 20 50 42 37 72 89 60 59 
78 69 10 24 48 5 59 48 16 88 3 8 7 52 51 29 15 20 27 38 92 52 87 12 54 82 1 26 71 62 37 1 31 48 78 79 53 89 79 21 78 82 81 85 35 32 66 2 52 94 40 44 98 80 8 53 62 10 31 85 72 69 39 55 17 17 86 22 6 65 44 84 48 77 22 35 10 88 37 14 34 77 11 33 9 71 86 71 81 17 9 5 38 48 60 55 65 46 30 23 12 26 60 12 3 82 47 65 70 84 80 5 13 43 90 75 14 76 98 96 45 7 53 84 7 14 91 24 12 21 48 76 47 8 88 3 90 87 68 12 23 0 69 89 43 59 64 10 87 62 58 85 22 11 21 81 77 12 6 90 86 54 66 85 14 7 88 56 46 9 20 22 9 42 11 5 1 27 15 41 41 73 78 15 36 99 97 14 63 3 56 49 9 74 87 23 81 75 31 80 84 51 2 46 93 65 51 47 92 18 40 85 43 18 1 79 69 98 45 32 1 1 34 62 76 21 37 9 48 68 89 85 71 43 31 65 60 34 64 52 52 4 38 95 74 39 74 43 89 20 27 90 73 61 4 49 82 41 59 31 9 0 16 80 96 99 97 56 33 61 61 85 17 51 80 43 42 6 86 31 78 14 73 52 27 77 1 10 18 12 93 27 65 61 59 13 60 57 69 93 70 82 30 40 33 10 83 75 68 22 6 47 88 79 99 15 56 0 77 74 65 70 53 82 31 65 95 43 22 16 36 44 99 66 36 32 28 20 60 97 42 66 44 30 98 43 97 6 95 75 81 12 97 86 94 29 51 41 24 25 58 13 22 57 31 58 41 60 30 53 9 24 72 5 54 70 0 4 76 95 79 9 60 76 48 6 57 99 48 82 77 6 95 99 15 26 9 8 38 40 
62 47 64 34 4 71 56 4 75 32 52 6 94 12 82 42 18 92 93 66 26 22 24 73 21 91 51 83 0 90 75 62 89 39 48 94 62 4 98 89 36 2 95 82 14 30 24 85 74 70 3 0 92 28 73 66 19 24 49 71 66 76 33 56 67 33 2 30 37 52 71 26 55 67 8 21 49 85 6 23 7 10 23 99 90 48 17 61 72 18 33 39 94 18 47 62 52 1 92 41 53 15 67 60 82 76 82 83 13 40 58 20 2 33 71 92 81 89 6 54 7 91 45 2 9 44 64 13 45 8 55 50 23 22 11 58 50 45 93 15 37 52 35 40 85 7 84 67 96 90 73 3 33 18 57 43 62 21 8 59 81 63 9 57 38 72 15 40 17 8 56 55 12 91 47 98 50 31 17 46 74 90 2 7 60 59 2 74 33 11 33 14 26 42 71 64 15 38 5 84 99 13 91 11 4 38 61 7 70 78 53 44 20 7 3 80 19 6 54 52 17 87 18 43 82 42 60 97 80 17 33 31 30 25 43 86 63 56 93 85 35 99 29 55 6 33 88 25 91 42 29 8 82 48 3 64 90 63 13 22 80 46 54 62 71 49 49 87 5 94 72 40 93 54 48 52 39 36 29 30 30 11 90 12 59 93 76 1 57 41 23 89 88 29 52 11 78 53 50 84 47 23 76 93 77 76 97 68 64 78 98 95 89 88 7 0 81 36 53 90 77 29 32 17 58 36 29 37 89 79 73 88 54 1 33 83 78 82 51 42 61 1 89 2 41 97 3 75 85 8 65 62 37 49 32 96 85 61 85 74 92 10 15 99 11 0 82 41 83 86 36 96 39 25 98 81 74 53 56 59 62 73 74 99 23 6 47 8 19 32 35 63 94 2 62 58 2 97 99 85 
35 35 81 74 61 32 55 87 85 63 47 99 37 73 99 60 79 98 20 50 31 55 13 77 57 28 35 12 25 35 97 60 22 31 86 35 15 94 23 52 57 22 52 46 95 3 58 74 1 79 24 84 86 37 62 96 17 97 8 42 84 57 54 7 40 93 42 55 87 17 60 44 39 12 91 34 15 1 60 68 80 84 53 67 74 15 15 91 64 23 86 49 32 92 8 73 85 2 80 24 20 40 21 59 52 64 46 19 65 6 88 46 43 93 65 69 8 80 12 24 55 98 73 87 43 33 60 28 36 93 5 56 33 26 67 38 90 65 9 55 72 97 1 67 42 18 36 2 98 48 27 53 47 52 93 42 86 53 22 22 46 27 78 32 53 97 70 43 63 31 51 87 29 52 54 23 23 90 26 21 38 53 27 37 5 20 79 91 25 54 13 24 81 43 8 35 93 78 30 56 9 81 43 90 86 97 66 61 39 92 34 77 45 61 67 2 33 98 94 11 52 59 87 34 55 95 21 48 25 3 56 86 37 51 29 75 0 95 36 39 87 70 68 84 84 87 86 17 86 32 80 90 44 67 76 99 14 49 99 39 53 7 26 90 58 7 65 10 2 53 49 89 23 69 25 7 57 11 77 95 44 9 37 88 77 14 39 43 63 90 83 16 97 61 58 7 68 75 17 22 28 18 11 52 87 88 11 96 99 88 43 95 98 81 35 27 95 26 70 10 16 5 27 65 18 37 72 86 65 41 8 93 59 71 97 99 59 61 95 11 49 91 58 99 72 94 78 19 20 1 29 89 6 8 54 25 46 79 63 11 20 72 56 32 95 6 31 7 67 26 18 68 17 28 68 41 22 98 60 95 99 90 36 6 98 42 83 96 21 46 7 94 70 16 26 18 22 57 25 89 
35 95 9 5 23 77 98 98 28 59 45 27 1 81 85 51 75 68 48 49 67 7 43 89 23 21 7 97 30 84 38 17 31 48 74 7 77 73 57 5 84 2 33 85 35 18 88 10 39 36 59 58 96 54 47 71 27 7 69 57 91 7 27 75 7 1 82 85 74 39 90 10 93 75 95 28 94 84 38 85 72 50 43 68 56 42 40 84 49 61 93 93 20 20 68 28 22 2 13 48 41 55 59 86 31 6 14 77 42 4 14 15 6 57 35 63 99 27 47 1 40 40 94 61 13 62 89 35 16 54 35 9 61 94 95 44 53 9 21 95 65 35 62 72 44 50 87 96 77 86 97 18 26 43 31 91 57 72 26 73 26 62 82 39 8 77 84 61 38 57 9 55 45 71 79 89 21 66 37 51 52 86 21 31 29 52 22 86 24 1 11 2 15 93 41 75 22 77 37 12 35 46 20 80 69 99 21 91 18 59 94 70 45 15 53 27 19 28 65 43 29 77 97 96 22 38 71 45 68 60 9 3 58 29 83 28 81 56 71 99 15 65 21 13 32 27 92 51 55 57 94 36 34 91 32 57 81 3 54 49 16 15 4 74 97 39 2 78 96 25 29 63 90 2 76 22 29 20 73 84 78 19 72 64 62 4 73 96 60 27 97 76 95 2 2 44 41 5 22 37 82 3 1 73 5 29 47 87 50 73 23 80 44 96 44 7 0 18 55 12 97 52 40 92 54 43 36 48 0 10 37 82 65 90 55 23 20 55 10 22 80 33 2 24 29 98 83 82 16 38 94 14 91 35 58 97 78 47 45 30 9 83 12 75 25 20 98 45 75 60 19 55 93 73 79 75 72 63 9 40 53 55 54 44 42 65 42 72 12 39 2 73 74 15 48 0 35 98 97 10 
58 69 17 4 42 48 31 66 63 92 7 17 47 13 61 90 78 55 62 42 47 65 16 73 32 16 73 67 15 23 29 25 92 46 81 86 46 64 53 10 56 60 27 4 73 40 46 4 96 60 98 95 25 14 68 9 83 94 76 50 17 57 75 9 3 9 95 2 73 48 12 82 60 39 38 86 31 84 42 27 44 40 74 22 7 43 31 90 37 60 40 6 17 67 15 73 28 62 75 54 63 87 36 23 78 74 61 9 10 3 89 6 96 63 80 3 58 12 45 47 72 37 53 41 56 20 14 85 83 89 91 46 76 27 21 6 53 35 16 15 90 5 21 86 20 2 41 31 66 38 78 90 27 84 31 84 4 46 21 39 35 12 37 64 91 11 22 44 46 38 11 88 95 32 75 68 86 68 99 4 59 29 94 86 13 26 70 70 24 43 61 11 55 99 27 98 62 50 42 60 40 5 48 88 38 75 56 76 44 7 81 3 36 27 89 2 53 12 24 29 7 85 41 15 36 20 13 98 70 8 58 63 13 59 51 3 34 7 80 78 66 13 33 2 40 75 56 46 39 80 27 46 66 20 61 54 41 27 53 63 35 63 26 48 22 77 52 9 36 84 39 54 49 73 57 41 0 65 87 91 46 15 37 64 87 51 18 28 78 23 92 13 39 70 13 13 0 17 22 88 53 14 43 2 39 52 44 39 17 83 30 15 50 19 79 38 22 50 66 0 25 10 65 16 81 31 30 81 48 4 21 2 18 64 56 57 16 52 48 34 36 30 49 38 2 81 76 24 83 95 25 8 57 42 25 38 73 7 71 74 11 93 76 82 9 84 91 26 37 92 12 73 22 13 11 24 94 40 49 29 35 26 38 92 20 15 83 94 22 6 68 85 51 96 67 61 80 11 87 17 
3 51 42 25 64 54 2 11 94 3 40 81 81 30 25 1 45 8 47 19 67 15 5 18 63 24 79 96 35 18 13 90 69 56 68 86 62 70 49 8 73 41 41 54 72 66 7 69 27 55 89 94 22 46 12 86 22 92 34 58 10 47 0 32 55 68 18 69 38 19 29 63 60 70 69 32 37 77 54 64 32 95 58 6 41 22 92 63 14 26 73 77 26 26 9 33 94 79 3 33 98 32 48 58 55 18 43 92 47 49 8 79 44 66 37 37 88 82 52 55 8 78 84 86 4 93 72 98 24 27 83 74 59 32 84 14 2 27 58 49 76 66 80 72 84 17 9 25 99 62 32 60 40 16 98 44 61 70 42 85 97 78 11 9 10 95 75 64 75 34 65 51 52 45 24 89 14 85 66 66 47 98 26 87 14 76 83 27 47 26 64 96 56 75 5 18 70 81 82 45 67 47 49 71 44 25 12 58 10 78 24 58 76 2 97 42 79 81 69 78 59 85 74 15 60 80 33 31 13 67 28 32 66 77 3 10 54 16 20 65 46 97 75 75 99 72 17 30 53 39 8 12 24 83 79 37 15 64 20 28 31 48 60 97 78 15 59 32 83 80 49 30 77 24 5 28 97 74 59 2 65 19 67 42 2 46 79 69 63 99 97 94 99 9 44 77 77 3 62 12 35 63 94 12 88 51 93 37 78 52 91 43 71 58 85 26 57 16 95 20 15 45 66 67 6 62 44 83 66 58 96 53 22 42 66 62 94 59 51 72 63 42 15 86 53 53 64 10 21 12 82 37 57 0 56 63 63 52 99 81 11 47 34 85 89 52 47 83 63 98 7 78 92 75 65 45 28 81 7 49 93 41 38 2 42 94 66 57 47 17 38 10 64 24 47 53 77 46 89 40 
96 96 19 88 71 36 34 51 17 93 53 63 35 43 65 77 90 83 34 89 0 24 99 16 48 46 22 25 44 11 18 40 59 37 28 83 25 14 86 94 8 39 57 43 83 75 72 73 10 6 62 63 30 13 79 30 11 53 56 55 64 74 47 76 63 75 59 88 42 45 34 50 37 44 45 72 19 17 45 29 75 59 44 57 24 24 87 35 29 95 42 94 69 89 22 84 16 33 24 58 30 59 60 67 3 5 39 74 74 36 55 49 47 0 58 71 76 46 58 5 41 0 51 63 41 73 47 58 58 72 16 89 83 29 56 86 86 48 12 61 36 67 62 84 67 21 55 95 67 14 1 60 66 4 23 8 78 23 66 88 47 34 77 30 63 86 68 2 86 80 63 22 99 77 6 19 98 62 14 17 28 67 30 94 72 53 2 2 28 20 90 75 55 68 5 70 6 73 72 92 5 87 14 5 65 21 24 15 35 90 33 15 58 15 9 30 68 64 84 97 84 74 72 91 94 30 14 0 55 38 44 13 26 59 18 43 32 94 58 19 36 43 34 94 58 95 76 79 11 60 28 96 87 52 39 81 82 53 34 90 44 30 3 70 41 73 65 25 19 23 44 55 19 30 50 29 78 78 8 89 39 36 37 26 41 77 59 75 82 45 65 26 76 68 48 17 41 13 43 12 89 39 68 8 22 18 37 52 96 98 41 87 86 31 65 27 8 77 3 42 22 68 69 50 89 69 20 82 83 15 95 24 6 63 32 28 33 21 32 81 71 74 69 58 5 34 85 65 11 40 59 86 61 28 36 50 50 56 84 33 23 79 9 30 94 41 58 27 14 91 9 86 17 30 44 74 16 81 91 80 22 50 66 35 31 54 85 81 63 69 66 86 1 75 16 47 68 27 75 34 
70 36 20 87 18 16 13 34 50 4 66 72 6 32 7 37 39 44 18 54 65 36 40 18 63 9 66 31 36 93 66 6 81 38 45 99 55 10 85 5 14 52 29 20 36 88 10 27 84 80 81 49 17 74 20 80 83 86 64 71 79 30 29 12 68 74 11 75 36 48 32 50 52 61 22 89 1 84 68 85 65 50 87 34 24 7 66 59 93 30 30 24 12 59 36 33 85 99 8 21 47 41 23 0 54 97 41 8 82 9 93 99 11 32 33 87 39 99 46 84 82 28 8 94 39 96 27 24 95 88 97 95 29 72 47 35 70 88 43 4 49 89 55 61 21 40 0 13 91 99 97 73 27 58 68 67 54 95 43 2 83 93 97 64 65 44 52 87 84 47 43 85 36 98 98 10 38 99 23 30 98 20 3 77 78 23 44 85 71 40 87 54 33 36 71 98 32 75 38 68 22 81 53 11 80 52 21 70 3 96 0 1 68 56 30 99 31 27 84 2 67 23 9 52 11 32 2 43 7 40 11 81 22 16 92 2 68 65 72 23 61 25 76 82 33 7 81 16 34 17 19 1 92 80 5 3 12 7 98 71 48 9 52 70 77 45 24 98 62 48 21 76 25 98 58 10 5 39 27 39 8 98 92 0 78 97 55 42 4 53 13 4 62 65 74 91 62 98 89 25 99 11 1 24 9 59 35 66 50 62 5 58 12 49 10 90 98 65 32 2 18 97 59 32 62 33 23 25 84 13 50 83 76 51 59 37 62 94 3 12 8 8 22 20 9 84 62 7 1 46 61 19 43 20 3 58 54 78 83 90 43 85 25 19 88 84 56 2 31 59 66 91 19 40 12 28 24 26 35 25 25 49 96 20 69 51 78 75 29 13 65 73 50 42 44 38 27 1 40 10 
12 58 1 84 98 65 12 22 92 0 99 69 49 47 89 70 98 68 46 28 33 63 53 84 6 97 74 85 50 15 95 15 25 48 99 24 14 63 98 58 15 98 27 64 97 68 35 96 36 33 76 22 96 81 6 54 30 80 39 33 47 86 48 73 35 99 97 1 62 95 59 30 45 38 46 43 6 81 91 95 66 67 17 63 0 75 17 30 55 9 63 55 95 63 28 82 62 77 83 77 24 94 7 70 32 53 65 39 87 56 86 53 75 3 68 75 78 38 57 85 47 73 40 94 36 20 77 51 97 12 80 74 7 39 44 91 92 61 30 31 17 16 37 44 71 57 71 1 95 28 87 94 53 79 89 90 0 18 93 49 82 73 23 41 12 19 33 56 80 63 40 49 32 77 93 55 86 16 9 82 45 96 76 50 27 17 40 79 87 85 29 22 58 4 63 22 76 96 79 56 12 19 58 44 48 51 51 34 68 60 68 65 8 97 15 36 66 8 67 54 93 48 76 4 53 39 26 29 88 57 37 0 28 95 44 28 99 47 63 19 8 83 36 16 80 3 4 47 11 72 53 57 20 81 13 25 72 91 6 60 49 96 60 29 43 56 58 42 4 73 13 64 56 49 32 37 53 89 36 16 61 89 73 33 70 38 11 42 30 17 3 31 65 15 60 9 72 70 3 28 43 17 92 0 66 24 37 19 13 73 36 26 14 61 12 84 52 23 78 82 92 33 65 10 49 77 19 73 48 22 1 91 39 45 91 6 69 80 77 35 5 65 13 19 79 25 55 31 0 86 65 45 19 82 55 20 59 74 93 7 48 46 51 88 91 42 46 13 75 75 48 80 41 13 52 72 39 7 55 91 93 20 36 65 54 91 85 13 17 31 73 66 77 24 6 69 18 4 82 93 
79 82 26 72 95 78 44 86 37 99 78 83 71 66 48 25 10 85 39 27 16 64 45 94 88 51 15 58 55 49 4 87 31 82 59 78 60 4 65 49 55 95 32 27 13 32 52 23 18 43 3 86 7 48 32 47 52 47 58 59 96 62 46 79 44 6 58 56 62 75 57 69 22 90 96 35 74 1 11 44 96 14 31 56 14 63 3 18 11 13 30 59 75 76 39 71 34 49 79 48 76 37 18 98 27 14 85 53 67 96 98 64 62 29 20 29 44 75 47 7 89 77 67 16 6 58 40 92 59 19 41 35 56 59 33 83 25 18 89 45 15 87 9 29 68 81 58 12 8 58 20 97 35 39 66 93 49 6 86 8 25 27 43 82 38 76 17 15 46 6 60 13 45 21 43 65 54 53 78 63 11 50 12 47 41 78 92 90 36 78 98 62 57 41 44 47 69 13 63 67 72 75 81 17 49 76 83 3 29 13 18 41 15 31 40 56 61 32 46 98 63 44 60 72 37 56 20 6 21 35 25 93 62 6 63 63 34 98 67 64 11 37 57 26 68 49 82 82 81 28 80 96 24 92 69 61 0 41 19 21 28 44 67 90 3 30 54 37 28 73 53 39 62 10 17 31 59 99 65 93 79 45 41 3 89 62 16 89 3 35 10 83 79 77 74 82 59 80 72 87 5 25 78 67 88 95 50 99 46 15 92 25 12 86 80 1 48 96 42 4 31 53 87 63 82 13 97 42 45 69 81 2 47 60 70 35 55 72 34 2 40 79 79 52 17 60 6 65 56 48 21 40 53 61 3 88 74 0 82 72 22 63 74 69 23 96 56 31 69 42 85 61 73 64 65 90 76 71 8 33 72 29 25 77 90 28 65 17 80 99 89 2 63 63 23 38 12 31 21 81 
74 6 94 99 23 59 90 99 31 98 84 55 79 9 32 70 37 50 39 70 49 28 72 64 43 48 55 55 79 76 88 5 83 82 57 6 94 47 57 77 97 42 32 76 51 16 98 41 18 37 11 20 17 35 84 13 83 39 20 15 16 61 72 51 95 29 9 89 28 66 66 25 60 50 54 12 67 4 53 37 94 64 57 11 99 42 76 35 33 97 2 1 58 74 52 53 56 13 95 84 32 61 62 92 64 16 4 83 20 9 20 14 25 78 78 25 72 54 12 5 3 14 7 13 40 11 19 96 77 14 81 9 27 43 53 91 11 58 74 83 19 47 50 45 25 28 22 97 34 34 54 90 48 61 3 88 25 22 37 2 88 70 63 16 13 16 59 76 26 86 59 46 33 9 91 58 89 13 7 24 99 61 66 99 75 69 39 0 44 76 54 32 46 17 0 11 33 12 87 60 98 47 6 83 8 49 41 98 14 0 22 13 61 40 12 88 9 3 88 53 80 42 38 78 59 90 90 45 2 29 5 52 76 11 35 37 12 76 35 26 28 9 91 42 49 3 30 58 6 71 64 38 65 54 17 77 44 59 22 47 88 27 99 17 90 35 54 2 63 89 28 44 98 19 86 99 74 68 57 32 39 73 23 5 27 40 82 72 51 56 71 39 83 22 8 73 9 62 75 73 3 55 69 53 26 55 52 0 75 10 84 15 35 7 72 15 99 6 87 50 62 10 42 97 32 50 70 94 13 97 19 68 4 88 22 30 95 74 30 70 36 66 37 72 74 61 87 73 67 26 76 81 88 18 30 72 68 0 66 33 49 85 2 53 73 76 35 20 50 65 91 87 84 28 11 58 42 50 83 9 28 59 43 16 77 73 40 98 26 7 31 27 44 85 33 70 61 68 90 12 
86 81 51 70 62 14 28 4 16 11 65 44 71 60 12 0 86 52 98 64 59 30 43 4 67 76 26 29 97 16 93 83 50 96 53 64 62 33 20 78 96 37 22 19 98 86 20 36 38 70 52 50 52 95 6 20 24 32 1 21 48 46 56 50 42 9 14 4 94 34 82 42 72 56 62 22 42 34 10 32 56 62 82 9 9 88 81 33 20 82 6 21 28 62 71 22 23 86 78 69 20 60 12 44 68 26 18 62 12 28 94 68 42 77 29 52 65 10 37 38 44 44 59 72 58 30 46 82 16 24 3 89 36 15 85 4 93 4 18 5 84 13 26 27 42 55 31 59 18 68 97 62 64 8 87 75 39 33 57 7 58 12 48 94 28 34 51 73 90 21 79 74 86 57 53 28 64 84 40 82 53 89 97 69 98 84 44 89 69 53 96 27 66 97 74 46 31 77 19 73 50 50 47 37 59 1 65 24 37 57 58 90 47 55 12 45 91 8 86 61 62 82 40 80 31 66 26 62 95 97 87 46 0 35 83 59 88 0 83 25 58 94 68 5 1 80 2 93 88 88 6 2 22 98 82 54 65 60 68 60 10 56 6 10 43 89 69 31 42 5 8 0 99 76 57 52 8 59 97 49 99 3 3 21 2 86 27 19 98 96 79 8 4 38 18 47 79 40 30 21 45 38 73 96 67 30 48 75 41 98 76 40 1 80 14 55 18 41 26 16 89 58 77 93 96 95 40 27 35 70 1 32 61 74 80 28 57 29 55 98 27 32 39 80 64 5 88 82 46 14 98 36 72 27 29 20 23 22 0 10 92 1 95 53 75 75 33 84 56 89 83 35 73 74 68 37 79 56 19 25 22 69 13 47 97 43 67 72 17 67 34 61 20 29 67 96 57 0 32 65 
89 15 1 14 89 69 51 20 77 22 98 99 92 11 46 41 6 66 65 23 85 99 85 6 81 52 54 90 4 86 55 46 2 56 60 43 77 12 16 54 34 14 6 78 25 4 71 84 22 36 59 8 88 44 66 69 48 20 11 53 6 66 99 60 75 11 56 52 23 72 59 10 38 65 40 15 21 12 99 44 0 59 4 88 55 70 9 56 90 20 9 48 87 60 61 14 71 17 66 47 41 25 9 31 42 49 46 16 13 46 60 14 57 16 54 64 86 64 20 28 36 81 28 75 93 89 89 17 58 8 64 51 33 73 82 28 74 29 44 40 27 56 6 36 72 60 0 10 76 21 38 65 54 66 40 48 8 82 65 66 90 81 18 75 6 52 3 80 81 99 72 60 55 78 96 27 39 97 37 67 70 27 32 24 46 25 24 54 7 41 72 49 22 90 24 28 95 28 61 76 79 33 37 35 12 85 14 3 82 52 70 4 31 55 81 77 80 5 83 39 47 56 88 21 98 12 50 93 92 11 22 72 96 59 7 8 44 73 63 79 77 34 83 9 41 16 38 21 22 22 12 21 30 0 42 28 64 44 74 57 55 96 81 52 7 40 12 3 13 76 34 91 62 70 0 3 86 90 76 60 64 88 33 94 40 76 75 4 20 49 13 28 97 94 32 56 34 96 59 0 24 46 91 38 16 43 93 2 85 69 15 50 9 48 44 1 24 19 6 97 20 19 77 69 66 61 25 52 57 37 52 34 83 95 72 99 38 66 53 76 87 68 26 97 69 70 50 45 42 56 42 14 28 71 36 94 84 61 46 42 50 51 28 33 46 0 84 37 66 90 13 54 10 39 3 79 61 53 25 55 62 19 70 90 43 6 36 27 19 34 21 70 85 49 55 84 50 92 73 68 
34 86 74 44 77 29 76 90 35 53 46 97 72 68 39 15 26 27 43 45 13 64 67 51 66 75 35 16 19 8 36 53 46 11 49 75 92 25 65 27 30 11 76 3 31 67 70 57 94 13 55 8 30 22 59 96 49 46 64 68 6 0 73 4 63 23 79 8 0 96 35 31 60 64 86 91 31 56 49 78 22 4 38 4 78 97 0 80 95 64 0 53 16 74 57 32 49 88 40 1 84 27 84 44 91 70 88 23 79 89 53 53 45 91 57 23 40 57 55 35 73 56 88 41 82 97 73 31 85 65 32 21 93 69 18 36 91 6 59 70 95 12 23 40 3 80 15 95 89 71 30 14 79 70 56 61 67 81 92 4 99 76 26 44 45 44 80 89 2 92 59 97 4 35 89 60 67 4 7 9 27 38 23 6 60 31 67 80 65 11 84 64 40 62 8 37 58 88 26 12 80 38 9 37 73 50 49 92 7 56 53 34 46 77 93 59 60 12 39 25 24 75 41 64 90 1 1 48 42 80 13 22 18 22 11 43 25 12 35 32 21 89 66 19 18 11 78 30 24 17 8 48 45 49 64 35 51 17 35 93 97 48 67 15 23 31 58 48 95 46 80 16 87 98 88 57 10 66 87 34 36 95 34 81 97 50 68 48 67 3 93 65 52 12 32 75 43 91 75 39 89 55 7 76 5 95 33 67 14 20 1 50 68 87 83 65 37 51 65 57 54 58 22 58 22 54 85 66 97 60 57 86 67 16 62 25 64 47 92 78 20 46 80 88 33 15 53 23 66 70 80 72 28 2 31 2 8 68 68 6 29 77 92 48 46 7 73 10 54 66 40 74 12 72 14 97 87 19 20 5 89 0 77 69 54 60 72 15 29 92 73 10 22 17 58 68 24 32 30 31 
50 22 57 62 94 24 59 33 43 32 38 85 84 67 6 91 28 78 6 9 23 79 19 45 96 77 65 73 61 95 56 11 17 13 25 63 37 37 48 33 69 86 18 53 5 24 96 85 55 2 94 78 33 65 75 30 95 40 55 56 87 11 20 56 76 45 19 66 34 67 99 3 5 69 9 10 45 5 48 0 60 42 30 93 60 57 75 55 49 82 11 36 93 83 92 70 81 63 36 15 30 87 71 87 56 32 50 53 37 98 6 49 92 88 95 52 46 22 7 95 5 71 84 50 6 76 20 87 40 8 55 22 47 26 10 55 58 12 9 47 10 15 97 2 3 44 7 1 66 14 49 71 37 33 22 44 9 94 83 1 55 38 76 2 64 86 10 22 98 19 22 60 86 71 14 89 15 21 43 81 88 92 53 25 25 27 21 86 21 5 40 28 43 16 31 60 54 41 34 4 12 56 64 98 27 78 39 42 52 82 76 40 26 81 17 51 8 91 90 81 96 30 10 91 46 93 3 52 86 38 56 98 94 72 48 74 2 39 68 54 22 96 46 48 77 64 52 37 7 42 19 55 24 81 46 70 26 50 74 12 40 30 62 34 2 62 60 4 1 81 11 75 77 57 76 55 73 28 92 80 22 63 35 46 96 34 68 22 36 42 34 76 24 48 62 26 10 23 82 12 4 93 39 81 51 15 88 76 95 81 57 17 96 44 15 93 78 35 15 14 29 2 90 53 2 53 31 13 28 14 77 84 59 68 65 10 84 6 87 79 39 96 49 35 40 64 80 19 52 48 33 81 50 76 87 52 81 18 17 9 84 46 93 44 15 10 54 51 16 93 30 55 89 79 43 82 96 23 1 48 71 86 81 73 14 68 78 95 87 47 4 71 94 49 67 61 60 22 12 76 
67 94 84 9 74 27 91 22 2 44 22 26 82 3 99 97 24 29 44 11 77 49 34 23 98 2 84 10 76 48 39 95 42 23 4 68 2 47 90 4 43 64 82 78 20 82 27 44 63 71 7 40 72 41 63 23 95 99 33 23 47 72 71 42 47 27 10 49 75 53 6 70 69 88 48 89 22 75 33 86 99 40 78 71 34 42 94 81 93 80 57 93 52 28 87 0 55 97 1 82 2 59 53 24 48 53 13 22 81 47 60 80 87 39 51 73 33 98 55 26 78 12 71 82 40 58 82 95 8 36 30 62 95 83 86 95 88 0 18 69 47 30 49 86 69 53 60 2 3 67 81 81 31 52 63 71 63 98 18 71 34 48 33 81 83 20 77 72 20 47 93 19 77 43 57 99 48 69 53 51 36 34 84 67 39 47 90 54 97 61 25 83 9 10 65 45 30 94 69 2 41 62 73 70 57 31 21 5 52 75 8 89 61 92 8 52 92 99 6 41 12 83 25 21 94 42 18 76 36 87 31 29 50 56 51 7 39 73 65 92 48 73 33 61 18 41 14 62 92 72 3 4 56 28 78 50 22 96 78 58 84 9 39 86 18 91 93 57 64 58 49 64 84 82 25 54 76 91 16 68 64 19 25 20 0 3 22 22 51 52 33 87 62 72 73 80 15 19 89 79 29 39 95 13 21 73 67 97 64 35 18 80 7 43 52 7 98 74 81 1 27 66 89 41 39 14 73 54 85 62 86 15 53 33 80 75 6 0 24 23 35 42 3 42 37 56 1 87 82 35 89 61 1 30 2 92 96 27 99 82 42 85 97 95 18 77 70 77 29 47 0 65 41 55 59 31 63 61 18 46 96 59 7 49 89 62 42 86 89 41 68 31 78 17 27 96 46 49 25 76 
48 77 41 90 33 52 21 48 13 91 94 61 51 54 11 40 16 53 78 5 46 98 89 24 15 68 72 14 17 98 90 18 27 83 8 60 35 81 9 1 72 55 62 23 9 25 16 77 30 46 35 76 45 24 52 12 44 25 26 13 75 68 31 2 51 39 63 39 20 24 40 45 31 54 68 93 80 36 70 62 83 5 39 28 81 91 92 25 68 19 39 43 39 22 46 91 62 61 30 34 85 22 79 68 76 0 61 8 36 84 71 71 41 62 51 75 5 44 52 74 15 43 17 54 66 63 97 28 24 79 14 61 1 46 82 30 46 95 90 34 79 61 6 73 75 9 48 33 53 0 7 20 44 76 75 10 92 24 90 16 4 4 30 57 2 64 87 48 59 78 35 91 91 93 64 19 2 12 52 56 64 11 28 60 87 55 22 79 80 12 48 84 69 30 41 71 94 81 72 53 11 7 44 2 0 60 73 54 24 25 10 89 36 91 49 76 46 72 55 26 36 55 62 57 85 4 81 31 37 5 85 48 12 81 2 64 42 76 18 18 53 81 7 42 72 9 18 70 33 25 97 21 33 59 79 18 15 12 2 52 17 87 0 81 20 3 97 14 31 15 33 36 48 92 78 72 1 48 43 86 26 40 8 59 51 39 29 67 51 31 71 68 70 72 1 43 27 98 57 10 65 42 46 14 35 25 38 88 25 81 75 51 73 83 62 77 22 92 96 25 75 67 45 46 39 46 89 18 44 98 28 9 93 75 75 80 52 14 68 77 47 95 81 73 78 43 2 52 35 98 77 11 65 74 9 57 20 50 75 64 48 4 26 41 31 1 21 83 67 42 12 67 37 93 92 68 37 94 72 24 44 2 35 9 76 96 66 97 46 94 13 47 98 39 40 81 93 14 64 12 
56 76 31 45 70 75 13 59 69 86 83 65 88 71 75 64 67 93 13 14 87 27 13 37 18 53 18 11 67 34 76 75 63 7 21 85 83 34 44 4 72 27 70 12 98 97 77 18 90 42 32 78 69 97 15 88 50 86 51 18 20 27 45 83 87 66 68 70 1 64 26 25 92 96 38 42 45 67 60 36 9 44 66 31 41 81 71 44 19 22 14 40 2 59 75 89 26 96 11 79 60 37 4 4 86 94 47 31 61 59 19 71 4 85 54 97 19 25 41 38 99 55 78 53 15 6 42 93 2 5 72 62 95 76 19 33 71 66 16 84 25 36 7 81 21 61 79 40 38 72 79 38 28 9 43 95 15 38 88 69 43 60 84 90 88 3 23 11 69 40 48 46 28 55 80 49 69 11 42 7 83 73 97 63 34 41 58 50 79 98 71 74 10 55 65 51 58 40 14 27 80 62 26 60 18 6 10 39 17 4 46 52 77 96 16 11 37 26 13 68 77 85 94 87 40 59 38 99 52 5 78 84 67 56 45 37 62 7 76 31 11 75 84 40 71 52 3 60 78 69 80 55 6 74 95 46 86 85 97 38 90 28 74 10 84 19 47 99 26 76 82 89 51 66 29 74 70 85 34 1 54 66 56 60 40 3 58 78 89 8 68 31 36 43 41 72 14 89 23 41 17 6 82 68 24 64 42 95 49 28 96 3 94 4 15 86 8 25 17 49 33 85 32 21 80 74 46 95 15 69 88 32 27 70 52 52 34 46 47 35 74 95 38 20 99 5 6 59 31 75 60 16 61 93 38 93 19 36 40 34 5 28 18 33 51 22 37 37 68 84 73 42 79 11 62 30 69 20 90 52 96 50 68 9 95 58 54 14 94 95 0 52 75 70 37 26 92 74 64 60 
10 37 54 41 0 68 71 69 41 13 73 89 16 42 98 11 52 4 78 99 99 30 51 75 1 40 1 45 66 17 58 28 54 12 69 7 33 92 76 26 6 2 15 74 44 65 37 48 69 15 47 69 98 50 96 99 90 49 96 8 67 54 36 73 19 5 80 4 98 9 30 56 11 45 82 55 10 19 55 79 87 3 0 85 53 48 36 96 98 84 4 17 39 41 90 58 46 23 14 96 32 44 4 43 89 86 50 99 58 5 30 97 8 83 34 14 83 70 10 33 6 14 50 45 55 93 55 54 16 69 50 48 13 7 91 54 45 93 5 3 98 88 52 59 23 86 73 6 8 83 40 15 49 90 12 5 35 68 59 51 89 61 99 3 68 42 9 66 87 15 21 86 3 74 97 26 60 70 32 21 5 24 36 54 67 48 11 2 68 70 54 58 84 5 13 4 0 22 70 87 37 92 25 40 66 22 18 78 44 51 99 49 75 87 56 42 36 67 45 56 90 51 14 74 8 79 78 60 2 1 48 91 93 25 84 11 0 2 89 44 53 41 46 81 28 2 75 16 69 72 73 59 75 39 85 84 19 16 44 73 17 44 64 62 70 0 73 22 3 14 66 8 55 12 41 36 14 17 52 36 89 77 47 17 69 85 1 40 1 97 13 18 94 29 32 16 30 5 38 85 19 4 93 27 17 35 63 83 4 67 71 45 97 71 62 66 56 15 6 57 13 71 27 7 52 59 23 34 16 61 19 87 17 65 14 86 52 29 22 56 97 93 1 94 64 16 12 72 31 18 29 96 41 8 3 93 19 78 80 35 91 99 23 9 16 89 47 68 19 69 24 16 15 78 62 31 94 74 4 25 44 33 22 85 94 77 30 13 8 62 49 99 14 24 60 30 13 60 99 32 
29 75 0 44 5 62 76 99 88 32 77 32 65 51 69 11 80 52 25 88 14 26 40 80 2 52 11 15 12 62 0 94 89 0 90 95 15 18 46 3 50 75 88 68 78 57 79 11 61 56 99 28 82 91 8 84 96 19 52 60 33 52 6 23 4 97 70 19 15 68 75 66 44 63 34 74 72 13 85 34 70 37 62 4 80 70 89 76 42 93 89 27 45 95 2 49 92 72 21 60 41 96 26 37 11 60 63 83 25 49 69 47 86 83 52 18 6 93 95 48 86 36 75 83 31 30 84 76 2 57 36 95 53 14 84 16 74 48 0 51 49 21 99 87 5 3 5 11 96 52 59 34 88 86 17 72 16 53 48 71 11 36 18 16 50 3 33 76 3 85 27 52 6 78 39 11 81 44 22 29 97 33 63 37 72 32 9 40 86 9 63 97 97 82 65 47 85 98 75 88 35 55 92 42 33 31 5 15 75 80 96 24 13 60 62 37 92 71 78 30 33 41 79 30 75 45 30 60 95 5 0 31 60 92 25 94 75 30 61 51 10 57 27 76 69 89 65 62 13 43 92 46 37 72 28 64 69 58 25 64 64 77 47 24 22 72 70 97 55 83 0 17 93 28 93 62 17 59 76 82 54 21 28 43 45 9 8 14 67 85 78 31 14 26 8 36 50 30 34 5 66 86 23 59 14 68 73 84 79 50 66 86 71 47 81 68 56 89 82 75 26 12 7 93 90 67 29 41 49 15 46 15 2 21 74 68 90 48 52 21 50 71 7 73 18 89 41 26 30 23 1 9 87 60 2 78 79 31 19 29 99 17 44 1 91 71 21 81 19 74 2 21 45 62 94 15 51 35 41 81 58 94 90 45 55 92 75 34 76 46 63 75 64 60 28 7 31 49 40 2 
75 94 23 20 56 17 87 7 52 80 41 62 75 83 59 30 28 87 16 4 33 32 31 97 92 11 56 75 12 96 77 88 91 0 60 47 69 48 7 73 28 48 35 3 31 46 85 11 33 54 67 67 86 98 16 30 61 73 5 74 21 34 62 12 86 22 60 55 22 67 28 51 67 15 6 98 13 44 62 99 98 29 66 36 28 34 18 41 59 23 15 81 9 29 93 95 4 5 50 26 72 30 29 39 97 36 90 10 32 52 9 30 81 27 18 61 14 36 55 73 11 70 6 20 52 52 67 56 57 69 82 82 99 12 73 96 0 63 58 32 67 68 14 1 47 84 14 61 20 69 35 31 92 93 3 44 45 70 0 3 39 34 85 38 98 58 86 98 74 44 82 93 64 48 94 12 32 61 25 4 82 60 87 74 6 90 70 51 60 22 6 51 57 43 41 55 54 27 6 80 24 40 73 40 41 20 4 25 81 30 30 63 42 17 90 48 8 60 52 20 35 58 72 92 2 13 99 8 93 57 88 69 50 61 61 91 81 66 16 14 48 98 30 42 16 20 91 76 32 95 48 67 53 72 11 7 38 11 67 83 20 55 4 70 69 65 13 2 83 82 17 31 80 47 74 48 19 17 76 3 64 25 23 17 49 34 77 87 97 96 22 18 52 26 40 21 92 54 23 75 36 92 59 68 91 85 17 62 54 45 66 18 70 41 87 72 75 16 11 25 13 34 95 17 60 87 38 52 41 13 80 29 58 91 98 49 28 67 64 82 12 82 52 35 23 39 7 50 8 18 27 21 52 22 38 13 10 28 17 3 93 49 85 3 40 83 5 68 2 69 2 14 51 54 49 26 94 8 76 2 27 4 75 31 78 65 96 40 45 66 96 90 15 81 94 56 64 99 76 18 
68 79 32 71 33 34 97 27 42 25 81 21 81 8 53 12 25 1 52 70 67 0 61 83 81 7 91 97 6 67 15 26 46 48 49 80 82 98 59 76 23 93 98 57 1 3 69 27 4 73 49 72 74 62 7 55 69 98 5 27 65 20 53 64 20 2 44 2 0 3 79 76 48 29 85 2 32 54 81 88 79 30 12 53 93 19 61 14 69 66 42 35 38 95 99 59 50 95 13 2 50 44 30 99 73 15 1 57 21 82 46 1 64 58 6 9 78 19 24 47 37 66 34 76 13 85 87 15 80 0 70 31 45 0 82 70 16 83 28 89 17 74 42 81 32 49 43 62 20 67 62 58 85 96 86 98 82 73 66 14 25 36 97 70 36 79 41 4 14 21 94 83 95 36 17 79 37 60 42 58 27 4 68 12 52 6 62 86 31 28 1 56 16 98 79 53 30 72 9 44 93 55 80 40 44 97 19 33 57 13 43 36 69 11 0 22 17 62 60 48 43 61 57 11 12 36 64 42 8 26 38 1 81 18 41 77 67 12 11 24 26 54 60 95 18 60 69 87 75 30 88 70 43 45 81 55 81 98 49 41 76 40 42 9 10 35 87 78 47 50 54 73 4 67 21 74 79 90 62 54 72 50 76 16 47 10 23 80 60 25 21 36 65 63 97 27 98 84 57 45 86 12 71 43 79 92 17 58 82 31 65 55 33 93 23 80 55 46 60 15 71 33 3 88 96 1 68 46 37 25 44 24 89 15 67 20 59 84 79 93 16 96 48 49 41 23 82 97 70 94 64 93 28 68 34 76 21 2 23 58 27 19 82 69 86 1 89 45 38 20 38 6 68 39 55 10 62 89 59 84 84 23 30 64 43 64 40 64 66 15 75 45 34 9 14 20 11 56 17 49 
76 56 55 45 47 62 55 9 4 66 46 88 41 76 52 85 92 44 1 10 60 76 7 46 38 74 19 49 30 36 50 6 44 5 51 91 19 58 53 23 76 99 63 18 27 67 3 19 12 56 29 24 85 36 70 23 10 89 72 92 78 22 99 22 79 2 66 98 13 19 74 89 70 37 7 97 5 62 68 17 19 97 41 4 85 63 79 48 5 3 92 83 77 91 57 56 94 75 6 59 94 80 48 64 18 56 13 75 18 81 44 37 30 37 93 68 0 24 68 5 27 60 40 4 52 50 12 98 25 19 9 72 51 57 36 21 13 2 96 84 83 40 73 66 77 67 34 30 91 2 87 71 14 80 75 18 30 88 68 7 59 77 79 10 35 68 32 48 70 80 84 5 73 58 71 2 77 57 32 20 11 72 91 26 52 67 44 34 7 13 41 66 90 21 76 25 41 60 26 11 93 10 68 66 20 40 20 97 97 5 18 9 77 9 87 29 28 31 15 35 44 56 1 87 29 30 64 70 42 90 33 35 53 2 53 73 94 74 71 91 79 41 52 8 2 39 89 31 23 4 18 19 60 72 6 90 54 71 12 96 13 46 84 18 0 37 92 94 63 15 37 94 8 90 2 10 81 91 93 56 95 12 76 8 36 34 50 90 57 62 38 71 60 22 89 60 12 33 54 27 48 92 22 56 34 76 19 67 68 12 24 15 76 52 23 64 86 25 54 44 88 45 67 0 19 8 61 83 42 67 11 42 59 85 51 93 61 70 13 81 34 89 49 11 41 72 27 79 50 82 75 38 79 42 90 98 51 51 82 45 19 45 87 30 82 38 76 95 8 89 77 95 78 26 6 19 50 33 50 0 67 26 90 98 20 81 97 71 84 31 68 3 28 56 34 10 94 10 5 55 
51 34 2 29 12 60 0 63 45 50 15 13 76 6 63 97 39 12 20 23 43 89 79 23 97 13 85 43 75 91 50 78 77 52 7 90 12 59 53 58 9 20 23 38 26 86 87 17 99 59 41 94 0 20 18 97 85 3 93 12 46 43 90 24 96 49 14 60 8 19 18 17 39 41 7 18 80 94 35 79 54 28 73 6 48 43 4 85 99 49 49 45 92 39 21 40 88 35 1 96 6 19 66 46 13 25 16 93 20 51 72 26 32 97 32 80 93 88 18 92 37 67 37 82 59 11 22 47 46 75 96 5 95 14 51 60 39 19 53 11 70 77 89 2 26 74 35 19 14 5 11 4 24 1 86 83 12 60 83 10 36 31 15 83 45 18 43 36 89 48 48 60 77 89 14 3 63 1 75 78 58 38 82 83 91 20 66 55 80 1 66 16 32 33 99 77 4 94 66 93 42 66 5 19 55 72 75 19 25 50 49 36 40 83 19 32 3 37 87 83 39 5 52 23 91 51 1 95 46 19 40 40 85 98 12 40 22 87 11 47 89 60 83 29 43 54 61 46 44 1 82 83 6 34 6 97 37 59 44 35 78 37 76 15 35 88 56 9 27 67 8 16 80 92 45 23 98 59 22 42 60 4 77 18 90 36 16 27 95 12 63 26 49 39 41 36 79 49 45 6 69 54 74 49 98 71 24 96 30 46 91 42 2 68 13 44 4 81 72 52 93 35 30 95 26 71 31 5 73 29 63 42 83 37 91 33 8 15 81 91 14 72 85 68 93 98 13 49 79 37 1 25 72 31 20 98 55 3 55 28 32 70 22 67 7 13 52 67 80 34 10 46 58 96 67 51 46 32 53 78 69 6 3 93 90 75 43 45 30 98 25 63 68 47 82 27 12 35 46 44 
69 57 91 79 5 10 83 51 42 36 81 63 42 36 56 32 11 99 29 42 49 6 57 69 53 91 96 17 26 42 62 47 51 5 27 56 15 62 60 9 98 41 72 92 78 28 25 41 27 6 35 28 13 92 97 18 36 93 36 62 87 98 62 91 3 89 47 70 3 59 79 1 1 51 93 31 31 70 72 10 29 60 38 42 4 35 60 40 80 96 3 19 46 65 10 1 6 58 71 61 17 2 62 70 5 7 1 36 30 26 46 59 38 36 1 42 71 13 83 3 62 38 23 60 55 33 62 13 91 85 74 61 88 88 31 93 95 85 30 77 63 28 36 1 17 89 43 88 55 78 92 17 16 15 77 23 0 91 36 92 77 62 5 17 50 88 10 98 73 92 75 36 73 64 37 90 5 33 30 60 11 22 29 80 89 59 55 90 2 92 34 79 6 91 96 57 79 59 7 53 51 34 41 24 98 31 66 56 64 97 68 27 71 50 59 61 9 15 3 63 7 89 43 65 80 91 74 11 50 81 64 54 16 6 78 66 89 97 74 53 94 43 32 65 45 92 78 6 7 33 69 66 22 12 31 54 56 6 18 6 39 82 12 55 40 91 74 29 88 48 34 34 43 67 99 88 11 78 94 18 11 64 84 86 28 67 92 36 73 10 43 13 45 55 20 85 98 46 67 38 47 53 24 42 72 24 31 83 2 77 1 65 93 37 51 74 5 96 10 78 6 5 43 51 13 16 89 63 62 8 54 61 61 78 4 34 2 35 17 56 64 71 22 58 8 25 84 13 21 94 44 80 52 87 31 65 55 72 28 18 80 82 79 94 13 83 80 15 70 49 24 87 20 46 45 81 23 81 94 97 75 38 77 27 78 60 44 33 33 73 3 65 7 35 11 72 18 91 88 41 
41 12 28 13 10 25 94 85 6 89 82 33 79 59 13 9 72 57 95 57 82 98 74 42 33 86 14 4 77 54 97 70 18 25 84 28 2 78 66 8 19 48 93 51 60 6 60 32 16 7 89 50 6 63 44 91 49 11 47 79 65 44 49 84 21 33 64 23 64 30 83 83 79 77 34 91 35 47 23 3 54 64 54 12 27 50 56 29 61 3 60 27 48 9 63 69 95 79 45 59 10 28 42 41 5 29 32 93 28 7 96 34 71 2 99 50 5 55 79 66 10 39 45 58 1 8 80 96 88 25 55 50 53 49 91 11 30 75 56 10 82 52 45 5 7 96 55 12 51 35 30 13 26 76 72 27 84 4 75 24 81 30 74 86 80 17 97 62 44 53 73 26 58 70 83 17 66 39 29 69 26 59 82 52 87 6 32 72 10 7 48 91 90 75 78 22 92 27 84 37 33 57 15 43 27 51 60 93 90 41 62 16 52 97 20 40 3 52 64 14 12 12 57 2 87 87 24 32 67 8 21 0 18 88 95 45 39 55 91 29 96 5 97 48 2 18 88 58 70 4 24 82 17 81 84 56 21 60 40 40 69 13 92 87 2 87 84 93 42 27 23 90 85 72 38 39 90 79 97 61 35 21 95 4 55 32 61 76 92 53 68 61 67 60 0 69 47 37 14 41 64 89 31 1 62 21 41 52 52 38 13 88 60 61 92 15 93 5 43 85 59 11 99 26 71 99 47 70 88 13 11 5 3 42 6 65 63 47 17 16 86 83 56 98 44 48 65 37 54 8 22 65 71 73 43 94 25 42 64 13 55 27 18 58 69 77 23 84 24 41 52 62 24 8 12 68 9 77 57 63 37 31 28 8 5 23 54 30 65 70 95 20 97 66 79 18 43 54 55 19 
95 7 34 71 68 46 91 29 24 48 44 13 32 24 22 37 47 28 19 12 99 14 32 96 32 63 15 75 18 22 47 65 81 33 37 49 79 28 30 55 29 74 69 61 98 43 98 45 71 69 57 70 35 42 19 68 57 86 43 75 8 42 41 89 75 30 91 7 58 21 62 39 96 83 0 94 26 50 92 50 19 1 72 7 43 91 75 1 29 70 28 37 13 21 27 88 51 70 95 62 91 10 53 39 93 54 34 72 56 78 74 28 79 46 35 23 90 10 76 19 80 56 9 45 78 36 86 81 6 81 95 49 43 49 89 89 55 75 13 11 53 87 91 32 85 26 7 27 88 35 99 69 92 8 14 22 96 0 55 54 34 51 3 29 52 92 18 7 67 83 70 72 22 62 57 60 88 64 87 77 52 86 98 96 46 64 70 42 65 25 96 51 28 0 80 80 44 51 39 64 86 10 36 9 72 93 69 12 10 8 41 62 47 39 58 93 4 28 88 21 5 84 24 34 36 56 66 81 7 58 97 46 68 33 55 92 79 76 56 41 84 98 3 83 89 13 77 45 93 65 66 98 1 42 84 38 99 51 71 58 9 68 4 29 53 11 73 84 87 29 25 24 27 80 7 17 93 36 14 38 53 81 37 55 23 21 93 22 24 16 33 85 36 37 14 89 49 39 26 88 69 51 12 96 84 72 65 77 8 80 16 62 13 5 69 88 78 14 63 55 30 96 40 66 33 7 7 34 46 33 23 15 37 35 64 21 59 81 50 68 13 18 82 26 23 51 67 54 17 30 9 47 26 49 65 11 8 72 46 55 58 69 22 95 56 38 68 16 20 18 36 85 89 70 12 64 21 31 18 90 61 27 37 39 29 2 2 89 26 48 96 84 69 19 31 78 9 51 94 81 
70 82 67 11 52 31 75 25 62 46 15 75 25 4 66 54 6 68 96 84 69 92 21 38 63 4 16 73 56 62 6 78 96 73 89 48 4 16 25 18 62 40 93 88 44 59 94 2 80 90 39 49 83 60 87 98 16 56 23 72 70 30 2 19 3 91 67 60 8 93 78 22 85 24 10 82 83 5 84 63 95 75 12 30 35 52 29 52 60 4 76 82 34 79 1 38 22 21 98 82 66 28 5 51 52 67 33 88 72 70 51 20 45 16 2 33 20 83 37 32 88 65 66 22 44 20 12 19 41 62 1 7 91 58 10 43 26 96 31 50 18 35 70 15 3 25 48 75 8 37 59 48 3 25 71 99 45 83 18 86 46 72 45 89 30 8 32 8 4 16 59 22 3 81 89 58 6 90 33 67 27 44 15 82 69 38 82 67 22 52 5 20 76 51 9 59 59 93 67 15 61 78 37 64 60 78 74 18 68 7 85 96 51 53 30 73 91 64 40 65 17 45 85 45 48 46 4 7 40 72 22 1 50 11 18 62 90 92 81 58 52 18 6 55 71 37 28 63 1 20 28 70 66 66 16 14 12 20 74 4 44 48 6 47 12 76 9 54 68 42 64 72 61 71 28 84 60 8 99 13 29 80 84 47 46 52 13 10 24 87 15 69 88 73 16 0 49 77 6 69 20 70 94 81 93 22 17 53 82 17 19 11 97 3 10 43 7 24 5 31 63 20 52 51 93 20 3 94 98 9 16 18 80 62 51 73 36 20 79 18 37 98 82 34 53 92 29 60 68 35 43 32 55 96 35 1 16 39 47 14 48 15 84 80 77 87 54 13 8 85 84 45 83 66 32 88 10 61 48 79 96 91 63 4 39 98 57 56 37 4 22 38 72 7 18 1 46 24 15 6 
9 99 4 44 17 36 84 79 49 32 10 98 76 73 2 15 24 11 23 61 67 46 51 39 5 70 41 51 94 8 10 56 59 14 52 28 2 37 7 51 21 18 49 49 43 3 17 67 66 40 81 34 86 32 73 43 54 66 47 1 74 57 57 85 23 61 13 25 98 21 28 72 91 30 21 34 33 38 2 52 31 35 86 69 67 11 13 22 78 60 75 4 69 84 90 92 45 3 17 96 76 45 68 67 75 41 54 61 32 8 13 63 43 51 84 10 62 97 84 40 9 59 97 78 95 39 70 41 94 39 37 71 37 57 90 64 50 44 25 82 52 90 97 95 41 82 58 56 31 94 48 93 6 45 23 1 84 46 94 79 85 83 2 74 40 44 39 43 41 16 25 45 59 75 41 0 9 51 8 92 97 57 85 3 2 61 57 39 7 51 70 44 35 24 19 27 68 58 22 61 74 0 7 85 75 48 86 36 51 46 28 0 3 66 4 58 79 13 97 86 16 19 30 3 43 1 83 63 11 5 25 38 5 32 23 80 32 61 68 35 8 97 35 11 15 91 69 94 4 18 32 73 37 14 76 32 16 59 96 27 65 73 65 70 57 89 3 89 50 71 76 10 20 11 22 87 3 43 33 59 62 65 32 51 80 9 84 96 20 32 75 85 57 93 8 14 34 63 55 36 86 31 47 7 42 69 46 97 64 80 57 26 45 41 30 77 2 14 25 23 98 1 60 55 94 20 69 80 83 76 16 70 7 63 29 49 84 75 99 49 55 56 27 53 49 57 30 52 23 56 27 21 9 87 28 55 8 49 35 43 25 51 13 32 67 94 34 3 70 33 4 77 41 32 82 90 41 65 94 17 21 21 38 82 9 19 37 69 68 24 12 46 27 78 78 94 72 64 50 42 
49 54 72 90 38 6 33 32 71 27 49 44 49 39 26 10 58 15 79 79 39 91 25 19 69 55 65 42 20 15 36 69 70 60 12 60 67 45 92 38 24 41 83 73 33 61 83 91 29 14 70 68 58 47 39 27 3 5 21 75 20 10 44 42 70 8 3 89 5 95 28 30 89 63 55 22 76 39 65 5 5 88 26 63 35 65 43 90 70 64 65 43 74 62 85 97 70 40 86 76 88 66 6 29 81 13 51 58 4 68 15 10 56 41 73 44 59 16 86 29 33 52 24 59 14 10 56 36 2 95 64 90 13 22 19 95 36 22 5 40 91 72 50 99 14 76 95 73 44 82 54 77 34 79 37 0 41 45 88 95 92 53 86 6 75 57 53 63 80 10 4 23 82 6 22 48 82 18 21 27 0 28 4 86 59 93 38 52 91 26 47 83 31 85 41 59 43 46 22 23 56 26 98 39 33 20 39 67 90 61 94 42 41 51 28 52 96 18 4 87 45 3 23 28 89 16 87 32 63 10 7 71 88 5 62 73 77 2 41 68 63 87 10 56 90 91 8 87 9 64 26 6 67 1 35 56 18 74 40 81 84 99 52 25 56 15 98 34 17 39 54 32 79 16 40 69 59 48 8 21 12 35 27 31 36 14 88 6 41 80 39 25 32 44 2 88 11 1 74 80 92 28 64 71 97 4 93 56 4 1 77 16 36 57 47 25 23 87 83 64 20 23 42 52 67 44 40 78 97 67 10 90 47 74 13 44 78 6 53 82 60 82 50 48 39 49 73 15 89 9 31 9 32 25 13 51 22 5 81 19 72 91 61 20 65 27 16 95 85 69 29 45 4 79 94 95 80 19 10 69 28 94 30 60 19 43 11 93 49 44 13 73 35 26 93 52 5 62 47 91 
83 28 36 87 7 82 83 40 2 93 9 30 39 92 43 59 35 6 52 36 51 17 10 38 96 3 91 1 17 90 44 1 19 81 88 78 15 71 18 17 17 80 48 56 72 43 67 7 49 72 44 0 41 6 39 37 9 82 91 79 72 35 80 43 68 68 22 84 92 92 1 61 72 1 17 44 44 37 4 94 61 0 46 2 6 37 40 67 19 83 46 44 18 26 39 87 47 61 71 39 54 24 0 78 26 69 23 70 58 27 16 19 27 15 22 33 52 14 0 24 97 47 20 15 25 59 54 72 73 77 11 79 2 63 57 28 33 80 50 43 59 19 63 38 34 85 71 38 99 24 62 48 23 34 15 48 94 70 73 19 99 36 98 1 0 55 81 85 88 84 28 99 3 91 38 89 28 61 79 79 85 42 27 60 28 95 9 22 17 34 41 16 70 91 18 70 99 51 7 39 35 36 38 90 79 76 79 8 38 59 39 75 53 19 36 81 14 97 56 31 31 49 47 1 93 17 72 92 69 31 31 4 67 69 95 99 98 26 59 36 85 98 11 90 17 47 24 31 96 32 62 27 81 62 29 74 79 53 18 48 84 49 5 4 71 0 3 69 78 62 5 16 12 68 6 30 68 82 13 64 14 28 92 96 90 73 22 21 26 41 22 62 42 27 66 13 79 21 82 57 35 39 73 48 60 32 30 28 14 43 44 29 71 88 77 61 61 51 35 39 92 57 2 35 84 20 0 15 94 35 72 29 74 98 29 86 30 59 66 44 3 11 25 26 99 54 40 13 6 75 52 98 32 6 85 68 79 86 83 73 21 55 54 47 53 36 86 35 95 52 80 50 63 57 77 15 12 17 80 18 92 32 68 76 91 6 44 70 44 27 95 17 34 49 16 40 37 2 75 85 
55 7 35 70 65 64 37 29 33 17 47 77 50 67 53 41 73 49 63 17 28 58 86 15 59 3 55 97 5 30 82 12 38 69 83 55 86 20 84 19 38 83 49 40 50 54 33 76 4 96 45 84 54 32 99 65 87 54 14 92 37 96 5 27 18 40 82 4 60 18 75 98 1 24 90 3 79 23 31 35 19 77 19 25 61 19 43 48 25 57 92 62 6 97 41 24 37 75 80 50 93 55 0 46 32 91 2 63 14 33 98 86 62 69 63 23 40 6 71 66 64 64 80 70 13 74 46 3 49 26 53 95 33 53 93 65 96 95 28 63 81 78 49 43 48 12 19 40 71 90 58 35 6 39 57 72 65 55 75 14 33 80 9 66 33 3 84 82 50 64 45 31 95 94 27 95 58 46 35 29 88 94 16 47 85 25 19 50 32 94 64 65 74 26 84 59 81 20 93 31 84 38 15 31 84 94 26 95 40 62 76 80 56 45 27 93 70 46 43 55 92 59 20 18 85 56 78 66 76 23 50 13 62 65 44 98 11 23 93 51 85 70 31 93 15 59 86 37 57 29 44 50 88 65 68 26 73 98 92 2 22 94 15 36 11 11 34 22 34 80 73 71 50 57 64 17 68 2 6 25 31 51 27 72 68 96 98 93 94 42 95 68 37 62 4 48 74 91 71 60 71 96 84 73 53 0 42 73 3 0 99 86 51 26 58 71 74 8 65 21 3 12 89 40 75 46 40 1 89 11 61 60 60 97 33 65 98 27 39 1 27 90 39 31 68 98 2 43 58 19 64 61 32 5 53 7 3 94 8 92 57 21 52 17 19 37 35 69 16 74 70 44 64 9 75 84 59 29 27 70 49 43 31 33 49 85 92 52 31 0 97 88 73 49 58 44 39 93 13 55 
67 35 51 83 97 26 67 8 56 47 78 57 90 62 42 91 99 34 96 30 86 93 18 59 94 28 56 33 21 69 41 40 57 92 75 6 71 43 14 79 42 45 36 32 59 30 24 58 64 72 40 50 65 10 61 59 39 17 45 60 39 86 53 96 30 28 2 1 23 68 80 65 65 68 50 24 98 26 34 14 98 74 64 63 85 26 74 24 43 19 36 82 57 89 30 88 18 84 41 41 53 22 59 70 42 9 95 41 35 29 55 33 56 72 48 41 50 22 17 93 42 53 28 51 95 10 39 13 95 81 6 0 55 65 70 97 74 17 90 61 99 98 94 55 70 94 48 20 17 65 65 11 70 45 62 65 56 2 30 3 35 37 55 42 54 77 39 81 47 82 42 46 32 89 53 54 83 1 74 52 18 91 63 88 89 26 6 97 80 36 52 15 25 7 9 32 84 48 13 31 82 7 29 14 48 82 68 84 35 94 88 53 38 52 94 27 30 0 24 10 88 76 77 66 35 86 98 19 86 63 3 69 22 32 35 23 67 4 59 2 98 47 56 88 99 2 15 29 2 91 91 42 19 20 8 54 6 6 26 45 21 81 14 96 65 1 19 32 5 78 35 56 25 43 44 77 45 12 58 99 3 50 41 75 22 50 81 29 8 7 74 82 40 40 78 6 41 49 38 99 27 25 55 4 20 51 33 17 63 92 16 19 94 10 46 16 12 27 97 72 87 71 54 27 63 84 33 5 33 24 4 12 1 11 17 22 62 50 91 78 94 60 49 40 70 95 57 82 74 54 54 61 78 61 89 93 45 74 50 79 98 6 91 0 17 60 74 32 11 65 62 57 25 11 98 47 58 55 81 32 61 88 46 91 49 35 37 46 61 87 25 60 94 69 12 63 29 38 95 92 
55 9 50 33 20 0 80 30 7 14 15 68 2 61 12 3 48 1 49 9 88 27 21 82 96 33 46 25 23 93 70 79 3 72 12 75 72 44 58 79 58 73 99 12 34 11 15 34 12 17 43 53 44 65 87 40 50 33 17 74 79 39 5 34 11 17 9 83 13 67 62 72 92 62 36 78 25 4 12 90 21 56 95 65 73 82 57 23 68 26 49 47 66 54 81 29 23 42 13 37 62 27 61 54 41 97 33 67 1 97 9 74 5 4 39 78 38 48 54 6 27 3 53 45 10 86 74 33 29 39 22 43 67 83 97 8 33 82 27 86 80 88 61 85 44 52 16 83 53 70 89 80 25 95 25 87 81 99 73 62 39 95 5 58 31 3 66 16 37 46 2 69 34 15 55 79 20 23 62 73 93 51 53 70 46 30 58 80 29 83 42 20 78 48 78 61 3 45 77 92 43 32 62 77 99 69 8 19 92 70 44 37 74 97 59 72 27 17 4 9 0 47 29 31 47 8 44 2 5 22 94 48 6 8 77 5 77 86 77 69 56 21 58 82 71 18 7 50 87 11 59 40 58 89 71 57 49 15 11 6 89 6 54 47 66 83 5 44 69 82 65 78 55 24 60 26 42 67 77 29 79 36 69 89 77 92 99 78 60 10 84 49 68 90 49 35 74 54 79 95 36 96 73 43 20 86 70 62 53 99 44 84 87 65 26 17 58 25 95 70 87 32 71 56 74 20 43 0 74 74 96 62 70 69 6 91 55 28 5 61 27 49 97 66 15 23 83 25 0 31 95 40 15 66 48 89 87 91 90 13 17 86 76 39 7 82 30 15 62 88 28 41 89 25 7 56 1 43 81 53 74 28 93 89 47 93 78 34 84 20 99 53 58 75 93 66 9 75 33 71 
63 61 12 5 86 20 61 39 63 95 93 89 23 38 30 22 32 60 8 68 81 8 74 39 83 67 57 93 94 90 16 10 51 29 15 90 1 76 29 16 23 74 5 99 13 35 21 97 47 30 65 28 38 39 20 73 58 77 18 53 68 35 63 71 64 78 61 65 6 43 33 82 17 38 81 30 25 2 27 72 84 45 53 74 36 73 48 95 2 66 48 70 1 63 94 17 41 55 34 99 98 67 81 68 5 14 98 82 69 78 7 53 75 12 80 11 85 28 6 87 46 6 10 48 69 56 17 62 63 52 14 14 19 47 82 77 62 80 59 31 10 18 36 85 30 16 97 67 96 55 7 43 62 69 43 83 25 60 46 88 64 60 2 84 7 84 61 21 17 72 4 79 43 41 65 73 9 14 41 58 21 0 1 35 69 96 19 94 8 65 34 73 77 37 57 84 73 70 58 90 42 62 22 85 3 39 11 65 5 4 23 26 4 76 62 25 72 81 19 80 98 53 53 75 42 62 11 16 32 69 58 27 32 80 64 87 19 75 52 24 31 27 3 35 3 65 12 27 98 31 8 48 37 13 23 79 76 86 47 8 8 6 35 40 38 0 79 10 27 84 86 59 11 89 46 67 6 59 94 56 42 54 4 79 68 79 11 96 66 58 4 74 16 92 66 7 44 45 17 23 81 3 82 45 45 81 12 51 92 6 8 34 13 64 66 81 44 77 77 10 87 33 36 56 77 2 63 73 99 80 97 81 35 31 26 32 12 90 84 4 48 44 91 61 8 57 94 52 34 23 14 73 57 50 29 86 4 92 60 4 24 57 37 12 88 15 44 53 5 80 57 5 76 48 67 37 57 13 41 91 37 56 17 94 58 46 80 63 91 40 19 15 49 56 79 38 23 24 91 80 
56 0 85 33 1 4 22 58 18 63 2 55 19 19 1 78 65 33 93 8 26 12 24 75 20 55 65 43 79 8 75 88 61 12 73 62 17 95 72 87 58 74 94 78 45 95 8 63 28 1 71 54 65 47 82 85 3 47 80 34 56 55 22 17 67 95 31 36 90 3 75 49 30 69 79 75 16 39 90 97 92 62 51 57 61 85 42 64 33 22 99 41 29 73 10 96 69 41 85 11 96 60 12 26 82 43 54 98 82 96 95 74 10 99 31 72 36 25 36 69 47 35 62 76 9 72 25 30 65 62 93 62 74 6 40 56 49 46 7 84 43 54 10 5 5 94 77 42 19 14 63 19 1 26 47 62 50 72 92 16 86 38 30 61 44 22 17 45 69 76 29 64 31 40 69 88 34 47 30 53 13 94 24 14 72 72 29 22 44 73 90 83 11 20 44 55 95 13 1 64 90 82 80 73 22 1 61 8 0 44 14 13 38 38 80 62 10 9 36 7 34 27 90 46 99 34 53 94 99 54 10 89 89 42 14 11 44 76 72 96 72 86 10 62 24 42 24 87 3 60 46 37 39 36 35 91 22 89 37 21 95 0 63 84 42 77 48 38 5 20 35 77 6 97 39 82 91 15 69 94 28 15 83 19 3 19 10 77 8 0 51 55 0 14 40 94 43 88 85 1 8 72 30 66 69 22 48 60 37 70 6 65 37 89 85 93 60 47 70 68 47 73 24 99 39 16 46 83 4 83 36 64 55 66 82 24 88 82 36 78 52 94 43 42 83 80 35 44 28 57 64 27 83 40 79 22 56 77 57 12 60 93 28 15 12 10 91 52 45 79 30 97 73 26 91 8 6 78 52 86 88 69 66 71 9 45 93 18 74 51 82 34 96 63 1 8 25 92 13 70 
